bot_lo,bot_hi,bot_lo_name,bot_hi_name,elo_lo,elo_hi,N_normal,N_timelimit,N_abnormal,crash_rate_lo,crash_rate_hi,alpha_normal,alpha_timelimit,alpha_abnormal,C_lo,C_hi,alpha_crash_lo,alpha_crash_hi,W,L,D,n_dur,x_bar,E_A,alpha_win,alpha_draw,alpha_loss,mu_duration,sigma_duration
40,49,SharpenedEdge,MicroMachine,1872,1950,33,0,2,9.8e-05,0.14559,37.159055,0.112574,2.728371,0,2,0.003374,6.996626,5,28,0,33,2.098431,0.389598,6.92506,0.05885,31.01609,2.108903,0.38321
40,51,SharpenedEdge,Krillin,1872,1600,0,0,0,9.8e-05,0.022196,4.759707,0.128832,0.111461,0,0,0.022046,4.977954,0,0,0,0,,0.827178,4.087211,0.05885,0.853939,2.349308,0.491916
40,112,SharpenedEdge,Tyckles,1872,1427,0,0,0,9.8e-05,0.000105,4.867241,0.131743,0.001016,0,0,2.418839,2.581161,0,0,0,0,,0.928351,4.58712,0.05885,0.35403,2.349308,0.491916
40,115,SharpenedEdge,BenBotBC,1872,2043,48,0,0,9.8e-05,0.003096,52.852683,0.131349,0.015968,0,0,0.153885,4.846115,26,22,0,48,2.803896,0.272028,27.344134,0.05885,25.597016,2.790678,0.381565
40,117,SharpenedEdge,Chance,1872,1384,1,0,0,9.8e-05,0.032196,5.711028,0.127514,0.161458,0,0,0.015219,4.984781,1,0,0,1,0.392042,0.943168,5.660337,0.05885,0.280813,1.546316,0.448612
40,167,SharpenedEdge,TyrT,1872,1873,47,0,0,9.8e-05,0.006089,51.838111,0.130954,0.030935,0,0,0.079432,4.920568,39,8,0,47,1.952315,0.498561,41.463464,0.05885,10.477686,1.964097,0.381644
40,168,SharpenedEdge,sharkbot,1872,1845,47,0,0,9.8e-05,8.4e-05,51.867346,0.131745,0.000909,0,0,2.703417,2.296583,36,11,0,47,2.310296,0.538778,38.662183,0.05885,13.278967,2.311454,0.381644
40,201,SharpenedEdge,QueenBot,1872,1614,1,0,0,9.8e-05,0.003222,5.852069,0.131332,0.016599,0,0,0.148038,4.851962,1,0,0,1,2.337952,0.815352,5.028776,0.05885,0.912374,2.344649,0.448612
40,223,SharpenedEdge,DominionDog,1872,1890,48,0,0,9.8e-05,0.020537,52.767781,0.12905,0.103169,0,0,0.023818,4.976182,23,25,0,48,2.433564,0.474119,25.342693,0.05885,27.598457,2.431114,0.381565
40,248,SharpenedEdge,Eris,1872,2221,47,0,0,9.8e-05,0.002353,51.856297,0.131446,0.012257,0,0,0.200485,4.799515,2,45,0,47,2.504541,0.118261,2.584344,0.05885,49.356806,2.499934,0.381644
40,262,SharpenedEdge,whalemean,1872,1797,47,0,0,9.8e-05,0.001592,51.860003,0.131547,0.008451,0,0,0.290777,4.709223,37,10,0,47,2.193756,0.606288,39.995759,0.05885,11.945391,2.198372,0.381644
40,275,SharpenedEdge,Lissy,1872,1569,0,0,0,9.8e-05,0.03634,4.690858,0.126968,0.182174,0,0,0.013488,4.986512,0,0,0,0,,0.851221,4.20601,0.05885,0.73514,2.349308,0.491916
40,338,SharpenedEdge,smallBly,1872,1834,41,0,0,9.8e-05,0.003079,45.852762,0.131351,0.015887,0,0,0.154671,4.845329,22,19,0,41,1.975322,0.554469,24.739716,0.05885,21.201434,1.98799,0.382189
40,340,SharpenedEdge,MechaShark,1872,1695,41,0,0,9.8e-05,0.00159,45.860014,0.131547,0.008439,0,0,0.29119,4.70881,29,12,0,41,2.196142,0.734757,32.630545,0.05885,13.310605,2.20133,0.382189
40,341,SharpenedEdge,gotest,1872,1328,0,0,0,9.8e-05,0.116039,4.302902,0.116467,0.580631,0,0,0.004232,4.995768,0,0,0,0,,0.958174,4.734482,0.05885,0.206668,2.349308,0.491916
40,346,SharpenedEdge,Sharkling,1872,1761,45,0,0,9.8e-05,0.000833,49.863695,0.131647,0.004658,0,0,0.527503,4.472497,35,10,0,45,2.079444,0.65452,38.234081,0.05885,11.707069,2.087797,0.38181
40,347,SharpenedEdge,PhantomTest,1872,1600,0,0,0,9.8e-05,0.022196,4.759707,0.128832,0.111461,0,0,0.022046,4.977954,0,0,0,0,,0.827178,4.087211,0.05885,0.853939,2.349308,0.491916
40,352,SharpenedEdge,Belzebuth,1872,1134,0,0,1,9.8e-05,0.297738,3.418437,0.092528,2.489035,0,1,0.00165,5.99835,0,0,0,0,,0.985912,4.871541,0.05885,0.069609,2.349308,0.491916
40,357,SharpenedEdge,12PoolBot,1872,1765,27,0,0,9.8e-05,0.000136,31.867089,0.131738,0.001172,0,0,2.096193,2.903807,9,18,0,27,1.750537,0.649295,12.208264,0.05885,19.732886,1.780803,0.384349
40,374,SharpenedEdge,SwarmLord,1872,1600,0,0,0,9.8e-05,0.022196,4.759707,0.128832,0.111461,0,0,0.022046,4.977954,0,0,0,0,,0.827178,4.087211,0.05885,0.853939,2.349308,0.491916
40,446,SharpenedEdge,Xena,1872,1937,47,0,0,9.8e-05,0.009376,51.82211,0.130521,0.047369,0,0,0.051875,4.948125,24,23,0,47,2.142125,0.407534,26.013685,0.05885,25.927465,2.148274,0.381644
40,496,SharpenedEdge,Zozo,1872,2089,46,0,0,9.8e-05,0.003751,50.849494,0.131262,0.019244,0,0,0.127688,4.872312,38,8,0,46,2.499424,0.222847,39.10112,0.05885,11.84003,2.494875,0.381725
40,510,SharpenedEdge,PhantomBot,1872,1817,41,0,0,9.8e-05,0.004602,45.845352,0.13115,0.023497,0,0,0.104575,4.895425,27,14,0,41,2.458732,0.578497,29.858439,0.05885,16.082711,2.455026,0.382189
40,516,SharpenedEdge,27turtles,1872,1526,0,0,0,9.8e-05,0.000103,4.867252,0.131743,0.001005,0,0,2.445701,2.554299,0,0,0,0,,0.879927,4.34785,0.05885,0.5933,2.349308,0.491916
40,517,SharpenedEdge,VeTerran-revived,1872,1869,44,0,0,9.8e-05,0.000102,48.867258,0.131743,0.000999,0,0,2.459496,2.540504,37,7,0,44,2.403576,0.504317,39.491907,0.05885,9.449243,2.401859,0.381898
40,518,SharpenedEdge,norman,1872,1674,6,0,0,9.8e-05,8.4e-05,10.867345,0.131745,0.000909,0,0,2.702483,2.297517,6,0,0,6,1.958748,0.757639,9.743609,0.05885,1.197541,2.034233,0.402359
40,526,SharpenedEdge,Apidae,1872,1635,8,0,0,9.8e-05,0.004795,12.844413,0.131125,0.024462,0,0,0.100452,4.899548,2,6,0,8,2.306399,0.796455,5.935402,0.05885,7.005748,2.312934,0.397274
40,605,SharpenedEdge,nida,1872,1693,5,0,0,9.8e-05,8.4e-05,9.867344,0.131745,0.00091,0,0,2.699674,2.300326,5,0,0,5,2.264977,0.736995,8.641602,0.05885,1.299548,2.283808,0.406046
40,637,SharpenedEdge,72Tortoises,1872,1697,5,0,0,9.8e-05,0.000103,9.867253,0.131743,0.001004,0,0,2.446857,2.553143,5,0,0,5,2.253922,0.732507,8.619428,0.05885,1.321722,2.275222,0.406046
40,699,SharpenedEdge,Clicadinha,1872,1635,1,0,0,9.8e-05,0.00084,5.863661,0.131646,0.004693,0,0,0.523606,4.476394,1,0,0,1,2.140066,0.796455,4.935402,0.05885,1.005748,2.263464,0.448612
40,708,SharpenedEdge,Princess-Mika,1872,1521,0,0,0,9.8e-05,0.02954,4.723959,0.127864,0.148177,0,0,0.016583,4.983417,0,0,0,0,,0.882935,4.362712,0.05885,0.578438,2.349308,0.491916
40,709,SharpenedEdge,Laser-Circus,1872,1211,0,0,0,9.8e-05,0.290524,3.453555,0.093478,1.452967,0,0,0.001691,4.998309,0,0,0,0,,0.978226,4.833561,0.05885,0.107589,2.349308,0.491916
40,718,SharpenedEdge,Mulebot,1872,1689,12,0,0,9.8e-05,0.004543,16.845636,0.131158,0.023207,0,0,0.105885,4.894115,8,4,0,12,2.292001,0.741434,11.663534,0.05885,5.277616,2.298131,0.391568
40,720,SharpenedEdge,PiG_Bot,1872,1627,0,0,0,9.8e-05,0.000165,4.866947,0.131735,0.001318,0,0,1.863889,3.136111,0,0,0,0,,0.803819,3.971788,0.05885,0.969362,2.349308,0.491916
40,721,SharpenedEdge,49Terrapins,1872,1430,0,0,0,9.8e-05,0.000102,4.867256,0.131743,0.001001,0,0,2.456061,2.543939,0,0,0,0,,0.927193,4.581402,0.05885,0.359748,2.349308,0.491916
40,729,SharpenedEdge,Alexa,1872,1367,1,0,0,9.8e-05,0.023955,5.751145,0.1286,0.120255,0,0,0.020434,4.979566,1,0,0,1,2.071913,0.948192,5.685159,0.05885,0.255991,2.235503,0.448612
40,730,SharpenedEdge,Deimos,1872,2155,46,0,0,9.8e-05,0.005359,50.841667,0.13105,0.027282,0,0,0.090067,4.909933,15,30,1,46,2.53687,0.163957,15.810134,1.05885,34.131016,2.531186,0.381725
40,732,SharpenedEdge,GPT,1872,1830,46,0,0,9.8e-05,8.3e-05,50.867346,0.131745,0.000908,0,0,2.705285,2.294715,5,41,0,46,2.231908,0.56015,7.767786,0.05885,43.173364,2.235465,0.381725
40,759,SharpenedEdge,BotTato,1872,1710,31,0,0,9.8e-05,0.006225,35.837451,0.130936,0.031613,0,0,0.07773,4.92227,30,1,0,31,2.44827,0.717592,33.545728,0.05885,2.395422,2.443884,0.383543
40,779,SharpenedEdge,oberon,1872,1472,1,0,0,9.8e-05,8.5e-05,5.867336,0.131745,0.000919,0,0,2.675041,2.324959,1,0,0,1,1.911023,0.909091,5.491955,0.05885,0.449195,2.169496,0.448612
40,797,SharpenedEdge,WickedBot,1872,1707,34,0,1,9.8e-05,0.043299,38.656985,0.126052,1.216964,0,1,0.011326,5.988674,23,10,1,34,2.477031,0.721078,26.562956,1.05885,11.378194,2.47185,0.383057
40,809,SharpenedEdge,PrimordialOrigin,1872,1258,1,0,0,9.8e-05,0.136344,5.204061,0.113792,0.682147,0,0,0.003602,4.996398,1,0,0,1,2.005526,0.971653,5.801082,0.05885,0.140068,2.208267,0.448612
40,813,SharpenedEdge,MewCombatMicro,1872,1511,0,0,0,9.8e-05,0.004268,4.846974,0.131194,0.021832,0,0,0.112554,4.887446,0,0,0,0,,0.888755,4.39147,0.05885,0.54968,2.349308,0.491916
40,827,SharpenedEdge,smokinggunbot,1872,1579,1,0,0,9.8e-05,8.2e-05,5.867351,0.131746,0.000904,0,0,2.719192,2.280808,1,0,0,1,1.98238,0.843782,5.169255,0.05885,0.771895,2.198771,0.448612
40,832,SharpenedEdge,muravev,1872,1632,0,0,0,9.8e-05,0.001014,4.862818,0.131623,0.005559,0,0,0.442007,4.557993,0,0,0,0,,0.79924,3.949165,0.05885,0.991985,2.349308,0.491916
40,836,SharpenedEdge,muravevTerran,1872,1477,0,0,0,9.8e-05,0.000366,4.865969,0.131708,0.002323,0,0,1.057961,3.942039,0,0,0,0,,0.906684,4.480062,0.05885,0.461088,2.349308,0.491916
40,858,SharpenedEdge,Crawler,1872,1562,1,0,0,9.8e-05,0.00261,5.855048,0.131413,0.01354,0,0,0.181486,4.818514,1,0,0,1,2.036012,0.856252,5.23087,0.05885,0.71028,2.220775,0.448612
40,876,SharpenedEdge,GenesisLotus,1872,1411,1,0,0,9.8e-05,0.009792,5.820089,0.130466,0.049445,0,0,0.049697,4.950303,1,0,0,1,2.037317,0.93424,5.616222,0.05885,0.324928,2.22131,0.448612
40,901,SharpenedEdge,clone,1872,1667,13,0,0,9.8e-05,0.006192,17.837613,0.130941,0.031446,0,0,0.078141,4.921859,11,2,0,13,2.364098,0.764961,14.779788,0.05885,3.161362,2.362625,0.390628
40,930,SharpenedEdge,SiriusBot,1872,1519,0,0,0,9.8e-05,8.3e-05,4.86735,0.131746,0.000905,0,0,2.7155,2.2845,0,0,0,0,,0.884119,4.368566,0.05885,0.572584,2.349308,0.491916
40,939,SharpenedEdge,RustyNikolaj,1872,1539,0,0,0,9.8e-05,0.000102,4.867254,0.131743,0.001003,0,0,2.450316,2.549684,0,0,0,0,,0.871793,4.307658,0.05885,0.633492,2.349308,0.491916
40,940,SharpenedEdge,Princess-Mika-Test,1872,1524,1,0,0,9.8e-05,0.032493,5.709584,0.127475,0.162941,0,0,0.015081,4.984919,1,0,0,1,2.125848,0.881138,5.353834,0.05885,0.587316,2.257631,0.448612
40,943,SharpenedEdge,puck,1872,1529,1,0,0,9.8e-05,8.3e-05,5.867346,0.131745,0.000909,0,0,2.704351,2.295649,1,0,0,1,2.175887,0.87809,5.338775,0.05885,0.602375,2.27816,0.448612
40,948,SharpenedEdge,titania,1872,1185,1,0,0,9.8e-05,0.000157,5.866986,0.131736,0.001279,0,0,1.922028,3.077972,1,0,0,1,2.105353,0.981196,5.848235,0.05885,0.092915,2.249223,0.448612
40,953,SharpenedEdge,ZeratulsRevengeTest,1872,1702,18,0,0,9.8e-05,0.000163,22.86696,0.131735,0.001305,0,0,1.882938,3.117062,4,14,0,18,1.696889,0.72683,7.591376,0.05885,15.349774,1.745138,0.38736
40,959,SharpenedEdge,ur_moms_a_ho,1872,1600,0,0,0,9.8e-05,0.022196,4.759707,0.128832,0.111461,0,0,0.022046,4.977954,0,0,0,0,,0.827178,4.087211,0.05885,0.853939,2.349308,0.491916
40,960,SharpenedEdge,BigDaddy,1872,1637,4,0,0,9.8e-05,0.006779,8.834754,0.130863,0.034383,0,0,0.071467,4.928533,4,0,0,4,2.101495,0.794582,7.926148,0.05885,1.015002,2.167008,0.411036
40,961,SharpenedEdge,AvocaDOS,1872,1751,35,0,0,9.8e-05,0.000833,39.863695,0.131647,0.004658,0,0,0.527503,4.472497,25,9,1,35,2.210007,0.667418,28.297815,1.05885,10.643335,2.215503,0.382913
40,962,SharpenedEdge,AvocaDEV,1872,1700,2,0,0,9.8e-05,0.057896,6.585926,0.124128,0.289945,0,0,0.008475,4.991525,2,0,0,2,2.229867,0.72911,5.602642,0.05885,1.338508,2.279814,0.429209
40,966,SharpenedEdge,ArgoBot,1872,1909,48,0,0,9.8e-05,8.5e-05,52.867337,0.131745,0.000918,0,0,2.67791,2.32209,21,27,0,48,2.495246,0.446953,23.208462,0.05885,29.732688,2.491003,0.381565
40,970,SharpenedEdge,TheLAW,1872,1576,2,0,0,9.8e-05,0.05452,6.602363,0.124573,0.273063,0,0,0.008999,4.991001,2,0,0,2,2.250679,0.846045,6.180436,0.05885,0.760714,2.291923,0.429209
40,971,SharpenedEdge,Nothing,1872,1570,1,0,0,9.8e-05,0.00831,5.827299,0.130661,0.042039,0,0,0.058451,4.941549,1,0,0,1,2.141242,0.85049,5.2024,0.05885,0.73875,2.263946,0.448612
40,977,SharpenedEdge,Siriusly,1872,1392,0,0,0,9.8e-05,0.001619,4.859872,0.131543,0.008585,0,0,0.286228,4.713772,0,0,0,0,,0.940649,4.647888,0.05885,0.293262,2.349308,0.491916
40,981,SharpenedEdge,KoB,1872,1499,0,0,0,9.8e-05,0.001616,4.859884,0.131543,0.008573,0,0,0.286642,4.713358,0,0,0,0,,0.895403,4.424321,0.05885,0.516829,2.349308,0.491916
40,998,SharpenedEdge,LordSuperKing,1872,1656,9,0,0,9.8e-05,0.000132,13.867109,0.131739,0.001152,0,0,2.133062,2.866938,9,0,0,9,2.267345,0.776155,12.835096,0.05885,1.106054,2.278633,0.395447
40,1007,SharpenedEdge,SharkGull,1872,1605,0,0,0,9.8e-05,0.000223,4.866667,0.131727,0.001606,0,0,1.530424,3.469576,0,0,0,0,,0.823025,4.066688,0.05885,0.874462,2.349308,0.491916
40,1008,SharpenedEdge,Creepy_canon,1872,1587,0,0,0,9.8e-05,0.074065,4.50722,0.121998,0.370782,0,0,0.006627,4.993373,0,0,0,0,,0.837615,4.138784,0.05885,0.802366,2.349308,0.491916
40,1023,SharpenedEdge,MY_SCRIPTING_SON,1872,1275,0,0,1,9.8e-05,0.333918,3.242322,0.087761,2.669918,0,1,0.001471,5.998529,0,0,0,0,,0.968829,4.787131,0.05885,0.154019,2.349308,0.491916
40,1026,SharpenedEdge,WildLupo,1872,1199,1,0,0,9.8e-05,0.018371,5.778326,0.129336,0.092339,0,0,0.026611,4.973389,1,0,0,1,2.159869,0.97965,5.840596,0.05885,0.100554,2.271588,0.448612
40,1029,SharpenedEdge,Chomppet,1872,1600,0,0,0,9.8e-05,0.022196,4.759707,0.128832,0.111461,0,0,0.022046,4.977954,0,0,0,0,,0.827178,4.087211,0.05885,0.853939,2.349308,0.491916
40,1030,SharpenedEdge,who,1872,1924,48,0,0,9.8e-05,8.3e-05,52.867347,0.131745,0.000908,0,0,2.707149,2.292851,3,45,0,48,1.60574,0.42572,5.103545,0.05885,47.837605,1.62736,0.381565
40,1032,SharpenedEdge,WaterLeak,1872,1607,19,0,0,9.8e-05,8.4e-05,23.867342,0.131745,0.000913,0,0,2.69215,2.30785,12,7,0,19,1.968327,0.821341,16.058371,0.05885,7.882779,1.995123,0.386896
40,1038,SharpenedEdge,PolyMorph,1872,1463,0,0,0,9.8e-05,0.001586,4.860032,0.131547,0.008421,0,0,0.291809,4.708191,0,0,0,0,,0.913283,4.512667,0.05885,0.428483,2.349308,0.491916
40,1042,SharpenedEdge,Creepy_duo_canon,1872,1386,0,0,0,9.8e-05,0.104041,4.361305,0.118048,0.520647,0,0,0.00472,4.99528,0,0,0,0,,0.942548,4.657272,0.05885,0.283878,2.349308,0.491916
40,1044,SharpenedEdge,DoopyBot,1872,1418,2,0,0,9.8e-05,0.009666,6.820702,0.130483,0.048815,0,0,0.050338,4.949662,2,0,0,2,2.377877,0.931721,6.603774,0.05885,0.337376,2.36593,0.429209
40,1045,SharpenedEdge,tito,1872,1801,38,1,0,9.8e-05,0.000837,42.86368,1.131646,0.004674,0,0,0.525732,4.474268,20,18,0,38,2.356954,0.600778,22.968535,0.05885,19.972615,2.356675,0.382523
40,1049,SharpenedEdge,TheCatSC2Bot,1872,970,1,0,0,9.8e-05,0.003084,5.85274,0.13135,0.01591,0,0,0.154447,4.845553,1,0,0,1,1.979621,0.994472,5.913834,0.05885,0.027316,2.19764,0.448612
40,1050,SharpenedEdge,onlyfans,1872,1517,2,0,0,9.8e-05,8.7e-05,6.86733,0.131745,0.000925,0,0,2.657676,2.342324,2,0,0,2,2.184917,0.885294,6.374369,0.05885,0.566781,2.253661,0.429209
40,1052,SharpenedEdge,Starlight,1872,1204,1,0,0,9.8e-05,9.3e-05,5.8673,0.131744,0.000956,0,0,2.570998,2.429002,1,0,0,1,2.223542,0.979068,5.837721,0.05885,0.103429,2.297711,0.448612
40,1054,SharpenedEdge,JimmyBotZ,1872,1724,1,0,0,9.8e-05,0.005286,5.84202,0.13106,0.02692,0,0,0.091278,4.908722,1,0,0,1,1.95586,0.700977,4.463634,0.05885,1.477516,2.187891,0.448612
40,1056,SharpenedEdge,bilisaur,1872,1600,0,0,0,9.8e-05,0.022196,4.759707,0.128832,0.111461,0,0,0.022046,4.977954,0,0,0,0,,0.827178,4.087211,0.05885,0.853939,2.349308,0.491916
40,1057,SharpenedEdge,DoopyBot-Test,1872,1238,0,0,0,9.8e-05,0.023755,4.75212,0.128627,0.119253,0,0,0.020605,4.979395,0,0,0,0,,0.974657,4.815928,0.05885,0.125222,2.349308,0.491916
40,1058,SharpenedEdge,JimmyBotP,1872,1711,1,0,0,9.8e-05,0.005341,5.841755,0.131053,0.027192,0,0,0.090367,4.909633,0,1,0,1,1.745716,0.716424,3.539957,0.05885,2.401193,2.101677,0.448612
40,1059,SharpenedEdge,NextProBot,1872,1600,0,0,0,9.8e-05,0.022196,4.759707,0.128832,0.111461,0,0,0.022046,4.977954,0,0,0,0,,0.827178,4.087211,0.05885,0.853939,2.349308,0.491916
40,1060,SharpenedEdge,WildFire,1872,1709,18,0,0,9.8e-05,0.00012,22.867166,0.131741,0.001093,0,0,2.247684,2.752316,14,4,0,18,2.201305,0.718757,17.551485,0.05885,5.389665,2.21225,0.38736
40,1065,SharpenedEdge,MindMatrix,1872,1514,0,0,0,9.8e-05,0.010709,4.815622,0.130345,0.054033,0,0,0.045477,4.954523,0,0,0,0,,0.887036,4.382977,0.05885,0.558173,2.349308,0.491916
40,1066,SharpenedEdge,CompetitiveBotTest,1872,1482,0,0,0,9.8e-05,0.003699,4.849745,0.131269,0.018986,0,0,0.129422,4.870578,0,0,0,0,,0.90422,4.467887,0.05885,0.473263,2.349308,0.491916
40,1067,SharpenedEdge,Hello_world,1872,1600,0,0,0,9.8e-05,0.022196,4.759707,0.128832,0.111461,0,0,0.022046,4.977954,0,0,0,0,,0.827178,4.087211,0.05885,0.853939,2.349308,0.491916
40,1078,SharpenedEdge,LoremIpsum,1872,1242,0,0,0,9.8e-05,0.000201,4.866775,0.13173,0.001495,0,0,1.643876,3.356124,0,0,0,0,,0.974082,4.813087,0.05885,0.128063,2.349308,0.491916
40,1079,SharpenedEdge,JimmyBotT,1872,1675,0,0,0,9.8e-05,0.000205,4.866755,0.131729,0.001515,0,0,1.621783,3.378217,0,0,0,0,,0.756581,3.738378,0.05885,1.202772,2.349308,0.491916
40,1080,SharpenedEdge,JimmyBot,1872,1675,0,0,0,9.8e-05,0.003888,4.848828,0.131244,0.019928,0,0,0.123308,4.876692,0,0,0,0,,0.756581,3.738378,0.05885,1.202772,2.349308,0.491916
40,1081,SharpenedEdge,ArtZerg,1872,1537,0,0,0,9.8e-05,0.000199,4.866782,0.13173,0.001488,0,0,1.651839,3.348161,0,0,0,0,,0.873074,4.313989,0.05885,0.627161,2.349308,0.491916
40,1082,SharpenedEdge,Dasyatis,1872,1573,0,0,0,9.8e-05,0.048918,4.629631,0.125311,0.245058,0,0,0.010027,4.989973,0,0,0,0,,0.848281,4.191484,0.05885,0.749666,2.349308,0.491916
40,1084,SharpenedEdge,ZippyZap,1872,1457,0,0,0,9.8e-05,0.84229,0.767695,0.020779,4.211526,0,0,0.000583,4.999417,0,0,0,0,,0.915979,4.525992,0.05885,0.415158,2.349308,0.491916
40,1085,SharpenedEdge,AgoraLord,1872,1430,0,0,0,9.8e-05,0.000933,4.863212,0.131634,0.005154,0,0,0.476763,4.523237,0,0,0,0,,0.927193,4.581402,0.05885,0.359748,2.349308,0.491916
40,1086,SharpenedEdge,CherBoiBlue,1872,1500,0,0,0,9.8e-05,0.222218,3.786049,0.102478,1.111473,0,0,0.002211,4.997789,0,0,0,0,,0.894863,4.421651,0.05885,0.519499,2.349308,0.491916
40,1087,SharpenedEdge,SwarmLord2,1872,1533,0,0,0,9.8e-05,0.003699,4.849745,0.131269,0.018986,0,0,0.129422,4.870578,0,0,0,0,,0.875604,4.326489,0.05885,0.614661,2.349308,0.491916
40,1088,SharpenedEdge,SwarmLord3,1872,1562,0,0,0,9.8e-05,0.003468,4.85087,0.131299,0.01783,0,0,0.137812,4.862188,0,0,0,0,,0.856252,4.23087,0.05885,0.71028,2.349308,0.491916
40,1089,SharpenedEdge,WorkingAsIntended,1872,1596,0,0,0,9.8e-05,0.041392,4.666267,0.126303,0.20743,0,0,0.011846,4.988154,0,0,0,0,,0.830445,4.103353,0.05885,0.837797,2.349308,0.491916
49,51,MicroMachine,Krillin,1950,1600,0,0,0,0.14559,0.022196,4.06714,0.110086,0.822774,0,0,4.338563,0.661437,0,0,0,0,,0.882338,4.359766,0.05885,0.581384,2.349308,0.491916
49,112,MicroMachine,Tyckles,1950,1427,0,0,0,0.14559,0.000105,4.159028,0.112573,0.728399,0,0,4.9964,0.0036,0,0,0,0,,0.953052,4.709173,0.05885,0.231977,2.349308,0.491916
49,115,MicroMachine,BenBotBC,1950,2043,36,0,8,0.14559,0.003096,40.146588,0.112237,8.741176,8,0,12.895901,0.104099,6,30,0,36,1.876051,0.36927,7.824617,0.05885,33.116533,1.894222,0.382776
49,117,MicroMachine,Chance,1950,1384,1,0,0,0.14559,0.032196,5.025544,0.10896,0.865496,0,0,4.094521,0.905479,1,0,0,1,2.487404,0.962965,5.758155,0.05885,0.182995,2.405963,0.448612
49,167,MicroMachine,TyrT,1950,1873,38,0,6,0.14559,0.006089,42.134136,0.111899,6.753965,6,0,10.79927,0.20073,7,31,0,38,2.092959,0.609033,10.009321,0.05885,32.931829,2.102302,0.382523
49,168,MicroMachine,sharkbot,1950,1845,38,2,4,0.14559,8.4e-05,42.159117,2.112576,4.728308,4,0,8.997134,0.002866,22,13,3,38,2.572376,0.646669,25.195288,3.05885,14.745862,2.564246,0.382523
49,201,MicroMachine,QueenBot,1950,1614,1,0,1,0.14559,0.003222,5.146063,0.112222,1.741715,1,0,5.89175,0.10825,1,0,0,1,2.629728,0.87371,5.317134,0.05885,0.624016,2.464354,0.448612
49,223,MicroMachine,DominionDog,1950,1890,40,0,4,0.14559,0.020537,44.074039,0.110273,4.815688,4,0,8.381877,0.618123,35,5,0,40,2.534828,0.585499,37.893037,0.05885,7.048113,2.528392,0.382295
49,248,MicroMachine,Eris,1950,2221,37,0,7,0.14559,0.002353,41.149676,0.11232,7.738004,7,0,11.920468,0.079532,0,37,0,37,2.7365,0.173646,0.858013,0.05885,41.083137,2.72202,0.382646
49,262,MicroMachine,whalemean,1950,1797,36,0,8,0.14559,0.001592,40.152842,0.112406,8.734752,8,0,12.945918,0.054082,26,10,0,36,2.217264,0.706975,29.493271,0.05885,11.447879,2.222334,0.382776
49,275,MicroMachine,Lissy,1950,1569,0,0,0,0.14559,0.03634,4.008309,0.108494,0.883198,0,0,4.001264,0.998736,0,0,0,0,,0.899638,4.445248,0.05885,0.495902,2.349308,0.491916
49,338,MicroMachine,smallBly,1950,1834,34,0,6,0.14559,0.003079,38.146655,0.112238,6.741106,6,0,10.896435,0.103565,19,15,0,34,2.167808,0.660999,22.266096,0.05885,16.675054,2.17517,0.383057
49,340,MicroMachine,MechaShark,1950,1695,36,0,2,0.14559,0.00159,40.152852,0.112406,2.734742,2,0,6.945998,0.054002,32,4,0,36,2.276319,0.812738,36.015859,0.05885,4.925291,2.279121,0.382776
49,341,MicroMachine,gotest,1950,1328,0,0,0,0.14559,0.116039,3.676803,0.099521,1.223677,0,0,2.782374,2.217626,0,0,0,0,,0.972894,4.807215,0.05885,0.133935,2.349308,0.491916
49,346,MicroMachine,Sharkling,1950,1761,35,0,7,0.14559,0.000833,39.155997,0.112491,7.731512,7,0,11.97154,0.02846,26,9,0,35,2.240124,0.748,29.695978,0.05885,10.245172,2.244432,0.382913
49,347,MicroMachine,PhantomTest,1950,1600,0,0,0,0.14559,0.022196,4.06714,0.110086,0.822774,0,0,4.338563,0.661437,0,0,0,0,,0.882338,4.359766,0.05885,0.581384,2.349308,0.491916
49,352,MicroMachine,Belzebuth,1950,1134,1,0,0,0.14559,0.297738,3.921033,0.079064,1.999902,0,0,1.642014,3.357986,1,0,0,1,2.223542,0.990962,5.896493,0.05885,0.044657,2.297711,0.448612
49,357,MicroMachine,12PoolBot,1950,1765,23,0,4,0.14559,0.000136,27.158897,0.11257,4.728533,4,0,8.995328,0.004672,21,2,0,23,2.160724,0.743635,24.67441,0.05885,3.26674,2.171817,0.385416
49,374,MicroMachine,SwarmLord,1950,1600,0,0,0,0.14559,0.022196,4.06714,0.110086,0.822774,0,0,4.338563,0.661437,0,0,0,0,,0.882338,4.359766,0.05885,0.581384,2.349308,0.491916
49,446,MicroMachine,Xena,1950,1937,39,0,5,0.14559,0.009376,43.120463,0.111529,5.768007,5,0,9.697472,0.302528,18,21,0,39,2.246268,0.5187,20.562973,0.05885,23.378177,2.249931,0.382406
49,496,MicroMachine,Zozo,1950,2089,36,0,8,0.14559,0.003751,40.143862,0.112163,8.743975,7,1,11.874419,1.125581,2,34,0,36,2.548122,0.309994,3.531726,0.05885,37.409424,2.540488,0.382776
49,510,MicroMachine,PhantomBot,1950,1817,31,0,5,0.14559,0.004602,35.140323,0.112067,5.74761,5,0,9.846808,0.153192,31,0,0,31,2.395217,0.68257,34.372683,0.05885,1.568467,2.393182,0.383543
49,516,MicroMachine,27turtles,1950,1526,1,0,2,0.14559,0.000103,5.159037,0.112573,2.72839,2,0,6.996477,0.003523,1,0,0,1,2.165619,0.919882,5.545273,0.05885,0.395877,2.273947,0.448612
49,517,MicroMachine,VeTerran-revived,1950,1869,34,0,10,0.14559,0.000102,38.159042,0.112574,10.728385,10,0,14.996515,0.003485,32,2,0,34,2.229976,0.614501,35.036343,0.05885,3.904807,2.234817,0.383057
49,518,MicroMachine,norman,1950,1674,5,0,2,0.14559,8.4e-05,9.159116,0.112576,2.728308,2,0,6.997132,0.002868,5,0,0,5,2.202153,0.830445,9.103353,0.05885,0.837797,2.235012,0.406046
49,526,MicroMachine,Apidae,1950,1635,6,0,2,0.14559,0.004795,10.139521,0.112045,2.748434,2,0,6.840591,0.159409,6,0,0,6,2.301548,0.859759,10.248196,0.05885,0.692954,2.310779,0.402359
49,605,MicroMachine,nida,1950,1693,3,0,2,0.14559,8.4e-05,7.159115,0.112576,2.728309,2,0,6.997125,0.002875,3,0,0,3,2.272044,0.814484,7.024486,0.05885,0.916664,2.297073,0.418169
49,637,MicroMachine,72Tortoises,1950,1697,8,0,1,0.14559,0.000103,12.159037,0.112573,1.728389,1,0,5.99648,0.00352,8,0,0,8,2.261677,0.810979,12.00717,0.05885,0.93398,2.275025,0.397274
49,699,MicroMachine,Clicadinha,1950,1635,1,0,1,0.14559,0.00084,5.155968,0.11249,1.731541,1,0,5.971305,0.028695,1,0,0,1,2.203869,0.859759,5.248196,0.05885,0.692954,2.28964,0.448612
49,708,MicroMachine,Princess-Mika,1950,1521,0,0,0,0.14559,0.02954,4.036593,0.109259,0.854147,0,0,4.156627,0.843373,0,0,0,0,,0.921977,4.555629,0.05885,0.385521,2.349308,0.491916
49,709,MicroMachine,Laser-Circus,1950,1211,0,0,0,0.14559,0.290524,2.951041,0.079876,1.969083,0,0,1.669176,3.330824,0,0,0,0,,0.985992,4.871935,0.05885,0.069215,2.349308,0.491916
49,718,MicroMachine,Mulebot,1950,1689,11,0,0,0.14559,0.004543,15.140565,0.112074,0.747361,0,0,4.848686,0.151314,11,0,0,11,2.094233,0.817938,15.041553,0.05885,0.899597,2.123713,0.392657
49,720,MicroMachine,PiG_Bot,1950,1627,0,0,0,0.14559,0.000165,4.158776,0.112566,0.728658,0,0,4.994326,0.005674,0,0,0,0,,0.86522,4.27518,0.05885,0.66597,2.349308,0.491916
49,721,MicroMachine,49Terrapins,1950,1430,3,0,0,0.14559,0.000102,7.15904,0.112574,0.728386,0,0,4.996506,0.003494,3,0,0,3,2.223058,0.952273,7.705325,0.05885,0.235825,2.263955,0.418169
49,729,MicroMachine,Alexa,1950,1367,1,0,0,0.14559,0.023955,5.059824,0.109888,0.830288,0,0,4.293551,0.706449,1,0,0,1,1.850028,0.966301,5.77464,0.05885,0.16651,2.144473,0.448612
49,730,MicroMachine,Deimos,1950,2155,39,0,5,0.14559,0.005359,43.137175,0.111982,5.750844,5,0,9.8225,0.1775,5,34,0,39,2.281839,0.235039,6.161362,0.05885,37.779788,2.284237,0.382406
49,732,MicroMachine,GPT,1950,1830,37,0,7,0.14559,8.3e-05,41.159117,0.112576,7.728307,7,0,11.997138,0.002862,37,0,0,37,2.365256,0.666139,40.291495,0.05885,1.649655,2.36466,0.382646
49,759,MicroMachine,BotTato,1950,1710,25,0,3,0.14559,0.006225,29.133572,0.111884,3.754544,3,0,7.794986,0.205014,25,0,0,25,2.335509,0.79924,28.949165,0.05885,0.991985,2.336259,0.384842
49,779,MicroMachine,oberon,1950,1472,1,0,0,0.14559,8.5e-05,5.159108,0.112575,0.728316,0,0,4.997068,0.002932,1,0,0,1,1.947338,0.940003,5.644696,0.05885,0.296454,2.184395,0.448612
49,797,MicroMachine,WickedBot,1950,1707,28,0,4,0.14559,0.043299,31.979364,0.10771,4.912925,4,0,7.853858,1.146142,28,0,0,28,2.523596,0.801997,31.962786,0.05885,0.978364,2.515085,0.384127
49,809,MicroMachine,PrimordialOrigin,1950,1258,1,0,0,0.14559,0.136344,4.592344,0.097235,1.310421,0,0,2.581985,2.418015,1,0,0,1,2.141242,0.98172,5.850823,0.05885,0.090327,2.263946,0.448612
49,813,MicroMachine,MewCombatMicro,1950,1511,0,0,0,0.14559,0.004268,4.141709,0.112104,0.746186,0,0,4.857584,0.142416,0,0,0,0,,0.926019,4.575599,0.05885,0.365551,2.349308,0.491916
49,827,MicroMachine,smokinggunbot,1950,1579,1,0,0,0.14559,8.2e-05,5.159121,0.112576,0.728303,0,0,4.99717,0.00283,1,0,0,1,2.226783,0.89432,5.418969,0.05885,0.522181,2.299041,0.448612
49,832,MicroMachine,muravev,1950,1632,1,0,1,0.14559,0.001014,5.155248,0.112471,1.732282,1,0,5.965428,0.034572,1,0,0,1,2.022871,0.861828,5.258421,0.05885,0.682729,2.215383,0.448612
49,836,MicroMachine,muravevTerran,1950,1477,0,0,0,0.14559,0.000366,4.15794,0.112544,0.729516,0,0,4.987453,0.012547,0,0,0,0,,0.938359,4.636573,0.05885,0.304577,2.349308,0.491916
49,858,MicroMachine,Crawler,1950,1562,2,0,0,0.14559,0.00261,6.148608,0.112291,0.739101,0,0,4.911947,0.088053,2,0,0,2,2.225803,0.903218,6.462938,0.05885,0.478212,2.27745,0.429209
49,876,MicroMachine,GenesisLotus,1950,1411,0,0,0,0.14559,0.009792,4.118736,0.111483,0.769781,0,0,4.684917,0.315083,0,0,0,0,,0.957005,4.728707,0.05885,0.212443,2.349308,0.491916
49,901,MicroMachine,clone,1950,1667,10,0,0,0.14559,0.006192,14.13371,0.111888,0.754402,0,0,4.796037,0.203963,10,0,0,10,2.184273,0.836043,14.131016,0.05885,0.810134,2.205015,0.393932
49,930,MicroMachine,SiriusBot,1950,1519,2,0,0,0.14559,8.3e-05,6.15912,0.112576,0.728304,0,0,4.997162,0.002838,2,0,0,2,2.082793,0.922802,6.559701,0.05885,0.381449,2.194243,0.429209
49,939,MicroMachine,RustyNikolaj,1950,1539,3,0,0,0.14559,0.000102,7.159038,0.112574,0.728388,0,0,4.99649,0.00351,3,0,0,3,2.415903,0.91419,7.517151,0.05885,0.423999,2.39433,0.418169
49,940,MicroMachine,Princess-Mika-Test,1950,1524,1,0,0,0.14559,0.032493,5.02431,0.108927,0.866763,0,0,4.087701,0.912299,1,0,0,1,2.061787,0.920726,5.549446,0.05885,0.391704,2.231349,0.448612
49,943,MicroMachine,puck,1950,1529,0,0,0,0.14559,8.3e-05,4.159117,0.112576,0.728308,0,0,4.997136,0.002864,0,0,0,0,,0.9186,4.538939,0.05885,0.402211,2.349308,0.491916
49,948,MicroMachine,titania,1950,1185,0,0,1,0.14559,0.000157,4.158809,0.112567,1.728624,1,0,5.9946,0.0054,0,0,0,0,,0.987916,4.88144,0.05885,0.05971,2.349308,0.491916
49,953,MicroMachine,ZeratulsRevengeTest,1950,1702,19,0,1,0.14559,0.000163,23.158787,0.112567,1.728646,1,0,5.994418,0.005582,18,1,0,19,2.254323,0.806528,21.985173,0.05885,1.955977,2.261004,0.386896
49,959,MicroMachine,ur_moms_a_ho,1950,1600,0,0,0,0.14559,0.022196,4.06714,0.110086,0.822774,0,0,4.338563,0.661437,0,0,0,0,,0.882338,4.359766,0.05885,0.581384,2.349308,0.491916
49,960,MicroMachine,BigDaddy,1950,1637,3,0,2,0.14559,0.006779,7.131267,0.111822,2.756911,2,0,6.777547,0.222453,1,2,0,3,1.955175,0.858365,5.241308,0.05885,2.699842,2.08285,0.418169
49,961,MicroMachine,AvocaDOS,1950,1751,23,0,11,0.14559,0.000833,27.155997,0.112491,11.731512,11,0,15.97154,0.02846,22,1,0,23,2.194983,0.758695,25.748824,0.05885,2.192326,2.204061,0.385416
49,962,MicroMachine,AvocaDEV,1950,1700,2,0,0,0.14559,0.057896,5.918646,0.106067,0.975288,0,0,3.577389,1.422611,2,0,0,2,2.137822,0.808318,5.994019,0.05885,0.947131,2.22626,0.429209
49,966,MicroMachine,ArgoBot,1950,1909,35,0,9,0.14559,8.5e-05,39.159109,0.112575,9.728315,9,0,13.997074,0.002926,34,1,0,35,2.477134,0.558731,36.760776,0.05885,3.180374,2.472091,0.382913
49,970,MicroMachine,TheLAW,1950,1576,2,0,0,0.14559,0.05452,5.932691,0.106447,0.960862,0,0,3.637755,1.362245,2,0,0,2,1.922043,0.895941,6.426979,0.05885,0.514171,2.100715,0.429209
49,971,MicroMachine,Nothing,1950,1570,2,0,0,0.14559,0.00831,6.124897,0.111649,0.763453,0,0,4.730008,0.269992,2,0,0,2,2.355498,0.899117,6.442674,0.05885,0.498476,2.352909,0.429209
49,977,MicroMachine,Siriusly,1950,1392,1,0,0,0.14559,0.001619,5.15273,0.112403,0.734867,0,0,4.945015,0.054985,1,0,0,1,2.099244,0.961287,5.749865,0.05885,0.191285,2.246716,0.448612
49,981,MicroMachine,KoB,1950,1499,1,0,0,0.14559,0.001616,5.152741,0.112403,0.734856,0,0,4.945099,0.054901,1,0,0,1,2.048982,0.930614,5.598305,0.05885,0.342845,2.226096,0.448612
49,998,MicroMachine,LordSuperKing,1950,1656,9,0,0,0.14559,0.000132,13.158914,0.11257,0.728516,0,0,4.995467,0.004533,8,1,0,9,2.395617,0.84454,12.172996,0.05885,1.768154,2.389239,0.395447
49,1007,MicroMachine,SharkGull,1950,1605,0,0,0,0.14559,0.000223,4.158537,0.11256,0.728903,0,0,4.992358,0.007642,0,0,0,0,,0.879317,4.344838,0.05885,0.596312,2.349308,0.491916
49,1008,MicroMachine,Creepy_canon,1950,1587,0,0,0,0.14559,0.074065,3.851392,0.104246,1.044362,0,0,3.314057,1.685943,0,0,0,0,,0.889888,4.397069,0.05885,0.544081,2.349308,0.491916
49,1023,MicroMachine,MY_SCRIPTING_SON,1950,1275,0,0,1,0.14559,0.333918,2.770544,0.074991,3.154465,1,0,2.51812,3.48188,0,0,0,0,,0.979878,4.841724,0.05885,0.099426,2.349308,0.491916
49,1026,MicroMachine,WildLupo,1950,1199,0,0,1,0.14559,0.018371,4.083049,0.110517,1.806434,1,0,5.43977,0.56023,0,0,0,0,,0.986915,4.876494,0.05885,0.064656,2.349308,0.491916
49,1029,MicroMachine,Chomppet,1950,1600,0,0,0,0.14559,0.022196,4.06714,0.110086,0.822774,0,0,4.338563,0.661437,0,0,0,0,,0.882338,4.359766,0.05885,0.581384,2.349308,0.491916
49,1030,MicroMachine,who,1950,1924,36,2,6,0.14559,8.3e-05,40.159118,2.112576,6.728307,6,0,10.997142,0.002858,25,9,2,36,2.151294,0.537347,27.655114,2.05885,11.286036,2.158897,0.382776
49,1032,MicroMachine,WaterLeak,1950,1607,13,0,3,0.14559,8.4e-05,17.159113,0.112576,3.728311,3,0,7.997108,0.002892,13,0,0,13,2.058741,0.87809,17.338775,0.05885,0.602375,2.087671,0.390628
49,1038,MicroMachine,PolyMorph,1950,1463,0,0,0,0.14559,0.001586,4.152867,0.112406,0.734727,0,0,4.946119,0.053881,0,0,0,0,,0.942859,4.658808,0.05885,0.282342,2.349308,0.491916
49,1042,MicroMachine,Creepy_duo_canon,1950,1386,0,0,0,0.14559,0.104041,3.726708,0.100872,1.172421,0,0,2.916102,2.083898,0,0,0,0,,0.962552,4.756116,0.05885,0.185034,2.349308,0.491916
49,1044,MicroMachine,DoopyBot,1950,1418,1,0,0,0.14559,0.009666,5.11926,0.111497,0.769243,0,0,4.688721,0.311279,1,0,0,1,1.925707,0.955316,5.720362,0.05885,0.220788,2.175521,0.448612
49,1045,MicroMachine,tito,1950,1801,33,0,3,0.14559,0.000837,37.155984,0.112491,3.731525,3,0,7.971433,0.028567,31,2,0,33,2.560268,0.702183,34.46959,0.05885,3.47156,2.551462,0.38321
49,1049,MicroMachine,TheCatSC2Bot,1950,970,0,0,0,0.14559,0.003084,4.146636,0.112238,0.741126,0,0,4.896283,0.103717,0,0,0,0,,0.996464,4.92368,0.05885,0.01747,2.349308,0.491916
49,1050,MicroMachine,onlyfans,1950,1517,1,0,0,0.14559,8.7e-05,5.159103,0.112575,0.728321,0,0,4.997026,0.002974,1,0,0,1,1.967112,0.923618,5.563734,0.05885,0.377416,2.192508,0.448612
49,1052,MicroMachine,Starlight,1950,1204,0,0,1,0.14559,9.3e-05,4.159078,0.112575,1.728348,1,0,5.996813,0.003187,0,0,0,0,,0.986538,4.874632,0.05885,0.066518,2.349308,0.491916
49,1054,MicroMachine,JimmyBotZ,1950,1724,2,0,0,0.14559,0.005286,6.137476,0.11199,0.750535,0,0,4.824813,0.175187,2,0,0,2,2.045254,0.785997,5.883727,0.05885,1.057423,2.172402,0.429209
49,1056,MicroMachine,bilisaur,1950,1600,0,0,0,0.14559,0.022196,4.06714,0.110086,0.822774,0,0,4.338563,0.661437,0,0,0,0,,0.882338,4.359766,0.05885,0.581384,2.349308,0.491916
49,1057,MicroMachine,DoopyBot-Test,1950,1238,0,0,0,0.14559,0.023755,4.060657,0.109911,0.829432,0,0,4.298631,0.701369,0,0,0,0,,0.983675,4.860486,0.05885,0.080664,2.349308,0.491916
49,1058,MicroMachine,JimmyBotP,1950,1711,1,0,0,0.14559,0.005341,5.13725,0.111984,0.750767,0,0,4.823077,0.176923,1,0,0,1,2.187174,0.798315,4.944593,0.05885,0.996557,2.282791,0.448612
49,1059,MicroMachine,NextProBot,1950,1600,0,0,0,0.14559,0.022196,4.06714,0.110086,0.822774,0,0,4.338563,0.661437,0,0,0,0,,0.882338,4.359766,0.05885,0.581384,2.349308,0.491916
49,1060,MicroMachine,WildFire,1950,1709,15,0,3,0.14559,0.00012,19.158963,0.112571,3.728465,3,0,7.99587,0.00413,15,0,0,15,2.239646,0.800162,18.953721,0.05885,0.987429,2.249236,0.389085
49,1065,MicroMachine,MindMatrix,1950,1514,0,0,0,0.14559,0.010709,4.114919,0.111379,0.773702,0,0,4.657411,0.342589,0,0,0,0,,0.924827,4.56971,0.05885,0.37144,2.349308,0.491916
49,1066,MicroMachine,CompetitiveBotTest,1950,1482,0,0,0,0.14559,0.003699,4.144077,0.112169,0.743755,0,0,4.876102,0.123898,0,0,0,0,,0.936673,4.628242,0.05885,0.312908,2.349308,0.491916
49,1067,MicroMachine,Hello_world,1950,1600,0,0,0,0.14559,0.022196,4.06714,0.110086,0.822774,0,0,4.338563,0.661437,0,0,0,0,,0.882338,4.359766,0.05885,0.581384,2.349308,0.491916
49,1078,MicroMachine,LoremIpsum,1950,1242,0,0,0,0.14559,0.000201,4.158629,0.112562,0.728808,0,0,4.993117,0.006883,0,0,0,0,,0.983301,4.858638,0.05885,0.082512,2.349308,0.491916
49,1079,MicroMachine,JimmyBotT,1950,1675,0,0,0,0.14559,0.000205,4.158612,0.112562,0.728826,0,0,4.992978,0.007022,0,0,0,0,,0.829633,4.09934,0.05885,0.84181,2.349308,0.491916
49,1080,MicroMachine,JimmyBot,1950,1675,0,0,0,0.14559,0.003888,4.143293,0.112147,0.744559,0,0,4.86996,0.13004,0,0,0,0,,0.829633,4.09934,0.05885,0.84181,2.349308,0.491916
49,1081,MicroMachine,ArtZerg,1950,1537,0,0,0,0.14559,0.000199,4.158635,0.112563,0.728802,0,0,4.993167,0.006833,0,0,0,0,,0.915089,4.521593,0.05885,0.419557,2.349308,0.491916
49,1082,MicroMachine,Dasyatis,1950,1573,0,0,0,0.14559,0.048918,3.955991,0.107078,0.936932,0,0,3.742519,1.257481,0,0,0,0,,0.89754,4.43488,0.05885,0.50627,2.349308,0.491916
49,1084,MicroMachine,ZippyZap,1950,1457,0,0,0,0.14559,0.84229,0.65599,0.017756,4.326254,0,0,0.736882,4.263118,0,0,0,0,,0.944692,4.667864,0.05885,0.273286,2.349308,0.491916
49,1085,MicroMachine,AgoraLord,1950,1430,0,0,0,0.14559,0.000933,4.155585,0.11248,0.731935,0,0,4.968175,0.031825,0,0,0,0,,0.952273,4.705325,0.05885,0.235825,2.349308,0.491916
49,1086,MicroMachine,CherBoiBlue,1950,1500,0,0,0,0.14559,0.222218,3.235156,0.087567,1.677278,0,0,1.979159,3.020841,0,0,0,0,,0.930242,4.596464,0.05885,0.344686,2.349308,0.491916
49,1087,MicroMachine,SwarmLord2,1950,1533,0,0,0,0.14559,0.003699,4.144077,0.112169,0.743755,0,0,4.876102,0.123898,0,0,0,0,,0.916861,4.530349,0.05885,0.410801,2.349308,0.491916
49,1088,MicroMachine,SwarmLord3,1950,1562,0,0,0,0.14559,0.003468,4.145038,0.112195,0.742767,0,0,4.883666,0.116334,0,0,0,0,,0.903218,4.462938,0.05885,0.478212,2.349308,0.491916
49,1089,MicroMachine,WorkingAsIntended,1950,1596,0,0,0,0.14559,0.041392,3.987296,0.107925,0.904779,0,0,3.893162,1.106838,0,0,0,0,,0.884708,4.371474,0.05885,0.569676,2.349308,0.491916
51,112,Krillin,Tyckles,1600,1427,0,0,0,0.022196,0.000105,4.759676,0.128831,0.111493,0,0,4.976482,0.023518,0,0,0,0,,0.730245,3.608252,0.05885,1.332898,2.349308,0.491916
51,115,Krillin,BenBotBC,1600,2043,0,0,0,0.022196,0.003096,4.74544,0.128446,0.126115,0,0,4.388015,0.611985,0,0,0,0,,0.072419,0.357833,0.05885,4.583317,2.349308,0.491916
51,117,Krillin,Chance,1600,1384,0,0,0,0.022196,0.032196,4.606915,0.124696,0.268389,0,0,2.040359,2.959641,0,0,0,0,,0.776155,3.835096,0.05885,1.106054,2.349308,0.491916
51,167,Krillin,TyrT,1600,1873,0,0,0,0.022196,0.006089,4.731189,0.12806,0.140751,0,0,3.923589,1.076411,0,0,0,0,,0.172001,0.849881,0.05885,4.091269,2.349308,0.491916
51,168,Krillin,sharkbot,1600,1845,0,0,0,0.022196,8.4e-05,4.759778,0.128834,0.111388,0,0,4.981259,0.018741,0,0,0,0,,0.196181,0.969362,0.05885,3.971788,2.349308,0.491916
51,201,Krillin,QueenBot,1600,1614,0,0,0,0.022196,0.003222,4.744839,0.12843,0.126731,0,0,4.366236,0.633764,0,0,0,0,,0.479863,2.371076,0.05885,2.570074,2.349308,0.491916
51,223,Krillin,DominionDog,1600,1890,0,0,0,0.022196,0.020537,4.662413,0.126198,0.211388,0,0,2.597028,2.402972,0,0,0,0,,0.158508,0.78321,0.05885,4.15794,2.349308,0.491916
51,248,Krillin,Eris,1600,2221,0,0,0,0.022196,0.002353,4.748974,0.128541,0.122485,0,0,4.520711,0.479289,0,0,0,0,,0.027258,0.134687,0.05885,4.806463,2.349308,0.491916
51,262,Krillin,whalemean,1600,1797,0,0,0,0.022196,0.001592,4.752597,0.12864,0.118763,0,0,4.665379,0.334621,0,0,0,0,,0.243419,1.202772,0.05885,3.738378,2.349308,0.491916
51,275,Krillin,Lissy,1600,1569,0,0,0,0.022196,0.03634,4.58719,0.124162,0.288647,0,0,1.895925,3.104075,0,0,0,0,,0.544495,2.690429,0.05885,2.250721,2.349308,0.491916
51,338,Krillin,smallBly,1600,1834,0,0,0,0.022196,0.003079,4.745517,0.128448,0.126035,0,0,4.390833,0.609167,0,0,0,0,,0.206359,1.019652,0.05885,3.921498,2.349308,0.491916
51,340,Krillin,MechaShark,1600,1695,0,0,0,0.022196,0.00159,4.752609,0.12864,0.118752,0,0,4.66585,0.33415,0,0,0,0,,0.366592,1.811388,0.05885,3.129762,2.349308,0.491916
51,341,Krillin,gotest,1600,1328,0,0,0,0.022196,0.116039,4.207808,0.113894,0.678298,0,0,0.802834,4.197166,0,0,0,0,,0.827178,4.087211,0.05885,0.853939,2.349308,0.491916
51,346,Krillin,Sharkling,1600,1761,0,0,0,0.022196,0.000833,4.756208,0.128737,0.115055,0,0,4.819048,0.180952,0,0,0,0,,0.283576,1.401193,0.05885,3.539957,2.349308,0.491916
51,347,Krillin,PhantomTest,1600,1600,0,0,0,0.022196,0.022196,4.654519,0.125985,0.219497,0,0,2.5,2.5,0,0,0,0,,0.5,2.470575,0.05885,2.470575,2.349308,0.491916
51,352,Krillin,Belzebuth,1600,1134,0,0,0,0.022196,0.297738,3.34289,0.090483,1.566627,0,0,0.346884,4.653116,0,0,0,0,,0.935987,4.624851,0.05885,0.316299,2.349308,0.491916
51,357,Krillin,12PoolBot,1600,1765,0,0,0,0.022196,0.000136,4.759527,0.128827,0.111646,0,0,4.969512,0.030488,0,0,0,0,,0.278922,1.378194,0.05885,3.562956,2.349308,0.491916
51,374,Krillin,SwarmLord,1600,1600,0,0,0,0.022196,0.022196,4.654519,0.125985,0.219497,0,0,2.5,2.5,0,0,0,0,,0.5,2.470575,0.05885,2.470575,2.349308,0.491916
51,446,Krillin,Xena,1600,1937,0,0,0,0.022196,0.009376,4.715542,0.127637,0.156821,0,0,3.515101,1.484899,0,0,0,0,,0.125656,0.620884,0.05885,4.320266,2.349308,0.491916
51,496,Krillin,Zozo,1600,2089,0,0,0,0.022196,0.003751,4.74232,0.128361,0.129318,0,0,4.277198,0.722802,0,0,0,0,,0.056524,0.279292,0.05885,4.661858,2.349308,0.491916
51,510,Krillin,PhantomBot,1600,1817,0,0,0,0.022196,0.004602,4.738271,0.128252,0.133478,0,0,4.141409,0.858591,0,0,0,0,,0.222847,1.10112,0.05885,3.84003,2.349308,0.491916
51,516,Krillin,27turtles,1600,1526,0,0,0,0.022196,0.000103,4.759687,0.128831,0.111482,0,0,4.97698,0.02302,0,0,0,0,,0.604913,2.988965,0.05885,1.952185,2.349308,0.491916
51,517,Krillin,VeTerran-revived,1600,1869,0,0,0,0.022196,0.000102,4.759692,0.128832,0.111476,0,0,4.977231,0.022769,0,0,0,0,,0.175305,0.866207,0.05885,4.074943,2.349308,0.491916
51,518,Krillin,norman,1600,1674,0,0,0,0.022196,8.4e-05,4.759778,0.128834,0.111389,0,0,4.981245,0.018755,0,0,0,0,,0.395087,1.952185,0.05885,2.988965,2.349308,0.491916
51,526,Krillin,Apidae,1600,1635,0,0,0,0.022196,0.004795,4.737353,0.128227,0.134421,0,0,4.111811,0.888189,0,0,0,0,,0.449801,2.222532,0.05885,2.718618,2.349308,0.491916
51,605,Krillin,nida,1600,1693,0,0,0,0.022196,8.4e-05,4.759777,0.128834,0.111389,0,0,4.981203,0.018797,0,0,0,0,,0.36927,1.824617,0.05885,3.116533,2.349308,0.491916
51,637,Krillin,72Tortoises,1600,1697,0,0,0,0.022196,0.000103,4.759687,0.128831,0.111481,0,0,4.977001,0.022999,0,0,0,0,,0.363923,1.798199,0.05885,3.142951,2.349308,0.491916
51,699,Krillin,Clicadinha,1600,1635,0,0,0,0.022196,0.00084,4.756175,0.128736,0.115089,0,0,4.817598,0.182402,0,0,0,0,,0.449801,2.222532,0.05885,2.718618,2.349308,0.491916
51,708,Krillin,Princess-Mika,1600,1521,0,0,0,0.022196,0.02954,4.61956,0.125039,0.255402,0,0,2.145121,2.854879,0,0,0,0,,0.611771,3.02285,0.05885,1.9183,2.349308,0.491916
51,709,Krillin,Laser-Circus,1600,1211,0,0,0,0.022196,0.290524,3.377232,0.091412,1.531356,0,0,0.354886,4.645114,0,0,0,0,,0.90372,4.465418,0.05885,0.475732,2.349308,0.491916
51,718,Krillin,Mulebot,1600,1689,0,0,0,0.022196,0.004543,4.738548,0.128259,0.133193,0,0,4.150417,0.849583,0,0,0,0,,0.374649,1.851195,0.05885,3.089955,2.349308,0.491916
51,720,Krillin,PiG_Bot,1600,1627,0,0,0,0.022196,0.000165,4.759388,0.128823,0.111789,0,0,4.963018,0.036982,0,0,0,0,,0.461222,2.278967,0.05885,2.662183,2.349308,0.491916
51,721,Krillin,49Terrapins,1600,1430,0,0,0,0.022196,0.000102,4.759691,0.128832,0.111478,0,0,4.977169,0.022831,0,0,0,0,,0.72683,3.591376,0.05885,1.349774,2.349308,0.491916
51,729,Krillin,Alexa,1600,1367,0,0,0,0.022196,0.023955,4.646145,0.125758,0.228097,0,0,2.404714,2.595286,0,0,0,0,,0.792696,3.916832,0.05885,1.024318,2.349308,0.491916
51,730,Krillin,Deimos,1600,2155,0,0,0,0.022196,0.005359,4.734667,0.128154,0.137179,0,0,4.027627,0.972373,0,0,0,0,,0.03936,0.194486,0.05885,4.746664,2.349308,0.491916
51,732,Krillin,GPT,1600,1830,0,0,0,0.022196,8.3e-05,4.759778,0.128834,0.111388,0,0,4.981287,0.018713,0,0,0,0,,0.210156,1.038411,0.05885,3.902739,2.349308,0.491916
51,759,Krillin,BotTato,1600,1710,0,0,0,0.022196,0.006225,4.730544,0.128043,0.141413,0,0,3.90488,1.09512,0,0,0,0,,0.346783,1.713506,0.05885,3.227644,2.349308,0.491916
51,779,Krillin,oberon,1600,1472,0,0,0,0.022196,8.5e-05,4.759769,0.128834,0.111398,0,0,4.980828,0.019172,0,0,0,0,,0.676302,3.341708,0.05885,1.599442,2.349308,0.491916
51,797,Krillin,WickedBot,1600,1707,0,0,0,0.022196,0.043299,4.554066,0.123266,0.322668,0,0,1.694488,3.305512,0,0,0,0,,0.350705,1.732886,0.05885,3.208264,2.349308,0.491916
51,809,Krillin,PrimordialOrigin,1600,1258,0,0,0,0.022196,0.136344,4.111152,0.111277,0.777571,0,0,0.700011,4.299989,0,0,0,0,,0.877473,4.335723,0.05885,0.605427,2.349308,0.491916
51,813,Krillin,MewCombatMicro,1600,1511,0,0,0,0.022196,0.004268,4.739857,0.128295,0.131849,0,0,4.193548,0.806452,0,0,0,0,,0.625351,3.089955,0.05885,1.851195,2.349308,0.491916
51,827,Krillin,smokinggunbot,1600,1579,0,0,0,0.022196,8.2e-05,4.759783,0.128834,0.111383,0,0,4.981495,0.018505,0,0,0,0,,0.530185,2.619722,0.05885,2.321428,2.349308,0.491916
51,832,Krillin,muravev,1600,1632,0,0,0,0.022196,0.001014,4.75535,0.128714,0.115936,0,0,4.781628,0.218372,0,0,0,0,,0.454078,2.243668,0.05885,2.697482,2.349308,0.491916
51,836,Krillin,muravevTerran,1600,1477,0,0,0,0.022196,0.000366,4.758432,0.128797,0.112771,0,0,4.918831,0.081169,0,0,0,0,,0.669969,3.310417,0.05885,1.630733,2.349308,0.491916
51,858,Krillin,Crawler,1600,1562,0,0,0,0.022196,0.00261,4.747752,0.128508,0.12374,0,0,4.473939,0.526061,0,0,0,0,,0.554469,2.739716,0.05885,2.201434,2.349308,0.491916
51,876,Krillin,GenesisLotus,1600,1411,0,0,0,0.022196,0.009792,4.713566,0.127583,0.158851,0,0,3.469467,1.530533,0,0,0,0,,0.748,3.695978,0.05885,1.245172,2.349308,0.491916
51,901,Krillin,clone,1600,1667,0,0,0,0.022196,0.006192,4.730702,0.128047,0.141251,0,0,3.909455,1.090545,0,0,0,0,,0.404757,1.999965,0.05885,2.941185,2.349308,0.491916
51,930,Krillin,SiriusBot,1600,1519,0,0,0,0.022196,8.3e-05,4.759782,0.128834,0.111384,0,0,4.98144,0.01856,0,0,0,0,,0.614501,3.036343,0.05885,1.904807,2.349308,0.491916
51,939,Krillin,RustyNikolaj,1600,1539,0,0,0,0.022196,0.000102,4.759688,0.128831,0.11148,0,0,4.977064,0.022936,0,0,0,0,,0.586895,2.899936,0.05885,2.041214,2.349308,0.491916
51,940,Krillin,Princess-Mika-Test,1600,1524,0,0,0,0.022196,0.032493,4.605503,0.124658,0.269839,0,0,2.029291,2.970709,0,0,0,0,,0.607661,3.002544,0.05885,1.938606,2.349308,0.491916
51,943,Krillin,puck,1600,1529,0,0,0,0.022196,8.3e-05,4.759778,0.128834,0.111388,0,0,4.981273,0.018727,0,0,0,0,,0.600778,2.968535,0.05885,1.972615,2.349308,0.491916
51,948,Krillin,titania,1600,1185,0,0,0,0.022196,0.000157,4.759426,0.128824,0.11175,0,0,4.964789,0.035211,0,0,0,0,,0.915979,4.525992,0.05885,0.415158,2.349308,0.491916
51,953,Krillin,ZeratulsRevengeTest,1600,1702,0,0,0,0.022196,0.000163,4.759401,0.128824,0.111776,0,0,4.96361,0.03639,0,0,0,0,,0.357287,1.765408,0.05885,3.175742,2.349308,0.491916
51,959,Krillin,ur_moms_a_ho,1600,1600,0,0,0,0.022196,0.022196,4.654519,0.125985,0.219497,0,0,2.5,2.5,0,0,0,0,,0.5,2.470575,0.05885,2.470575,2.349308,0.491916
51,960,Krillin,BigDaddy,1600,1637,0,0,0,0.022196,0.006779,4.727906,0.127971,0.144123,0,0,3.830198,1.169802,0,0,0,0,,0.446953,2.208462,0.05885,2.732688,2.349308,0.491916
51,961,Krillin,AvocaDOS,1600,1751,0,0,0,0.022196,0.000833,4.756208,0.128737,0.115055,0,0,4.819048,0.180952,0,0,0,0,,0.295415,1.459692,0.05885,3.481458,2.349308,0.491916
51,962,Krillin,AvocaDEV,1600,1700,0,0,0,0.022196,0.057896,4.484578,0.121385,0.394037,0,0,1.385648,3.614352,0,0,0,0,,0.359935,1.778493,0.05885,3.162657,2.349308,0.491916
51,966,Krillin,ArgoBot,1600,1909,0,0,0,0.022196,8.5e-05,4.75977,0.128834,0.111397,0,0,4.980872,0.019128,0,0,0,0,,0.144458,0.713788,0.05885,4.227362,2.349308,0.491916
51,970,Krillin,TheLAW,1600,1576,0,0,0,0.022196,0.05452,4.500652,0.12182,0.377528,0,0,1.446639,3.553361,0,0,0,0,,0.534484,2.640965,0.05885,2.300185,2.349308,0.491916
51,971,Krillin,Nothing,1600,1570,0,0,0,0.022196,0.00831,4.720617,0.127774,0.15161,0,0,3.637927,1.362073,0,0,0,0,,0.543066,2.683373,0.05885,2.257777,2.349308,0.491916
51,977,Krillin,Siriusly,1600,1392,0,0,0,0.022196,0.001619,4.752469,0.128636,0.118895,0,0,4.660118,0.339882,0,0,0,0,,0.768052,3.79506,0.05885,1.14609,2.349308,0.491916
51,981,Krillin,KoB,1600,1499,0,0,0,0.022196,0.001616,4.752481,0.128636,0.118882,0,0,4.660603,0.339397,0,0,0,0,,0.64139,3.169205,0.05885,1.771945,2.349308,0.491916
51,998,Krillin,LordSuperKing,1600,1656,0,0,0,0.022196,0.000132,4.759546,0.128828,0.111626,0,0,4.970414,0.029586,0,0,0,0,,0.4201,2.075778,0.05885,2.865372,2.349308,0.491916
51,1007,Krillin,SharkGull,1600,1605,0,0,0,0.022196,0.000223,4.759115,0.128816,0.11207,0,0,4.950298,0.049702,0,0,0,0,,0.492805,2.435023,0.05885,2.506127,2.349308,0.491916
51,1008,Krillin,Creepy_canon,1600,1587,0,0,0,0.022196,0.074065,4.407611,0.119302,0.473087,0,0,1.152903,3.847097,0,0,0,0,,0.5187,2.562973,0.05885,2.378177,2.349308,0.491916
51,1023,Krillin,MY_SCRIPTING_SON,1600,1275,0,0,0,0.022196,0.333918,3.170667,0.085821,1.743512,0,0,0.311642,4.688358,0,0,0,0,,0.866557,4.281786,0.05885,0.659364,2.349308,0.491916
51,1026,Krillin,WildLupo,1600,1199,0,0,0,0.022196,0.018371,4.672725,0.126478,0.200797,0,0,2.735707,2.264293,0,0,0,0,,0.909566,4.4943,0.05885,0.44685,2.349308,0.491916
51,1029,Krillin,Chomppet,1600,1600,0,0,0,0.022196,0.022196,4.654519,0.125985,0.219497,0,0,2.5,2.5,0,0,0,0,,0.5,2.470575,0.05885,2.470575,2.349308,0.491916
51,1030,Krillin,who,1600,1924,0,0,0,0.022196,8.3e-05,4.759779,0.128834,0.111387,0,0,4.981315,0.018685,0,0,0,0,,0.13411,0.66266,0.05885,4.27849,2.349308,0.491916
51,1032,Krillin,WaterLeak,1600,1607,0,0,0,0.022196,8.4e-05,4.759774,0.128834,0.111392,0,0,4.981089,0.018911,0,0,0,0,,0.489928,2.420806,0.05885,2.520344,2.349308,0.491916
51,1038,Krillin,PolyMorph,1600,1463,0,0,0,0.022196,0.001586,4.752626,0.12864,0.118734,0,0,4.666552,0.333448,0,0,0,0,,0.687538,3.39723,0.05885,1.54392,2.349308,0.491916
51,1042,Krillin,Creepy_duo_canon,1600,1386,0,0,0,0.022196,0.104041,4.26492,0.115439,0.61964,0,0,0.879138,4.120862,0,0,0,0,,0.774148,3.825181,0.05885,1.115969,2.349308,0.491916
51,1044,Krillin,DoopyBot,1600,1418,0,0,0,0.022196,0.009666,4.714165,0.127599,0.158235,0,0,3.483191,1.516809,0,0,0,0,,0.740328,3.658074,0.05885,1.283076,2.349308,0.491916
51,1045,Krillin,tito,1600,1801,0,0,0,0.022196,0.000837,4.756193,0.128737,0.11507,0,0,4.818392,0.181608,0,0,0,0,,0.239204,1.181942,0.05885,3.759208,2.349308,0.491916
51,1049,Krillin,TheCatSC2Bot,1600,970,0,0,0,0.022196,0.003084,4.745495,0.128447,0.126058,0,0,4.390031,0.609969,0,0,0,0,,0.974082,4.813087,0.05885,0.128063,2.349308,0.491916
51,1050,Krillin,onlyfans,1600,1517,0,0,0,0.022196,8.7e-05,4.759763,0.128833,0.111404,0,0,4.98056,0.01944,0,0,0,0,,0.617225,3.049801,0.05885,1.891349,2.349308,0.491916
51,1052,Krillin,Starlight,1600,1204,0,0,0,0.022196,9.3e-05,4.759733,0.128833,0.111434,0,0,4.979167,0.020833,0,0,0,0,,0.90717,4.482463,0.05885,0.458687,2.349308,0.491916
51,1054,Krillin,JimmyBotZ,1600,1724,0,0,0,0.022196,0.005286,4.735012,0.128164,0.136825,0,0,4.038233,0.961767,0,0,0,0,,0.328759,1.62445,0.05885,3.3167,2.349308,0.491916
51,1056,Krillin,bilisaur,1600,1600,0,0,0,0.022196,0.022196,4.654519,0.125985,0.219497,0,0,2.5,2.5,0,0,0,0,,0.5,2.470575,0.05885,2.470575,2.349308,0.491916
51,1057,Krillin,DoopyBot-Test,1600,1238,0,0,0,0.022196,0.023755,4.647099,0.125784,0.227117,0,0,2.415199,2.584801,0,0,0,0,,0.889323,4.394276,0.05885,0.546874,2.349308,0.491916
51,1058,Krillin,JimmyBotP,1600,1711,0,0,0,0.022196,0.005341,4.734753,0.128157,0.13709,0,0,4.030268,0.969732,0,0,0,0,,0.34548,1.707069,0.05885,3.234081,2.349308,0.491916
51,1059,Krillin,NextProBot,1600,1600,0,0,0,0.022196,0.022196,4.654519,0.125985,0.219497,0,0,2.5,2.5,0,0,0,0,,0.5,2.470575,0.05885,2.470575,2.349308,0.491916
51,1060,Krillin,WildFire,1600,1709,0,0,0,0.022196,0.00012,4.759602,0.128829,0.111568,0,0,4.973031,0.026969,0,0,0,0,,0.348088,1.719955,0.05885,3.221195,2.349308,0.491916
51,1065,Krillin,MindMatrix,1600,1514,0,0,0,0.022196,0.010709,4.709197,0.127465,0.163338,0,0,3.372708,1.627292,0,0,0,0,,0.621297,3.06992,0.05885,1.87123,2.349308,0.491916
51,1066,Krillin,CompetitiveBotTest,1600,1482,0,0,0,0.022196,0.003699,4.742566,0.128368,0.129066,0,0,4.285714,0.714286,0,0,0,0,,0.663574,3.278819,0.05885,1.662331,2.349308,0.491916
51,1067,Krillin,Hello_world,1600,1600,0,0,0,0.022196,0.022196,4.654519,0.125985,0.219497,0,0,2.5,2.5,0,0,0,0,,0.5,2.470575,0.05885,2.470575,2.349308,0.491916
51,1078,Krillin,LoremIpsum,1600,1242,0,0,0,0.022196,0.000201,4.75922,0.128819,0.111961,0,0,4.955197,0.044803,0,0,0,0,,0.887036,4.382977,0.05885,0.558173,2.349308,0.491916
51,1079,Krillin,JimmyBotT,1600,1675,0,0,0,0.022196,0.000205,4.759201,0.128818,0.111981,0,0,4.954296,0.045704,0,0,0,0,,0.393712,1.945391,0.05885,2.995759,2.349308,0.491916
51,1080,Krillin,JimmyBot,1600,1675,0,0,0,0.022196,0.003888,4.74167,0.128344,0.129987,0,0,4.254777,0.745223,0,0,0,0,,0.393712,1.945391,0.05885,2.995759,2.349308,0.491916
51,1081,Krillin,ArtZerg,1600,1537,0,0,0,0.022196,0.000199,4.759227,0.128819,0.111954,0,0,4.955516,0.044484,0,0,0,0,,0.589684,2.913715,0.05885,2.027435,2.349308,0.491916
51,1082,Krillin,Dasyatis,1600,1573,0,0,0,0.022196,0.048918,4.527317,0.122542,0.350142,0,0,1.560591,3.439409,0,0,0,0,,0.538778,2.662183,0.05885,2.278967,2.349308,0.491916
51,1084,Krillin,ZippyZap,1600,1457,0,0,0,0.022196,0.84229,0.750729,0.02032,4.228951,0,0,0.128377,4.871623,0,0,0,0,,0.69491,3.433653,0.05885,1.507497,2.349308,0.491916
51,1085,Krillin,AgoraLord,1600,1430,0,0,0,0.022196,0.000933,4.755736,0.128724,0.11554,0,0,4.798387,0.201613,0,0,0,0,,0.72683,3.591376,0.05885,1.349774,2.349308,0.491916
51,1086,Krillin,CherBoiBlue,1600,1500,0,0,0,0.022196,0.222218,3.702378,0.100213,1.197409,0,0,0.454065,4.545935,0,0,0,0,,0.640065,3.162657,0.05885,1.778493,2.349308,0.491916
51,1087,Krillin,SwarmLord2,1600,1533,0,0,0,0.022196,0.003699,4.742566,0.128368,0.129066,0,0,4.285714,0.714286,0,0,0,0,,0.595243,2.941185,0.05885,1.999965,2.349308,0.491916
51,1088,Krillin,SwarmLord3,1600,1562,0,0,0,0.022196,0.003468,4.743666,0.128398,0.127936,0,0,4.324324,0.675676,0,0,0,0,,0.554469,2.739716,0.05885,2.201434,2.349308,0.491916
51,1089,Krillin,WorkingAsIntended,1600,1596,0,0,0,0.022196,0.041392,4.563143,0.123512,0.313345,0,0,1.745304,3.254696,0,0,0,0,,0.505756,2.499017,0.05885,2.442133,2.349308,0.491916
112,115,Tyckles,BenBotBC,1427,2043,0,0,0,0.000105,0.003096,4.852651,0.131348,0.016001,0,0,0.163874,4.836126,0,0,0,0,,0.028032,0.13851,0.05885,4.80264,2.349308,0.491916
112,117,Tyckles,Chance,1427,1384,40,0,3,0.000105,0.032196,44.710997,0.127513,3.16149,0,3,0.016237,7.983763,19,14,7,40,2.496343,0.561568,21.774791,7.05885,16.166359,2.491242,0.382295
112,167,Tyckles,TyrT,1427,1873,0,0,0,0.000105,0.006089,4.838079,0.130953,0.030968,0,0,0.084673,4.915327,0,0,0,0,,0.071267,0.352143,0.05885,4.589007,2.349308,0.491916
112,168,Tyckles,sharkbot,1427,1845,0,0,0,0.000105,8.4e-05,4.867313,0.131745,0.000942,0,0,2.783829,2.216171,0,0,0,0,,0.082701,0.408638,0.05885,4.532512,2.349308,0.491916
112,201,Tyckles,QueenBot,1427,1614,2,0,0,0.000105,0.003222,6.852037,0.131331,0.016632,0,0,0.157659,4.842341,0,2,0,2,2.890943,0.254177,1.255926,0.05885,5.685224,2.664444,0.429209
112,223,Tyckles,DominionDog,1427,1890,0,0,0,0.000105,0.020537,4.767749,0.12905,0.103201,0,0,0.025408,4.974592,0,0,0,0,,0.065056,0.32145,0.05885,4.6197,2.349308,0.491916
112,248,Tyckles,Eris,1427,2221,0,0,0,0.000105,0.002353,4.856265,0.131446,0.012289,0,0,0.213365,4.786635,0,0,0,0,,0.010245,0.050624,0.05885,4.890526,2.349308,0.491916
112,262,Tyckles,whalemean,1427,1797,0,0,0,0.000105,0.001592,4.859971,0.131546,0.008484,0,0,0.309084,4.690916,0,0,0,0,,0.106225,0.524875,0.05885,4.416275,2.349308,0.491916
112,275,Tyckles,Lissy,1427,1569,2,0,1,0.000105,0.03634,6.690827,0.126968,1.182206,0,1,0.014391,5.985609,0,2,0,2,2.553304,0.306312,1.513534,0.05885,5.427616,2.467997,0.429209
112,338,Tyckles,smallBly,1427,1834,0,0,0,0.000105,0.003079,4.85273,0.13135,0.01592,0,0,0.164709,4.835291,0,0,0,0,,0.087633,0.43301,0.05885,4.50814,2.349308,0.491916
112,340,Tyckles,MechaShark,1427,1695,2,0,0,0.000105,0.00159,6.859982,0.131546,0.008472,0,0,0.309521,4.690479,2,0,0,2,2.722806,0.176138,2.870327,0.05885,4.070823,2.566618,0.429209
112,341,Tyckles,gotest,1427,1328,39,0,0,0.000105,0.116039,43.302873,0.116467,0.58066,0,0,0.004516,4.995484,39,0,0,39,2.083697,0.638738,42.156099,0.05885,1.785051,2.093139,0.382406
112,346,Tyckles,Sharkling,1427,1761,0,0,0,0.000105,0.000833,4.863663,0.131646,0.004691,0,0,0.558945,4.441055,0,0,0,0,,0.127565,0.63032,0.05885,4.31083,2.349308,0.491916
112,347,Tyckles,PhantomTest,1427,1600,0,0,0,0.000105,0.022196,4.759676,0.128831,0.111493,0,0,0.023518,4.976482,0,0,0,0,,0.269755,1.332898,0.05885,3.608252,2.349308,0.491916
112,352,Tyckles,Belzebuth,1427,1134,25,4,13,0.000105,0.297738,28.418415,4.092527,14.489058,0,13,0.001761,17.998239,5,20,0,25,2.78772,0.843782,9.169255,0.05885,20.771895,2.763882,0.384842
112,357,Tyckles,12PoolBot,1427,1765,1,0,0,0.000105,0.000136,5.867057,0.131738,0.001205,0,0,2.175654,2.824346,0,1,0,1,1.366092,0.125025,0.617766,0.05885,5.323384,1.945932,0.448612
112,374,Tyckles,SwarmLord,1427,1600,0,0,0,0.000105,0.022196,4.759676,0.128831,0.111493,0,0,0.023518,4.976482,0,0,0,0,,0.269755,1.332898,0.05885,3.608252,2.349308,0.491916
112,446,Tyckles,Xena,1427,1937,0,0,0,0.000105,0.009376,4.822078,0.13052,0.047401,0,0,0.055318,4.944682,0,0,0,0,,0.050412,0.249094,0.05885,4.692056,2.349308,0.491916
112,496,Tyckles,Zozo,1427,2089,0,0,0,0.000105,0.003751,4.849462,0.131261,0.019277,0,0,0.136024,4.863976,0,0,0,0,,0.021652,0.106985,0.05885,4.834165,2.349308,0.491916
112,510,Tyckles,PhantomBot,1427,1817,0,0,0,0.000105,0.004602,4.84532,0.131149,0.02353,0,0,0.111437,4.888563,0,0,0,0,,0.09578,0.473263,0.05885,4.467887,2.349308,0.491916
112,516,Tyckles,27turtles,1427,1526,3,0,0,0.000105,0.000103,7.86722,0.131742,0.001038,0,0,2.526882,2.473118,1,2,0,3,3.035022,0.361262,2.785051,0.05885,5.156099,2.812893,0.418169
112,517,Tyckles,VeTerran-revived,1427,1869,0,0,0,0.000105,0.000102,4.867226,0.131742,0.001032,0,0,2.540679,2.459321,0,0,0,0,,0.072807,0.359748,0.05885,4.581402,2.349308,0.491916
112,518,Tyckles,norman,1427,1674,2,0,0,0.000105,8.4e-05,6.867313,0.131745,0.000942,0,0,2.7829,2.2171,1,1,0,2,2.525796,0.194372,1.960423,0.05885,4.980727,2.451993,0.429209
112,526,Tyckles,Apidae,1427,1635,3,0,0,0.000105,0.004795,7.844381,0.131124,0.024495,0,0,0.107049,4.892951,0,3,0,3,2.104315,0.231948,1.14609,0.05885,6.79506,2.183678,0.418169
112,605,Tyckles,nida,1427,1693,2,0,0,0.000105,8.4e-05,6.867312,0.131745,0.000943,0,0,2.780109,2.219891,1,1,0,2,2.437815,0.177815,1.878613,0.05885,5.062537,2.400804,0.429209
112,637,Tyckles,72Tortoises,1427,1697,1,0,0,0.000105,0.000103,5.867221,0.131742,0.001037,0,0,2.528037,2.471963,0,1,0,1,2.193886,0.174474,0.862102,0.05885,5.079048,2.285544,0.448612
112,699,Tyckles,Clicadinha,1427,1635,2,0,0,0.000105,0.00084,6.863629,0.131645,0.004726,0,0,0.554844,4.445156,0,2,0,2,2.658651,0.231948,1.14609,0.05885,5.79506,2.529291,0.429209
112,708,Tyckles,Princess-Mika,1427,1521,33,0,0,0.000105,0.02954,37.723927,0.127863,0.148209,0,0,0.017692,4.982308,3,30,0,33,2.571914,0.36793,4.817997,0.05885,33.123153,2.562622,0.38321
112,709,Tyckles,Laser-Circus,1427,1211,4,0,3,0.000105,0.290524,7.453532,0.093477,4.452991,0,3,0.001805,7.998195,4,0,0,4,2.27292,0.776155,7.835096,0.05885,1.106054,2.293114,0.411036
112,718,Tyckles,Mulebot,1427,1689,1,0,0,0.000105,0.004543,5.845604,0.131157,0.023239,0,0,0.112831,4.887169,0,1,0,1,2.000128,0.181207,0.89537,0.05885,5.04578,2.206053,0.448612
112,720,Tyckles,PiG_Bot,1427,1627,1,0,0,0.000105,0.000165,5.866915,0.131734,0.001351,0,0,1.940428,3.059572,1,0,0,1,2.372111,0.240253,2.187126,0.05885,3.754024,2.358663,0.448612
112,721,Tyckles,49Terrapins,1427,1430,34,0,0,0.000105,0.000102,38.867224,0.131742,0.001034,0,0,2.537244,2.462756,18,16,0,34,2.757532,0.495683,20.449243,0.05885,18.491907,2.740973,0.383057
112,729,Tyckles,Alexa,1427,1367,32,1,1,0.000105,0.023955,36.751114,1.128599,1.120287,0,1,0.021799,5.978201,14,18,0,32,2.524473,0.585499,16.893037,0.05885,20.048113,2.516942,0.383371
112,730,Tyckles,Deimos,1427,2155,0,0,0,0.000105,0.005359,4.841635,0.13105,0.027315,0,0,0.095996,4.904004,0,0,0,0,,0.01491,0.073672,0.05885,4.867478,2.349308,0.491916
112,732,Tyckles,GPT,1427,1830,0,0,0,0.000105,8.3e-05,4.867314,0.131745,0.000941,0,0,2.785684,2.214316,0,0,0,0,,0.089492,0.442193,0.05885,4.498957,2.349308,0.491916
112,759,Tyckles,BotTato,1427,1710,2,0,0,0.000105,0.006225,6.837419,0.130935,0.031645,0,0,0.08286,4.91714,0,2,0,2,2.573294,0.163957,0.810134,0.05885,6.131016,2.479628,0.429209
112,779,Tyckles,oberon,1427,1472,41,1,0,0.000105,8.5e-05,45.867304,1.131744,0.000952,0,0,2.755622,2.244378,24,11,6,41,2.723182,0.4356,26.152363,6.05885,13.788787,2.710518,0.382189
112,797,Tyckles,WickedBot,1427,1707,1,0,0,0.000105,0.043299,5.656954,0.126051,0.216995,0,0,0.012084,4.987916,0,1,0,1,2.299581,0.166338,0.821899,0.05885,5.119251,2.328907,0.448612
112,809,Tyckles,PrimordialOrigin,1427,1258,40,2,0,0.000105,0.136344,44.204034,2.113791,0.682175,0,0,0.003844,4.996156,33,6,1,40,2.341325,0.725686,36.585722,1.05885,7.355428,2.341602,0.382295
112,813,Tyckles,MewCombatMicro,1427,1511,1,0,0,0.000105,0.004268,5.846942,0.131193,0.021865,0,0,0.119926,4.880074,0,0,1,1,3.09874,0.381416,1.884633,1.05885,3.056517,2.656771,0.448612
112,827,Tyckles,smokinggunbot,1427,1579,6,1,0,0.000105,8.2e-05,10.867319,1.131745,0.000937,0,0,2.799501,2.200499,1,5,0,6,2.770863,0.294219,2.453778,0.05885,8.487372,2.689388,0.402359
112,832,Tyckles,muravev,1427,1632,2,0,0,0.000105,0.001014,6.862786,0.131622,0.005592,0,0,0.468887,4.531113,0,2,0,2,2.550777,0.235039,1.161362,0.05885,5.779788,2.466528,0.429209
112,836,Tyckles,muravevTerran,1427,1477,9,0,0,0.000105,0.000366,13.865937,0.131707,0.002356,0,0,1.113152,3.886848,3,6,0,9,2.492445,0.428537,5.117465,0.05885,8.823685,2.472732,0.395447
112,858,Tyckles,Crawler,1427,1562,11,0,0,0.000105,0.00261,15.855016,0.131412,0.013573,0,0,0.193194,4.806806,6,5,0,11,2.228612,0.31494,7.556168,0.05885,8.384982,2.242562,0.392657
112,876,Tyckles,GenesisLotus,1427,1411,41,0,0,0.000105,0.009792,45.820057,0.130465,0.049477,0,0,0.052996,4.947004,28,13,0,41,2.328751,0.52301,30.584269,0.05885,15.356881,2.329447,0.382189
112,901,Tyckles,clone,1427,1667,1,0,0,0.000105,0.006192,5.837581,0.13094,0.031479,0,0,0.083297,4.916703,0,1,0,1,2.182675,0.20076,0.991985,0.05885,4.949165,2.280945,0.448612
112,930,Tyckles,SiriusBot,1427,1519,19,0,0,0.000105,8.3e-05,23.867317,0.131745,0.000938,0,0,2.795833,2.204167,8,10,1,19,2.547964,0.370611,9.831247,1.05885,13.109903,2.533992,0.386896
112,939,Tyckles,RustyNikolaj,1427,1539,25,2,0,0.000105,0.000102,29.867222,2.131742,0.001036,0,0,2.531498,2.468502,5,18,2,25,2.780016,0.344179,6.700643,2.05885,21.240507,2.756598,0.384842
112,940,Tyckles,Princess-Mika-Test,1427,1524,27,0,2,0.000105,0.032493,31.709553,0.127474,2.162973,0,2,0.016089,6.983911,2,25,0,27,2.486598,0.363923,3.798199,0.05885,28.142951,2.479658,0.384349
112,943,Tyckles,puck,1427,1529,30,5,0,0.000105,8.3e-05,34.867314,5.131745,0.000942,0,0,2.784757,2.215243,9,18,3,30,2.884568,0.357287,10.765408,3.05885,21.175742,2.860094,0.383725
112,948,Tyckles,titania,1427,1185,18,0,0,0.000105,0.000157,22.866954,0.131735,0.001311,0,0,1.999433,3.000567,11,7,0,18,2.535706,0.801081,14.958261,0.05885,7.982889,2.521921,0.38736
112,953,Tyckles,ZeratulsRevengeTest,1427,1702,1,0,0,0.000105,0.000163,5.866928,0.131734,0.001338,0,0,1.95977,3.04023,0,1,0,1,1.418277,0.170367,0.84181,0.05885,5.09934,1.967342,0.448612
112,959,Tyckles,ur_moms_a_ho,1427,1600,0,0,0,0.000105,0.022196,4.759676,0.128831,0.111493,0,0,0.023518,4.976482,0,0,0,0,,0.269755,1.332898,0.05885,3.608252,2.349308,0.491916
112,960,Tyckles,BigDaddy,1427,1637,2,0,0,0.000105,0.006779,6.834722,0.130862,0.034416,0,0,0.076189,4.923811,1,1,0,2,2.769201,0.229903,2.135987,0.05885,4.805163,2.593612,0.429209
112,961,Tyckles,AvocaDOS,1427,1751,1,0,0,0.000105,0.000833,5.863663,0.131646,0.004691,0,0,0.558945,4.441055,0,1,0,1,2.64191,0.13411,0.66266,0.05885,5.27849,2.469352,0.448612
112,962,Tyckles,AvocaDEV,1427,1700,0,0,1,0.000105,0.057896,4.585896,0.124127,1.289976,0,1,0.009043,5.990957,0,0,0,0,,0.172001,0.849881,0.05885,4.091269,2.349308,0.491916
112,966,Tyckles,ArgoBot,1427,1909,0,0,0,0.000105,8.5e-05,4.867305,0.131744,0.000951,0,0,2.758475,2.241525,0,0,0,0,,0.058711,0.290102,0.05885,4.651048,2.349308,0.491916
112,970,Tyckles,TheLAW,1427,1576,2,0,1,0.000105,0.05452,6.602333,0.124572,1.273095,0,1,0.009602,5.990398,1,1,0,2,2.425597,0.297817,2.47156,0.05885,4.46959,2.393695,0.429209
112,971,Tyckles,Nothing,1427,1570,3,0,0,0.000105,0.00831,7.827267,0.130661,0.042072,0,0,0.062325,4.937675,0,3,0,3,1.958642,0.30509,1.507497,0.05885,6.433653,2.085194,0.418169
112,977,Tyckles,Siriusly,1427,1392,42,0,0,0.000105,0.001619,46.85984,0.131542,0.008618,0,0,0.304268,4.695732,16,26,0,42,2.37745,0.550199,18.718618,0.05885,28.222532,2.376519,0.382088
112,981,Tyckles,KoB,1427,1499,26,1,0,0.000105,0.001616,30.859852,1.131543,0.008605,0,0,0.304706,4.695294,11,15,0,26,2.467229,0.397842,12.965797,0.05885,17.975353,2.461051,0.384586
112,998,Tyckles,LordSuperKing,1427,1656,1,0,0,0.000105,0.000132,5.867077,0.131738,0.001185,0,0,2.212856,2.787144,0,1,0,1,2.726545,0.211113,1.043141,0.05885,4.898009,2.504074,0.448612
112,1007,Tyckles,SharkGull,1427,1605,1,0,0,0.000105,0.000223,5.866635,0.131726,0.001639,0,0,1.600257,3.399743,0,1,0,1,3.018472,0.264123,1.305069,0.05885,4.636081,2.62384,0.448612
112,1008,Tyckles,Creepy_canon,1427,1587,1,0,0,0.000105,0.074065,5.507191,0.121997,0.370812,0,0,0.007071,4.992929,1,0,0,1,3.475996,0.284747,2.406979,0.05885,3.534171,2.811545,0.448612
112,1023,Tyckles,MY_SCRIPTING_SON,1427,1275,13,0,29,0.000105,0.333918,16.242301,0.08776,30.669939,0,29,0.00157,33.99843,0,13,0,13,2.260393,0.705781,3.487372,0.05885,14.453778,2.269246,0.390628
112,1026,Tyckles,WildLupo,1427,1199,35,7,0,0.000105,0.018371,39.778294,7.129335,0.092371,0,0,0.028387,4.971613,21,14,0,35,3.594503,0.787927,24.893264,0.05885,15.047886,3.54538,0.382913
112,1029,Tyckles,Chomppet,1427,1600,0,0,0,0.000105,0.022196,4.759676,0.128831,0.111493,0,0,0.023518,4.976482,0,0,0,0,,0.269755,1.332898,0.05885,3.608252,2.349308,0.491916
112,1030,Tyckles,who,1427,1924,0,0,0,0.000105,8.3e-05,4.867315,0.131745,0.000941,0,0,2.787537,2.212463,0,0,0,0,,0.054117,0.267402,0.05885,4.673748,2.349308,0.491916
112,1032,Tyckles,WaterLeak,1427,1607,1,0,0,0.000105,8.4e-05,5.86731,0.131744,0.000946,0,0,2.772632,2.227368,0,1,0,1,1.623341,0.261891,1.294043,0.05885,4.647107,2.051471,0.448612
112,1038,Tyckles,PolyMorph,1427,1463,40,0,0,0.000105,0.001586,44.86,0.131547,0.008454,0,0,0.310177,4.689823,3,36,1,40,2.749652,0.448376,5.215495,1.05885,38.725655,2.735764,0.382295
112,1042,Tyckles,Creepy_duo_canon,1427,1386,26,0,9,0.000105,0.104041,30.361276,0.118048,9.520677,0,9,0.005036,13.994964,15,4,7,26,2.549652,0.558731,17.760776,7.05885,6.180374,2.539156,0.384586
112,1044,Tyckles,DoopyBot,1427,1418,32,0,0,0.000105,0.009666,36.820671,0.130482,0.048847,0,0,0.05368,4.94632,0,32,0,32,2.56053,0.512949,2.534559,0.05885,34.406591,2.55145,0.383371
112,1045,Tyckles,tito,1427,1801,2,0,0,0.000105,0.000837,6.863648,0.131645,0.004707,0,0,0.557082,4.442918,0,2,0,2,2.542939,0.104059,0.514171,0.05885,6.426979,2.461967,0.429209
112,1049,Tyckles,TheCatSC2Bot,1427,970,40,2,0,0.000105,0.003084,44.852708,2.131349,0.015943,0,0,0.16447,4.83553,39,1,0,40,3.288798,0.932812,43.609162,0.05885,1.331988,3.256207,0.382295
112,1050,Tyckles,onlyfans,1427,1517,21,0,0,0.000105,8.7e-05,25.867298,0.131744,0.000958,0,0,2.73835,2.26165,5,16,0,21,2.441592,0.373301,6.844536,0.05885,19.096614,2.435679,0.38609
112,1052,Tyckles,Starlight,1427,1204,42,0,0,0.000105,9.3e-05,46.867268,0.131743,0.000989,0,0,2.65202,2.34798,32,7,3,42,2.576025,0.783077,35.869303,3.05885,8.071847,2.568522,0.382088
112,1054,Tyckles,JimmyBotZ,1427,1724,7,0,0,0.000105,0.005286,11.841988,0.131059,0.026953,0,0,0.097284,4.902716,1,6,0,7,2.451433,0.153207,1.757017,0.05885,10.184133,2.434034,0.399523
112,1056,Tyckles,bilisaur,1427,1600,0,0,0,0.000105,0.022196,4.759676,0.128831,0.111493,0,0,0.023518,4.976482,0,0,0,0,,0.269755,1.332898,0.05885,3.608252,2.349308,0.491916
112,1057,Tyckles,DoopyBot-Test,1427,1238,30,2,4,0.000105,0.023755,34.752089,2.128626,4.119285,0,4,0.021982,8.978018,13,17,0,30,2.638674,0.748,16.695978,0.05885,18.245172,2.625443,0.383725
112,1058,Tyckles,JimmyBotP,1427,1711,18,0,0,0.000105,0.005341,22.841723,0.131052,0.027225,0,0,0.096314,4.903686,9,8,1,18,2.513401,0.163169,9.806243,1.05885,12.134907,2.501266,0.38736
112,1059,Tyckles,NextProBot,1427,1600,0,0,0,0.000105,0.022196,4.759676,0.128831,0.111493,0,0,0.023518,4.976482,0,0,0,0,,0.269755,1.332898,0.05885,3.608252,2.349308,0.491916
112,1060,Tyckles,WildFire,1427,1709,2,0,0,0.000105,0.00012,6.867134,0.13174,0.001126,0,0,2.328283,2.671717,1,1,0,2,2.853384,0.164747,1.81404,0.05885,5.12711,2.642591,0.429209
112,1065,Tyckles,MindMatrix,1427,1514,20,0,0,0.000105,0.010709,24.81559,0.130345,0.054065,0,0,0.048499,4.951501,5,15,0,20,2.372502,0.37735,6.864542,0.05885,18.076608,2.370947,0.386474
112,1066,Tyckles,CompetitiveBotTest,1427,1482,1,0,0,0.000105,0.003699,5.849713,0.131268,0.019019,0,0,0.137868,4.862132,0,0,1,1,3.079614,0.421503,2.082711,1.05885,2.858439,2.648925,0.448612
112,1067,Tyckles,Hello_world,1427,1600,0,0,0,0.000105,0.022196,4.759676,0.128831,0.111493,0,0,0.023518,4.976482,0,0,0,0,,0.269755,1.332898,0.05885,3.608252,2.349308,0.491916
112,1078,Tyckles,LoremIpsum,1427,1242,19,2,0,0.000105,0.000201,23.866743,2.131729,0.001528,0,0,1.716325,3.283675,14,3,2,19,2.747906,0.743635,17.67441,2.05885,4.26674,2.719871,0.386896
112,1079,Tyckles,JimmyBotT,1427,1675,2,0,0,0.000105,0.000205,6.866723,0.131729,0.001548,0,0,1.69375,3.30625,0,2,0,2,2.425304,0.193472,0.955977,0.05885,5.985173,2.393524,0.429209
112,1080,Tyckles,JimmyBot,1427,1675,2,0,0,0.000105,0.003888,6.848796,0.131243,0.019961,0,0,0.131366,4.868634,0,2,0,2,2.337915,0.193472,0.955977,0.05885,5.985173,2.342679,0.429209
112,1081,Tyckles,ArtZerg,1427,1537,2,0,0,0.000105,0.000199,6.86675,0.131729,0.001521,0,0,1.724458,3.275542,0,2,0,2,1.65525,0.346783,1.713506,0.05885,5.227644,1.945488,0.429209
112,1082,Tyckles,Dasyatis,1427,1573,9,1,0,0.000105,0.048918,13.6296,1.12531,0.245089,0,0,0.010699,4.989301,4,0,5,9,2.687696,0.301441,5.489467,5.05885,3.451683,2.641093,0.395447
112,1084,Tyckles,ZippyZap,1427,1457,0,0,1,0.000105,0.84229,0.76769,0.020779,5.211531,0,1,0.000623,5.999377,0,0,0,0,,0.456934,2.257777,0.05885,2.683373,2.349308,0.491916
112,1085,Tyckles,AgoraLord,1427,1430,2,1,0,0.000105,0.000933,6.86318,1.131633,0.005187,0,0,0.505523,4.494477,0,2,0,2,3.431646,0.495683,2.449243,0.05885,4.491907,2.979038,0.429209
112,1086,Tyckles,CherBoiBlue,1427,1500,1,0,0,0.000105,0.222218,4.786024,0.102477,1.111499,0,0,0.002359,4.997641,1,0,0,1,2.204972,0.396464,2.958987,0.05885,2.982163,2.290093,0.448612
112,1087,Tyckles,SwarmLord2,1427,1533,1,0,0,0.000105,0.003699,5.849713,0.131268,0.019019,0,0,0.137868,4.862132,1,0,0,1,2.381396,0.352017,2.739369,0.05885,3.201781,2.362473,0.448612
112,1088,Tyckles,SwarmLord3,1427,1562,1,0,0,0.000105,0.003468,5.850838,0.131299,0.017863,0,0,0.146789,4.853211,1,0,0,1,2.376764,0.31494,2.556168,0.05885,3.384982,2.360572,0.448612
112,1089,Tyckles,WorkingAsIntended,1427,1596,1,0,0,0.000105,0.041392,5.666236,0.126302,0.207462,0,0,0.012639,4.987361,0,1,0,1,2.494032,0.274314,1.355428,0.05885,4.585722,2.408683,0.448612
115,117,BenBotBC,Chance,2043,1384,0,0,0,0.003096,0.032196,4.696906,0.127132,0.175962,0,0,0.438572,4.561428,0,0,0,0,,0.977979,4.832343,0.05885,0.108807,2.349308,0.491916
115,167,BenBotBC,TyrT,2043,1873,58,0,1,0.003096,0.006089,62.823608,0.130562,1.04583,0,1,1.685159,4.314841,34,24,0,58,2.886663,0.72683,37.591376,0.05885,25.349774,2.873668,0.380929
115,168,BenBotBC,sharkbot,2043,1845,62,0,0,0.003096,8.4e-05,66.852755,0.13135,0.015894,0,0,4.868664,0.131336,51,10,1,62,2.863079,0.757639,54.743609,1.05885,11.197541,2.851438,0.38073
115,201,BenBotBC,QueenBot,2043,1614,1,0,0,0.003096,0.003222,5.837525,0.130938,0.031537,0,0,2.450077,2.549923,1,0,0,1,2.674838,0.921977,5.555629,0.05885,0.385521,2.482861,0.448612
115,223,BenBotBC,DominionDog,2043,1890,49,0,2,0.003096,0.020537,53.753489,0.128664,2.117848,0,2,0.654933,6.345067,21,24,4,49,3.164743,0.706975,24.493271,4.05885,25.447879,3.141503,0.38149
115,248,BenBotBC,Eris,2043,2221,61,0,0,0.003096,0.002353,65.84174,0.131052,0.027208,0,0,2.840613,2.159387,7,54,0,61,2.899373,0.264123,8.305069,0.05885,57.636081,2.886709,0.380777
115,262,BenBotBC,whalemean,2043,1797,58,1,1,0.003096,0.001592,62.845434,1.131152,1.023413,0,1,3.301916,2.698084,42,13,3,58,2.739174,0.804725,45.976265,3.05885,13.964885,2.729745,0.380929
115,275,BenBotBC,Lissy,2043,1569,0,0,0,0.003096,0.03634,4.676796,0.126588,0.196616,0,0,0.392489,4.607511,0,0,0,0,,0.938691,4.638214,0.05885,0.302936,2.349308,0.491916
115,338,BenBotBC,smallBly,2043,1834,49,0,0,0.003096,0.003079,53.838216,0.130957,0.030827,0,0,2.506572,2.493428,35,14,0,49,2.133274,0.769076,38.800119,0.05885,15.141031,2.139431,0.38149
115,340,BenBotBC,MechaShark,2043,1695,45,3,2,0.003096,0.00159,49.845446,3.131153,2.023401,1,1,4.303605,2.696395,31,12,2,45,2.844032,0.881138,35.353834,2.05885,12.587316,2.828718,0.38181
115,341,BenBotBC,gotest,2043,1328,0,0,0,0.003096,0.116039,4.290003,0.116118,0.593878,0,0,0.129921,4.870079,0,0,0,0,,0.98395,4.861845,0.05885,0.079305,2.349308,0.491916
115,346,BenBotBC,Sharkling,2043,1761,59,0,0,0.003096,0.000833,63.849116,0.131252,0.019632,0,0,3.939386,1.060614,56,3,0,59,2.289912,0.835253,60.12711,0.05885,3.81404,2.291325,0.380876
115,347,BenBotBC,PhantomTest,2043,1600,0,0,0,0.003096,0.022196,4.74544,0.128446,0.126115,0,0,0.611985,4.388015,0,0,0,0,,0.927581,4.583317,0.05885,0.357833,2.349308,0.491916
115,352,BenBotBC,Belzebuth,2043,1134,0,0,0,0.003096,0.297738,3.40819,0.09225,1.49956,0,0,0.051451,4.948549,0,0,0,0,,0.994689,4.914907,0.05885,0.026243,2.349308,0.491916
115,357,BenBotBC,12PoolBot,2043,1765,28,0,0,0.003096,0.000136,32.8525,0.131344,0.016157,0,0,4.789324,0.210676,28,0,0,28,2.617438,0.83206,32.111332,0.05885,0.829818,2.604345,0.384127
115,374,BenBotBC,SwarmLord,2043,1600,0,0,0,0.003096,0.022196,4.74544,0.128446,0.126115,0,0,0.611985,4.388015,0,0,0,0,,0.927581,4.583317,0.05885,0.357833,2.349308,0.491916
115,446,BenBotBC,Xena,2043,1937,50,0,1,0.003096,0.009376,54.807655,0.13013,1.062215,0,1,1.24103,4.75897,25,25,0,50,2.474277,0.647983,28.201781,0.05885,26.739369,2.470784,0.381418
115,496,BenBotBC,Zozo,2043,2089,45,0,0,0.003096,0.003751,49.834957,0.130869,0.034175,0,0,2.260726,2.739274,37,8,0,45,2.876186,0.434185,39.145372,0.05885,10.795778,2.859877,0.38181
115,510,BenBotBC,PhantomBot,2043,1817,50,0,0,0.003096,0.004602,54.830828,0.130757,0.038415,0,0,2.010857,2.989143,48,2,0,50,2.653753,0.785997,51.883727,0.05885,3.057423,2.645245,0.381418
115,516,BenBotBC,27turtles,2043,1526,0,0,0,0.003096,0.000103,4.852662,0.131348,0.01599,0,0,4.839501,0.160499,0,0,0,0,,0.951482,4.701416,0.05885,0.239734,2.349308,0.491916
115,517,BenBotBC,VeTerran-revived,2043,1869,44,0,0,0.003096,0.000102,48.852668,0.131348,0.015984,0,0,4.841207,0.158793,17,26,1,44,2.962866,0.731378,20.613848,1.05885,27.327302,2.943455,0.381898
115,518,BenBotBC,norman,2043,1674,10,0,0,0.003096,8.4e-05,14.852755,0.13135,0.015895,0,0,4.868568,0.131432,10,0,0,10,2.731215,0.893227,14.413568,0.05885,0.527582,2.683216,0.393932
115,526,BenBotBC,Apidae,2043,1635,8,0,0,0.003096,0.004795,12.829892,0.130732,0.039377,0,0,1.961696,3.038304,7,1,0,8,2.797497,0.912826,11.510409,0.05885,1.430741,2.729231,0.397274
115,605,BenBotBC,nida,2043,1693,6,0,0,0.003096,8.4e-05,10.852754,0.13135,0.015896,0,0,4.868278,0.131722,6,0,0,6,2.892388,0.882338,10.359766,0.05885,0.581384,2.787425,0.402359
115,637,BenBotBC,72Tortoises,2043,1697,6,0,0,0.003096,0.000103,10.852663,0.131348,0.015989,0,0,4.839645,0.160355,6,0,0,6,1.782076,0.879927,10.34785,0.05885,0.5933,1.891707,0.402359
115,699,BenBotBC,Clicadinha,2043,1635,1,0,0,0.003096,0.00084,5.849082,0.131251,0.019667,0,0,3.932445,1.067555,1,0,0,1,2.468947,0.912826,5.510409,0.05885,0.430741,2.398391,0.448612
115,708,BenBotBC,Princess-Mika,2043,1521,0,0,0,0.003096,0.02954,4.709798,0.127481,0.162721,0,0,0.47427,4.52573,0,0,0,0,,0.952794,4.707897,0.05885,0.233253,2.349308,0.491916
115,709,BenBotBC,Laser-Circus,2043,1211,0,0,0,0.003096,0.290524,3.443202,0.093198,1.4636,0,0,0.052715,4.947285,0,0,0,0,,0.991751,4.90039,0.05885,0.04076,2.349308,0.491916
115,718,BenBotBC,Mulebot,2043,1689,17,0,0,0.003096,0.004543,21.83111,0.130765,0.038125,0,0,2.026167,2.973833,13,4,0,17,2.787291,0.884708,17.371474,0.05885,4.569676,2.753144,0.387873
115,720,BenBotBC,PiG_Bot,2043,1627,0,0,0,0.003096,0.000165,4.852358,0.13134,0.016303,0,0,4.746406,0.253594,0,0,0,0,,0.916421,4.528175,0.05885,0.412975,2.349308,0.491916
115,721,BenBotBC,49Terrapins,2043,1430,0,0,0,0.003096,0.000102,4.852666,0.131348,0.015986,0,0,4.840784,0.159216,0,0,0,0,,0.971494,4.800296,0.05885,0.140854,2.349308,0.491916
115,729,BenBotBC,Alexa,2043,1367,0,0,0,0.003096,0.023955,4.736903,0.128215,0.134882,0,0,0.572189,4.427811,0,0,0,0,,0.979991,4.842283,0.05885,0.098867,2.349308,0.491916
115,730,BenBotBC,Deimos,2043,2155,61,1,0,0.003096,0.005359,65.827154,1.130658,0.042189,0,0,1.830793,3.169207,17,44,0,61,2.660409,0.344179,18.700643,0.05885,47.240507,2.653247,0.380777
115,732,BenBotBC,GPT,2043,1830,59,0,0,0.003096,8.3e-05,63.852756,0.131351,0.015894,0,0,4.868857,0.131143,57,2,0,59,2.575347,0.77314,60.8202,0.05885,3.12095,2.56997,0.380876
115,759,BenBotBC,BotTato,2043,1710,38,0,1,0.003096,0.006225,42.82295,0.130544,1.046506,1,0,2.660656,3.339344,28,10,0,38,2.867402,0.871793,32.307658,0.05885,10.633492,2.848518,0.382523
115,779,BenBotBC,oberon,2043,1472,0,0,0,0.003096,8.5e-05,4.852746,0.13135,0.015904,0,0,4.865713,0.134287,0,0,0,0,,0.963978,4.76316,0.05885,0.17799,2.349308,0.491916
115,797,BenBotBC,WickedBot,2043,1707,33,0,3,0.003096,0.043299,37.643025,0.125674,3.231301,0,3,0.33362,7.66638,29,3,1,33,3.296271,0.87371,33.317134,1.05885,3.624016,3.256743,0.38321
115,809,BenBotBC,PrimordialOrigin,2043,1258,0,0,0,0.003096,0.136344,4.191459,0.113451,0.69509,0,0,0.111002,4.888998,0,0,0,0,,0.989216,4.887863,0.05885,0.053287,2.349308,0.491916
115,813,BenBotBC,MewCombatMicro,2043,1511,0,0,0,0.003096,0.004268,4.832445,0.130801,0.036754,0,0,2.101836,2.898164,0,0,0,0,,0.955316,4.720362,0.05885,0.220788,2.349308,0.491916
115,827,BenBotBC,smokinggunbot,2043,1579,1,0,0,0.003096,8.2e-05,5.85276,0.131351,0.015889,0,0,4.87028,0.12972,1,0,0,1,2.35802,0.935293,5.621425,0.05885,0.319725,2.352882,0.448612
115,832,BenBotBC,muravev,2043,1632,0,0,0,0.003096,0.001014,4.848241,0.131228,0.020531,0,0,3.766613,1.233387,0,0,0,0,,0.91419,4.517151,0.05885,0.423999,2.349308,0.491916
115,836,BenBotBC,muravevTerran,2043,1477,0,0,0,0.003096,0.000366,4.851383,0.131313,0.017304,0,0,4.470996,0.529004,0,0,0,0,,0.962965,4.758155,0.05885,0.182995,2.349308,0.491916
115,858,BenBotBC,Crawler,2043,1562,0,0,0,0.003096,0.00261,4.840494,0.131019,0.028487,0,0,2.712836,2.287164,0,0,0,0,,0.94097,4.649472,0.05885,0.291678,2.349308,0.491916
115,876,BenBotBC,GenesisLotus,2043,1411,0,0,0,0.003096,0.009792,4.80564,0.130075,0.064285,0,0,1.20104,3.79896,0,0,0,0,,0.974371,4.814515,0.05885,0.126635,2.349308,0.491916
115,901,BenBotBC,clone,2043,1667,18,0,2,0.003096,0.006192,22.823112,0.130548,2.04634,0,2,1.666603,5.333397,13,5,0,18,2.597472,0.89701,17.432259,0.05885,5.508891,2.579119,0.38736
115,930,BenBotBC,SiriusBot,2043,1519,0,0,0,0.003096,8.3e-05,4.852759,0.131351,0.01589,0,0,4.869904,0.130096,0,0,0,0,,0.953309,4.710443,0.05885,0.230707,2.349308,0.491916
115,939,BenBotBC,RustyNikolaj,2043,1539,0,0,0,0.003096,0.000102,4.852664,0.131348,0.015988,0,0,4.840074,0.159926,0,0,0,0,,0.947909,4.683758,0.05885,0.257392,2.349308,0.491916
115,940,BenBotBC,Princess-Mika-Test,2043,1524,0,0,0,0.003096,0.032493,4.695467,0.127093,0.17744,0,0,0.434916,4.565084,0,0,0,0,,0.952011,4.704029,0.05885,0.237121,2.349308,0.491916
115,943,BenBotBC,puck,2043,1529,1,0,0,0.003096,8.3e-05,5.852755,0.131351,0.015894,0,0,4.868761,0.131239,1,0,0,1,2.726545,0.950679,5.697446,0.05885,0.243704,2.504074,0.448612
115,948,BenBotBC,titania,2043,1185,1,0,0,0.003096,0.000157,5.852396,0.131341,0.016263,0,0,4.758044,0.241956,1,0,0,1,1.742219,0.992889,5.906016,0.05885,0.035134,2.100242,0.448612
115,953,BenBotBC,ZeratulsRevengeTest,2043,1702,19,0,1,0.003096,0.000163,23.852371,0.13134,1.016289,1,0,5.750292,0.249708,19,0,0,19,2.42702,0.876852,23.332659,0.05885,0.608491,2.421554,0.386896
115,959,BenBotBC,ur_moms_a_ho,2043,1600,0,0,0,0.003096,0.022196,4.74544,0.128446,0.126115,0,0,0.611985,4.388015,0,0,0,0,,0.927581,4.583317,0.05885,0.357833,2.349308,0.491916
115,960,BenBotBC,BigDaddy,2043,1637,4,0,0,0.003096,0.006779,8.820261,0.130471,0.049268,0,0,1.567461,3.432539,2,2,0,4,2.075031,0.911905,6.505861,0.05885,2.435289,2.14754,0.411036
115,961,BenBotBC,AvocaDOS,2043,1751,37,1,0,0.003096,0.000833,41.849116,1.131252,0.019632,0,0,3.939386,1.060614,36,1,0,37,2.659677,0.843022,40.165498,0.05885,1.775652,2.64807,0.382646
115,962,BenBotBC,AvocaDEV,2043,1700,2,0,0,0.003096,0.057896,6.57218,0.123756,0.304064,0,0,0.253772,4.746228,2,0,0,2,3.055233,0.87809,6.338775,0.05885,0.602375,2.760032,0.429209
115,966,BenBotBC,ArgoBot,2043,1909,59,0,1,0.003096,8.5e-05,63.852747,0.13135,1.015903,1,0,5.866014,0.133986,37,22,0,59,2.569377,0.683816,40.378839,0.05885,23.562311,2.564143,0.380876
115,970,BenBotBC,TheLAW,2043,1576,0,0,0,0.003096,0.05452,4.588567,0.1242,0.287233,0,0,0.268645,4.731355,0,0,0,0,,0.936331,4.626551,0.05885,0.314599,2.349308,0.491916
115,971,BenBotBC,Nothing,2043,1570,2,0,0,0.003096,0.00831,6.812829,0.13027,0.056901,0,0,1.357013,3.642987,2,0,0,2,2.005563,0.938359,6.636573,0.05885,0.304577,2.149309,0.429209
115,977,BenBotBC,Siriusly,2043,1392,0,0,0,0.003096,0.001619,4.845304,0.131149,0.023547,0,0,3.283104,1.716896,0,0,0,0,,0.976965,4.827333,0.05885,0.113817,2.349308,0.491916
115,981,BenBotBC,KoB,2043,1499,5,0,0,0.003096,0.001616,9.845316,0.131149,0.023535,0,0,3.284832,1.715168,5,0,0,5,2.281413,0.958174,9.734482,0.05885,0.206668,2.296574,0.406046
115,998,BenBotBC,LordSuperKing,2043,1656,8,0,0,0.003096,0.000132,12.852519,0.131344,0.016137,0,0,4.795338,0.204662,8,0,0,8,2.655849,0.902714,12.460445,0.05885,0.480705,2.609158,0.397274
115,1007,BenBotBC,SharkGull,2043,1605,0,0,0,0.003096,0.000223,4.852079,0.131332,0.016589,0,0,4.664226,0.335774,0,0,0,0,,0.925624,4.573646,0.05885,0.367504,2.349308,0.491916
115,1008,BenBotBC,Creepy_canon,2043,1587,0,0,0,0.003096,0.074065,4.493709,0.121632,0.384658,0,0,0.200595,4.799405,0,0,0,0,,0.93245,4.607375,0.05885,0.333775,2.349308,0.491916
115,1023,BenBotBC,MY_SCRIPTING_SON,2043,1275,0,0,0,0.003096,0.333918,3.232603,0.087498,1.6799,0,0,0.045927,4.954073,0,0,0,0,,0.98812,4.88245,0.05885,0.0587,2.349308,0.491916
115,1026,BenBotBC,WildLupo,2043,1199,0,0,0,0.003096,0.018371,4.764002,0.128948,0.10705,0,0,0.721024,4.278976,0,0,0,0,,0.992297,4.90309,0.05885,0.03806,2.349308,0.491916
115,1029,BenBotBC,Chomppet,2043,1600,0,0,0,0.003096,0.022196,4.74544,0.128446,0.126115,0,0,0.611985,4.388015,0,0,0,0,,0.927581,4.583317,0.05885,0.357833,2.349308,0.491916
115,1030,BenBotBC,who,2043,1924,61,1,0,0.003096,8.3e-05,65.852756,1.131351,0.015893,0,0,4.869048,0.130952,40,20,1,61,2.414094,0.664858,43.285163,1.05885,21.655987,2.412602,0.380777
115,1032,BenBotBC,WaterLeak,2043,1607,25,0,0,0.003096,8.4e-05,29.852751,0.13135,0.015898,0,0,4.867499,0.132501,25,0,0,25,2.271249,0.924827,29.56971,0.05885,0.37144,2.275493,0.384842
115,1038,BenBotBC,PolyMorph,2043,1463,1,0,0,0.003096,0.001586,5.845463,0.131153,0.023384,0,0,3.306134,1.693866,1,0,0,1,2.098018,0.965734,5.771839,0.05885,0.169311,2.246213,0.448612
115,1042,BenBotBC,Creepy_duo_canon,2043,1386,0,0,0,0.003096,0.104041,4.348231,0.117694,0.534074,0,0,0.14447,4.85553,0,0,0,0,,0.97773,4.831111,0.05885,0.110039,2.349308,0.491916
115,1044,BenBotBC,DoopyBot,2043,1418,0,0,0,0.003096,0.009666,4.806252,0.130092,0.063656,0,0,1.212902,3.787098,0,0,0,0,,0.973346,4.809447,0.05885,0.131703,2.349308,0.491916
115,1045,BenBotBC,tito,2043,1801,48,0,0,0.003096,0.000837,52.8491,0.131252,0.019648,0,0,3.936242,1.063758,42,6,0,48,2.743218,0.801081,45.958261,0.05885,6.982889,2.731764,0.381565
115,1049,BenBotBC,TheCatSC2Bot,2043,970,0,0,0,0.003096,0.003084,4.838193,0.130956,0.03085,0,0,2.504697,2.495303,0,0,0,0,,0.997927,4.930907,0.05885,0.010243,2.349308,0.491916
115,1050,BenBotBC,onlyfans,2043,1517,0,0,0,0.003096,8.7e-05,4.85274,0.13135,0.01591,0,0,4.863877,0.136123,0,0,0,0,,0.953819,4.712961,0.05885,0.228189,2.349308,0.491916
115,1052,BenBotBC,Starlight,2043,1204,0,0,0,0.003096,9.3e-05,4.85271,0.131349,0.015941,0,0,4.854366,0.145634,0,0,0,0,,0.992074,4.901987,0.05885,0.039163,2.349308,0.491916
115,1054,BenBotBC,JimmyBotZ,2043,1724,0,0,0,0.003096,0.005286,4.827505,0.130667,0.041828,0,0,1.846601,3.153399,0,0,0,0,,0.862512,4.261801,0.05885,0.679349,2.349308,0.491916
115,1056,BenBotBC,bilisaur,2043,1600,0,0,0,0.003096,0.022196,4.74544,0.128446,0.126115,0,0,0.611985,4.388015,0,0,0,0,,0.927581,4.583317,0.05885,0.357833,2.349308,0.491916
115,1057,BenBotBC,DoopyBot-Test,2043,1238,0,0,0,0.003096,0.023755,4.737875,0.128241,0.133884,0,0,0.576459,4.423541,0,0,0,0,,0.990377,4.893602,0.05885,0.047548,2.349308,0.491916
115,1058,BenBotBC,JimmyBotP,2043,1711,1,0,0,0.003096,0.005341,5.827242,0.13066,0.042099,0,0,1.834713,3.165287,1,0,0,1,2.218116,0.871148,5.304472,0.05885,0.636678,2.295485,0.448612
115,1059,BenBotBC,NextProBot,2043,1600,0,0,0,0.003096,0.022196,4.74544,0.128446,0.126115,0,0,0.611985,4.388015,0,0,0,0,,0.927581,4.583317,0.05885,0.357833,2.349308,0.491916
115,1060,BenBotBC,WildFire,2043,1709,18,0,0,0.003096,0.00012,22.852576,0.131346,0.016078,0,0,4.812859,0.187141,18,0,0,18,2.582623,0.872435,22.31083,0.05885,0.63032,2.565369,0.38736
115,1065,BenBotBC,MindMatrix,2043,1514,0,0,0,0.003096,0.010709,4.801186,0.129955,0.068859,0,0,1.1212,3.8788,0,0,0,0,,0.954573,4.716691,0.05885,0.224459,2.349308,0.491916
115,1066,BenBotBC,CompetitiveBotTest,2043,1482,0,0,0,0.003096,0.003699,4.835207,0.130876,0.033917,0,0,2.277881,2.722119,0,0,0,0,,0.961925,4.753015,0.05885,0.188135,2.349308,0.491916
115,1067,BenBotBC,Hello_world,2043,1600,0,0,0,0.003096,0.022196,4.74544,0.128446,0.126115,0,0,0.611985,4.388015,0,0,0,0,,0.927581,4.583317,0.05885,0.357833,2.349308,0.491916
115,1078,BenBotBC,LoremIpsum,2043,1242,0,0,0,0.003096,0.000201,4.852186,0.131335,0.016478,0,0,4.695588,0.304412,0,0,0,0,,0.990155,4.892506,0.05885,0.048644,2.349308,0.491916
115,1079,BenBotBC,JimmyBotT,2043,1675,0,0,0,0.003096,0.000205,4.852167,0.131335,0.016499,0,0,4.689793,0.310207,0,0,0,0,,0.892677,4.410849,0.05885,0.530301,2.349308,0.491916
115,1080,BenBotBC,JimmyBot,2043,1675,0,0,0,0.003096,0.003888,4.834293,0.130851,0.034856,0,0,2.216462,2.783538,0,0,0,0,,0.892677,4.410849,0.05885,0.530301,2.349308,0.491916
115,1081,BenBotBC,ArtZerg,2043,1537,0,0,0,0.003096,0.000199,4.852193,0.131335,0.016471,0,0,4.697642,0.302358,0,0,0,0,,0.948474,4.686553,0.05885,0.254597,2.349308,0.491916
115,1082,BenBotBC,Dasyatis,2043,1573,0,0,0,0.003096,0.048918,4.615753,0.124936,0.259311,0,0,0.297577,4.702423,0,0,0,0,,0.937353,4.6316,0.05885,0.30955,2.349308,0.491916
115,1084,BenBotBC,ZippyZap,2043,1457,0,0,0,0.003096,0.84229,0.765393,0.020717,4.213889,0,0,0.018309,4.981691,0,0,0,0,,0.966859,4.777396,0.05885,0.163754,2.349308,0.491916
115,1085,BenBotBC,AgoraLord,2043,1430,0,0,0,0.003096,0.000933,4.848634,0.131239,0.020127,0,0,3.842411,1.157589,0,0,0,0,,0.971494,4.800296,0.05885,0.140854,2.349308,0.491916
115,1086,BenBotBC,CherBoiBlue,2043,1500,0,0,0,0.003096,0.222218,3.7747,0.102171,1.123129,0,0,0.068696,4.931304,0,0,0,0,,0.957943,4.733339,0.05885,0.207811,2.349308,0.491916
115,1087,BenBotBC,SwarmLord2,2043,1533,0,0,0,0.003096,0.003699,4.835207,0.130876,0.033917,0,0,2.277881,2.722119,0,0,0,0,,0.949588,4.692056,0.05885,0.249094,2.349308,0.491916
115,1088,BenBotBC,SwarmLord3,2043,1562,0,0,0,0.003096,0.003468,4.836329,0.130906,0.032765,0,0,2.358119,2.641881,0,0,0,0,,0.94097,4.649472,0.05885,0.291678,2.349308,0.491916
115,1089,BenBotBC,WorkingAsIntended,2043,1596,0,0,0,0.003096,0.041392,4.65228,0.125924,0.221796,0,0,0.347921,4.652079,0,0,0,0,,0.929113,4.590885,0.05885,0.350265,2.349308,0.491916
117,167,Chance,TyrT,1384,1873,0,0,0,0.032196,0.006089,4.682801,0.12675,0.190448,0,0,4.204753,0.795247,0,0,0,0,,0.056524,0.279292,0.05885,4.661858,2.349308,0.491916
117,168,Chance,sharkbot,1384,1845,0,0,0,0.032196,8.4e-05,4.711098,0.127516,0.161386,0,0,4.987065,0.012935,0,0,0,0,,0.06576,0.324928,0.05885,4.616222,2.349308,0.491916
117,201,Chance,QueenBot,1384,1614,3,0,0,0.032196,0.003222,7.696312,0.127116,0.176572,0,0,4.545181,0.454819,0,3,0,3,2.680918,0.210156,1.038411,0.05885,6.902739,2.573497,0.418169
117,223,Chance,DominionDog,1384,1890,1,0,0,0.032196,0.020537,5.614729,0.124908,0.260363,0,0,3.052725,1.947275,0,1,0,1,1.805005,0.051526,0.254597,0.05885,5.686553,2.126001,0.448612
117,248,Chance,Eris,1384,2221,0,0,0,0.032196,0.002353,4.700404,0.127227,0.172369,0,0,4.659441,0.340559,0,0,0,0,,0.008017,0.039613,0.05885,4.901537,2.349308,0.491916
117,262,Chance,whalemean,1384,1797,1,0,0,0.032196,0.001592,5.70399,0.127324,0.168686,0,0,4.764417,0.235583,0,1,0,1,0.955511,0.084911,0.419557,0.05885,5.521593,1.777486,0.448612
117,275,Chance,Lissy,1384,1569,3,0,0,0.032196,0.03634,7.540275,0.122893,0.336832,0,0,2.348852,2.651148,0,3,0,3,2.6464,0.256365,1.26674,0.05885,6.67441,2.550161,0.418169
117,338,Chance,smallBly,1384,1834,0,0,0,0.032196,0.003079,4.696983,0.127134,0.175883,0,0,4.563527,0.436473,0,0,0,0,,0.069758,0.344686,0.05885,4.596464,2.349308,0.491916
117,340,Chance,MechaShark,1384,1695,0,0,0,0.032196,0.00159,4.704002,0.127324,0.168674,0,0,4.764756,0.235244,0,0,0,0,,0.143041,0.706786,0.05885,4.234364,2.349308,0.491916
117,341,Chance,gotest,1384,1328,9,2,30,0.032196,0.116039,13.164773,2.112729,30.722498,1,29,2.085987,32.914013,2,7,0,9,1.720617,0.5799,4.865372,0.05885,9.075778,1.807202,0.395447
117,346,Chance,Sharkling,1384,1761,0,0,0,0.032196,0.000833,4.707564,0.127421,0.165015,0,0,4.873835,0.126165,0,0,0,0,,0.10246,0.50627,0.05885,4.43488,2.349308,0.491916
117,347,Chance,PhantomTest,1384,1600,0,0,0,0.032196,0.022196,4.606915,0.124696,0.268389,0,0,2.959641,2.040359,0,0,0,0,,0.223845,1.106054,0.05885,3.835096,2.349308,0.491916
117,352,Chance,Belzebuth,1384,1134,30,3,23,0.032196,0.297738,33.308701,3.089557,24.601742,1,22,1.487921,26.512079,12,17,1,30,2.574363,0.808318,15.994019,1.05885,17.947131,2.564073,0.383725
117,357,Chance,12PoolBot,1384,1765,0,0,0,0.032196,0.000136,4.71085,0.12751,0.161641,0,0,4.978942,0.021058,0,0,0,0,,0.100362,0.495902,0.05885,4.445248,2.349308,0.491916
117,374,Chance,SwarmLord,1384,1600,0,0,0,0.032196,0.022196,4.606915,0.124696,0.268389,0,0,2.959641,2.040359,0,0,0,0,,0.223845,1.106054,0.05885,3.835096,2.349308,0.491916
117,446,Chance,Xena,1384,1937,1,0,0,0.032196,0.009376,5.667315,0.126331,0.206354,0,0,3.872296,1.127704,0,1,0,1,2.646884,0.039798,0.196648,0.05885,5.744502,2.471392,0.448612
117,496,Chance,Zozo,1384,2089,1,0,0,0.032196,0.003751,5.693819,0.127049,0.179133,0,0,4.478279,0.521721,0,1,0,1,0.277632,0.016985,0.083924,0.05885,5.857226,1.499378,0.448612
117,510,Chance,PhantomBot,1384,1817,0,0,0,0.032196,0.004602,4.689811,0.12694,0.183249,0,0,4.374744,0.625256,0,0,0,0,,0.076382,0.377416,0.05885,4.563734,2.349308,0.491916
117,516,Chance,27turtles,1384,1526,2,0,0,0.032196,0.000103,6.711007,0.127514,0.161479,0,0,4.984107,0.015893,1,1,0,2,2.347791,0.306312,2.513534,0.05885,4.427616,2.348425,0.429209
117,517,Chance,VeTerran-revived,1384,1869,1,0,0,0.032196,0.000102,5.711013,0.127514,0.161473,0,0,4.984281,0.015719,0,1,0,1,1.890095,0.057764,0.285422,0.05885,5.655728,2.160911,0.448612
117,518,Chance,norman,1384,1674,1,0,0,0.032196,8.4e-05,5.711097,0.127516,0.161386,0,0,4.987056,0.012944,1,0,0,1,3.156149,0.158508,1.78321,0.05885,4.15794,2.680324,0.448612
117,526,Chance,Apidae,1384,1635,1,0,0,0.032196,0.004795,5.688902,0.126915,0.184183,0,0,4.35193,0.64807,0,1,0,1,1.83098,0.190792,0.942732,0.05885,4.998418,2.136658,0.448612
117,605,Chance,nida,1384,1693,2,0,0,0.032196,8.4e-05,6.711096,0.127516,0.161387,0,0,4.987026,0.012974,0,2,0,2,2.294228,0.144458,0.713788,0.05885,6.227362,2.317261,0.429209
117,637,Chance,72Tortoises,1384,1697,1,0,0,0.032196,0.000103,5.711008,0.127514,0.161478,0,0,4.984122,0.015878,0,1,0,1,1.526056,0.141635,0.699842,0.05885,5.241308,2.011559,0.448612
117,699,Chance,Clicadinha,1384,1635,2,0,0,0.032196,0.00084,6.707532,0.12742,0.165049,0,0,4.872812,0.127188,0,2,0,2,1.63858,0.190792,0.942732,0.05885,5.998418,1.93579,0.429209
117,708,Chance,Princess-Mika,1384,1521,43,0,1,0.032196,0.02954,47.572314,0.12376,1.303927,1,0,3.60757,2.39243,18,25,0,43,1.901053,0.312462,19.54392,0.05885,28.39723,1.915554,0.381991
117,709,Chance,Laser-Circus,1384,1211,6,0,6,0.032196,0.290524,9.342691,0.090477,7.566832,1,5,1.498829,9.501171,4,2,0,6,2.332627,0.730245,7.608252,0.05885,3.332898,2.335851,0.402359
117,718,Chance,Mulebot,1384,1689,0,0,0,0.032196,0.004543,4.690085,0.126947,0.182968,0,0,4.381669,0.618331,0,0,0,0,,0.147327,0.727965,0.05885,4.213185,2.349308,0.491916
117,720,Chance,PiG_Bot,1384,1627,1,0,0,0.032196,0.000165,5.710712,0.127506,0.161782,0,0,4.974446,0.025554,0,1,0,1,2.482404,0.198003,0.978364,0.05885,4.962786,2.403912,0.448612
117,721,Chance,49Terrapins,1384,1430,33,0,3,0.032196,0.000102,37.711011,0.127514,3.161475,3,0,7.984238,0.015762,15,18,0,33,2.709125,0.434185,17.145372,0.05885,20.795778,2.694106,0.38321
117,729,Chance,Alexa,1384,1367,50,0,0,0.032196,0.023955,54.598627,0.124472,0.276901,0,0,2.866926,2.133074,26,23,1,50,2.034242,0.524445,28.591364,1.05885,25.349786,2.043046,0.381418
117,730,Chance,Deimos,1384,2155,0,0,0,0.032196,0.005359,4.686244,0.126843,0.186913,0,0,4.286556,0.713444,0,0,0,0,,0.011679,0.057707,0.05885,4.883443,2.349308,0.491916
117,732,Chance,GPT,1384,1830,1,0,0,0.032196,8.3e-05,5.711098,0.127516,0.161385,0,0,4.987085,0.012915,0,1,0,1,1.642873,0.071267,0.352143,0.05885,5.589007,2.059484,0.448612
117,759,Chance,BotTato,1384,1710,0,0,0,0.032196,0.006225,4.682163,0.126733,0.191104,0,0,4.189921,0.810079,0,0,0,0,,0.132779,0.656081,0.05885,4.285069,2.349308,0.491916
117,779,Chance,oberon,1384,1472,59,1,2,0.032196,8.5e-05,63.711089,1.127516,2.161395,2,0,6.986767,0.013233,31,27,1,59,2.183791,0.375998,32.857864,1.05885,30.083286,2.187728,0.380876
117,797,Chance,WickedBot,1384,1707,1,0,0,0.032196,0.043299,5.50749,0.122005,0.370505,0,0,2.13235,2.86765,0,1,0,1,3.412797,0.13478,0.66597,0.05885,5.27518,2.785617,0.448612
117,809,Chance,PrimordialOrigin,1384,1258,49,4,7,0.032196,0.136344,53.069106,4.110139,7.820755,3,4,3.955151,8.044849,17,31,1,49,2.046383,0.673776,20.329229,1.05885,32.611921,2.055016,0.38149
117,813,Chance,MewCombatMicro,1384,1511,1,0,0,0.032196,0.004268,5.69138,0.126983,0.181637,0,0,4.414716,0.585284,1,0,0,1,1.623341,0.32496,2.605675,0.05885,3.335475,2.051471,0.448612
117,827,Chance,smokinggunbot,1384,1579,5,1,0,0.032196,8.2e-05,9.711103,1.127516,0.161381,0,0,4.987228,0.012772,3,2,0,5,1.838766,0.245546,4.213279,0.05885,5.727871,1.952768,0.406046
117,832,Chance,muravev,1384,1632,1,0,0,0.032196,0.001014,5.706715,0.127398,0.165887,0,0,4.847385,0.152615,0,1,0,1,1.456287,0.193472,0.955977,0.05885,4.985173,1.982935,0.448612
117,836,Chance,muravevTerran,1384,1477,10,0,0,0.032196,0.000366,14.709765,0.12748,0.162754,0,0,4.943759,0.056241,5,5,0,10,1.919607,0.36927,6.824617,0.05885,8.116533,1.973612,0.393932
117,858,Chance,Crawler,1384,1562,12,0,0,0.032196,0.00261,16.699195,0.127194,0.173611,0,0,4.625085,0.374915,3,9,0,12,1.923647,0.264123,4.305069,0.05885,12.636081,1.969182,0.391568
117,876,Chance,GenesisLotus,1384,1411,51,0,2,0.032196,0.009792,55.665358,0.126278,2.208364,2,0,5.833998,1.166002,21,28,2,51,2.057274,0.461222,23.278967,2.05885,30.662183,2.065279,0.381349
117,901,Chance,clone,1384,1667,1,0,0,0.032196,0.006192,5.68232,0.126737,0.190943,0,0,4.193551,0.806449,1,0,0,1,1.593309,0.163957,1.810134,0.05885,4.131016,2.03915,0.448612
117,930,Chance,SiriusBot,1384,1519,29,2,1,0.032196,8.3e-05,33.711101,2.127516,1.161382,1,0,5.98719,0.01281,16,12,1,29,2.290223,0.31494,17.556168,1.05885,15.384982,2.293014,0.383919
117,939,Chance,RustyNikolaj,1384,1539,29,0,1,0.032196,0.000102,33.711009,0.127514,1.161477,1,0,5.984166,0.015834,12,16,1,29,2.248281,0.290645,13.436122,1.05885,19.505028,2.253053,0.383919
117,940,Chance,Princess-Mika-Test,1384,1524,39,0,3,0.032196,0.032493,43.5584,0.123383,3.318216,2,1,4.488536,3.511464,19,19,1,39,2.011632,0.308764,20.525648,1.05885,22.415502,2.023635,0.382406
117,943,Chance,puck,1384,1529,49,0,1,0.032196,8.3e-05,53.711098,0.127516,1.161386,1,0,5.987075,0.012925,18,31,0,49,2.183652,0.302655,19.495463,0.05885,34.445687,2.188373,0.38149
117,948,Chance,titania,1384,1185,34,0,1,0.032196,0.000157,38.710749,0.127507,1.161744,1,0,5.975672,0.024328,14,20,0,34,2.030774,0.758695,17.748824,0.05885,21.192326,2.043695,0.383057
117,953,Chance,ZeratulsRevengeTest,1384,1702,1,0,0,0.032196,0.000163,5.710724,0.127506,0.161769,0,0,4.974856,0.025144,1,0,0,1,2.564949,0.138172,1.682729,0.05885,4.258421,2.437777,0.448612
117,959,Chance,ur_moms_a_ho,1384,1600,0,0,0,0.032196,0.022196,4.606915,0.124696,0.268389,0,0,2.959641,2.040359,0,0,0,0,,0.223845,1.106054,0.05885,3.835096,2.349308,0.491916
117,960,Chance,BigDaddy,1384,1637,0,0,0,0.032196,0.006779,4.679552,0.126662,0.193786,0,0,4.130349,0.869651,0,0,0,0,,0.189021,0.93398,0.05885,4.00717,2.349308,0.491916
117,961,Chance,AvocaDOS,1384,1751,1,0,0,0.032196,0.000833,5.707564,0.127421,0.165015,0,0,4.873835,0.126165,0,1,0,1,1.906575,0.107876,0.533032,0.05885,5.408118,2.167672,0.448612
117,962,Chance,AvocaDEV,1384,1700,1,0,0,0.032196,0.057896,5.438712,0.120144,0.441144,0,0,1.786845,3.213155,0,1,0,1,2.158715,0.139549,0.689532,0.05885,5.251618,2.271115,0.448612
117,966,Chance,ArgoBot,1384,1909,1,0,0,0.032196,8.5e-05,5.71109,0.127516,0.161394,0,0,4.986798,0.013202,0,1,0,1,1.780024,0.046435,0.229445,0.05885,5.711705,2.115753,0.448612
117,970,Chance,TheLAW,1384,1576,6,0,0,0.032196,0.05452,10.454622,0.120574,0.424804,0,0,1.856425,3.143575,2,4,0,6,1.887254,0.248759,3.229157,0.05885,7.711993,1.976557,0.402359
117,971,Chance,Nothing,1384,1570,3,0,0,0.032196,0.00831,7.672337,0.126467,0.201196,0,0,3.974199,1.025801,1,2,0,3,1.969627,0.25527,2.261325,0.05885,5.679825,2.09262,0.418169
117,977,Chance,Siriusly,1384,1392,53,1,1,0.032196,0.001619,57.703864,1.12732,1.168816,1,0,5.760633,0.239367,21,29,3,53,2.194062,0.488489,23.413698,3.05885,31.527452,2.198162,0.381218
117,981,Chance,KoB,1384,1499,29,1,1,0.032196,0.001616,33.703876,1.127321,1.168804,1,0,5.760982,0.239018,13,16,0,29,1.873672,0.340292,14.681434,0.05885,19.259716,1.896134,0.383919
117,998,Chance,LordSuperKing,1384,1656,1,0,0,0.032196,0.000132,5.710869,0.12751,0.161621,0,0,4.979566,0.020434,0,1,0,1,2.80336,0.172822,0.853939,0.05885,5.087211,2.535588,0.448612
117,1007,Chance,SharkGull,1384,1605,1,0,0,0.032196,0.000223,5.710441,0.127498,0.16206,0,0,4.96563,0.03437,0,1,0,1,1.456287,0.218885,1.081542,0.05885,4.859608,1.982935,0.448612
117,1008,Chance,Creepy_canon,1384,1587,1,0,0,0.032196,0.074065,5.362533,0.118082,0.519385,0,0,1.514957,3.485043,0,1,0,1,1.497388,0.237115,1.171621,0.05885,4.769529,1.999798,0.448612
117,1023,Chance,MY_SCRIPTING_SON,1384,1275,37,3,20,0.032196,0.333918,40.138239,3.084943,21.776817,3,17,3.439704,21.560296,13,24,0,37,2.052862,0.651912,16.221195,0.05885,25.719955,2.063949,0.382646
117,1026,Chance,WildLupo,1384,1199,55,1,2,0.032196,0.018371,59.624935,1.125184,2.249881,1,1,4.1835,2.8165,26,26,3,55,2.232942,0.743635,29.67441,3.05885,27.26674,2.235906,0.381096
117,1029,Chance,Chomppet,1384,1600,0,0,0,0.032196,0.022196,4.606915,0.124696,0.268389,0,0,2.959641,2.040359,0,0,0,0,,0.223845,1.106054,0.05885,3.835096,2.349308,0.491916
117,1030,Chance,who,1384,1924,0,0,0,0.032196,8.3e-05,4.711099,0.127516,0.161385,0,0,4.987104,0.012896,0,0,0,0,,0.042758,0.211276,0.05885,4.729874,2.349308,0.491916
117,1032,Chance,WaterLeak,1384,1607,0,0,0,0.032196,8.4e-05,4.711094,0.127516,0.16139,0,0,4.986948,0.013052,0,0,0,0,,0.216923,1.071847,0.05885,3.869303,2.349308,0.491916
117,1038,Chance,PolyMorph,1384,1463,53,0,1,0.032196,0.001586,57.704019,0.127325,1.168657,1,0,5.765261,0.234739,29,24,0,53,2.231762,0.388229,30.9183,0.05885,27.02285,2.234866,0.381218
117,1042,Chance,Creepy_duo_canon,1384,1386,26,5,5,0.032196,0.104041,30.221301,5.114259,5.66444,3,2,4.181626,5.818374,10,16,0,26,1.854192,0.497122,12.456353,0.05885,18.484797,1.880131,0.384586
117,1044,Chance,DoopyBot,1384,1418,36,1,2,0.032196,0.009666,40.665952,1.126294,2.207754,1,1,4.845541,2.154459,13,22,1,36,2.01746,0.451226,15.229574,1.05885,24.711576,2.030202,0.382776
117,1045,Chance,tito,1384,1801,0,0,0,0.032196,0.000837,4.70755,0.12742,0.16503,0,0,4.873372,0.126628,0,0,0,0,,0.083139,0.410801,0.05885,4.530349,2.349308,0.491916
117,1049,Chance,TheCatSC2Bot,1384,970,49,10,3,0.032196,0.003084,53.696961,10.127134,3.175906,3,0,7.562929,0.437071,29,18,2,49,2.280575,0.915535,33.523797,2.05885,18.417353,2.282534,0.38149
117,1050,Chance,onlyfans,1384,1517,31,1,1,0.032196,8.7e-05,35.711083,1.127516,1.161401,1,0,5.986582,0.013418,11,20,0,31,2.267414,0.31743,12.568467,0.05885,23.372683,2.271043,0.383543
117,1052,Chance,Starlight,1384,1204,51,0,1,0.032196,9.3e-05,55.711054,0.127515,1.161431,1,0,5.985619,0.014381,22,29,0,51,2.284731,0.738109,25.647107,0.05885,30.294043,2.286501,0.381349
117,1054,Chance,JimmyBotZ,1384,1724,9,0,0,0.032196,0.005286,13.686585,0.126853,0.186563,0,0,4.294833,0.705167,3,6,0,9,2.164555,0.123771,3.61157,0.05885,10.32958,2.19,0.395447
117,1056,Chance,bilisaur,1384,1600,0,0,0,0.032196,0.022196,4.606915,0.124696,0.268389,0,0,2.959641,2.040359,0,0,0,0,,0.223845,1.106054,0.05885,3.835096,2.349308,0.491916
117,1057,Chance,DoopyBot-Test,1384,1238,37,3,1,0.032196,0.023755,41.599571,3.124498,1.275931,1,0,3.877193,2.122807,15,20,2,37,2.155927,0.698559,18.451683,2.05885,21.489467,2.163159,0.382646
117,1058,Chance,JimmyBotP,1384,1711,17,0,1,0.032196,0.005341,21.686329,0.126846,1.186825,1,0,5.288619,0.711381,8,9,0,17,1.970007,0.132118,8.652813,0.05885,13.288337,1.999579,0.387873
117,1059,Chance,NextProBot,1384,1600,0,0,0,0.032196,0.022196,4.606915,0.124696,0.268389,0,0,2.959641,2.040359,0,0,0,0,,0.223845,1.106054,0.05885,3.835096,2.349308,0.491916
117,1060,Chance,WildFire,1384,1709,2,0,0,0.032196,0.00012,6.710924,0.127512,0.161564,0,0,4.981377,0.018623,0,2,0,2,1.59311,0.133443,0.659364,0.05885,6.281786,1.909334,0.429209
117,1065,Chance,MindMatrix,1384,1514,18,0,2,0.032196,0.010709,22.661034,0.126161,2.212805,1,1,4.751995,2.248005,8,10,0,18,2.519161,0.321183,9.587014,0.05885,13.354136,2.5066,0.38736
117,1066,Chance,CompetitiveBotTest,1384,1482,1,0,0,0.032196,0.003699,5.694062,0.127055,0.178883,0,0,4.484711,0.515289,0,0,1,1,3.094219,0.362592,1.79162,1.05885,3.14953,2.654917,0.448612
117,1067,Chance,Hello_world,1384,1600,0,0,0,0.032196,0.022196,4.606915,0.124696,0.268389,0,0,2.959641,2.040359,0,0,0,0,,0.223845,1.106054,0.05885,3.835096,2.349308,0.491916
117,1078,Chance,LoremIpsum,1384,1242,18,3,1,0.032196,0.000201,22.710546,3.127501,1.161953,1,0,5.969027,0.030973,11,7,0,18,2.104524,0.693688,14.427616,0.05885,8.513534,2.122626,0.38736
117,1079,Chance,JimmyBotT,1384,1675,2,0,0,0.032196,0.000205,6.710526,0.127501,0.161973,0,0,4.968402,0.031598,0,2,0,2,2.28044,0.157741,0.779424,0.05885,6.161726,2.309239,0.429209
117,1080,Chance,JimmyBot,1384,1675,1,0,0,0.032196,0.003888,5.693175,0.127031,0.179794,0,0,4.461309,0.538691,1,0,0,1,2.086914,0.157741,1.779424,0.05885,4.161726,2.241658,0.448612
117,1081,Chance,ArtZerg,1384,1537,2,0,0,0.032196,0.000199,6.710552,0.127501,0.161946,0,0,4.969248,0.030752,1,1,0,2,1.946463,0.293025,2.447879,0.05885,4.493271,2.114923,0.429209
117,1082,Chance,Dasyatis,1384,1573,8,0,1,0.032196,0.048918,12.481014,0.121289,1.397698,0,1,1.984627,4.015373,1,7,0,8,1.916339,0.252,2.245172,0.05885,10.695978,1.982287,0.397274
117,1084,Chance,ZippyZap,1384,1457,0,0,1,0.032196,0.84229,0.743051,0.020112,5.236837,0,1,0.184088,5.815912,0,0,0,0,,0.396464,1.958987,0.05885,2.982163,2.349308,0.491916
117,1085,Chance,AgoraLord,1384,1430,2,2,0,0.032196,0.000933,6.707097,2.127408,0.165495,0,0,4.859246,0.140754,1,1,0,2,3.107354,0.434185,3.145372,0.05885,3.795778,2.790357,0.429209
117,1086,Chance,CherBoiBlue,1384,1500,1,0,0,0.032196,0.222218,4.664512,0.099188,1.2363,0,0,0.632755,4.367245,1,0,0,1,1.595339,0.339001,2.675054,0.05885,3.266096,2.039983,0.448612
117,1087,Chance,SwarmLord2,1384,1533,1,0,0,0.032196,0.003699,5.694062,0.127055,0.178883,0,0,4.484711,0.515289,1,0,0,1,1.085189,0.297817,2.47156,0.05885,3.46959,1.830688,0.448612
117,1088,Chance,SwarmLord3,1384,1562,1,0,0,0.032196,0.003468,5.695151,0.127085,0.177764,0,0,4.513785,0.486215,0,1,0,1,1.470176,0.264123,1.305069,0.05885,4.636081,1.988634,0.448612
117,1089,Chance,WorkingAsIntended,1384,1596,0,0,1,0.032196,0.041392,4.516474,0.122248,1.361277,0,1,2.187607,3.812393,0,0,0,0,,0.227871,1.125946,0.05885,3.815204,2.349308,0.491916
167,168,TyrT,sharkbot,1873,1845,57,1,1,0.006089,8.4e-05,61.838182,1.130956,1.030862,1,0,5.93236,0.06764,34,23,0,57,2.239073,0.540208,36.66925,0.05885,25.2719,2.241785,0.380982
167,201,TyrT,QueenBot,1873,1614,3,0,0,0.006089,0.003222,7.822998,0.130545,0.046457,0,0,3.269929,1.730071,0,3,0,3,2.865156,0.816217,4.03305,0.05885,3.9081,2.698053,0.418169
167,223,TyrT,DominionDog,1873,1890,48,0,3,0.006089,0.020537,52.739214,0.128277,3.132509,1,2,2.143458,5.856542,11,37,0,48,2.884598,0.475555,13.349786,0.05885,39.591364,2.869033,0.381565
167,248,TyrT,Eris,1873,2221,58,0,1,0.006089,0.002353,62.8272,0.130659,1.042141,1,0,4.606325,1.393675,1,57,0,58,2.535504,0.118862,1.587316,0.05885,61.353834,2.531,0.380929
167,262,TyrT,whalemean,1873,1797,56,0,1,0.006089,0.001592,60.830883,0.130758,1.038358,1,0,4.963725,1.036275,40,16,0,56,2.56487,0.607661,43.002544,0.05885,17.938606,2.559475,0.381038
167,275,TyrT,Lissy,1873,1569,0,0,0,0.006089,0.03634,4.662752,0.126208,0.21104,0,0,0.717583,4.282417,0,0,0,0,,0.851948,4.209605,0.05885,0.731545,2.349308,0.491916
167,338,TyrT,smallBly,1873,1834,48,0,0,0.006089,0.003079,52.823687,0.130564,0.04575,0,0,3.320709,1.679291,27,21,0,48,2.303244,0.555891,29.746741,0.05885,23.194409,2.304584,0.381565
167,340,TyrT,MechaShark,1873,1695,49,0,0,0.006089,0.00159,53.830895,0.130759,0.038346,0,0,3.964963,1.035037,35,14,0,49,2.525451,0.735877,38.636081,0.05885,15.305069,2.520431,0.38149
167,341,TyrT,gotest,1873,1328,0,0,0,0.006089,0.116039,4.27712,0.11577,0.60711,0,0,0.2493,4.7507,0,0,0,0,,0.958404,4.735619,0.05885,0.205531,2.349308,0.491916
167,346,TyrT,Sharkling,1873,1761,54,1,0,0.006089,0.000833,58.834554,1.130858,0.034588,0,0,4.398042,0.601958,50,4,0,54,2.486274,0.655821,53.240507,0.05885,5.700643,2.482722,0.381156
167,347,TyrT,PhantomTest,1873,1600,0,0,0,0.006089,0.022196,4.731189,0.12806,0.140751,0,0,1.076411,3.923589,0,0,0,0,,0.827999,4.091269,0.05885,0.849881,2.349308,0.491916
167,352,TyrT,Belzebuth,1873,1134,0,0,0,0.006089,0.297738,3.397955,0.091973,1.510072,0,0,0.10021,4.89979,0,0,0,0,,0.985992,4.871935,0.05885,0.069215,2.349308,0.491916
167,357,TyrT,12PoolBot,1873,1765,28,0,0,0.006089,0.000136,32.837928,0.130949,0.031123,0,0,4.890634,0.109366,27,1,0,28,2.706666,0.650605,30.214735,0.05885,2.726415,2.689216,0.384127
167,374,TyrT,SwarmLord,1873,1600,0,0,0,0.006089,0.022196,4.731189,0.12806,0.140751,0,0,1.076411,3.923589,0,0,0,0,,0.827999,4.091269,0.05885,0.849881,2.349308,0.491916
167,446,TyrT,Xena,1873,1937,52,0,0,0.006089,0.009376,56.793218,0.129739,0.077043,0,0,1.968657,3.031343,6,46,0,52,2.224634,0.408924,8.020557,0.05885,48.920593,2.227988,0.381282
167,496,TyrT,Zozo,1873,2089,44,0,1,0.006089,0.003751,48.820437,0.130476,1.049087,1,0,4.0941,1.9059,21,22,1,44,2.713155,0.223845,22.106054,1.05885,25.835096,2.701644,0.381898
167,510,TyrT,PhantomBot,1873,1817,48,0,0,0.006089,0.004602,52.816321,0.130364,0.053315,0,0,2.847883,2.152117,4,43,1,48,2.563163,0.5799,6.865372,1.05885,45.075778,2.556945,0.381565
167,516,TyrT,27turtles,1873,1526,0,0,0,0.006089,0.000103,4.83809,0.130954,0.030957,0,0,4.917099,0.082901,0,0,0,0,,0.880534,4.350848,0.05885,0.590302,2.349308,0.491916
167,517,TyrT,VeTerran-revived,1873,1869,44,0,0,0.006089,0.000102,48.838095,0.130954,0.030951,0,0,4.917994,0.082006,15,29,0,44,2.290196,0.505756,17.499017,0.05885,31.442133,2.292067,0.381898
167,518,TyrT,norman,1873,1674,13,0,0,0.006089,8.4e-05,17.838182,0.130956,0.030862,0,0,4.932309,0.067691,12,1,0,13,2.437544,0.758695,15.748824,0.05885,2.192326,2.428759,0.390628
167,526,TyrT,Apidae,1873,1635,8,0,0,0.006089,0.004795,12.815388,0.130339,0.054273,0,0,2.797409,2.202591,8,0,0,8,2.351314,0.797386,11.940005,0.05885,1.001145,2.351008,0.397274
167,605,TyrT,nida,1873,1693,6,1,0,0.006089,8.4e-05,10.838181,1.130956,0.030863,0,0,4.932158,0.067842,5,1,0,6,2.45406,0.738109,8.647107,0.05885,2.294043,2.433814,0.402359
167,637,TyrT,72Tortoises,1873,1697,6,0,0,0.006089,0.000103,10.83809,0.130954,0.030956,0,0,4.917175,0.082825,4,2,0,6,2.795404,0.733634,7.624994,0.05885,3.316156,2.709185,0.402359
167,699,TyrT,Clicadinha,1873,1635,2,0,0,0.006089,0.00084,6.83452,0.130857,0.034623,0,0,4.39364,0.60636,2,0,0,2,2.556037,0.797386,5.940005,0.05885,1.001145,2.469588,0.429209
167,708,TyrT,Princess-Mika,1873,1521,3,0,0,0.006089,0.02954,7.695654,0.127098,0.177247,0,0,0.854538,4.145462,3,0,0,3,2.943631,0.883528,7.365646,0.05885,0.575504,2.751107,0.418169
167,709,TyrT,Laser-Circus,1873,1211,0,0,0,0.006089,0.290524,3.432862,0.092918,1.47422,0,0,0.102648,4.897352,0,0,0,0,,0.978348,4.834165,0.05885,0.106985,2.349308,0.491916
167,718,TyrT,Mulebot,1873,1689,17,0,0,0.006089,0.004543,21.816602,0.130372,0.053026,0,0,2.863461,2.136539,10,7,0,17,2.486593,0.742536,13.66898,0.05885,8.27217,2.47589,0.387873
167,720,TyrT,PiG_Bot,1873,1627,0,0,0,0.006089,0.000165,4.837786,0.130945,0.031269,0,0,4.867784,0.132216,0,0,0,0,,0.804725,3.976265,0.05885,0.964885,2.349308,0.491916
167,721,TyrT,49Terrapins,1873,1430,0,0,0,0.006089,0.000102,4.838094,0.130954,0.030953,0,0,4.917772,0.082228,0,0,0,0,,0.927581,4.583317,0.05885,0.357833,2.349308,0.491916
167,729,TyrT,Alexa,1873,1367,0,0,0,0.006089,0.023955,4.722678,0.12783,0.149492,0,0,1.013389,3.986611,0,0,0,0,,0.948474,4.686553,0.05885,0.254597,2.349308,0.491916
167,730,TyrT,Deimos,1873,2155,60,0,0,0.006089,0.005359,64.812658,0.130265,0.057077,0,0,2.659555,2.340445,4,56,0,60,2.623268,0.164747,4.81404,0.05885,60.12711,2.616858,0.380826
167,732,TyrT,GPT,1873,1830,55,0,0,0.006089,8.3e-05,59.838183,0.130956,0.030861,0,0,4.93246,0.06754,37,17,1,55,2.695219,0.561568,39.774791,1.05885,19.166359,2.686408,0.381096
167,759,TyrT,BotTato,1873,1710,43,0,0,0.006089,0.006225,47.808467,0.130152,0.061381,0,0,2.472486,2.527514,19,24,0,43,2.65794,0.718757,22.551485,0.05885,25.389665,2.647956,0.381991
167,779,TyrT,oberon,1873,1472,0,0,0,0.006089,8.5e-05,4.838173,0.130956,0.030871,0,0,4.930819,0.069181,0,0,0,0,,0.909566,4.4943,0.05885,0.44685,2.349308,0.491916
167,797,TyrT,WickedBot,1873,1707,37,1,0,0.006089,0.043299,41.629082,1.125296,0.245622,0,0,0.616478,4.383522,3,34,0,37,2.727164,0.722235,6.568669,0.05885,35.372481,2.713033,0.382646
167,809,TyrT,PrimordialOrigin,1873,1258,1,0,0,0.006089,0.136344,5.178872,0.11311,0.708017,0,0,0.21376,4.78624,1,0,0,1,2.643334,0.971811,5.801863,0.05885,0.139287,2.469936,0.448612
167,813,TyrT,MewCombatMicro,1873,1511,0,0,0,0.006089,0.004268,4.817933,0.130408,0.051659,0,0,2.939491,2.060509,0,0,0,0,,0.889323,4.394276,0.05885,0.546874,2.349308,0.491916
167,827,TyrT,smokinggunbot,1873,1579,2,0,0,0.006089,8.2e-05,6.838187,0.130956,0.030856,0,0,4.933203,0.066797,2,0,0,2,2.536454,0.84454,6.172996,0.05885,0.768154,2.458194,0.429209
167,832,TyrT,muravev,1873,1632,0,0,0,0.006089,0.001014,4.833682,0.130834,0.035484,0,0,4.28645,0.71355,0,0,0,0,,0.800162,3.953721,0.05885,0.987429,2.349308,0.491916
167,836,TyrT,muravevTerran,1873,1477,0,0,0,0.006089,0.000366,4.836814,0.130919,0.032267,0,0,4.716315,0.283685,0,0,0,0,,0.90717,4.482463,0.05885,0.458687,2.349308,0.491916
167,858,TyrT,Crawler,1873,1562,0,0,0,0.006089,0.00261,4.825958,0.130625,0.043417,0,0,3.499931,1.500069,0,0,0,0,,0.856959,4.234364,0.05885,0.706786,2.349308,0.491916
167,876,TyrT,GenesisLotus,1873,1411,2,0,0,0.006089,0.009792,6.791209,0.129685,0.079107,0,0,1.917179,3.082821,2,0,0,2,2.539941,0.934593,6.617965,0.05885,0.323185,2.460223,0.429209
167,901,TyrT,clone,1873,1667,19,0,0,0.006089,0.006192,23.808628,0.130156,0.061216,0,0,2.479182,2.520818,8,11,0,19,2.704745,0.765995,11.784895,0.05885,12.156255,2.679745,0.386896
167,930,TyrT,SiriusBot,1873,1519,1,0,0,0.006089,8.3e-05,5.838186,0.130956,0.030858,0,0,4.933006,0.066994,0,1,0,1,1.961502,0.884708,4.371474,0.05885,1.569676,2.190206,0.448612
167,939,TyrT,RustyNikolaj,1873,1539,0,0,0,0.006089,0.000102,4.838091,0.130954,0.030955,0,0,4.9174,0.0826,0,0,0,0,,0.872435,4.31083,0.05885,0.63032,2.349308,0.491916
167,940,TyrT,Princess-Mika-Test,1873,1524,2,0,0,0.006089,0.032493,6.681366,0.126711,0.191923,0,0,0.789133,4.210867,2,0,0,2,2.604801,0.881739,6.356806,0.05885,0.584344,2.49796,0.429209
167,943,TyrT,puck,1873,1529,1,0,0,0.006089,8.3e-05,5.838183,0.130956,0.030861,0,0,4.93241,0.06759,1,0,0,1,2.275214,0.878705,5.341813,0.05885,0.599337,2.31891,0.448612
167,948,TyrT,titania,1873,1185,0,0,0,0.006089,0.000157,4.837825,0.130946,0.031229,0,0,4.874,0.126,0,0,0,0,,0.981302,4.848759,0.05885,0.092391,2.349308,0.491916
167,953,TyrT,ZeratulsRevengeTest,1873,1702,20,0,0,0.006089,0.000163,24.837799,0.130946,0.031255,0,0,4.869861,0.130139,16,4,0,20,2.233443,0.727972,19.597016,0.05885,5.344134,2.241212,0.386474
167,959,TyrT,ur_moms_a_ho,1873,1600,0,0,0,0.006089,0.022196,4.731189,0.12806,0.140751,0,0,1.076411,3.923589,0,0,0,0,,0.827999,4.091269,0.05885,0.849881,2.349308,0.491916
167,960,TyrT,BigDaddy,1873,1637,6,0,0,0.006089,0.006779,10.805786,0.130079,0.064135,0,0,2.366012,2.633988,6,0,0,6,1.997847,0.79552,9.930783,0.05885,1.010367,2.065775,0.402359
167,961,TyrT,AvocaDOS,1873,1751,40,0,1,0.006089,0.000833,44.834554,0.130858,1.034588,1,0,5.398042,0.601958,30,10,0,40,2.879506,0.668695,33.304122,0.05885,11.637028,2.861114,0.382295
167,962,TyrT,AvocaDEV,1873,1700,1,0,1,0.006089,0.057896,5.558449,0.123384,1.318166,1,0,1.475834,4.524166,1,0,0,1,1.547563,0.730245,4.608252,0.05885,1.332898,2.020382,0.448612
167,966,TyrT,ArgoBot,1873,1909,57,1,0,0.006089,8.5e-05,61.838174,1.130956,0.03087,0,0,4.930976,0.069024,33,23,1,57,2.698202,0.448376,35.215495,1.05885,25.725655,2.68962,0.380982
167,970,TyrT,TheLAW,1873,1576,2,0,0,0.006089,0.05452,6.574788,0.123827,0.301385,0,0,0.502344,4.497656,2,0,0,2,2.038076,0.846793,6.184133,0.05885,0.757017,2.168226,0.429209
167,971,TyrT,Nothing,1873,1570,3,0,0,0.006089,0.00831,7.798376,0.129879,0.071746,0,0,2.114392,2.885608,2,1,0,3,2.170123,0.851221,6.20601,0.05885,1.73514,2.228168,0.418169
167,977,TyrT,Siriusly,1873,1392,0,0,0,0.006089,0.001619,4.830753,0.130755,0.038492,0,0,3.949914,1.050086,0,0,0,0,,0.94097,4.649472,0.05885,0.291678,2.349308,0.491916
167,981,TyrT,KoB,1873,1499,4,0,0,0.006089,0.001616,8.830765,0.130755,0.038479,0,0,3.951184,1.048816,2,0,2,4,3.167621,0.895941,6.426979,2.05885,0.514171,2.951289,0.411036
167,998,TyrT,LordSuperKing,1873,1656,8,0,0,0.006089,0.000132,12.837947,0.13095,0.031103,0,0,4.89382,0.10618,5,3,0,8,2.363324,0.777153,8.84003,0.05885,4.10112,2.361189,0.397274
167,1007,TyrT,SharkGull,1873,1605,0,0,0,0.006089,0.000223,4.837508,0.130938,0.031554,0,0,4.823475,0.176525,0,0,0,0,,0.823862,4.070823,0.05885,0.870327,2.349308,0.491916
167,1008,TyrT,Creepy_canon,1873,1587,0,0,0,0.006089,0.074065,4.480215,0.121267,0.398518,0,0,0.379848,4.620152,0,0,0,0,,0.838397,4.142645,0.05885,0.798505,2.349308,0.491916
167,1023,TyrT,MY_SCRIPTING_SON,1873,1275,0,0,1,0.006089,0.333918,3.222895,0.087235,2.68987,0,1,0.089547,5.910453,0,0,0,0,,0.969003,4.787987,0.05885,0.153163,2.349308,0.491916
167,1026,TyrT,WildLupo,1873,1199,0,0,0,0.006089,0.018371,4.749696,0.128561,0.121743,0,0,1.244724,3.755276,0,0,0,0,,0.979764,4.841162,0.05885,0.099988,2.349308,0.491916
167,1029,TyrT,Chomppet,1873,1600,0,0,0,0.006089,0.022196,4.731189,0.12806,0.140751,0,0,1.076411,3.923589,0,0,0,0,,0.827999,4.091269,0.05885,0.849881,2.349308,0.491916
167,1030,TyrT,who,1873,1924,52,7,0,0.006089,8.3e-05,56.838184,7.130956,0.03086,0,0,4.93256,0.06744,14,38,0,52,2.26453,0.427128,16.110502,0.05885,40.830648,2.26681,0.381282
167,1032,TyrT,WaterLeak,1873,1607,25,0,0,0.006089,8.4e-05,29.838179,0.130956,0.030865,0,0,4.931752,0.068248,25,0,0,25,2.516428,0.822185,29.062537,0.05885,0.878613,2.507342,0.384842
167,1038,TyrT,PolyMorph,1873,1463,0,0,0,0.006089,0.001586,4.830912,0.130759,0.038328,0,0,3.966813,1.033187,0,0,0,0,,0.913738,4.514915,0.05885,0.426235,2.349308,0.491916
167,1042,TyrT,Creepy_duo_canon,1873,1386,0,0,0,0.006089,0.104041,4.335173,0.117341,0.547486,0,0,0.276459,4.723541,0,0,0,0,,0.942859,4.658808,0.05885,0.282342,2.349308,0.491916
167,1044,TyrT,DoopyBot,1873,1418,1,0,0,0.006089,0.009666,5.791819,0.129701,0.07848,0,0,1.932516,3.067484,1,0,0,1,3.133754,0.932086,5.605579,0.05885,0.335571,2.671136,0.448612
167,1045,TyrT,tito,1873,1801,47,0,0,0.006089,0.000837,51.834539,0.130857,0.034604,0,0,4.396049,0.603951,13,33,1,47,2.267387,0.602158,15.975353,1.05885,34.965797,2.269818,0.381644
167,1049,TyrT,TheCatSC2Bot,1873,970,1,0,0,0.006089,0.003084,5.823664,0.130563,0.045773,0,0,3.319037,1.680963,1,0,0,1,2.299581,0.994503,5.91399,0.05885,0.02716,2.328907,0.448612
167,1050,TyrT,onlyfans,1873,1517,1,0,0,0.006089,8.7e-05,5.838167,0.130956,0.030877,0,0,4.929861,0.070139,1,0,0,1,3.096482,0.885877,5.377251,0.05885,0.563899,2.655845,0.448612
167,1052,TyrT,Starlight,1873,1204,0,0,0,0.006089,9.3e-05,4.838137,0.130955,0.030908,0,0,4.924889,0.075111,0,0,0,0,,0.979186,4.838303,0.05885,0.102847,2.349308,0.491916
167,1054,TyrT,JimmyBotZ,1873,1724,1,0,0,0.006089,0.005286,5.813008,0.130275,0.056717,0,0,2.676476,2.323524,1,0,0,1,2.321407,0.702183,4.46959,0.05885,1.47156,2.337861,0.448612
167,1056,TyrT,bilisaur,1873,1600,0,0,0,0.006089,0.022196,4.731189,0.12806,0.140751,0,0,1.076411,3.923589,0,0,0,0,,0.827999,4.091269,0.05885,0.849881,2.349308,0.491916
167,1057,TyrT,DoopyBot-Test,1873,1238,0,0,0,0.006089,0.023755,4.723647,0.127856,0.148497,0,0,1.020193,3.979807,0,0,0,0,,0.974799,4.816629,0.05885,0.124521,2.349308,0.491916
167,1058,TyrT,JimmyBotP,1873,1711,1,0,0,0.006089,0.005341,5.812745,0.130268,0.056987,0,0,2.663758,2.336242,0,1,0,1,1.541159,0.717592,3.545728,0.05885,2.395422,2.017755,0.448612
167,1059,TyrT,NextProBot,1873,1600,0,0,0,0.006089,0.022196,4.731189,0.12806,0.140751,0,0,1.076411,3.923589,0,0,0,0,,0.827999,4.091269,0.05885,0.849881,2.349308,0.491916
167,1060,TyrT,WildFire,1873,1709,18,0,0,0.006089,0.00012,22.838004,0.130951,0.031045,0,0,4.90308,0.09692,17,1,0,18,2.825288,0.719919,20.557228,0.05885,2.383922,2.790088,0.38736
167,1065,TyrT,MindMatrix,1873,1514,0,0,0,0.006089,0.010709,4.786768,0.129564,0.083667,0,0,1.812447,3.187553,0,0,0,0,,0.887611,4.38582,0.05885,0.55533,2.349308,0.491916
167,1066,TyrT,CompetitiveBotTest,1873,1482,0,0,0,0.006089,0.003699,4.820687,0.130482,0.048831,0,0,3.110398,1.889602,0,0,0,0,,0.904718,4.470345,0.05885,0.470805,2.349308,0.491916
167,1067,TyrT,Hello_world,1873,1600,0,0,0,0.006089,0.022196,4.731189,0.12806,0.140751,0,0,1.076411,3.923589,0,0,0,0,,0.827999,4.091269,0.05885,0.849881,2.349308,0.491916
167,1078,TyrT,LoremIpsum,1873,1242,0,0,0,0.006089,0.000201,4.837615,0.130941,0.031444,0,0,4.840472,0.159528,0,0,0,0,,0.974227,4.813803,0.05885,0.127347,2.349308,0.491916
167,1079,TyrT,JimmyBotT,1873,1675,0,0,0,0.006089,0.000205,4.837596,0.13094,0.031464,0,0,4.837339,0.162661,0,0,0,0,,0.757639,3.743609,0.05885,1.197541,2.349308,0.491916
167,1080,TyrT,JimmyBot,1873,1675,0,0,0,0.006089,0.003888,4.819776,0.130458,0.049766,0,0,3.051697,1.948303,0,0,0,0,,0.757639,3.743609,0.05885,1.197541,2.349308,0.491916
167,1081,TyrT,ArtZerg,1873,1537,0,0,0,0.006089,0.000199,4.837622,0.130941,0.031437,0,0,4.841581,0.158419,0,0,0,0,,0.87371,4.317134,0.05885,0.624016,2.349308,0.491916
167,1082,TyrT,Dasyatis,1873,1573,0,0,0,0.006089,0.048918,4.601892,0.12456,0.273548,0,0,0.5535,4.4465,0,0,0,0,,0.84902,4.195137,0.05885,0.746013,2.349308,0.491916
167,1084,TyrT,ZippyZap,1873,1457,0,0,0,0.006089,0.84229,0.763095,0.020655,4.21625,0,0,0.035888,4.964112,0,0,0,0,,0.916421,4.528175,0.05885,0.412975,2.349308,0.491916
167,1085,TyrT,AgoraLord,1873,1430,0,0,0,0.006089,0.000933,4.834074,0.130845,0.035081,0,0,4.335934,0.664066,0,0,0,0,,0.927581,4.583317,0.05885,0.357833,2.349308,0.491916
167,1086,TyrT,CherBoiBlue,1873,1500,0,0,0,0.006089,0.222218,3.763365,0.101864,1.134771,0,0,0.133358,4.866642,0,0,0,0,,0.895403,4.424321,0.05885,0.516829,2.349308,0.491916
167,1087,TyrT,SwarmLord2,1873,1533,0,0,0,0.006089,0.003699,4.820687,0.130482,0.048831,0,0,3.110398,1.889602,0,0,0,0,,0.876229,4.32958,0.05885,0.61157,2.349308,0.491916
167,1088,TyrT,SwarmLord3,1873,1562,0,0,0,0.006089,0.003468,4.821806,0.130513,0.047682,0,0,3.185643,1.814357,0,0,0,0,,0.856959,4.234364,0.05885,0.706786,2.349308,0.491916
167,1089,TyrT,WorkingAsIntended,1873,1596,0,0,0,0.006089,0.041392,4.638309,0.125546,0.236145,0,0,0.641237,4.358763,0,0,0,0,,0.831254,4.10735,0.05885,0.8338,2.349308,0.491916
168,201,sharkbot,QueenBot,1845,1614,1,0,0,8.4e-05,0.003222,5.852141,0.131334,0.016525,0,0,0.126323,4.873677,0,1,0,1,3.446489,0.790798,3.907452,0.05885,2.033698,2.79944,0.448612
168,223,sharkbot,DominionDog,1845,1890,48,0,3,8.4e-05,0.020537,52.767851,0.129052,3.103096,0,3,0.020248,7.979752,11,35,2,48,2.498666,0.4356,13.152363,2.05885,37.788787,2.494323,0.381565
168,248,sharkbot,Eris,1845,2221,58,0,3,8.4e-05,0.002353,62.856369,0.131448,3.012183,0,3,0.171348,7.828652,7,51,0,58,2.4502,0.10299,7.508891,0.05885,55.432259,2.44776,0.380929
168,262,sharkbot,whalemean,1845,1797,59,0,0,8.4e-05,0.001592,63.860075,0.131549,0.008377,0,0,0.249199,4.750801,31,28,0,59,2.32131,0.568641,33.809742,0.05885,30.131408,2.321975,0.380876
168,275,sharkbot,Lissy,1845,1569,0,0,0,8.4e-05,0.03634,4.690927,0.12697,0.182103,0,0,0.011463,4.988537,0,0,0,0,,0.830445,4.103353,0.05885,0.837797,2.349308,0.491916
168,338,sharkbot,smallBly,1845,1834,50,0,0,8.4e-05,0.003079,54.852834,0.131353,0.015813,0,0,0.13201,4.86799,27,23,0,50,2.172994,0.515825,29.548769,0.05885,25.392381,2.177921,0.381418
168,340,sharkbot,MechaShark,1845,1695,50,0,0,8.4e-05,0.00159,54.860086,0.131549,0.008365,0,0,0.249556,4.750444,42,7,1,50,2.378785,0.703385,45.475531,1.05885,8.465619,2.377961,0.381418
168,341,sharkbot,gotest,1845,1328,0,0,0,8.4e-05,0.116039,4.302965,0.116469,0.580566,0,0,0.003596,4.996404,0,0,0,0,,0.951482,4.701416,0.05885,0.239734,2.349308,0.491916
168,346,sharkbot,Sharkling,1845,1761,59,0,0,8.4e-05,0.000833,63.863767,0.131649,0.004584,0,0,0.455349,4.544651,39,20,0,59,2.298343,0.618584,42.056517,0.05885,21.884633,2.299555,0.380876
168,347,sharkbot,PhantomTest,1845,1600,0,0,0,8.4e-05,0.022196,4.759778,0.128834,0.111388,0,0,0.018741,4.981259,0,0,0,0,,0.803819,3.971788,0.05885,0.969362,2.349308,0.491916
168,352,sharkbot,Belzebuth,1845,1134,0,0,0,8.4e-05,0.297738,3.418488,0.092529,1.488983,0,0,0.001402,4.998598,0,0,0,0,,0.983582,4.860028,0.05885,0.081122,2.349308,0.491916
168,357,sharkbot,12PoolBot,1845,1765,27,0,0,8.4e-05,0.000136,31.867161,0.13174,0.001098,0,0,1.900653,3.099347,14,13,0,27,2.003582,0.613137,17.029601,0.05885,14.911549,2.021058,0.384349
168,374,sharkbot,SwarmLord,1845,1600,0,0,0,8.4e-05,0.022196,4.759778,0.128834,0.111388,0,0,0.018741,4.981259,0,0,0,0,,0.803819,3.971788,0.05885,0.969362,2.349308,0.491916
168,446,sharkbot,Xena,1845,1937,51,0,1,8.4e-05,0.009376,55.822182,0.130523,1.047295,0,1,0.044137,5.955863,19,32,0,51,2.400637,0.370611,20.831247,0.05885,35.109903,2.39923,0.381349
168,496,sharkbot,Zozo,1845,2089,46,0,0,8.4e-05,0.003751,50.849565,0.131264,0.01917,0,0,0.108891,4.891109,18,28,0,46,2.424006,0.197091,18.973855,0.05885,31.967295,2.421742,0.381725
168,510,sharkbot,PhantomBot,1845,1817,51,0,0,8.4e-05,0.004602,55.845424,0.131152,0.023424,0,0,0.089118,4.910882,17,34,0,51,2.433648,0.540208,19.66925,0.05885,36.2719,2.431336,0.381349
168,516,sharkbot,27turtles,1845,1526,0,0,0,8.4e-05,0.000103,4.867324,0.131745,0.000931,0,0,2.242739,2.757261,0,0,0,0,,0.862512,4.261801,0.05885,0.679349,2.349308,0.491916
168,517,sharkbot,VeTerran-revived,1845,1869,45,0,0,8.4e-05,0.000102,49.86733,0.131745,0.000925,0,0,2.2564,2.7436,35,10,0,45,1.950874,0.465516,37.300185,0.05885,12.640965,1.963207,0.38181
168,518,sharkbot,norman,1845,1674,9,0,0,8.4e-05,8.4e-05,13.867417,0.131747,0.000835,0,0,2.499059,2.500941,8,1,0,9,2.206867,0.727972,11.597016,0.05885,2.344134,2.226484,0.395447
168,526,sharkbot,Apidae,1845,1635,8,0,0,8.4e-05,0.004795,12.844485,0.131127,0.024388,0,0,0.085594,4.914406,6,2,0,8,2.808543,0.770097,9.805163,0.05885,3.135987,2.738595,0.397274
168,605,sharkbot,nida,1845,1693,6,0,0,8.4e-05,8.4e-05,10.867416,0.131747,0.000836,0,0,2.496232,2.503768,6,0,0,6,1.931813,0.705781,9.487372,0.05885,1.453778,2.012503,0.402359
168,637,sharkbot,72Tortoises,1845,1697,6,0,0,8.4e-05,0.000103,10.867325,0.131745,0.00093,0,0,2.243882,2.756118,6,0,0,6,2.220485,0.700977,9.463634,0.05885,1.477516,2.245383,0.402359
168,699,sharkbot,Clicadinha,1845,1635,1,0,0,8.4e-05,0.00084,5.863733,0.131648,0.004619,0,0,0.451931,4.548069,1,0,0,1,2.297573,0.770097,4.805163,0.05885,1.135987,2.328083,0.448612
168,708,sharkbot,Princess-Mika,1845,1521,0,0,0,8.4e-05,0.02954,4.724028,0.127866,0.148105,0,0,0.014095,4.985905,0,0,0,0,,0.86589,4.27849,0.05885,0.66266,2.349308,0.491916
168,709,sharkbot,Laser-Circus,1845,1211,0,0,0,8.4e-05,0.290524,3.453606,0.093479,1.452915,0,0,0.001437,4.998563,0,0,0,0,,0.974657,4.815928,0.05885,0.125222,2.349308,0.491916
168,718,sharkbot,Mulebot,1845,1689,17,0,0,8.4e-05,0.004543,21.845707,0.13116,0.023133,0,0,0.090238,4.909762,15,1,1,17,1.979048,0.71054,18.510885,1.05885,2.430265,2.007915,0.387873
168,720,sharkbot,PiG_Bot,1845,1627,0,0,0,8.4e-05,0.000165,4.867019,0.131737,0.001244,0,0,1.6775,3.3225,0,0,0,0,,0.778148,3.844948,0.05885,1.096202,2.349308,0.491916
168,721,sharkbot,49Terrapins,1845,1430,0,0,0,8.4e-05,0.000102,4.867328,0.131745,0.000927,0,0,2.252997,2.747003,0,0,0,0,,0.915979,4.525992,0.05885,0.415158,2.349308,0.491916
168,729,sharkbot,Alexa,1845,1367,0,0,0,8.4e-05,0.023955,4.751215,0.128602,0.120183,0,0,0.017369,4.982631,0,0,0,0,,0.940003,4.644696,0.05885,0.296454,2.349308,0.491916
168,730,sharkbot,Deimos,1845,2155,62,0,0,8.4e-05,0.005359,66.841739,0.131052,0.027209,0,0,0.076721,4.923279,7,55,0,62,2.477627,0.143748,7.71028,0.05885,59.23087,2.474719,0.38073
168,732,sharkbot,GPT,1845,1830,59,0,0,8.4e-05,8.3e-05,63.867418,0.131747,0.000834,0,0,2.50188,2.49812,21,38,0,59,2.188351,0.521573,23.577172,0.05885,40.363978,2.192179,0.380876
168,759,sharkbot,BotTato,1845,1710,40,0,0,8.4e-05,0.006225,44.837523,0.130938,0.031539,0,0,0.066187,4.933813,27,13,0,40,2.475545,0.68506,30.384982,0.05885,14.556168,2.471166,0.382295
168,779,sharkbot,oberon,1845,1472,0,0,0,8.4e-05,8.5e-05,4.867408,0.131747,0.000845,0,0,2.471461,2.528539,0,0,0,0,,0.895403,4.424321,0.05885,0.516829,2.349308,0.491916
168,797,sharkbot,WickedBot,1845,1707,36,0,1,8.4e-05,0.043299,40.657054,0.126053,1.216893,0,1,0.009624,5.990376,27,9,0,36,2.021762,0.688774,30.403334,0.05885,10.537816,2.034339,0.382776
168,809,sharkbot,PrimordialOrigin,1845,1258,0,0,0,8.4e-05,0.136344,4.204123,0.113794,0.682083,0,0,0.00306,4.99694,0,0,0,0,,0.967043,4.778305,0.05885,0.162845,2.349308,0.491916
168,813,sharkbot,MewCombatMicro,1845,1511,0,0,0,8.4e-05,0.004268,4.847046,0.131196,0.021758,0,0,0.095941,4.904059,0,0,0,0,,0.872435,4.31083,0.05885,0.63032,2.349308,0.491916
168,827,sharkbot,smokinggunbot,1845,1579,1,0,0,8.4e-05,8.2e-05,5.867423,0.131748,0.00083,0,0,2.515888,2.484112,1,0,0,1,2.766948,0.822185,5.062537,0.05885,0.878613,2.52065,0.448612
168,832,sharkbot,muravev,1845,1632,0,0,0,8.4e-05,0.001014,4.86289,0.131625,0.005485,0,0,0.380552,4.619448,0,0,0,0,,0.77314,3.8202,0.05885,1.12095,2.349308,0.491916
168,836,sharkbot,muravevTerran,1845,1477,0,0,0,8.4e-05,0.000366,4.866041,0.13171,0.002249,0,0,0.928309,4.071691,0,0,0,0,,0.892677,4.410849,0.05885,0.530301,2.349308,0.491916
168,858,sharkbot,Crawler,1845,1562,0,0,0,8.4e-05,0.00261,4.85512,0.131414,0.013466,0,0,0.155021,4.844979,0,0,0,0,,0.836043,4.131016,0.05885,0.810134,2.349308,0.491916
168,876,sharkbot,GenesisLotus,1845,1411,0,0,0,8.4e-05,0.009792,4.82016,0.130468,0.049372,0,0,0.042281,4.957719,0,0,0,0,,0.924023,4.565736,0.05885,0.375414,2.349308,0.491916
168,901,sharkbot,clone,1845,1667,18,0,1,8.4e-05,0.006192,22.837685,0.130943,1.031373,0,1,0.066538,5.933462,16,1,1,18,2.044534,0.735877,19.636081,1.05885,2.305069,2.067073,0.38736
168,930,sharkbot,SiriusBot,1845,1519,0,0,0,8.4e-05,8.3e-05,4.867422,0.131747,0.000831,0,0,2.512168,2.487832,0,0,0,0,,0.867221,4.285069,0.05885,0.656081,2.349308,0.491916
168,939,sharkbot,RustyNikolaj,1845,1539,0,0,0,8.4e-05,0.000102,4.867326,0.131745,0.000929,0,0,2.247307,2.752693,0,0,0,0,,0.853395,4.216751,0.05885,0.724399,2.349308,0.491916
168,940,sharkbot,Princess-Mika-Test,1845,1524,0,0,0,8.4e-05,0.032493,4.709654,0.127477,0.162869,0,0,0.012817,4.987183,0,0,0,0,,0.863871,4.268519,0.05885,0.672631,2.349308,0.491916
168,943,sharkbot,puck,1845,1529,1,0,0,8.4e-05,8.3e-05,5.867418,0.131747,0.000835,0,0,2.50094,2.49906,1,0,0,1,1.854734,0.860451,5.251618,0.05885,0.689532,2.146403,0.448612
168,948,sharkbot,titania,1845,1185,1,0,0,8.4e-05,0.000157,5.867058,0.131738,0.001205,0,0,1.733038,3.266962,1,0,0,1,2.127041,0.978103,5.832954,0.05885,0.108196,2.25812,0.448612
168,953,sharkbot,ZeratulsRevengeTest,1845,1702,20,0,0,8.4e-05,0.000163,24.867032,0.131737,0.001231,0,0,1.695674,3.304326,20,0,0,20,2.094969,0.69491,23.433653,0.05885,1.507497,2.112023,0.386474
168,959,sharkbot,ur_moms_a_ho,1845,1600,0,0,0,8.4e-05,0.022196,4.759778,0.128834,0.111388,0,0,0.018741,4.981259,0,0,0,0,,0.803819,3.971788,0.05885,0.969362,2.349308,0.491916
168,960,sharkbot,BigDaddy,1845,1637,4,0,0,8.4e-05,0.006779,8.834825,0.130865,0.03431,0,0,0.060842,4.939158,4,0,0,4,2.510715,0.768052,7.79506,0.05885,1.14609,2.468045,0.411036
168,961,sharkbot,AvocaDOS,1845,1751,38,0,0,8.4e-05,0.000833,42.863767,0.131649,0.004584,0,0,0.455349,4.544651,24,13,1,38,2.173774,0.63207,27.123153,1.05885,14.817997,2.180172,0.382523
168,962,sharkbot,AvocaDEV,1845,1700,2,0,0,8.4e-05,0.057896,6.585994,0.12413,0.289876,0,0,0.007201,4.992799,1,1,0,2,2.307075,0.697345,4.445687,0.05885,2.495463,2.324736,0.429209
168,966,sharkbot,ArgoBot,1845,1909,58,0,0,8.4e-05,8.5e-05,62.867409,0.131747,0.000844,0,0,2.474344,2.525656,29,29,0,58,2.326849,0.408924,31.020557,0.05885,31.920593,2.327392,0.380929
168,970,sharkbot,TheLAW,1845,1576,0,0,0,8.4e-05,0.05452,4.602432,0.124575,0.272994,0,0,0.007647,4.992353,0,0,0,0,,0.824695,4.074943,0.05885,0.866207,2.349308,0.491916
168,971,sharkbot,Nothing,1845,1570,2,0,0,8.4e-05,0.00831,6.827371,0.130663,0.041966,0,0,0.049742,4.950258,2,0,0,2,2.920764,0.829633,6.09934,0.05885,0.84181,2.681795,0.429209
168,977,sharkbot,Siriusly,1845,1392,0,0,0,8.4e-05,0.001619,4.859944,0.131545,0.008511,0,0,0.245267,4.754733,0,0,0,0,,0.931354,4.60196,0.05885,0.33919,2.349308,0.491916
168,981,sharkbot,KoB,1845,1499,5,0,0,8.4e-05,0.001616,9.859956,0.131545,0.008499,0,0,0.245625,4.754375,4,0,1,5,2.532433,0.879927,8.34785,1.05885,0.5933,2.491542,0.406046
168,998,sharkbot,LordSuperKing,1845,1656,9,0,0,8.4e-05,0.000132,13.867181,0.131741,0.001078,0,0,1.936376,3.063624,9,0,0,9,1.91419,0.748,12.695978,0.05885,1.245172,1.974115,0.395447
168,1007,sharkbot,SharkGull,1845,1605,0,0,0,8.4e-05,0.000223,4.866739,0.131729,0.001532,0,0,1.36289,3.63711,0,0,0,0,,0.79924,3.949165,0.05885,0.991985,2.349308,0.491916
168,1008,sharkbot,Creepy_canon,1845,1587,0,0,0,8.4e-05,0.074065,4.507287,0.122,0.370713,0,0,0.005631,4.994369,0,0,0,0,,0.815352,4.028776,0.05885,0.912374,2.349308,0.491916
168,1023,sharkbot,MY_SCRIPTING_SON,1845,1275,0,0,0,8.4e-05,0.333918,3.24237,0.087762,1.669868,0,0,0.00125,4.99875,0,0,0,0,,0.963778,4.76217,0.05885,0.17898,2.349308,0.491916
168,1026,sharkbot,WildLupo,1845,1199,0,0,0,8.4e-05,0.018371,4.778396,0.129338,0.092266,0,0,0.022625,4.977375,0,0,0,0,,0.976309,4.824088,0.05885,0.117062,2.349308,0.491916
168,1029,sharkbot,Chomppet,1845,1600,0,0,0,8.4e-05,0.022196,4.759778,0.128834,0.111388,0,0,0.018741,4.981259,0,0,0,0,,0.803819,3.971788,0.05885,0.969362,2.349308,0.491916
168,1030,sharkbot,who,1845,1924,61,1,0,8.4e-05,8.3e-05,65.867419,1.131747,0.000834,0,0,2.503757,2.496243,45,14,2,61,1.943719,0.388229,46.9183,2.05885,17.02285,1.953057,0.380777
168,1032,sharkbot,WaterLeak,1845,1607,25,0,0,8.4e-05,8.4e-05,29.867414,0.131747,0.000839,0,0,2.488662,2.511338,23,2,0,25,2.107761,0.797386,26.940005,0.05885,3.001145,2.120895,0.384842
168,1038,sharkbot,PolyMorph,1845,1463,1,0,0,8.4e-05,0.001586,5.860104,0.131549,0.008347,0,0,0.250091,4.749909,0,0,1,1,3.806885,0.900157,4.44781,1.05885,0.49334,2.947296,0.448612
168,1042,sharkbot,Creepy_duo_canon,1845,1386,0,0,0,8.4e-05,0.104041,4.361369,0.11805,0.520581,0,0,0.00401,4.99599,0,0,0,0,,0.93353,4.61271,0.05885,0.32844,2.349308,0.491916
168,1044,sharkbot,DoopyBot,1845,1418,0,0,0,8.4e-05,0.009666,4.820774,0.130485,0.048741,0,0,0.042828,4.957172,0,0,0,0,,0.921145,4.551517,0.05885,0.389633,2.349308,0.491916
168,1045,sharkbot,tito,1845,1801,47,0,0,8.4e-05,0.000837,51.863752,0.131648,0.0046,0,0,0.453796,4.546204,32,15,0,47,2.292978,0.562985,34.781792,0.05885,17.159358,2.29465,0.381644
168,1049,sharkbot,TheCatSC2Bot,1845,970,0,0,0,8.4e-05,0.003084,4.852812,0.131352,0.015836,0,0,0.131817,4.868183,0,0,0,0,,0.993548,4.90927,0.05885,0.03188,2.349308,0.491916
168,1050,sharkbot,onlyfans,1845,1517,0,0,0,8.4e-05,8.7e-05,4.867402,0.131747,0.000851,0,0,2.454023,2.545977,0,0,0,0,,0.868541,4.291591,0.05885,0.649559,2.349308,0.491916
168,1052,sharkbot,Starlight,1845,1204,0,0,0,8.4e-05,9.3e-05,4.867372,0.131746,0.000882,0,0,2.367274,2.632726,0,0,0,0,,0.975634,4.820753,0.05885,0.120397,2.349308,0.491916
168,1054,sharkbot,JimmyBotZ,1845,1724,1,0,0,8.4e-05,0.005286,5.842091,0.131062,0.026847,0,0,0.077755,4.922245,0,1,0,1,2.444085,0.667418,3.297815,0.05885,2.643335,2.388191,0.448612
168,1056,sharkbot,bilisaur,1845,1600,0,0,0,8.4e-05,0.022196,4.759778,0.128834,0.111388,0,0,0.018741,4.981259,0,0,0,0,,0.803819,3.971788,0.05885,0.969362,2.349308,0.491916
168,1057,sharkbot,DoopyBot-Test,1845,1238,0,0,0,8.4e-05,0.023755,4.752191,0.128628,0.119181,0,0,0.017515,4.982485,0,0,0,0,,0.970522,4.795492,0.05885,0.145658,2.349308,0.491916
168,1058,sharkbot,JimmyBotP,1845,1711,1,0,0,8.4e-05,0.005341,5.841827,0.131055,0.027118,0,0,0.076977,4.923023,1,0,0,1,2.162173,0.683816,4.378839,0.05885,1.562311,2.272534,0.448612
168,1059,sharkbot,NextProBot,1845,1600,0,0,0,8.4e-05,0.022196,4.759778,0.128834,0.111388,0,0,0.018741,4.981259,0,0,0,0,,0.803819,3.971788,0.05885,0.969362,2.349308,0.491916
168,1060,sharkbot,WildFire,1845,1709,17,1,0,8.4e-05,0.00012,21.867238,1.131743,0.001019,0,0,2.047979,2.952021,17,0,0,17,2.33845,0.6863,20.391113,0.05885,1.550037,2.339296,0.387873
168,1065,sharkbot,MindMatrix,1845,1514,0,0,0,8.4e-05,0.010709,4.815693,0.130347,0.05396,0,0,0.038686,4.961314,0,0,0,0,,0.8705,4.301272,0.05885,0.639878,2.349308,0.491916
168,1066,sharkbot,CompetitiveBotTest,1845,1482,0,0,0,8.4e-05,0.003699,4.849816,0.131271,0.018913,0,0,0.110375,4.889625,0,0,0,0,,0.889888,4.397069,0.05885,0.544081,2.349308,0.491916
168,1067,sharkbot,Hello_world,1845,1600,0,0,0,8.4e-05,0.022196,4.759778,0.128834,0.111388,0,0,0.018741,4.981259,0,0,0,0,,0.803819,3.971788,0.05885,0.969362,2.349308,0.491916
168,1078,sharkbot,LoremIpsum,1845,1242,0,0,0,8.4e-05,0.000201,4.866847,0.131732,0.001421,0,0,1.469182,3.530818,0,0,0,0,,0.969856,4.792202,0.05885,0.148948,2.349308,0.491916
168,1079,sharkbot,JimmyBotT,1845,1675,0,0,0,8.4e-05,0.000205,4.866827,0.131731,0.001441,0,0,1.448423,3.551577,0,0,0,0,,0.72683,3.591376,0.05885,1.349774,2.349308,0.491916
168,1080,sharkbot,JimmyBot,1845,1675,0,0,0,8.4e-05,0.003888,4.8489,0.131246,0.019854,0,0,0.105142,4.894858,0,0,0,0,,0.72683,3.591376,0.05885,1.349774,2.349308,0.491916
168,1081,sharkbot,ArtZerg,1845,1537,0,0,0,8.4e-05,0.000199,4.866854,0.131732,0.001414,0,0,1.47667,3.52333,0,0,0,0,,0.854829,4.223839,0.05885,0.717311,2.349308,0.491916
168,1082,sharkbot,Dasyatis,1845,1573,0,0,0,8.4e-05,0.048918,4.629699,0.125313,0.244988,0,0,0.008521,4.991479,0,0,0,0,,0.827178,4.087211,0.05885,0.853939,2.349308,0.491916
168,1084,sharkbot,ZippyZap,1845,1457,0,0,0,8.4e-05,0.84229,0.767706,0.02078,4.211514,0,0,0.000496,4.999504,0,0,0,0,,0.903218,4.462938,0.05885,0.478212,2.349308,0.491916
168,1085,sharkbot,AgoraLord,1845,1430,0,0,0,8.4e-05,0.000933,4.863284,0.131635,0.00508,0,0,0.410912,4.589088,0,0,0,0,,0.915979,4.525992,0.05885,0.415158,2.349308,0.491916
168,1086,sharkbot,CherBoiBlue,1845,1500,0,0,0,8.4e-05,0.222218,3.786105,0.102479,1.111415,0,0,0.001878,4.998122,0,0,0,0,,0.879317,4.344838,0.05885,0.596312,2.349308,0.491916
168,1087,sharkbot,SwarmLord2,1845,1533,0,0,0,8.4e-05,0.003699,4.849816,0.131271,0.018913,0,0,0.110375,4.889625,0,0,0,0,,0.857663,4.237843,0.05885,0.703307,2.349308,0.491916
168,1088,sharkbot,SwarmLord3,1845,1562,0,0,0,8.4e-05,0.003468,4.850942,0.131301,0.017757,0,0,0.117561,4.882439,0,0,0,0,,0.836043,4.131016,0.05885,0.810134,2.349308,0.491916
168,1089,sharkbot,WorkingAsIntended,1845,1596,0,0,0,8.4e-05,0.041392,4.666336,0.126305,0.207359,0,0,0.010067,4.989933,0,0,0,0,,0.807424,3.989604,0.05885,0.951546,2.349308,0.491916
201,223,QueenBot,DominionDog,1614,1890,1,0,0,0.003222,0.020537,5.752887,0.128647,0.118465,0,0,0.678004,4.321996,0,1,0,1,2.611539,0.169555,0.837797,0.05885,5.103353,2.456892,0.448612
201,248,QueenBot,Eris,1614,2221,1,0,0,0.003222,0.002353,5.841127,0.131036,0.027837,0,0,2.889476,2.110524,0,1,0,1,2.572612,0.029478,0.145658,0.05885,5.795492,2.440921,0.448612
201,262,QueenBot,whalemean,1614,1797,2,0,2,0.003222,0.001592,6.844821,0.131136,2.024043,2,0,5.346417,1.653583,0,2,0,2,1.750177,0.258566,1.277616,0.05885,5.663534,2.00072,0.429209
201,275,QueenBot,Lissy,1614,1569,24,0,0,0.003222,0.03634,28.676204,0.126572,0.197224,0,0,0.407182,4.592818,8,16,0,24,2.869767,0.5644,10.788787,0.05885,18.152363,2.840356,0.385118
201,338,QueenBot,smallBly,1614,1834,11,0,0,0.003222,0.003079,15.837603,0.13094,0.031456,0,0,2.556492,2.443508,0,11,0,11,1.818238,0.21987,1.086413,0.05885,14.854737,1.879617,0.392657
201,340,QueenBot,MechaShark,1614,1695,12,0,0,0.003222,0.00159,16.844833,0.131136,0.024031,0,0,3.348085,1.651915,1,11,0,12,2.411688,0.385499,2.904807,0.05885,14.036343,2.405015,0.391568
201,341,QueenBot,gotest,1614,1328,1,0,0,0.003222,0.116039,5.28946,0.116104,0.594436,0,0,0.135072,4.864928,1,0,0,1,2.385086,0.838397,5.142645,0.05885,0.798505,2.363986,0.448612
201,346,QueenBot,Sharkling,1614,1761,4,0,0,0.003222,0.000833,8.848502,0.131235,0.020263,0,0,3.972381,1.027619,0,4,0,4,1.34384,0.300231,1.483484,0.05885,7.457666,1.609649,0.411036
201,347,QueenBot,PhantomTest,1614,1600,0,0,0,0.003222,0.022196,4.744839,0.12843,0.126731,0,0,0.633764,4.366236,0,0,0,0,,0.520137,2.570074,0.05885,2.371076,2.349308,0.491916
201,352,QueenBot,Belzebuth,1614,1134,0,0,0,0.003222,0.297738,3.407759,0.092238,1.500003,0,0,0.053525,4.946475,0,0,0,0,,0.940649,4.647888,0.05885,0.293262,2.349308,0.491916
201,357,QueenBot,12PoolBot,1614,1765,6,0,0,0.003222,0.000136,10.851886,0.131327,0.016788,0,0,4.797239,0.202761,0,6,0,6,2.055739,0.295415,1.459692,0.05885,9.481458,2.112478,0.402359
201,374,QueenBot,SwarmLord,1614,1600,0,0,0,0.003222,0.022196,4.744839,0.12843,0.126731,0,0,0.633764,4.366236,0,0,0,0,,0.520137,2.570074,0.05885,2.371076,2.349308,0.491916
201,446,QueenBot,Xena,1614,1937,1,0,0,0.003222,0.009376,5.807047,0.130113,0.06284,0,0,1.278671,3.721329,0,1,0,1,1.83098,0.13478,0.66597,0.05885,5.27518,2.136658,0.448612
201,496,QueenBot,Zozo,1614,2089,0,0,0,0.003222,0.003751,4.834345,0.130852,0.034803,0,0,2.310287,2.689713,0,0,0,0,,0.060978,0.301303,0.05885,4.639847,2.349308,0.491916
201,510,QueenBot,PhantomBot,1614,1817,10,0,0,0.003222,0.004602,14.830217,0.13074,0.039043,0,0,2.059057,2.940943,1,9,0,10,2.480524,0.237115,2.171621,0.05885,12.769529,2.464033,0.393932
201,516,QueenBot,27turtles,1614,1526,43,0,0,0.003222,0.000103,47.852048,0.131331,0.016621,0,0,4.845592,0.154408,39,4,0,43,2.671624,0.624002,42.083286,0.05885,5.857864,2.661197,0.381991
201,517,QueenBot,VeTerran-revived,1614,1869,1,0,0,0.003222,0.000102,5.852054,0.131332,0.016615,0,0,4.847235,0.152765,0,1,0,1,2.625393,0.187262,0.925291,0.05885,5.015859,2.462575,0.448612
201,518,QueenBot,norman,1614,1674,44,2,0,0.003222,8.4e-05,48.852141,2.131334,0.016525,0,0,4.873584,0.126416,43,1,0,44,2.708259,0.414501,45.048113,0.05885,3.893037,2.696903,0.381898
201,526,QueenBot,Apidae,1614,1635,34,0,0,0.003222,0.004795,38.829281,0.130715,0.040004,0,0,2.00951,2.99049,24,10,0,34,2.727108,0.469815,26.321428,0.05885,12.619722,2.711783,0.383057
201,605,QueenBot,nida,1614,1693,51,0,0,0.003222,8.4e-05,55.85214,0.131334,0.016526,0,0,4.873305,0.126695,48,3,0,51,2.706065,0.388229,49.9183,0.05885,6.02285,2.696285,0.381349
201,637,QueenBot,72Tortoises,1614,1697,37,1,0,0.003222,0.000103,41.852049,1.131331,0.01662,0,0,4.84573,0.15427,1,36,0,37,2.538213,0.382775,2.891349,0.05885,39.049801,2.531149,0.382646
201,699,QueenBot,Clicadinha,1614,1635,55,0,0,0.003222,0.00084,59.848468,0.131234,0.020297,0,0,3.965599,1.034401,41,14,0,55,2.938881,0.469815,43.321428,0.05885,16.619722,2.923865,0.381096
201,708,QueenBot,Princess-Mika,1614,1521,12,0,0,0.003222,0.02954,16.709202,0.127465,0.163333,0,0,0.491697,4.508303,7,5,0,12,2.907583,0.63073,10.116533,0.05885,6.824617,2.847862,0.391568
201,709,QueenBot,Laser-Circus,1614,1211,2,0,0,0.003222,0.290524,5.442766,0.093186,1.464047,0,0,0.054839,4.945161,2,0,0,2,2.418474,0.910508,6.498957,0.05885,0.442193,2.389551,0.429209
201,718,QueenBot,Mulebot,1614,1689,41,1,1,0.003222,0.004543,45.830499,1.130748,1.038753,0,1,2.07448,3.92552,24,15,2,41,2.700234,0.393712,25.945391,2.05885,17.995759,2.688347,0.382189
201,720,QueenBot,PiG_Bot,1614,1627,21,2,0,0.003222,0.000165,25.851744,2.131323,0.016933,0,0,4.755851,0.244149,0,21,0,21,2.534512,0.4813,2.378177,0.05885,23.562973,2.522647,0.38609
201,721,QueenBot,49Terrapins,1614,1430,11,0,0,0.003222,0.000102,15.852052,0.131331,0.016616,0,0,4.846827,0.153173,2,9,0,11,2.38171,0.742536,5.66898,0.05885,10.27217,2.377965,0.392657
201,729,QueenBot,Alexa,1614,1367,1,0,0,0.003222,0.023955,5.736303,0.128198,0.135498,0,0,0.592743,4.407257,1,0,0,1,2.128232,0.805628,4.980727,0.05885,0.960423,2.258609,0.448612
201,730,QueenBot,Deimos,1614,2155,1,0,0,0.003222,0.005359,5.826543,0.130641,0.042816,0,0,1.877388,3.122612,0,1,0,1,2.839663,0.042523,0.210115,0.05885,5.731035,2.550482,0.448612
201,732,QueenBot,GPT,1614,1830,3,0,0,0.003222,8.3e-05,7.852142,0.131334,0.016524,0,0,4.873862,0.126138,0,3,0,3,2.427854,0.223845,1.106054,0.05885,6.835096,2.40241,0.418169
201,759,QueenBot,BotTato,1614,1710,18,0,1,0.003222,0.006225,22.82234,0.130527,1.047133,0,1,1.70525,4.29475,9,9,0,18,3.247543,0.365257,10.804788,0.05885,12.136362,3.181116,0.38736
201,779,QueenBot,oberon,1614,1472,3,0,0,0.003222,8.5e-05,7.852132,0.131334,0.016535,0,0,4.870835,0.129165,3,0,0,3,2.643945,0.693688,6.427616,0.05885,1.513534,2.548501,0.418169
201,797,QueenBot,WickedBot,1614,1707,12,0,0,0.003222,0.043299,16.642437,0.125658,0.231905,0,0,0.346275,4.653725,4,8,0,12,3.239402,0.36927,5.824617,0.05885,11.116533,3.144185,0.391568
201,809,QueenBot,PrimordialOrigin,1614,1258,1,0,1,0.003222,0.136344,5.190929,0.113437,1.695635,0,1,0.115421,5.884579,1,0,0,1,2.621766,0.885877,5.377251,0.05885,0.563899,2.461087,0.448612
201,813,QueenBot,MewCombatMicro,1614,1511,0,0,0,0.003222,0.004268,4.831833,0.130784,0.037382,0,0,2.150648,2.849352,0,0,0,0,,0.644034,3.182268,0.05885,1.758882,2.349308,0.491916
201,827,QueenBot,smokinggunbot,1614,1579,52,0,0,0.003222,8.2e-05,56.852146,0.131334,0.01652,0,0,4.875233,0.124767,49,3,0,52,2.421208,0.550199,51.718618,0.05885,5.222532,2.419274,0.381282
201,832,QueenBot,muravev,1614,1632,40,2,0,0.003222,0.001014,44.847627,2.131212,0.021161,0,0,3.80335,1.19665,10,29,1,40,2.999966,0.474119,12.342693,1.05885,31.598457,2.977395,0.382295
201,836,QueenBot,muravevTerran,1614,1477,1,1,0,0.003222,0.000366,5.850769,1.131297,0.017934,0,0,4.489595,0.510405,1,0,0,1,3.849935,0.687538,4.39723,0.05885,1.54392,2.964958,0.448612
201,858,QueenBot,Crawler,1614,1562,31,7,0,0.003222,0.00261,35.839882,7.131002,0.029116,0,0,2.762314,2.237686,12,19,0,31,2.454625,0.57428,14.837605,0.05885,21.103545,2.449958,0.383543
201,876,QueenBot,GenesisLotus,1614,1411,7,0,0,0.003222,0.009792,11.805032,0.130059,0.064909,0,0,1.237868,3.762132,6,1,0,7,2.616205,0.762885,9.769529,0.05885,2.171621,2.570735,0.399523
201,901,QueenBot,clone,1614,1667,42,0,1,0.003222,0.006192,46.822501,0.130532,1.046967,1,0,2.711276,3.288724,14,28,0,42,2.4569,0.424313,16.096594,0.05885,30.844556,2.45334,0.382088
201,930,QueenBot,SiriusBot,1614,1519,32,1,1,0.003222,8.3e-05,36.852145,1.131334,1.016521,1,0,5.87487,0.12513,12,20,0,32,2.467853,0.633408,15.129762,0.05885,21.811388,2.462757,0.383371
201,939,QueenBot,RustyNikolaj,1614,1539,16,0,0,0.003222,0.000102,20.85205,0.131331,0.016619,0,0,4.846143,0.153857,16,0,0,16,2.516292,0.606288,18.995759,0.05885,1.945391,2.502527,0.388445
201,940,QueenBot,Princess-Mika-Test,1614,1524,15,0,1,0.003222,0.032493,19.694872,0.127077,1.178051,0,1,0.451041,5.548959,8,7,0,15,2.950415,0.626699,11.096614,0.05885,8.844536,2.897848,0.389085
201,943,QueenBot,puck,1614,1529,9,0,0,0.003222,8.3e-05,13.852141,0.131334,0.016525,0,0,4.87377,0.12623,4,5,0,9,2.158606,0.619941,7.063223,0.05885,6.877927,2.18487,0.395447
201,948,QueenBot,titania,1614,1185,2,0,0,0.003222,0.000157,6.851782,0.131324,0.016893,0,0,4.767077,0.232923,2,0,0,2,2.592216,0.921977,6.555629,0.05885,0.385521,2.490638,0.429209
201,953,QueenBot,ZeratulsRevengeTest,1614,1702,6,0,0,0.003222,0.000163,10.851757,0.131323,0.01692,0,0,4.759599,0.240401,0,6,0,6,1.995362,0.375998,1.857864,0.05885,9.083286,2.063771,0.402359
201,959,QueenBot,ur_moms_a_ho,1614,1600,0,0,0,0.003222,0.022196,4.744839,0.12843,0.126731,0,0,0.633764,4.366236,0,0,0,0,,0.520137,2.570074,0.05885,2.371076,2.349308,0.491916
201,960,QueenBot,BigDaddy,1614,1637,55,0,1,0.003222,0.006779,59.819651,0.130454,1.049895,0,1,1.610761,4.389239,6,49,0,55,2.253779,0.466949,8.307263,0.05885,51.633887,2.256212,0.381096
201,961,QueenBot,AvocaDOS,1614,1751,23,0,0,0.003222,0.000833,27.848502,0.131235,0.020263,0,0,3.972381,1.027619,4,19,0,23,2.654316,0.312462,5.54392,0.05885,22.39723,2.636375,0.385416
201,962,QueenBot,AvocaDEV,1614,1700,6,0,1,0.003222,0.057896,10.571601,0.12374,1.304659,0,1,0.263569,5.736431,4,2,0,6,3.328502,0.378703,5.87123,0.05885,5.06992,3.139249,0.402359
201,966,QueenBot,ArgoBot,1614,1909,2,0,0,0.003222,8.5e-05,6.852133,0.131334,0.016534,0,0,4.871125,0.128875,0,2,0,2,2.441467,0.154706,0.764426,0.05885,6.176724,2.402928,0.429209
201,970,QueenBot,TheLAW,1614,1576,49,0,1,0.003222,0.05452,53.587987,0.124184,1.287829,0,1,0.278982,5.721018,21,26,2,49,2.790246,0.554469,23.739716,2.05885,28.201434,2.777679,0.38149
201,971,QueenBot,Nothing,1614,1570,52,0,1,0.003222,0.00831,56.81222,0.130253,1.057527,0,1,1.396865,4.603135,28,24,0,52,2.853103,0.562985,30.781792,0.05885,26.159358,2.839551,0.381282
201,977,QueenBot,Siriusly,1614,1392,8,0,0,0.003222,0.001619,12.844691,0.131132,0.024177,0,0,3.327849,1.672151,5,3,0,8,2.413408,0.782098,8.864464,0.05885,4.076686,2.403645,0.397274
201,981,QueenBot,KoB,1614,1499,19,1,1,0.003222,0.001616,23.844703,1.131133,1.024165,0,1,3.329554,2.670446,11,8,0,19,2.581794,0.659708,14.259716,0.05885,9.681434,2.565442,0.386896
201,998,QueenBot,LordSuperKing,1614,1656,23,0,0,0.003222,0.000132,27.851905,0.131327,0.016767,0,0,4.803036,0.196964,4,19,0,23,3.072281,0.43985,6.173364,0.05885,21.767786,3.029754,0.385416
201,1007,QueenBot,SharkGull,1614,1605,18,0,0,0.003222,0.000223,22.851465,0.131316,0.01722,0,0,4.676523,0.323477,0,18,0,18,2.045579,0.512949,2.534559,0.05885,20.406591,2.06804,0.38736
201,1008,QueenBot,Creepy_canon,1614,1587,0,0,0,0.003222,0.074065,4.493141,0.121617,0.385242,0,0,0.208429,4.791571,0,0,0,0,,0.538778,2.662183,0.05885,2.278967,2.349308,0.491916
201,1023,QueenBot,MY_SCRIPTING_SON,1614,1275,3,0,1,0.003222,0.333918,6.232194,0.087486,2.68032,0,1,0.047781,5.952219,2,1,0,3,2.564996,0.875604,6.326489,0.05885,1.614661,2.495126,0.418169
201,1026,QueenBot,WildLupo,1614,1199,0,0,0,0.003222,0.018371,4.763399,0.128932,0.107669,0,0,0.746023,4.253977,0,0,0,0,,0.915979,4.525992,0.05885,0.415158,2.349308,0.491916
201,1029,QueenBot,Chomppet,1614,1600,0,0,0,0.003222,0.022196,4.744839,0.12843,0.126731,0,0,0.633764,4.366236,0,0,0,0,,0.520137,2.570074,0.05885,2.371076,2.349308,0.491916
201,1030,QueenBot,who,1614,1924,1,0,0,0.003222,8.3e-05,5.852142,0.131334,0.016524,0,0,4.874047,0.125953,0,1,0,1,2.043814,0.143748,0.71028,0.05885,5.23087,2.223976,0.448612
201,1032,QueenBot,WaterLeak,1614,1607,33,0,0,0.003222,8.4e-05,37.852137,0.131334,0.016529,0,0,4.872556,0.127444,1,32,0,33,1.910534,0.510072,3.520344,0.05885,34.420806,1.928849,0.38321
201,1038,QueenBot,PolyMorph,1614,1463,8,0,0,0.003222,0.001586,12.84485,0.131137,0.024013,0,0,3.35058,1.64942,8,0,0,8,2.677686,0.704585,11.481458,0.05885,1.459692,2.627669,0.397274
201,1042,QueenBot,Creepy_duo_canon,1614,1386,2,0,1,0.003222,0.104041,6.347681,0.11768,1.53464,0,1,0.150181,5.849819,1,1,0,2,2.355038,0.787927,4.893264,0.05885,2.047886,2.352642,0.429209
201,1044,QueenBot,DoopyBot,1614,1418,18,0,0,0.003222,0.009666,22.805644,0.130075,0.064281,0,0,1.249974,3.750026,14,4,0,18,2.77442,0.755519,17.733132,0.05885,5.208018,2.742982,0.38736
201,1045,QueenBot,tito,1614,1801,15,0,0,0.003222,0.000837,19.848487,0.131235,0.020278,0,0,3.969309,1.030691,0,15,0,15,2.313645,0.254177,1.255926,0.05885,18.685224,2.316764,0.389085
201,1049,QueenBot,TheCatSC2Bot,1614,970,2,0,0,0.003222,0.003084,6.837581,0.13094,0.031479,0,0,2.554619,2.445381,2,0,0,2,2.304855,0.976041,6.822765,0.05885,0.118385,2.323444,0.429209
201,1050,QueenBot,onlyfans,1614,1517,24,0,0,0.003222,8.7e-05,28.852126,0.131333,0.016541,0,0,4.869068,0.130932,24,0,0,24,2.460999,0.636077,27.142951,0.05885,1.798199,2.454687,0.385118
201,1052,QueenBot,Starlight,1614,1204,1,0,0,0.003222,9.3e-05,5.852096,0.131333,0.016572,0,0,4.859909,0.140091,1,0,0,1,2.488234,0.913738,5.514915,0.05885,0.426235,2.406304,0.448612
201,1054,QueenBot,JimmyBotZ,1614,1724,38,0,1,0.003222,0.005286,42.826894,0.130651,1.042455,0,1,1.893358,4.106642,2,36,0,38,2.841105,0.346783,3.713506,0.05885,39.227644,2.823179,0.382523
201,1056,QueenBot,bilisaur,1614,1600,0,0,0,0.003222,0.022196,4.744839,0.12843,0.126731,0,0,0.633764,4.366236,0,0,0,0,,0.520137,2.570074,0.05885,2.371076,2.349308,0.491916
201,1057,QueenBot,DoopyBot-Test,1614,1238,4,0,0,0.003222,0.023755,8.737276,0.128225,0.134499,0,0,0.597146,4.402854,3,1,0,4,2.715496,0.89701,7.432259,0.05885,1.508891,2.618689,0.411036
201,1058,QueenBot,JimmyBotP,1614,1711,20,0,0,0.003222,0.005341,24.826631,0.130643,0.042726,0,0,1.881349,3.118651,18,1,1,20,2.774274,0.363923,19.798199,1.05885,4.142951,2.745778,0.386474
201,1059,QueenBot,NextProBot,1614,1600,0,0,0,0.003222,0.022196,4.744839,0.12843,0.126731,0,0,0.633764,4.366236,0,0,0,0,,0.520137,2.570074,0.05885,2.371076,2.349308,0.491916
201,1060,QueenBot,WildFire,1614,1709,17,1,0,0.003222,0.00012,21.851962,1.131329,0.016709,0,0,4.819923,0.180077,4,13,0,17,2.513712,0.366592,5.811388,0.05885,16.129762,2.500895,0.387873
201,1065,QueenBot,MindMatrix,1614,1514,6,0,0,0.003222,0.010709,10.800579,0.129938,0.069483,0,0,1.156325,3.843675,1,5,0,6,2.523011,0.640065,4.162657,0.05885,6.778493,2.489439,0.402359
201,1066,QueenBot,CompetitiveBotTest,1614,1482,0,0,0,0.003222,0.003699,4.834595,0.130859,0.034546,0,0,2.327498,2.672502,0,0,0,0,,0.681322,3.366513,0.05885,1.574637,2.349308,0.491916
201,1067,QueenBot,Hello_world,1614,1600,0,0,0,0.003222,0.022196,4.744839,0.12843,0.126731,0,0,0.633764,4.366236,0,0,0,0,,0.520137,2.570074,0.05885,2.371076,2.349308,0.491916
201,1078,QueenBot,LoremIpsum,1614,1242,0,0,0,0.003222,0.000201,4.851572,0.131318,0.017109,0,0,4.706808,0.293192,0,0,0,0,,0.894863,4.421651,0.05885,0.519499,2.349308,0.491916
201,1079,QueenBot,JimmyBotT,1614,1675,13,0,0,0.003222,0.000205,17.851553,0.131318,0.017129,0,0,4.701214,0.298786,10,3,0,13,2.805033,0.413105,12.041214,0.05885,5.899936,2.759659,0.390628
201,1080,QueenBot,JimmyBot,1614,1675,16,1,0,0.003222,0.003888,20.833681,1.130834,0.035484,0,0,2.265855,2.734145,11,5,0,16,2.779029,0.413105,13.041214,0.05885,7.899936,2.743604,0.388445
201,1081,QueenBot,ArtZerg,1614,1537,17,3,0,0.003222,0.000199,21.851579,3.131319,0.017102,0,0,4.708791,0.291209,5,12,0,17,1.799135,0.609033,8.009321,0.05885,13.931829,1.842029,0.387873
201,1082,QueenBot,Dasyatis,1614,1573,7,0,0,0.003222,0.048918,11.615169,0.12492,0.259911,0,0,0.308955,4.691045,4,3,0,7,2.500086,0.558731,6.760776,0.05885,5.180374,2.474398,0.399523
201,1084,QueenBot,ZippyZap,1614,1457,0,0,0,0.003222,0.84229,0.765297,0.020714,4.213989,0,0,0.019052,4.980948,0,0,0,0,,0.711723,3.516728,0.05885,1.424422,2.349308,0.491916
201,1085,QueenBot,AgoraLord,1614,1430,1,0,0,0.003222,0.000933,5.848021,0.131222,0.020757,0,0,3.877563,1.122437,0,1,0,1,3.821442,0.742536,3.66898,0.05885,2.27217,2.953268,0.448612
201,1086,QueenBot,CherBoiBlue,1614,1500,0,0,0,0.003222,0.222218,3.774223,0.102158,1.12362,0,0,0.071455,4.928545,0,0,0,0,,0.658415,3.253325,0.05885,1.687825,2.349308,0.491916
201,1087,QueenBot,SwarmLord2,1614,1533,0,0,0,0.003222,0.003699,4.834595,0.130859,0.034546,0,0,2.327498,2.672502,0,0,0,0,,0.614501,3.036343,0.05885,1.904807,2.349308,0.491916
201,1088,QueenBot,SwarmLord3,1614,1562,0,0,0,0.003222,0.003468,4.835717,0.130889,0.033394,0,0,2.407938,2.592062,0,0,0,0,,0.57428,2.837605,0.05885,2.103545,2.349308,0.491916
201,1089,QueenBot,WorkingAsIntended,1614,1596,1,0,0,0.003222,0.041392,5.651691,0.125908,0.222401,0,0,0.361076,4.638924,0,1,0,1,2.105353,0.525881,2.598457,0.05885,3.342693,2.249223,0.448612
223,248,DominionDog,Eris,1890,2221,48,0,1,0.020537,0.002353,52.757029,0.128759,1.114212,1,0,5.485984,0.514016,12,36,0,48,2.729312,0.1295,12.639878,0.05885,40.301272,2.718263,0.381565
223,262,DominionDog,whalemean,1890,1797,45,2,0,0.020537,0.001592,49.760659,2.128858,0.110484,0,0,4.6403,0.3597,34,10,1,45,2.170826,0.63073,37.116533,1.05885,11.824617,2.17635,0.38181
223,275,DominionDog,Lissy,1890,1569,0,0,0,0.020537,0.03634,4.594971,0.124373,0.280656,0,0,1.805411,3.194589,0,0,0,0,,0.863871,4.268519,0.05885,0.672631,2.349308,0.491916
223,338,DominionDog,smallBly,1890,1834,41,0,0,0.020537,0.003079,45.753566,0.128666,0.117768,0,0,4.348053,0.651947,39,2,0,41,2.020774,0.5799,41.865372,0.05885,4.075778,2.031902,0.382189
223,340,DominionDog,MechaShark,1890,1695,36,2,1,0.020537,0.00159,40.76067,2.128858,1.110472,1,0,5.640803,0.359197,19,15,2,36,2.523676,0.754454,22.727871,2.05885,16.213279,2.516981,0.382776
223,341,DominionDog,gotest,1890,1328,0,0,0,0.020537,0.116039,4.214945,0.114087,0.670968,0,0,0.751865,4.248135,0,0,0,0,,0.962135,4.754054,0.05885,0.187096,2.349308,0.491916
223,346,DominionDog,Sharkling,1890,1761,47,0,1,0.020537,0.000833,51.764275,0.128956,1.106769,1,0,5.805005,0.194995,45,2,0,47,2.168814,0.677561,48.347928,0.05885,3.593222,2.174171,0.381644
223,347,DominionDog,PhantomTest,1890,1600,0,0,0,0.020537,0.022196,4.662413,0.126198,0.211388,0,0,2.402972,2.597028,0,0,0,0,,0.841492,4.15794,0.05885,0.78321,2.349308,0.491916
223,352,DominionDog,Belzebuth,1890,1134,0,0,1,0.020537,0.297738,3.34856,0.090636,2.560803,0,1,0.322637,5.677363,0,0,0,0,,0.987281,4.878305,0.05885,0.062845,2.349308,0.491916
223,357,DominionDog,12PoolBot,1890,1765,27,1,0,0.020537,0.000136,31.7676,1.129046,0.103354,0,0,4.967066,0.032934,27,0,0,27,2.019275,0.67251,30.322971,0.05885,1.618179,2.035958,0.384349
223,374,DominionDog,SwarmLord,1890,1600,0,0,0,0.020537,0.022196,4.662413,0.126198,0.211388,0,0,2.402972,2.597028,0,0,0,0,,0.841492,4.15794,0.05885,0.78321,2.349308,0.491916
223,446,DominionDog,Xena,1890,1937,50,0,1,0.020537,0.009376,54.723541,0.127853,1.148606,1,0,4.432772,1.567228,24,26,0,50,2.379905,0.432771,26.138387,0.05885,28.802763,2.37905,0.381418
223,496,DominionDog,Zozo,1890,2089,46,0,0,0.020537,0.003751,50.750364,0.128579,0.121057,0,0,4.227841,0.772159,1,45,0,46,2.482127,0.241305,2.192326,0.05885,48.748824,2.478102,0.381725
223,510,DominionDog,PhantomBot,1890,1817,41,0,1,0.020537,0.004602,45.746308,0.128469,1.125223,0,1,4.084764,1.915236,19,20,2,41,2.611391,0.603536,21.982163,2.05885,21.958987,2.602514,0.382189
223,516,DominionDog,27turtles,1890,1526,0,0,0,0.020537,0.000103,4.76776,0.12905,0.10319,0,0,4.97513,0.02487,0,0,0,0,,0.890451,4.39985,0.05885,0.5413,2.349308,0.491916
223,517,DominionDog,VeTerran-revived,1890,1869,44,0,1,0.020537,0.000102,48.767765,0.12905,1.103185,1,0,5.975402,0.024598,34,10,0,44,2.498687,0.530185,36.619722,0.05885,12.321428,2.493961,0.381898
223,518,DominionDog,norman,1890,1674,8,0,0,0.020537,8.4e-05,12.767851,0.129052,0.103097,0,0,4.979737,0.020263,6,2,0,8,2.576576,0.776155,9.835096,0.05885,3.106054,2.541959,0.397274
223,526,DominionDog,Apidae,1890,1635,8,0,0,0.020537,0.004795,12.745388,0.128444,0.126168,0,0,4.053659,0.946341,8,0,0,8,2.136647,0.812738,12.015859,0.05885,0.925291,2.169038,0.397274
223,605,DominionDog,nida,1890,1693,5,0,0,0.020537,8.4e-05,9.76785,0.129052,0.103097,0,0,4.979691,0.020309,5,0,0,5,2.24198,0.756581,8.738378,0.05885,1.202772,2.265946,0.406046
223,637,DominionDog,72Tortoises,1890,1697,6,0,0,0.020537,0.000103,10.76776,0.12905,0.10319,0,0,4.975153,0.024847,6,0,0,6,2.321505,0.752315,9.717301,0.05885,1.223849,2.326879,0.402359
223,699,DominionDog,Clicadinha,1890,1635,0,0,0,0.020537,0.00084,4.764242,0.128955,0.106803,0,0,4.803446,0.196554,0,0,0,0,,0.812738,4.015859,0.05885,0.925291,2.349308,0.491916
223,708,DominionDog,Princess-Mika,1890,1521,0,0,1,0.020537,0.02954,4.627395,0.125251,1.247354,0,1,2.050569,3.949431,0,0,0,0,,0.893227,4.413568,0.05885,0.527582,2.349308,0.491916
223,709,DominionDog,Laser-Circus,1890,1211,0,0,0,0.020537,0.290524,3.38296,0.091567,1.525473,0,0,0.330119,4.669881,0,0,0,0,,0.980327,4.843943,0.05885,0.097207,2.349308,0.491916
223,718,DominionDog,Mulebot,1890,1689,13,0,1,0.020537,0.004543,17.746585,0.128477,1.124938,1,0,5.094237,0.905763,8,5,0,13,2.386263,0.760796,11.759208,0.05885,6.181942,2.382584,0.390628
223,720,DominionDog,PiG_Bot,1890,1627,0,0,0,0.020537,0.000165,4.767461,0.129042,0.103497,0,0,4.960055,0.039945,0,0,0,0,,0.819646,4.049993,0.05885,0.891157,2.349308,0.491916
223,721,DominionDog,49Terrapins,1890,1430,0,0,0,0.020537,0.000102,4.767764,0.12905,0.103186,0,0,4.975334,0.024666,0,0,0,0,,0.933886,4.614471,0.05885,0.326679,2.349308,0.491916
223,729,DominionDog,Alexa,1890,1367,1,0,0,0.020537,0.023955,5.654026,0.125971,0.220003,0,0,2.30797,2.69203,1,0,0,1,2.233235,0.953052,5.709173,0.05885,0.231977,2.301688,0.448612
223,730,DominionDog,Deimos,1890,2155,50,0,1,0.020537,0.005359,54.742698,0.128372,1.12893,1,0,4.96535,1.03465,13,37,0,50,2.461904,0.178659,13.882779,0.05885,41.058371,2.458758,0.381418
223,732,DominionDog,GPT,1890,1830,50,0,0,0.020537,8.3e-05,54.767852,0.129052,0.103096,0,0,4.979782,0.020218,20,30,0,50,2.360636,0.585499,22.893037,0.05885,32.048113,2.36032,0.381418
223,759,DominionDog,BotTato,1890,1710,33,0,1,0.020537,0.006225,37.738568,0.12826,1.133172,1,0,4.837012,1.162988,32,1,0,33,2.358476,0.738109,35.647107,0.05885,2.294043,2.358093,0.38321
223,779,DominionDog,oberon,1890,1472,1,0,0,0.020537,8.5e-05,5.767842,0.129052,0.103106,0,0,4.979286,0.020714,1,0,0,1,2.416806,0.917299,5.532512,0.05885,0.408638,2.377,0.448612
223,797,DominionDog,WickedBot,1890,1707,30,1,1,0.020537,0.043299,34.561791,1.123475,1.314735,0,1,1.608607,4.391393,15,15,0,30,2.599248,0.741434,18.663534,0.05885,16.277616,2.587819,0.383725
223,809,DominionDog,PrimordialOrigin,1890,1258,1,0,0,0.020537,0.136344,5.118125,0.111466,0.770409,0,0,0.654552,4.345448,1,0,0,1,2.24071,0.974371,5.814515,0.05885,0.126635,2.304754,0.448612
223,813,DominionDog,MewCombatMicro,1890,1511,0,0,0,0.020537,0.004268,4.747896,0.128512,0.123591,0,0,4.139629,0.860371,0,0,0,0,,0.898594,4.440088,0.05885,0.501062,2.349308,0.491916
223,827,DominionDog,smokinggunbot,1890,1579,0,0,0,0.020537,8.2e-05,4.767856,0.129053,0.103091,0,0,4.980007,0.019993,0,0,0,0,,0.856959,4.234364,0.05885,0.706786,2.349308,0.491916
223,832,DominionDog,muravev,1890,1632,0,0,0,0.020537,0.001014,4.763416,0.128932,0.107652,0,0,4.764823,0.235177,0,0,0,0,,0.815352,4.028776,0.05885,0.912374,2.349308,0.491916
223,836,DominionDog,muravevTerran,1890,1477,0,0,0,0.020537,0.000366,4.766503,0.129016,0.104481,0,0,4.912391,0.087609,0,0,0,0,,0.915089,4.521593,0.05885,0.419557,2.349308,0.491916
223,858,DominionDog,Crawler,1890,1562,0,0,1,0.020537,0.00261,4.755805,0.128726,1.115469,0,1,4.436246,1.563754,0,0,0,0,,0.868541,4.291591,0.05885,0.649559,2.349308,0.491916
223,876,DominionDog,GenesisLotus,1890,1411,1,0,0,0.020537,0.009792,5.721561,0.127799,0.15064,0,0,3.38577,1.61423,1,0,0,1,2.174752,0.940327,5.646296,0.05885,0.294854,2.277694,0.448612
223,901,DominionDog,clone,1890,1667,12,0,0,0.020537,0.006192,16.738726,0.128264,0.133009,0,0,3.841787,1.158213,11,1,0,12,2.441751,0.783077,14.869303,0.05885,2.071847,2.431862,0.391568
223,930,DominionDog,SiriusBot,1890,1519,1,0,0,0.020537,8.3e-05,5.767855,0.129052,0.103092,0,0,4.979947,0.020053,1,0,0,1,1.962908,0.89432,5.418969,0.05885,0.522181,2.190783,0.448612
223,939,DominionDog,RustyNikolaj,1890,1539,0,0,0,0.020537,0.000102,4.767762,0.12905,0.103188,0,0,4.975221,0.024779,0,0,0,0,,0.882935,4.362712,0.05885,0.578438,2.349308,0.491916
223,940,DominionDog,Princess-Mika-Test,1890,1524,0,0,1,0.020537,0.032493,4.613315,0.12487,1.261816,0,1,1.936382,4.063618,0,0,0,0,,0.891569,4.405375,0.05885,0.535775,2.349308,0.491916
223,943,DominionDog,puck,1890,1529,1,0,0,0.020537,8.3e-05,5.767852,0.129052,0.103096,0,0,4.979767,0.020233,1,0,0,1,2.152924,0.888755,5.39147,0.05885,0.54968,2.268739,0.448612
223,948,DominionDog,titania,1890,1185,1,0,0,0.020537,0.000157,5.767499,0.129043,0.103458,0,0,4.961967,0.038033,1,0,0,1,1.971299,0.983015,5.857226,0.05885,0.083924,2.194225,0.448612
223,953,DominionDog,ZeratulsRevengeTest,1890,1702,20,0,0,0.020537,0.000163,24.767474,0.129042,0.103484,0,0,4.960694,0.039306,20,0,0,20,2.138843,0.746913,23.690609,0.05885,1.250541,2.152956,0.386474
223,959,DominionDog,ur_moms_a_ho,1890,1600,0,0,0,0.020537,0.022196,4.662413,0.126198,0.211388,0,0,2.402972,2.597028,0,0,0,0,,0.841492,4.15794,0.05885,0.78321,2.349308,0.491916
223,960,DominionDog,BigDaddy,1890,1637,3,0,0,0.020537,0.006779,7.735926,0.128188,0.135886,0,0,3.759173,1.240827,1,2,0,3,2.031873,0.810979,5.00717,0.05885,2.93398,2.134702,0.418169
223,961,DominionDog,AvocaDOS,1890,1751,33,1,0,0.020537,0.000833,37.764275,1.128956,0.106769,0,0,4.805005,0.194995,3,28,2,33,2.491862,0.690006,6.409424,2.05885,29.531726,2.485912,0.38321
223,962,DominionDog,AvocaDEV,1890,1700,1,0,1,0.020537,0.057896,5.492185,0.121591,1.386224,0,1,1.30922,4.69078,0,1,0,1,3.109061,0.749083,3.701332,0.05885,2.239818,2.661006,0.448612
223,966,DominionDog,ArgoBot,1890,1909,45,5,1,0.020537,8.5e-05,49.767843,5.129052,1.103105,1,0,5.979334,0.020666,22,23,0,45,2.578223,0.472684,24.335603,0.05885,25.605547,2.571137,0.38181
223,970,DominionDog,TheLAW,1890,1576,0,0,0,0.020537,0.05452,4.508286,0.122027,0.369688,0,0,1.368121,3.631879,0,0,0,0,,0.859063,4.244759,0.05885,0.696391,2.349308,0.491916
223,971,DominionDog,Nothing,1890,1570,1,0,0,0.020537,0.00831,5.728624,0.127991,0.143386,0,0,3.559618,1.440382,1,0,0,1,2.243896,0.863193,5.265167,0.05885,0.675983,2.306062,0.448612
223,977,DominionDog,Siriusly,1890,1392,0,0,0,0.020537,0.001619,4.76053,0.128854,0.110615,0,0,4.634675,0.365325,0,0,0,0,,0.946176,4.6752,0.05885,0.26595,2.349308,0.491916
223,981,DominionDog,KoB,1890,1499,0,0,0,0.020537,0.001616,4.760542,0.128855,0.110603,0,0,4.635194,0.364806,0,0,0,0,,0.904718,4.470345,0.05885,0.470805,2.349308,0.491916
223,998,DominionDog,LordSuperKing,1890,1656,9,0,0,0.020537,0.000132,13.76762,0.129046,0.103334,0,0,4.96804,0.03196,9,0,0,9,2.445335,0.793641,12.921498,0.05885,1.019652,2.43211,0.395447
223,1007,DominionDog,SharkGull,1890,1605,0,0,0,0.020537,0.000223,4.767187,0.129034,0.103779,0,0,4.946328,0.053672,0,0,0,0,,0.837615,4.138784,0.05885,0.802366,2.349308,0.491916
223,1008,DominionDog,Creepy_canon,1890,1587,0,0,0,0.020537,0.074065,4.415088,0.119504,0.465408,0,0,1.085457,3.914543,0,0,0,0,,0.851221,4.20601,0.05885,0.73514,2.349308,0.491916
223,1023,DominionDog,MY_SCRIPTING_SON,1890,1275,1,0,0,0.020537,0.333918,4.176045,0.085967,1.737988,0,0,0.289704,4.710296,1,0,0,1,2.065596,0.971811,5.801863,0.05885,0.139287,2.232912,0.448612
223,1026,DominionDog,WildLupo,1890,1199,0,0,1,0.020537,0.018371,4.680651,0.126692,1.192657,1,0,3.639188,2.360812,0,0,0,0,,0.981616,4.850312,0.05885,0.090838,2.349308,0.491916
223,1029,DominionDog,Chomppet,1890,1600,0,0,0,0.020537,0.022196,4.662413,0.126198,0.211388,0,0,2.402972,2.597028,0,0,0,0,,0.841492,4.15794,0.05885,0.78321,2.349308,0.491916
223,1030,DominionDog,who,1890,1924,41,8,2,0.020537,8.3e-05,45.767853,8.129052,2.103095,2,0,6.979813,0.020187,7,33,1,41,2.245008,0.451226,9.229574,1.05885,35.711576,2.248541,0.382189
223,1032,DominionDog,WaterLeak,1890,1607,16,0,3,0.020537,8.4e-05,20.767848,0.129052,3.1031,3,0,7.979568,0.020432,16,0,0,16,1.94594,0.836043,20.131016,0.05885,0.810134,1.979192,0.388445
223,1038,DominionDog,PolyMorph,1890,1463,0,0,0,0.020537,0.001586,4.760687,0.128858,0.110454,0,0,4.641555,0.358445,0,0,0,0,,0.921145,4.551517,0.05885,0.389633,2.349308,0.491916
223,1042,DominionDog,Creepy_duo_canon,1890,1386,0,0,0,0.020537,0.104041,4.272154,0.115635,0.61221,0,0,0.824276,4.175724,0,0,0,0,,0.947909,4.683758,0.05885,0.257392,2.349308,0.491916
223,1044,DominionDog,DoopyBot,1890,1418,1,0,0,0.020537,0.009666,5.722162,0.127816,0.150023,0,0,3.399899,1.600101,1,0,0,1,1.576915,0.938025,5.634924,0.05885,0.306226,2.032424,0.448612
223,1045,DominionDog,tito,1890,1801,40,0,2,0.020537,0.000837,44.76426,0.128955,2.106784,2,0,6.8043,0.1957,10,30,0,40,2.481163,0.625351,13.089955,0.05885,31.851195,2.476589,0.382295
223,1049,DominionDog,TheCatSC2Bot,1890,970,1,0,0,0.020537,0.003084,5.753544,0.128665,0.117791,0,0,4.347203,0.652797,1,0,0,1,2.079442,0.995013,5.916509,0.05885,0.024641,2.238592,0.448612
223,1050,DominionDog,onlyfans,1890,1517,0,0,0,0.020537,8.7e-05,4.767836,0.129052,0.103112,0,0,4.978997,0.021003,0,0,0,0,,0.895403,4.424321,0.05885,0.516829,2.349308,0.491916
223,1052,DominionDog,Starlight,1890,1204,0,0,0,0.020537,9.3e-05,4.767807,0.129051,0.103142,0,0,4.977492,0.022508,0,0,0,0,,0.981089,4.847709,0.05885,0.093441,2.349308,0.491916
223,1054,DominionDog,JimmyBotZ,1890,1724,0,0,0,0.020537,0.005286,4.743043,0.128381,0.128576,0,0,3.976464,1.023536,0,0,0,0,,0.722235,3.568669,0.05885,1.372481,2.349308,0.491916
223,1056,DominionDog,bilisaur,1890,1600,0,0,0,0.020537,0.022196,4.662413,0.126198,0.211388,0,0,2.402972,2.597028,0,0,0,0,,0.841492,4.15794,0.05885,0.78321,2.349308,0.491916
223,1057,DominionDog,DoopyBot-Test,1890,1238,0,0,0,0.020537,0.023755,4.654981,0.125997,0.219021,0,0,2.31841,2.68159,0,0,0,0,,0.977095,4.827971,0.05885,0.113179,2.349308,0.491916
223,1058,DominionDog,JimmyBotP,1890,1711,1,0,0,0.020537,0.005341,5.742784,0.128374,0.128842,0,0,3.968118,1.031882,1,0,0,1,2.298577,0.736995,4.641602,0.05885,1.299548,2.328495,0.448612
223,1059,DominionDog,NextProBot,1890,1600,0,0,0,0.020537,0.022196,4.662413,0.126198,0.211388,0,0,2.402972,2.597028,0,0,0,0,,0.841492,4.15794,0.05885,0.78321,2.349308,0.491916
223,1060,DominionDog,WildFire,1890,1709,18,0,0,0.020537,0.00012,22.767676,0.129048,0.103277,0,0,4.970866,0.029134,18,0,0,18,2.069793,0.73922,21.652598,0.05885,1.288552,2.090464,0.38736
223,1065,DominionDog,MindMatrix,1890,1514,0,0,0,0.020537,0.010709,4.717185,0.127681,0.155134,0,0,3.286334,1.713666,0,0,0,0,,0.89701,4.432259,0.05885,0.508891,2.349308,0.491916
223,1066,DominionDog,CompetitiveBotTest,1890,1482,0,0,0,0.020537,0.003699,4.75061,0.128586,0.120804,0,0,4.236835,0.763165,0,0,0,0,,0.912826,4.510409,0.05885,0.430741,2.349308,0.491916
223,1067,DominionDog,Hello_world,1890,1600,0,0,0,0.020537,0.022196,4.662413,0.126198,0.211388,0,0,2.402972,2.597028,0,0,0,0,,0.841492,4.15794,0.05885,0.78321,2.349308,0.491916
223,1078,DominionDog,LoremIpsum,1890,1242,0,0,0,0.020537,0.000201,4.767293,0.129037,0.10367,0,0,4.951614,0.048386,0,0,0,0,,0.976574,4.825397,0.05885,0.115753,2.349308,0.491916
223,1079,DominionDog,JimmyBotT,1890,1675,0,0,0,0.020537,0.000205,4.767273,0.129037,0.10369,0,0,4.950642,0.049358,0,0,0,0,,0.775153,3.830147,0.05885,1.111003,2.349308,0.491916
223,1080,DominionDog,JimmyBot,1890,1675,0,0,0,0.020537,0.003888,4.749712,0.128561,0.121726,0,0,4.204174,0.795826,0,0,0,0,,0.775153,3.830147,0.05885,1.111003,2.349308,0.491916
223,1081,DominionDog,ArtZerg,1890,1537,0,0,0,0.020537,0.000199,4.767299,0.129037,0.103663,0,0,4.951958,0.048042,0,0,0,0,,0.884119,4.368566,0.05885,0.572584,2.349308,0.491916
223,1082,DominionDog,Dasyatis,1890,1573,0,0,0,0.020537,0.048918,4.534996,0.12275,0.342255,0,0,1.478461,3.521539,0,0,0,0,,0.861141,4.255027,0.05885,0.686123,2.349308,0.491916
223,1084,DominionDog,ZippyZap,1890,1457,0,0,0,0.020537,0.84229,0.752002,0.020355,4.227643,0,0,0.119013,4.880987,0,0,0,0,,0.923618,4.563734,0.05885,0.377416,2.349308,0.491916
223,1085,DominionDog,AgoraLord,1890,1430,0,0,0,0.020537,0.000933,4.763803,0.128943,0.107255,0,0,4.782813,0.217187,0,0,0,0,,0.933886,4.614471,0.05885,0.326679,2.349308,0.491916
223,1086,DominionDog,CherBoiBlue,1890,1500,0,0,0,0.020537,0.222218,3.708658,0.100383,1.190959,0,0,0.423007,4.576993,0,0,0,0,,0.90422,4.467887,0.05885,0.473263,2.349308,0.491916
223,1087,DominionDog,SwarmLord2,1890,1533,0,0,0,0.020537,0.003699,4.75061,0.128586,0.120804,0,0,4.236835,0.763165,0,0,0,0,,0.886458,4.38012,0.05885,0.56103,2.349308,0.491916
223,1088,DominionDog,SwarmLord3,1890,1562,0,0,0,0.020537,0.003468,4.751713,0.128616,0.119672,0,0,4.277642,0.722358,0,0,0,0,,0.868541,4.291591,0.05885,0.649559,2.349308,0.491916
223,1089,DominionDog,WorkingAsIntended,1890,1596,0,0,0,0.020537,0.041392,4.570883,0.123721,0.305396,0,0,1.65814,3.34186,0,0,0,0,,0.84454,4.172996,0.05885,0.768154,2.349308,0.491916
248,262,Eris,whalemean,2221,1797,60,0,0,0.002353,0.001592,64.849043,0.13125,0.019707,0,0,2.982384,2.017616,56,4,0,60,2.482537,0.919882,60.545273,0.05885,4.395877,2.47942,0.380826
248,275,Eris,Lissy,2221,1569,0,0,0,0.002353,0.03634,4.680279,0.126682,0.193039,0,0,0.304089,4.695911,0,0,0,0,,0.977095,4.827971,0.05885,0.113179,2.349308,0.491916
248,338,Eris,smallBly,2221,1834,49,0,0,0.002353,0.003079,53.841819,0.131054,0.027127,0,0,2.165839,2.834161,46,3,0,49,2.427895,0.902714,50.460445,0.05885,3.480705,2.425655,0.38149
248,340,Eris,MechaShark,2221,1695,49,0,0,0.002353,0.00159,53.849054,0.13125,0.019695,0,0,2.984198,2.015802,49,0,0,49,2.435316,0.953819,53.712961,0.05885,0.228189,2.432864,0.38149
248,341,Eris,gotest,2221,1328,0,0,0,0.002353,0.116039,4.293198,0.116205,0.590597,0,0,0.099383,4.900617,0,0,0,0,,0.994179,4.91239,0.05885,0.02876,2.349308,0.491916
248,346,Eris,Sharkling,2221,1761,58,0,0,0.002353,0.000833,62.852727,0.13135,0.015924,0,0,3.692302,1.307698,58,0,0,58,2.336406,0.933886,62.614471,0.05885,0.326679,2.336718,0.380929
248,347,Eris,PhantomTest,2221,1600,0,0,0,0.002353,0.022196,4.748974,0.128541,0.122485,0,0,0.479289,4.520711,0,0,0,0,,0.972742,4.806463,0.05885,0.134687,2.349308,0.491916
248,352,Eris,Belzebuth,2221,1134,0,0,0,0.002353,0.297738,3.410728,0.092319,1.496953,0,0,0.039209,4.960791,0,0,0,0,,0.998087,4.931699,0.05885,0.009451,2.349308,0.491916
248,357,Eris,12PoolBot,2221,1765,27,0,0,0.002353,0.000136,31.856113,0.131441,0.012445,0,0,4.726498,0.273502,26,1,0,27,2.143808,0.93245,30.607375,0.05885,1.333775,2.154196,0.384349
248,374,Eris,SwarmLord,2221,1600,0,0,0,0.002353,0.022196,4.748974,0.128541,0.122485,0,0,0.479289,4.520711,0,0,0,0,,0.972742,4.806463,0.05885,0.134687,2.349308,0.491916
248,446,Eris,Xena,2221,1937,48,3,0,0.002353,0.009376,52.811236,3.130227,0.058538,0,0,1.00312,3.99688,40,8,0,48,2.45845,0.836831,44.134907,0.05885,8.806243,2.455277,0.381565
248,496,Eris,Zozo,2221,2089,46,0,0,0.002353,0.003751,50.838557,0.130966,0.030477,0,0,1.927578,3.072422,39,7,0,46,2.574411,0.681322,42.366513,0.05885,8.574637,2.56759,0.381725
248,510,Eris,PhantomBot,2221,1817,49,0,1,0.002353,0.004602,53.834425,0.130854,1.03472,0,1,1.691789,4.308211,49,0,0,49,2.553087,0.910976,53.501269,0.05885,0.439881,2.547279,0.38149
248,516,Eris,27turtles,2221,1526,0,0,0,0.002353,0.000103,4.856276,0.131446,0.012278,0,0,4.790985,0.209015,0,0,0,0,,0.982027,4.852342,0.05885,0.088808,2.349308,0.491916
248,517,Eris,VeTerran-revived,2221,1869,45,0,0,0.002353,0.000102,49.856281,0.131446,0.012273,0,0,4.793185,0.206815,38,7,0,45,2.680948,0.883528,42.365646,0.05885,7.575504,2.670682,0.38181
248,518,Eris,norman,2221,1674,10,0,0,0.002353,8.4e-05,14.856369,0.131448,0.012183,0,0,4.828527,0.171473,10,0,0,10,2.187096,0.958861,14.737875,0.05885,0.203275,2.207483,0.393932
248,526,Eris,Apidae,2221,1635,8,0,0,0.002353,0.004795,12.833489,0.130829,0.035682,0,0,1.646132,3.353868,8,0,0,8,2.40067,0.966859,12.777396,0.05885,0.163754,2.392847,0.397274
248,605,Eris,nida,2221,1693,7,0,0,0.002353,8.4e-05,11.856368,0.131448,0.012184,0,0,4.828152,0.171848,7,0,0,7,2.429307,0.954323,11.715454,0.05885,0.225696,2.415677,0.399523
248,637,Eris,72Tortoises,2221,1697,5,0,0,0.002353,0.000103,9.856276,0.131446,0.012278,0,0,4.79117,0.20883,5,0,0,5,2.345745,0.953309,9.710443,0.05885,0.230707,2.346541,0.406046
248,699,Eris,Clicadinha,2221,1635,1,0,0,0.002353,0.00084,5.852693,0.131349,0.015958,0,0,3.684284,1.315716,1,0,0,1,2.354228,0.966859,5.777396,0.05885,0.163754,2.351327,0.448612
248,708,Eris,Princess-Mika,2221,1521,1,0,0,0.002353,0.02954,5.713305,0.127576,0.159119,0,0,0.368924,4.631076,1,0,0,1,1.688249,0.982528,5.854818,0.05885,0.086332,2.078101,0.448612
248,709,Eris,Laser-Circus,2221,1211,0,0,0,0.002353,0.290524,3.445766,0.093267,1.460966,0,0,0.040175,4.959825,0,0,0,0,,0.997024,4.926443,0.05885,0.014707,2.349308,0.491916
248,718,Eris,Mulebot,2221,1689,16,0,0,0.002353,0.004543,20.834708,0.130862,0.03443,0,0,1.706056,3.293944,16,0,0,16,2.576292,0.955316,20.720362,0.05885,0.220788,2.55758,0.388445
248,720,Eris,PiG_Bot,2221,1627,0,0,0,0.002353,0.000165,4.855971,0.131438,0.012591,0,0,4.671657,0.328343,0,0,0,0,,0.968303,4.784533,0.05885,0.156617,2.349308,0.491916
248,721,Eris,49Terrapins,2221,1430,0,0,0,0.002353,0.000102,4.85628,0.131446,0.012274,0,0,4.792639,0.207361,0,0,0,0,,0.989578,4.889653,0.05885,0.051497,2.349308,0.491916
248,729,Eris,Alexa,2221,1367,0,0,0,0.002353,0.023955,4.74043,0.12831,0.131259,0,0,0.447243,4.552757,0,0,0,0,,0.992725,4.905203,0.05885,0.035947,2.349308,0.491916
248,730,Eris,Deimos,2221,2155,61,0,0,0.002353,0.005359,65.830749,0.130755,0.038497,0,0,1.525713,3.474287,34,27,0,61,2.65441,0.593855,36.934329,0.05885,29.006821,2.647386,0.380777
248,732,Eris,GPT,2221,1830,59,0,0,0.002353,8.3e-05,63.85637,0.131448,0.012182,0,0,4.8289,0.1711,55,4,0,59,2.484187,0.904718,59.470345,0.05885,4.470805,2.480979,0.380876
248,759,Eris,BotTato,2221,1710,40,0,0,0.002353,0.006225,44.826542,0.130641,0.042817,0,0,1.371656,3.628344,40,0,0,40,2.690048,0.949863,44.693414,0.05885,0.247736,2.678227,0.382295
248,779,Eris,oberon,2221,1472,0,0,0,0.002353,8.5e-05,4.85636,0.131448,0.012192,0,0,4.824833,0.175167,0,0,0,0,,0.986765,4.875755,0.05885,0.065395,2.349308,0.491916
248,797,Eris,WickedBot,2221,1707,37,0,1,0.002353,0.043299,41.646483,0.125767,1.22775,0,1,0.257737,5.742263,37,0,0,37,2.763836,0.950679,41.697446,0.05885,0.243704,2.748334,0.382646
248,809,Eris,PrimordialOrigin,2221,1258,1,0,0,0.002353,0.136344,5.19458,0.113536,0.691884,0,0,0.084833,4.915167,1,0,0,1,1.635106,0.996102,5.921891,0.05885,0.019259,2.056298,0.448612
248,813,Eris,MewCombatMicro,2221,1511,0,0,0,0.002353,0.004268,4.836044,0.130898,0.033058,0,0,1.776914,3.223086,0,0,0,0,,0.983489,4.859567,0.05885,0.081583,2.349308,0.491916
248,827,Eris,smokinggunbot,2221,1579,0,0,0,0.002353,8.2e-05,4.856374,0.131448,0.012177,0,0,4.830743,0.169257,0,0,0,0,,0.97577,4.821428,0.05885,0.119722,2.349308,0.491916
248,832,Eris,muravev,2221,1632,0,0,0,0.002353,0.001014,4.851851,0.131326,0.016823,0,0,3.494659,1.505341,0,0,0,0,,0.967408,4.780109,0.05885,0.161041,2.349308,0.491916
248,836,Eris,muravevTerran,2221,1477,0,0,0,0.002353,0.000366,4.854996,0.131411,0.013593,0,0,4.326587,0.673413,0,0,0,0,,0.986384,4.873872,0.05885,0.067278,2.349308,0.491916
248,858,Eris,Crawler,2221,1562,0,0,0,0.002353,0.00261,4.844099,0.131116,0.024785,0,0,2.370724,2.629276,0,0,0,0,,0.977979,4.832343,0.05885,0.108807,2.349308,0.491916
248,876,Eris,GenesisLotus,2221,1411,1,0,0,0.002353,0.009792,5.809219,0.130172,0.060609,0,0,0.968821,4.031179,1,0,0,1,2.338917,0.990648,5.894939,0.05885,0.046211,2.345045,0.448612
248,901,Eris,clone,2221,1667,19,0,1,0.002353,0.006192,23.826703,0.130645,1.042651,0,1,1.376996,4.623004,15,4,0,19,2.379431,0.960421,19.745586,0.05885,4.195564,2.377312,0.386896
248,930,Eris,SiriusBot,2221,1519,0,0,0,0.002353,8.3e-05,4.856373,0.131448,0.012179,0,0,4.830255,0.169745,0,0,0,0,,0.982724,4.855789,0.05885,0.085361,2.349308,0.491916
248,939,Eris,RustyNikolaj,2221,1539,0,0,0,0.002353,0.000102,4.856278,0.131446,0.012276,0,0,4.791723,0.208277,0,0,0,0,,0.980657,4.845575,0.05885,0.095575,2.349308,0.491916
248,940,Eris,Princess-Mika-Test,2221,1524,1,0,0,0.002353,0.032493,5.698963,0.127188,0.173849,0,0,0.33766,4.66234,1,0,0,1,2.417698,0.982229,5.853341,0.05885,0.087809,2.377366,0.448612
248,943,Eris,puck,2221,1529,0,0,0,0.002353,8.3e-05,4.856369,0.131448,0.012182,0,0,4.828776,0.171224,0,0,0,0,,0.98172,4.850823,0.05885,0.090327,2.349308,0.491916
248,948,Eris,titania,2221,1185,0,0,0,0.002353,0.000157,4.85601,0.131439,0.012551,0,0,4.686499,0.313501,0,0,0,0,,0.997436,4.928482,0.05885,0.012668,2.349308,0.491916
248,953,Eris,ZeratulsRevengeTest,2221,1702,20,0,0,0.002353,0.000163,24.855984,0.131438,0.012578,0,0,4.676611,0.323389,18,2,0,20,2.362214,0.952011,22.704029,0.05885,2.237121,2.361349,0.386474
248,959,Eris,ur_moms_a_ho,2221,1600,0,0,0,0.002353,0.022196,4.748974,0.128541,0.122485,0,0,0.479289,4.520711,0,0,0,0,,0.972742,4.806463,0.05885,0.134687,2.349308,0.491916
248,960,Eris,BigDaddy,2221,1637,3,0,0,0.002353,0.006779,7.82385,0.130568,0.045581,0,0,1.288423,3.711577,3,0,0,3,2.410108,0.966488,7.775564,0.05885,0.165586,2.390413,0.418169
248,961,Eris,AvocaDOS,2221,1751,38,0,0,0.002353,0.000833,42.852727,0.13135,0.015924,0,0,3.692302,1.307698,32,6,0,38,2.548067,0.937353,36.6316,0.05885,6.30955,2.540822,0.382523
248,962,Eris,AvocaDEV,2221,1700,2,0,0,0.002353,0.057896,6.575584,0.123848,0.300567,0,0,0.19529,4.80471,2,0,0,2,2.489137,0.952534,6.706614,0.05885,0.234536,2.430664,0.429209
248,966,Eris,ArgoBot,2221,1909,59,0,0,0.002353,8.5e-05,63.856361,0.131448,0.012191,0,0,4.825223,0.174777,52,7,0,59,2.493894,0.857663,56.237843,0.05885,7.703307,2.490455,0.380876
248,970,Eris,TheLAW,2221,1576,0,0,0,0.002353,0.05452,4.591984,0.124292,0.283723,0,0,0.206885,4.793115,0,0,0,0,,0.976175,4.823428,0.05885,0.117722,2.349308,0.491916
248,971,Eris,Nothing,2221,1570,3,0,0,0.002353,0.00831,7.816413,0.130367,0.05322,0,0,1.103395,3.896605,3,0,0,3,1.657137,0.976965,7.827333,0.05885,0.113817,1.881358,0.418169
248,977,Eris,Siriusly,2221,1392,0,0,0,0.002353,0.001619,4.848912,0.131246,0.019841,0,0,2.962218,2.037782,0,0,0,0,,0.991608,4.899686,0.05885,0.041464,2.349308,0.491916
248,981,Eris,KoB,2221,1499,5,0,0,0.002353,0.001616,9.848924,0.131247,0.019829,0,0,2.964068,2.035932,5,0,0,5,2.326992,0.984574,9.864929,0.05885,0.076221,2.331975,0.406046
248,998,Eris,LordSuperKing,2221,1656,9,0,0,0.002353,0.000132,13.856133,0.131442,0.012425,0,0,4.734205,0.265795,9,0,0,9,2.296206,0.962759,13.757138,0.05885,0.184012,2.303519,0.395447
248,1007,Eris,SharkGull,2221,1605,0,0,0,0.002353,0.000223,4.855692,0.13143,0.012878,0,0,4.567462,0.432538,0,0,0,0,,0.971968,4.80264,0.05885,0.13851,2.349308,0.491916
248,1008,Eris,Creepy_canon,2221,1587,0,0,0,0.002353,0.074065,4.497056,0.121723,0.381221,0,0,0.15397,4.84603,0,0,0,0,,0.974657,4.815928,0.05885,0.125222,2.349308,0.491916
248,1023,Eris,MY_SCRIPTING_SON,2221,1275,1,0,0,0.002353,0.333918,4.23501,0.087563,1.677427,0,0,0.03499,4.96501,1,0,0,1,2.232163,0.995703,5.91992,0.05885,0.02123,2.301248,0.448612
248,1026,Eris,WildLupo,2221,1199,0,0,0,0.002353,0.018371,4.76755,0.129044,0.103406,0,0,0.567744,4.432256,0,0,0,0,,0.997222,4.927422,0.05885,0.013728,2.349308,0.491916
248,1029,Eris,Chomppet,2221,1600,0,0,0,0.002353,0.022196,4.748974,0.128541,0.122485,0,0,0.479289,4.520711,0,0,0,0,,0.972742,4.806463,0.05885,0.134687,2.349308,0.491916
248,1030,Eris,who,2221,1924,63,0,0,0.002353,8.3e-05,67.85637,0.131448,0.012181,0,0,4.829148,0.170852,47,16,0,63,2.16588,0.846793,51.184133,0.05885,16.757017,2.169972,0.380684
248,1032,Eris,WaterLeak,2221,1607,24,0,0,0.002353,8.4e-05,28.856365,0.131448,0.012187,0,0,4.827144,0.172856,24,0,0,24,2.341402,0.971653,28.801082,0.05885,0.140068,2.341848,0.385118
248,1038,Eris,PolyMorph,2221,1463,0,0,0,0.002353,0.001586,4.849072,0.131251,0.019678,0,0,2.986912,2.013088,0,0,0,0,,0.987425,4.879016,0.05885,0.062134,2.349308,0.491916
248,1042,Eris,Creepy_duo_canon,2221,1386,0,0,0,0.002353,0.104041,4.351469,0.117782,0.530749,0,0,0.11059,4.88941,0,0,0,0,,0.991891,4.901083,0.05885,0.040067,2.349308,0.491916
248,1044,Eris,DoopyBot,2221,1418,0,0,0,0.002353,0.009666,4.809831,0.130189,0.05998,0,0,0.97898,4.02102,0,0,0,0,,0.990267,4.893057,0.05885,0.048093,2.349308,0.491916
248,1045,Eris,tito,2221,1801,44,0,0,0.002353,0.000837,48.852711,0.131349,0.015939,0,0,3.68867,1.31133,38,6,0,44,2.38353,0.918168,42.536807,0.05885,6.404343,2.382448,0.381898
248,1049,Eris,TheCatSC2Bot,2221,970,1,0,0,0.002353,0.003084,5.841796,0.131054,0.02715,0,0,2.163999,2.836001,1,0,0,1,2.155245,0.999255,5.937469,0.05885,0.003681,2.269691,0.448612
248,1050,Eris,onlyfans,2221,1517,0,0,0,0.002353,8.7e-05,4.856354,0.131448,0.012198,0,0,4.822459,0.177541,0,0,0,0,,0.982919,4.856749,0.05885,0.084401,2.349308,0.491916
248,1052,Eris,Starlight,2221,1204,0,0,0,0.002353,9.3e-05,4.856323,0.131447,0.012229,0,0,4.810167,0.189833,0,0,0,0,,0.997141,4.927022,0.05885,0.014128,2.349308,0.491916
248,1054,Eris,JimmyBotZ,2221,1724,0,0,0,0.002353,0.005286,4.8311,0.130764,0.038136,0,0,1.540167,3.459833,0,0,0,0,,0.945883,4.673748,0.05885,0.267402,2.349308,0.491916
248,1056,Eris,bilisaur,2221,1600,0,0,0,0.002353,0.022196,4.748974,0.128541,0.122485,0,0,0.479289,4.520711,0,0,0,0,,0.972742,4.806463,0.05885,0.134687,2.349308,0.491916
248,1057,Eris,DoopyBot-Test,2221,1238,0,0,0,0.002353,0.023755,4.741403,0.128337,0.13026,0,0,0.450675,4.549325,0,0,0,0,,0.996525,4.923978,0.05885,0.017172,2.349308,0.491916
248,1058,Eris,JimmyBotP,2221,1711,1,0,0,0.002353,0.005341,5.830836,0.130757,0.038406,0,0,1.529295,3.470705,1,0,0,1,2.195,0.949588,5.692056,0.05885,0.249094,2.286001,0.448612
248,1059,Eris,NextProBot,2221,1600,0,0,0,0.002353,0.022196,4.748974,0.128541,0.122485,0,0,0.479289,4.520711,0,0,0,0,,0.972742,4.806463,0.05885,0.134687,2.349308,0.491916
248,1060,Eris,WildFire,2221,1709,18,0,0,0.002353,0.00012,22.85619,0.131443,0.012367,0,0,4.756694,0.243306,18,0,0,18,2.453233,0.950136,22.694765,0.05885,0.246385,2.445547,0.38736
248,1065,Eris,MindMatrix,2221,1514,0,0,0,0.002353,0.010709,4.804762,0.130051,0.065187,0,0,0.900758,4.099242,0,0,0,0,,0.983206,4.85817,0.05885,0.08298,2.349308,0.491916
248,1066,Eris,CompetitiveBotTest,2221,1482,0,0,0,0.002353,0.003699,4.838808,0.130973,0.030219,0,0,1.943998,3.056002,0,0,0,0,,0.985992,4.871935,0.05885,0.069215,2.349308,0.491916
248,1067,Eris,Hello_world,2221,1600,0,0,0,0.002353,0.022196,4.748974,0.128541,0.122485,0,0,0.479289,4.520711,0,0,0,0,,0.972742,4.806463,0.05885,0.134687,2.349308,0.491916
248,1078,Eris,LoremIpsum,2221,1242,0,0,0,0.002353,0.000201,4.8558,0.131433,0.012767,0,0,4.6071,0.3929,0,0,0,0,,0.996444,4.92358,0.05885,0.01757,2.349308,0.491916
248,1079,Eris,JimmyBotT,2221,1675,0,0,0,0.002353,0.000205,4.85578,0.131432,0.012788,0,0,4.599765,0.400235,0,0,0,0,,0.958633,4.73675,0.05885,0.2044,2.349308,0.491916
248,1080,Eris,JimmyBot,2221,1675,0,0,0,0.002353,0.003888,4.837893,0.130948,0.031159,0,0,1.885347,3.114653,0,0,0,0,,0.958633,4.73675,0.05885,0.2044,2.349308,0.491916
248,1081,Eris,ArtZerg,2221,1537,0,0,0,0.002353,0.000199,4.855807,0.131433,0.01276,0,0,4.609702,0.390298,0,0,0,0,,0.980874,4.846648,0.05885,0.094502,2.349308,0.491916
248,1082,Eris,Dasyatis,2221,1573,0,0,0,0.002353,0.048918,4.61919,0.125029,0.255781,0,0,0.229489,4.770511,0,0,0,0,,0.976574,4.825397,0.05885,0.115753,2.349308,0.491916
248,1084,Eris,ZippyZap,2221,1457,0,0,0,0.002353,0.84229,0.765963,0.020732,4.213304,0,0,0.01393,4.98607,0,0,0,0,,0.987847,4.881099,0.05885,0.060051,2.349308,0.491916
248,1085,Eris,AgoraLord,2221,1430,0,0,0,0.002353,0.000933,4.852245,0.131337,0.016418,0,0,3.580874,1.419126,0,0,0,0,,0.989578,4.889653,0.05885,0.051497,2.349308,0.491916
248,1086,Eris,CherBoiBlue,2221,1500,0,0,0,0.002353,0.222218,3.777511,0.102247,1.120242,0,0,0.052394,4.947606,0,0,0,0,,0.984487,4.864495,0.05885,0.076655,2.349308,0.491916
248,1087,Eris,SwarmLord2,2221,1533,0,0,0,0.002353,0.003699,4.838808,0.130973,0.030219,0,0,1.943998,3.056002,0,0,0,0,,0.981302,4.848759,0.05885,0.092391,2.349308,0.491916
248,1088,Eris,SwarmLord3,2221,1562,0,0,0,0.002353,0.003468,4.839931,0.131003,0.029066,0,0,2.021209,2.978791,0,0,0,0,,0.977979,4.832343,0.05885,0.108807,2.349308,0.491916
248,1089,Eris,WorkingAsIntended,2221,1596,0,0,0,0.002353,0.041392,4.655744,0.126018,0.218238,0,0,0.268972,4.731028,0,0,0,0,,0.973346,4.809447,0.05885,0.131703,2.349308,0.491916
262,275,whalemean,Lissy,1797,1569,0,0,0,0.001592,0.03634,4.68385,0.126779,0.189371,0,0,0.209848,4.790152,0,0,0,0,,0.787927,3.893264,0.05885,1.047886,2.349308,0.491916
262,338,whalemean,smallBly,1797,1834,48,1,0,0.001592,0.003079,52.845513,1.131154,0.023332,0,0,1.703985,3.296015,7,40,1,48,1.917896,0.446953,9.208462,1.05885,42.732688,1.93044,0.381565
262,340,whalemean,MechaShark,1797,1695,43,2,0,0.001592,0.00159,47.852754,2.13135,0.015895,0,0,2.501884,2.498116,33,6,4,43,2.567322,0.642713,36.175742,4.05885,7.765408,2.560269,0.381991
262,341,whalemean,gotest,1797,1328,0,0,0,0.001592,0.116039,4.296474,0.116294,0.587233,0,0,0.067669,4.932331,0,0,0,0,,0.937014,4.629925,0.05885,0.311225,2.349308,0.491916
262,346,whalemean,Sharkling,1797,1761,55,0,0,0.001592,0.000833,59.85643,0.13145,0.012121,0,0,3.281868,1.718132,22,30,3,55,2.011936,0.551624,24.725655,3.05885,32.215495,2.020529,0.381096
262,347,whalemean,PhantomTest,1797,1600,0,0,0,0.001592,0.022196,4.752597,0.12864,0.118763,0,0,0.334621,4.665379,0,0,0,0,,0.756581,3.738378,0.05885,1.202772,2.349308,0.491916
262,352,whalemean,Belzebuth,1797,1134,0,0,0,0.001592,0.297738,3.413331,0.092389,1.49428,0,0,0.026593,4.973407,0,0,0,0,,0.97847,4.834766,0.05885,0.106384,2.349308,0.491916
262,357,whalemean,12PoolBot,1797,1765,27,1,0,0.001592,0.000136,31.859819,1.131542,0.00864,0,0,4.606022,0.393978,9,18,0,27,1.899888,0.545922,11.697482,0.05885,20.243668,1.922606,0.384349
262,374,whalemean,SwarmLord,1797,1600,0,0,0,0.001592,0.022196,4.752597,0.12864,0.118763,0,0,0.334621,4.665379,0,0,0,0,,0.756581,3.738378,0.05885,1.202772,2.349308,0.491916
262,446,whalemean,Xena,1797,1937,50,1,0,0.001592,0.009376,54.814907,1.130326,0.054767,0,0,0.725721,4.274279,15,35,0,50,2.102807,0.308764,16.525648,0.05885,38.415502,2.109695,0.381418
262,496,whalemean,Zozo,1797,2089,46,0,0,0.001592,0.003751,50.842249,0.131066,0.026685,0,0,1.489823,3.510177,6,39,1,46,2.419254,0.156978,6.775652,1.05885,43.165498,2.417135,0.381725
262,510,whalemean,PhantomBot,1797,1817,48,0,0,0.001592,0.004602,52.838114,0.130954,0.030932,0,0,1.285184,3.714816,29,19,0,48,2.084686,0.471249,31.328514,0.05885,21.612636,2.09238,0.381565
262,516,whalemean,27turtles,1797,1526,0,0,0,0.001592,0.000103,4.859981,0.131546,0.008472,0,0,4.697094,0.302906,0,0,0,0,,0.826354,4.083137,0.05885,0.858013,2.349308,0.491916
262,517,whalemean,VeTerran-revived,1797,1869,45,0,0,0.001592,0.000102,49.859987,0.131546,0.008467,0,0,4.70022,0.29978,24,21,0,45,2.158113,0.397842,25.965797,0.05885,23.975353,2.164032,0.38181
262,518,whalemean,norman,1797,1674,13,0,0,0.001592,8.4e-05,17.860074,0.131549,0.008377,0,0,4.750623,0.249377,8,5,0,13,2.128151,0.669969,11.310417,0.05885,6.630733,2.15017,0.390628
262,526,whalemean,Apidae,1797,1635,8,0,0,0.001592,0.004795,12.837177,0.130929,0.031894,0,0,1.246366,3.753634,6,2,0,8,1.999309,0.717592,9.545728,0.05885,3.395422,2.052619,0.397274
262,605,whalemean,nida,1797,1693,6,0,0,0.001592,8.4e-05,10.860073,0.131549,0.008378,0,0,4.750086,0.249914,5,1,0,6,2.3594,0.645352,8.188783,0.05885,2.752367,2.35745,0.402359
262,637,whalemean,72Tortoises,1797,1697,5,0,0,0.001592,0.000103,9.859982,0.131546,0.008472,0,0,4.697357,0.302643,5,0,0,5,1.531034,0.640065,8.162657,0.05885,1.778493,1.713752,0.406046
262,699,whalemean,Clicadinha,1797,1635,4,0,0,0.001592,0.00084,8.856396,0.131449,0.012155,0,0,3.272511,1.727489,4,0,0,4,2.580701,0.717592,7.545728,0.05885,1.395422,2.519529,0.411036
262,708,whalemean,Princess-Mika,1797,1521,1,0,0,0.001592,0.02954,5.716902,0.127673,0.155425,0,0,0.255684,4.744316,1,0,0,1,1.474763,0.830445,5.103353,0.05885,0.837797,1.990515,0.448612
262,709,whalemean,Laser-Circus,1797,1211,1,0,0,0.001592,0.290524,4.448396,0.093338,1.458266,0,0,0.027249,4.972751,1,0,0,1,1.99061,0.966859,5.777396,0.05885,0.163754,2.202148,0.448612
262,718,whalemean,Mulebot,1797,1689,17,0,0,0.001592,0.004543,21.838397,0.130962,0.030641,0,0,1.297367,3.702633,11,6,0,17,2.147562,0.650605,14.214735,0.05885,7.726415,2.163291,0.387873
262,720,whalemean,PiG_Bot,1797,1627,0,0,0,0.001592,0.000165,4.859677,0.131538,0.008786,0,0,4.529429,0.470571,0,0,0,0,,0.72683,3.591376,0.05885,1.349774,2.349308,0.491916
262,721,whalemean,49Terrapins,1797,1430,0,0,0,0.001592,0.000102,4.859986,0.131546,0.008468,0,0,4.699445,0.300555,0,0,0,0,,0.892124,4.408118,0.05885,0.533032,2.349308,0.491916
262,729,whalemean,Alexa,1797,1367,0,0,0,0.001592,0.023955,4.744048,0.128408,0.127544,0,0,0.311581,4.688419,0,0,0,0,,0.922391,4.55767,0.05885,0.38348,2.349308,0.491916
262,730,whalemean,Deimos,1797,2155,59,0,1,0.001592,0.005359,63.834435,0.130855,1.034711,1,0,2.145205,3.854795,4,55,0,59,2.202042,0.112964,4.558173,0.05885,59.382977,2.205545,0.380876
262,732,whalemean,GPT,1797,1830,60,0,0,0.001592,8.3e-05,64.860075,0.131549,0.008376,0,0,4.751157,0.248843,49,11,0,60,1.935268,0.452651,51.236619,0.05885,13.704531,1.944956,0.380826
262,759,whalemean,BotTato,1797,1710,38,0,0,0.001592,0.006225,42.830225,0.130741,0.039035,0,0,1.018308,3.981692,31,7,0,38,2.053266,0.62265,34.076608,0.05885,8.864542,2.064057,0.382523
262,779,whalemean,oberon,1797,1472,1,0,0,0.001592,8.5e-05,5.860065,0.131548,0.008386,0,0,4.745339,0.254661,0,1,0,1,2.964757,0.866557,4.281786,0.05885,1.659364,2.601804,0.448612
262,797,whalemean,WickedBot,1797,1707,34,0,4,0.001592,0.043299,38.650028,0.125863,4.224109,0,4,0.177319,8.822681,19,15,0,34,2.047219,0.626699,22.096614,0.05885,16.844536,2.059473,0.383057
262,809,whalemean,PrimordialOrigin,1797,1258,0,0,0,0.001592,0.136344,4.197781,0.113622,0.688597,0,0,0.057707,4.942293,0,0,0,0,,0.957005,4.728707,0.05885,0.212443,2.349308,0.491916
262,813,whalemean,MewCombatMicro,1797,1511,0,0,0,0.001592,0.004268,4.839734,0.130998,0.029268,0,0,1.358249,3.641751,0,0,0,0,,0.838397,4.142645,0.05885,0.798505,2.349308,0.491916
262,827,whalemean,smokinggunbot,1797,1579,2,0,0,0.001592,8.2e-05,6.86008,0.131549,0.008372,0,0,4.753794,0.246206,2,0,0,2,2.285356,0.778148,5.844948,0.05885,1.096202,2.312099,0.429209
262,832,whalemean,muravev,1797,1632,1,0,0,0.001592,0.001014,5.855554,0.131426,0.01302,0,0,3.054872,1.945128,1,0,0,1,1.217876,0.721078,4.562956,0.05885,1.378194,1.885124,0.448612
262,836,whalemean,muravevTerran,1797,1477,0,0,0,0.001592,0.000366,4.8587,0.131511,0.009788,0,0,4.064807,0.935193,0,0,0,0,,0.863193,4.265167,0.05885,0.675983,2.349308,0.491916
262,858,whalemean,Crawler,1797,1562,1,0,0,0.001592,0.00261,5.847795,0.131216,0.020989,0,0,1.894382,3.105618,0,1,0,1,2.430098,0.794582,3.926148,0.05885,2.015002,2.382453,0.448612
262,876,whalemean,GenesisLotus,1797,1411,1,0,0,0.001592,0.009792,5.812888,0.130271,0.05684,0,0,0.699247,4.300753,1,0,0,1,2.610805,0.902207,5.457942,0.05885,0.483208,2.45659,0.448612
262,901,whalemean,clone,1797,1667,21,0,0,0.001592,0.006192,25.830386,0.130745,0.038869,0,0,1.02266,3.97734,12,9,0,21,2.056209,0.678817,15.354136,0.05885,10.587014,2.074987,0.38609
262,930,whalemean,SiriusBot,1797,1519,1,0,0,0.001592,8.3e-05,5.860078,0.131549,0.008373,0,0,4.753096,0.246904,1,0,0,1,2.72589,0.83206,5.111332,0.05885,0.829818,2.503805,0.448612
262,939,whalemean,RustyNikolaj,1797,1539,0,0,0,0.001592,0.000102,4.859983,0.131546,0.008471,0,0,4.698143,0.301857,0,0,0,0,,0.815352,4.028776,0.05885,0.912374,2.349308,0.491916
262,940,whalemean,Princess-Mika-Test,1797,1524,1,0,0,0.001592,0.032493,5.702549,0.127285,0.170167,0,0,0.233532,4.766468,1,0,0,1,1.902108,0.827999,5.091269,0.05885,0.849881,2.165839,0.448612
262,943,whalemean,puck,1797,1529,1,0,0,0.001592,8.3e-05,5.860075,0.131549,0.008377,0,0,4.750979,0.249021,1,0,0,1,1.862529,0.823862,5.070823,0.05885,0.870327,2.149601,0.448612
262,948,whalemean,titania,1797,1185,0,0,0,0.001592,0.000157,4.859715,0.131539,0.008746,0,0,4.550081,0.449919,0,0,0,0,,0.971334,4.799507,0.05885,0.141643,2.349308,0.491916
262,953,whalemean,ZeratulsRevengeTest,1797,1702,20,0,0,0.001592,0.000163,24.85969,0.131538,0.008772,0,0,4.536315,0.463685,8,3,9,20,2.491949,0.633408,11.129762,9.05885,4.811388,2.482385,0.386474
262,959,whalemean,ur_moms_a_ho,1797,1600,0,0,0,0.001592,0.022196,4.752597,0.12864,0.118763,0,0,0.334621,4.665379,0,0,0,0,,0.756581,3.738378,0.05885,1.202772,2.349308,0.491916
262,960,whalemean,BigDaddy,1797,1637,5,0,0,0.001592,0.006779,9.827531,0.130668,0.041801,0,0,0.950897,4.049103,1,4,0,5,1.764744,0.715253,4.534171,0.05885,5.406979,1.895276,0.406046
262,961,whalemean,AvocaDOS,1797,1751,35,1,0,0.001592,0.000833,39.85643,1.13145,0.012121,0,0,3.281868,1.718132,27,8,0,35,2.232262,0.565815,29.795778,0.05885,10.145372,2.236879,0.382913
262,962,whalemean,AvocaDEV,1797,1700,2,0,0,0.001592,0.057896,6.579076,0.123943,0.296981,0,0,0.133807,4.866193,1,1,0,2,2.200002,0.636077,4.142951,0.05885,2.798199,2.262438,0.429209
262,966,whalemean,ArgoBot,1797,1909,58,0,0,0.001592,8.5e-05,62.860066,0.131548,0.008385,0,0,4.745896,0.254104,20,38,0,58,2.245034,0.344179,21.700643,0.05885,41.240507,2.247556,0.380929
262,970,whalemean,TheLAW,1797,1576,3,0,0,0.001592,0.05452,7.595488,0.124387,0.280125,0,0,0.141859,4.858141,2,1,0,3,2.304442,0.781115,5.859608,0.05885,2.081542,2.318976,0.418169
262,971,whalemean,Nothing,1797,1570,4,0,0,0.001592,0.00831,8.820088,0.130466,0.049446,0,0,0.803843,4.196157,4,0,0,4,2.019013,0.786963,7.888504,0.05885,1.052646,2.106331,0.411036
262,977,whalemean,Siriusly,1797,1392,1,0,0,0.001592,0.001619,5.852612,0.131347,0.016041,0,0,2.479087,2.520913,1,0,0,1,1.893112,0.911442,5.503571,0.05885,0.437579,2.162148,0.448612
262,981,whalemean,KoB,1797,1499,6,0,0,0.001592,0.001616,10.852624,0.131347,0.016029,0,0,2.481003,2.518997,5,1,0,6,1.85429,0.847539,9.187816,0.05885,1.753334,1.949964,0.402359
262,998,whalemean,LordSuperKing,1797,1656,9,0,0,0.001592,0.000132,13.859838,0.131542,0.008619,0,0,4.616849,0.383151,7,2,0,9,1.941687,0.692463,10.421565,0.05885,3.519585,1.997825,0.395447
262,1007,whalemean,SharkGull,1797,1605,0,0,0,0.001592,0.000223,4.859397,0.13153,0.009072,0,0,4.386031,0.613969,0,0,0,0,,0.751241,3.711993,0.05885,1.229157,2.349308,0.491916
262,1008,whalemean,Creepy_canon,1797,1587,0,0,0,0.001592,0.074065,4.500487,0.121816,0.377697,0,0,0.105211,4.894789,0,0,0,0,,0.770097,3.805163,0.05885,1.135987,2.349308,0.491916
262,1023,whalemean,MY_SCRIPTING_SON,1797,1275,1,0,0,0.001592,0.333918,4.237478,0.087629,1.674892,0,0,0.023725,4.976275,1,0,0,1,1.175573,0.952794,5.707897,0.05885,0.233253,1.867769,0.448612
262,1026,whalemean,WildLupo,1797,1199,0,0,0,0.001592,0.018371,4.771188,0.129143,0.09967,0,0,0.398731,4.601269,0,0,0,0,,0.969003,4.787987,0.05885,0.153163,2.349308,0.491916
262,1029,whalemean,Chomppet,1797,1600,0,0,0,0.001592,0.022196,4.752597,0.12864,0.118763,0,0,0.334621,4.665379,0,0,0,0,,0.756581,3.738378,0.05885,1.202772,2.349308,0.491916
262,1030,whalemean,who,1797,1924,60,0,0,0.001592,8.3e-05,64.860076,0.131549,0.008376,0,0,4.751512,0.248488,19,41,0,60,1.86808,0.32496,20.605675,0.05885,44.335475,1.87934,0.380826
262,1032,whalemean,WaterLeak,1797,1607,21,1,0,0.001592,8.4e-05,25.860071,1.131549,0.008381,0,0,4.748645,0.251355,15,6,0,21,1.969878,0.749083,18.701332,0.05885,7.239818,1.994186,0.38609
262,1038,whalemean,PolyMorph,1797,1463,1,0,0,0.001592,0.001586,5.852772,0.131351,0.015877,0,0,2.504705,2.495295,1,0,0,1,3.376221,0.872435,5.31083,0.05885,0.63032,2.770612,0.448612
262,1042,whalemean,Creepy_duo_canon,1797,1386,0,0,0,0.001592,0.104041,4.35479,0.117872,0.527338,0,0,0.075355,4.924645,0,0,0,0,,0.91419,4.517151,0.05885,0.423999,2.349308,0.491916
262,1044,whalemean,DoopyBot,1797,1418,1,0,0,0.001592,0.009666,5.813501,0.130288,0.056211,0,0,0.707075,4.292925,1,0,0,1,2.000128,0.898594,5.440088,0.05885,0.501062,2.206053,0.448612
262,1045,whalemean,tito,1797,1801,45,0,0,0.001592,0.000837,49.856414,0.13145,0.012136,0,0,3.277627,1.722373,31,12,2,45,2.006177,0.494244,33.442133,2.05885,14.499017,2.016799,0.38181
262,1049,whalemean,TheCatSC2Bot,1797,970,0,0,0,0.001592,0.003084,4.845491,0.131154,0.023355,0,0,1.702301,3.297699,0,0,0,0,,0.991512,4.89921,0.05885,0.04194,2.349308,0.491916
262,1050,whalemean,onlyfans,1797,1517,0,0,0,0.001592,8.7e-05,4.860059,0.131548,0.008392,0,0,4.741945,0.258055,0,0,0,0,,0.833662,4.119251,0.05885,0.821899,2.349308,0.491916
262,1052,whalemean,Starlight,1797,1204,0,0,0,0.001592,9.3e-05,4.860029,0.131547,0.008424,0,0,4.724398,0.275602,0,0,0,0,,0.968126,4.783657,0.05885,0.157493,2.349308,0.491916
262,1054,whalemean,JimmyBotZ,1797,1724,1,0,0,0.001592,0.005286,5.834786,0.130864,0.034349,0,0,1.157255,3.842745,1,0,0,1,1.141033,0.603536,3.982163,0.05885,1.958987,1.853599,0.448612
262,1056,whalemean,bilisaur,1797,1600,0,0,0,0.001592,0.022196,4.752597,0.12864,0.118763,0,0,0.334621,4.665379,0,0,0,0,,0.756581,3.738378,0.05885,1.202772,2.349308,0.491916
262,1057,whalemean,DoopyBot-Test,1797,1238,0,0,0,0.001592,0.023755,4.745021,0.128434,0.126544,0,0,0.314044,4.685956,0,0,0,0,,0.961501,4.750921,0.05885,0.190229,2.349308,0.491916
262,1058,whalemean,JimmyBotP,1797,1711,1,0,0,0.001592,0.005341,5.834522,0.130857,0.034621,0,0,1.148189,3.851811,0,1,0,1,2.334084,0.621297,3.06992,0.05885,2.87123,2.343062,0.448612
262,1059,whalemean,NextProBot,1797,1600,0,0,0,0.001592,0.022196,4.752597,0.12864,0.118763,0,0,0.334621,4.665379,0,0,0,0,,0.756581,3.738378,0.05885,1.202772,2.349308,0.491916
262,1060,whalemean,WildFire,1797,1709,18,0,0,0.001592,0.00012,22.859895,0.131544,0.008561,0,0,4.64853,0.35147,13,4,1,18,2.319804,0.624002,16.083286,1.05885,5.857864,2.321986,0.38736
262,1065,whalemean,MindMatrix,1797,1514,0,0,0,0.001592,0.010709,4.808428,0.130151,0.061421,0,0,0.647082,4.352918,0,0,0,0,,0.836043,4.131016,0.05885,0.810134,2.349308,0.491916
262,1066,whalemean,CompetitiveBotTest,1797,1482,0,0,0,0.001592,0.003699,4.8425,0.131073,0.026427,0,0,1.504341,3.495659,0,0,0,0,,0.859759,4.248196,0.05885,0.692954,2.349308,0.491916
262,1067,whalemean,Hello_world,1797,1600,0,0,0,0.001592,0.022196,4.752597,0.12864,0.118763,0,0,0.334621,4.665379,0,0,0,0,,0.756581,3.738378,0.05885,1.202772,2.349308,0.491916
262,1078,whalemean,LoremIpsum,1797,1242,0,0,0,0.001592,0.000201,4.859505,0.131533,0.008962,0,0,4.440259,0.559741,0,0,0,0,,0.96064,4.746664,0.05885,0.194486,2.349308,0.491916
262,1079,whalemean,JimmyBotT,1797,1675,0,0,0,0.001592,0.000205,4.859485,0.131533,0.008982,0,0,4.430193,0.569807,0,0,0,0,,0.668695,3.304122,0.05885,1.637028,2.349308,0.491916
262,1080,whalemean,JimmyBot,1797,1675,0,0,0,0.001592,0.003888,4.841585,0.131048,0.027367,0,0,1.452648,3.547352,0,0,0,0,,0.668695,3.304122,0.05885,1.637028,2.349308,0.491916
262,1081,whalemean,ArtZerg,1797,1537,0,0,0,0.001592,0.000199,4.859512,0.131533,0.008955,0,0,4.443831,0.556169,0,0,0,0,,0.817079,4.037309,0.05885,0.903841,2.349308,0.491916
262,1082,whalemean,Dasyatis,1797,1573,0,0,0,0.001592,0.048918,4.622715,0.125124,0.252161,0,0,0.157591,4.842409,0,0,0,0,,0.784054,3.874127,0.05885,1.067023,2.349308,0.491916
262,1084,whalemean,ZippyZap,1797,1457,0,0,0,0.001592,0.84229,0.766548,0.020748,4.212704,0,0,0.009433,4.990567,0,0,0,0,,0.876229,4.32958,0.05885,0.61157,2.349308,0.491916
262,1085,whalemean,AgoraLord,1797,1430,0,0,0,0.001592,0.000933,4.855948,0.131437,0.012616,0,0,3.152962,1.847038,0,0,0,0,,0.892124,4.408118,0.05885,0.533032,2.349308,0.491916
262,1086,whalemean,CherBoiBlue,1797,1500,0,0,0,0.001592,0.222218,3.780394,0.102325,1.117282,0,0,0.035566,4.964434,0,0,0,0,,0.846793,4.184133,0.05885,0.757017,2.349308,0.491916
262,1087,whalemean,SwarmLord2,1797,1533,0,0,0,0.001592,0.003699,4.8425,0.131073,0.026427,0,0,1.504341,3.495659,0,0,0,0,,0.820495,4.05419,0.05885,0.88696,2.349308,0.491916
262,1088,whalemean,SwarmLord3,1797,1562,0,0,0,0.001592,0.003468,4.843624,0.131103,0.025273,0,0,1.573078,3.426922,0,0,0,0,,0.794582,3.926148,0.05885,1.015002,2.349308,0.491916
262,1089,whalemean,WorkingAsIntended,1797,1596,0,0,0,0.001592,0.041392,4.659297,0.126114,0.214589,0,0,0.185185,4.814815,0,0,0,0,,0.760796,3.759208,0.05885,1.181942,2.349308,0.491916
275,338,Lissy,smallBly,1569,1834,0,0,0,0.03634,0.003079,4.676872,0.12659,0.196538,0,0,4.609408,0.390592,0,0,0,0,,0.178659,0.882779,0.05885,4.058371,2.349308,0.491916
275,340,Lissy,MechaShark,1569,1695,2,0,0,0.03634,0.00159,6.683862,0.126779,0.189359,0,0,4.790455,0.209545,0,2,0,2,1.942495,0.326224,1.611921,0.05885,5.329229,2.112615,0.429209
275,341,Lissy,gotest,1569,1328,3,0,0,0.03634,0.116039,7.146942,0.112246,0.740812,0,0,1.192421,3.807579,3,0,0,3,2.4057,0.800162,6.953721,0.05885,0.987429,2.387432,0.418169
275,346,Lissy,Sharkling,1569,1761,0,0,0,0.03634,0.000833,4.687409,0.126875,0.185716,0,0,4.887898,0.112102,0,0,0,0,,0.248759,1.229157,0.05885,3.711993,2.349308,0.491916
275,347,Lissy,PhantomTest,1569,1600,0,0,0,0.03634,0.022196,4.58719,0.124162,0.288647,0,0,3.104075,1.895925,0,0,0,0,,0.455505,2.250721,0.05885,2.690429,2.349308,0.491916
275,352,Lissy,Belzebuth,1569,1134,2,0,1,0.03634,0.297738,5.294535,0.089174,2.616291,0,1,0.543886,5.456114,2,0,0,2,2.5351,0.924426,6.567728,0.05885,0.373422,2.457406,0.429209
275,357,Lissy,12PoolBot,1569,1765,4,0,0,0.03634,0.000136,8.69068,0.126964,0.182356,0,0,4.981334,0.018666,0,4,0,4,1.772212,0.244481,1.208018,0.05885,7.733132,1.924775,0.411036
275,374,Lissy,SwarmLord,1569,1600,0,0,0,0.03634,0.022196,4.58719,0.124162,0.288647,0,0,3.104075,1.895925,0,0,0,0,,0.455505,2.250721,0.05885,2.690429,2.349308,0.491916
275,446,Lissy,Xena,1569,1937,0,0,0,0.03634,0.009376,4.647331,0.12579,0.226878,0,0,3.974509,1.025491,0,0,0,0,,0.107323,0.530301,0.05885,4.410849,2.349308,0.491916
275,496,Lissy,Zozo,1569,2089,0,0,0,0.03634,0.003751,4.673722,0.126505,0.199773,0,0,4.532202,0.467798,0,0,0,0,,0.047727,0.235825,0.05885,4.705325,2.349308,0.491916
275,510,Lissy,PhantomBot,1569,1817,0,0,0,0.03634,0.004602,4.669731,0.126397,0.203872,0,0,4.438025,0.561975,0,0,0,0,,0.193472,0.955977,0.05885,3.985173,2.349308,0.491916
275,516,Lissy,27turtles,1569,1526,24,0,0,0.03634,0.000103,28.690837,0.126968,0.182195,0,0,4.985914,0.014086,5,19,0,24,2.739021,0.561568,7.774791,0.05885,21.166359,2.716999,0.385118
275,517,Lissy,VeTerran-revived,1569,1869,0,0,0,0.03634,0.000102,4.690843,0.126968,0.18219,0,0,4.986069,0.013931,0,0,0,0,,0.15098,0.746013,0.05885,4.195137,2.349308,0.491916
275,518,Lissy,norman,1569,1674,19,0,1,0.03634,8.4e-05,23.690927,0.12697,1.182103,1,0,5.988528,0.011472,19,0,0,19,2.765529,0.353331,20.745862,0.05885,3.195288,2.736255,0.386896
275,526,Lissy,Apidae,1569,1635,21,0,1,0.03634,0.004795,25.668826,0.126372,1.204802,1,0,5.417213,0.582787,16,5,0,21,2.548392,0.406145,18.006821,0.05885,7.934329,2.535638,0.38609
275,605,Lissy,nida,1569,1693,19,0,3,0.03634,8.4e-05,23.690926,0.12697,3.182104,3,0,7.988502,0.011498,17,2,0,19,2.735505,0.328759,18.62445,0.05885,5.3167,2.708342,0.386896
275,637,Lissy,72Tortoises,1569,1697,22,0,0,0.03634,0.000103,26.690838,0.126968,0.182194,0,0,4.985927,0.014073,0,21,1,22,2.750824,0.323698,1.599442,1.05885,24.341708,2.726198,0.385739
275,699,Lissy,Clicadinha,1569,1635,24,0,0,0.03634,0.00084,28.687376,0.126874,0.185749,0,0,4.886987,0.113013,1,23,0,24,2.25037,0.406145,3.006821,0.05885,25.934329,2.255961,0.385118
275,708,Lissy,Princess-Mika,1569,1521,8,0,1,0.03634,0.02954,12.552737,0.12323,1.324033,1,0,3.758046,2.241954,7,1,0,8,2.639318,0.568641,9.809742,0.05885,3.131408,2.595145,0.397274
275,709,Lissy,Laser-Circus,1569,1211,1,0,0,0.03634,0.290524,4.328379,0.09009,1.581531,0,0,0.55589,4.44411,1,0,0,1,2.516082,0.887036,5.382977,0.05885,0.558173,2.417729,0.448612
275,718,Lissy,Mulebot,1569,1689,20,0,0,0.03634,0.004543,24.670004,0.126404,0.203592,0,0,4.444339,0.555661,6,14,0,20,2.65831,0.333861,7.649655,0.05885,17.291495,2.63759,0.386474
275,720,Lissy,PiG_Bot,1569,1627,23,0,1,0.03634,0.000165,27.690543,0.12696,1.182497,1,0,5.977347,0.022653,10,13,0,23,2.476744,0.417298,12.061933,0.05885,15.879217,2.469248,0.385416
275,721,Lissy,49Terrapins,1569,1430,4,0,0,0.03634,0.000102,8.690841,0.126968,0.182191,0,0,4.98603,0.01397,3,1,0,4,2.666193,0.690006,6.409424,0.05885,2.531726,2.58242,0.411036
275,729,Lissy,Alexa,1569,1367,2,0,0,0.03634,0.023955,6.578938,0.123939,0.297123,0,0,3.013517,1.986483,2,0,0,2,2.56604,0.761842,5.764376,0.05885,1.176774,2.475408,0.429209
275,730,Lissy,Deimos,1569,2155,0,0,0,0.03634,0.005359,4.66618,0.1263,0.20752,0,0,4.357452,0.642548,0,0,0,0,,0.033141,0.163754,0.05885,4.777396,2.349308,0.491916
275,732,Lissy,GPT,1569,1830,0,0,0,0.03634,8.3e-05,4.690928,0.12697,0.182102,0,0,4.988554,0.011446,0,0,0,0,,0.182062,0.899597,0.05885,4.041553,2.349308,0.491916
275,759,Lissy,BotTato,1569,1710,7,0,0,0.03634,0.006225,11.662116,0.12619,0.211693,0,0,4.268781,0.731219,0,7,0,7,2.748207,0.307537,1.519585,0.05885,10.421565,2.680248,0.399523
275,779,Lissy,oberon,1569,1472,3,0,0,0.03634,8.5e-05,7.690918,0.12697,0.182112,0,0,4.988273,0.011727,3,0,0,3,2.656898,0.636077,6.142951,0.05885,1.798199,2.557258,0.418169
275,797,Lissy,WickedBot,1569,1707,6,0,1,0.03634,0.043299,10.488191,0.121483,1.390326,1,0,3.281556,2.718444,0,6,0,6,3.136903,0.311226,1.537816,0.05885,9.403334,2.984682,0.402359
275,809,Lissy,PrimordialOrigin,1569,1258,3,0,0,0.03634,0.136344,7.051684,0.109668,0.838649,0,0,1.05221,3.94779,3,0,0,3,2.542001,0.856959,7.234364,0.05885,0.706786,2.47958,0.418169
275,813,Lissy,MewCombatMicro,1569,1511,0,0,0,0.03634,0.004268,4.671294,0.126439,0.202267,0,0,4.474438,0.525562,0,0,0,0,,0.582702,2.879217,0.05885,2.061933,2.349308,0.491916
275,827,Lissy,smokinggunbot,1569,1579,22,0,0,0.03634,8.2e-05,26.690932,0.12697,0.182098,0,0,4.988681,0.011319,21,1,0,22,2.817482,0.485613,23.399486,0.05885,3.541664,2.788768,0.385739
275,832,Lissy,muravev,1569,1632,21,1,2,0.03634,0.001014,25.686563,1.126852,2.186584,2,0,6.864315,0.135685,3,18,0,21,2.469384,0.410316,5.027435,0.05885,20.913715,2.461691,0.38609
275,836,Lissy,muravevTerran,1569,1477,1,0,0,0.03634,0.000366,5.689601,0.126934,0.183465,0,0,4.950108,0.049892,1,0,0,1,2.986187,0.629389,4.109903,0.05885,1.831247,2.610595,0.448612
275,858,Lissy,Crawler,1569,1562,19,0,1,0.03634,0.00261,23.679075,0.126649,1.194275,1,0,5.66497,0.33503,15,4,0,19,2.533051,0.510072,17.520344,0.05885,6.420806,2.520127,0.386896
275,876,Lissy,GenesisLotus,1569,1411,3,0,1,0.03634,0.009792,7.645383,0.125738,1.228879,1,0,4.938731,1.061269,3,0,0,3,2.662235,0.712902,6.522556,0.05885,1.418594,2.560866,0.418169
275,901,Lissy,clone,1569,1667,21,1,1,0.03634,0.006192,25.662272,1.126195,1.211533,1,0,5.27212,0.72788,8,13,0,21,2.873682,0.362592,9.79162,0.05885,16.14953,2.840088,0.38609
275,930,Lissy,SiriusBot,1569,1519,13,0,0,0.03634,8.3e-05,17.690931,0.12697,0.182099,0,0,4.988648,0.011352,6,7,0,13,2.721116,0.571463,8.823685,0.05885,9.117465,2.684096,0.390628
275,939,Lissy,RustyNikolaj,1569,1539,7,0,1,0.03634,0.000102,11.690839,0.126968,1.182193,1,0,5.985966,0.014034,7,0,0,7,2.762263,0.543066,9.683373,0.05885,2.257777,2.691909,0.399523
275,940,Lissy,Princess-Mika-Test,1569,1524,7,0,0,0.03634,0.032493,11.538884,0.122855,0.338261,0,0,2.639723,2.360277,3,4,0,7,2.59355,0.5644,5.788787,0.05885,6.152363,2.551939,0.399523
275,943,Lissy,puck,1569,1529,8,0,1,0.03634,8.3e-05,12.690927,0.12697,1.182102,1,0,5.988545,0.011455,2,6,0,8,2.022683,0.557312,4.75376,0.05885,8.18739,2.072433,0.397274
275,948,Lissy,titania,1569,1185,1,0,0,0.03634,0.000157,5.69058,0.126961,0.182459,0,0,4.978434,0.021566,1,0,0,1,2.523326,0.901187,5.452899,0.05885,0.488251,2.420701,0.448612
275,953,Lissy,ZeratulsRevengeTest,1569,1702,7,0,0,0.03634,0.000163,11.690555,0.12696,0.182484,0,0,4.97771,0.02229,0,7,0,7,1.590432,0.31743,1.568467,0.05885,10.372683,1.71972,0.399523
275,959,Lissy,ur_moms_a_ho,1569,1600,0,0,0,0.03634,0.022196,4.58719,0.124162,0.288647,0,0,3.104075,1.895925,0,0,0,0,,0.455505,2.250721,0.05885,2.690429,2.349308,0.491916
275,960,Lissy,BigDaddy,1569,1637,22,0,2,0.03634,0.006779,26.659516,0.12612,2.214364,2,0,6.21392,0.78608,3,19,0,22,2.149966,0.403371,4.993116,0.05885,21.948034,2.162192,0.385739
275,961,Lissy,AvocaDOS,1569,1751,3,0,0,0.03634,0.000833,7.687409,0.126875,0.185716,0,0,4.887898,0.112102,0,3,0,3,2.303825,0.259672,1.283076,0.05885,6.658074,2.318558,0.418169
275,962,Lissy,AvocaDEV,1569,1700,4,0,0,0.03634,0.057896,8.419708,0.119629,0.460663,0,0,1.92813,3.07187,0,4,0,4,2.182489,0.319929,1.580819,0.05885,7.360331,2.22659,0.411036
275,966,Lissy,ArgoBot,1569,1909,0,0,0,0.03634,8.5e-05,4.690919,0.12697,0.182111,0,0,4.9883,0.0117,0,0,0,0,,0.123771,0.61157,0.05885,4.32958,2.349308,0.491916
275,970,Lissy,TheLAW,1569,1576,25,0,0,0.03634,0.05452,29.435549,0.120058,0.444393,0,0,1.999787,3.000213,6,19,0,25,2.425524,0.489928,8.420806,0.05885,21.520344,2.42138,0.384842
275,971,Lissy,Nothing,1569,1570,21,0,3,0.03634,0.00831,25.652332,0.125926,3.221742,2,1,6.069395,1.930605,12,9,0,21,2.776602,0.498561,14.463464,0.05885,11.477686,2.749227,0.38609
275,977,Lissy,Siriusly,1569,1392,3,0,0,0.03634,0.001619,7.683724,0.126775,0.1895,0,0,4.786763,0.213237,2,1,0,3,2.453451,0.734757,5.630545,0.05885,2.310605,2.419715,0.418169
275,981,Lissy,KoB,1569,1499,4,0,0,0.03634,0.001616,8.683736,0.126776,0.189488,0,0,4.787076,0.212924,4,0,0,4,2.671026,0.599397,6.961709,0.05885,1.979441,2.585975,0.411036
275,998,Lissy,LordSuperKing,1569,1656,14,0,1,0.03634,0.000132,18.690699,0.126964,1.182337,1,0,5.981888,0.018112,12,2,0,14,2.685778,0.37735,13.864542,0.05885,5.076608,2.654447,0.389807
275,1007,Lissy,SharkGull,1569,1605,16,0,0,0.03634,0.000223,20.690273,0.126953,0.182774,0,0,4.969525,0.030475,4,12,0,16,2.304586,0.448376,6.215495,0.05885,14.725655,2.308272,0.388445
275,1008,Lissy,Creepy_canon,1569,1587,0,0,0,0.03634,0.074065,4.343855,0.117576,0.538569,0,0,1.645756,3.354244,0,0,0,0,,0.474119,2.342693,0.05885,2.598457,2.349308,0.491916
275,1023,Lissy,MY_SCRIPTING_SON,1569,1275,3,0,0,0.03634,0.333918,6.124803,0.08458,1.790617,0,0,0.49074,4.50926,3,0,0,3,2.482444,0.84454,7.172996,0.05885,0.768154,2.439316,0.418169
275,1026,Lissy,WildLupo,1569,1199,2,0,1,0.03634,0.018371,6.605134,0.124648,1.270218,1,0,4.321076,1.678924,2,0,0,2,2.531766,0.893775,6.416275,0.05885,0.524875,2.455466,0.429209
275,1029,Lissy,Chomppet,1569,1600,0,0,0,0.03634,0.022196,4.58719,0.124162,0.288647,0,0,3.104075,1.895925,0,0,0,0,,0.455505,2.250721,0.05885,2.690429,2.349308,0.491916
275,1030,Lissy,who,1569,1924,0,0,0,0.03634,8.3e-05,4.690928,0.12697,0.182101,0,0,4.988571,0.011429,0,0,0,0,,0.114706,0.566781,0.05885,4.374369,2.349308,0.491916
275,1032,Lissy,WaterLeak,1569,1607,16,0,0,0.03634,8.4e-05,20.690924,0.12697,0.182106,0,0,4.988433,0.011567,3,13,0,16,1.875065,0.445531,5.201434,0.05885,15.739716,1.914159,0.388445
275,1038,Lissy,PolyMorph,1569,1463,4,0,0,0.03634,0.001586,8.683878,0.126779,0.189342,0,0,4.790908,0.209092,4,0,0,4,2.830421,0.647983,7.201781,0.05885,1.739369,2.703232,0.411036
275,1042,Lissy,Creepy_duo_canon,1569,1386,2,0,1,0.03634,0.104041,6.203228,0.11377,1.683003,0,1,1.294333,4.705667,2,0,0,2,2.540588,0.741434,5.663534,0.05885,1.277616,2.460599,0.429209
275,1044,Lissy,DoopyBot,1569,1418,6,0,0,0.03634,0.009666,10.645974,0.125754,0.228272,0,0,3.949522,1.050478,4,2,0,6,2.695469,0.704585,7.481458,0.05885,3.459692,2.628565,0.402359
275,1045,Lissy,tito,1569,1801,2,0,0,0.03634,0.000837,6.687394,0.126875,0.185731,0,0,4.887486,0.112514,0,2,0,2,2.129183,0.208251,1.029,0.05885,5.91215,2.221234,0.429209
275,1049,Lissy,TheCatSC2Bot,1569,970,3,0,0,0.03634,0.003084,7.676851,0.126589,0.19656,0,0,4.608868,0.391132,3,0,0,3,2.501361,0.969175,7.788839,0.05885,0.152311,2.452105,0.418169
275,1050,Lissy,onlyfans,1569,1517,11,0,1,0.03634,8.7e-05,15.690912,0.12697,1.182118,1,0,5.988108,0.011892,7,4,0,11,2.730587,0.57428,9.837605,0.05885,6.103545,2.68652,0.392657
275,1052,Lissy,Starlight,1569,1204,2,0,1,0.03634,9.3e-05,6.690883,0.126969,1.182148,1,0,5.987255,0.012745,2,0,0,2,2.408307,0.891011,6.402619,0.05885,0.538531,2.383635,0.429209
275,1054,Lissy,JimmyBotZ,1569,1724,21,0,0,0.03634,0.005286,25.666519,0.12631,0.207171,0,0,4.365028,0.634972,7,14,0,21,2.334917,0.290645,8.436122,0.05885,17.505028,2.335839,0.38609
275,1056,Lissy,bilisaur,1569,1600,0,0,0,0.03634,0.022196,4.58719,0.124162,0.288647,0,0,3.104075,1.895925,0,0,0,0,,0.455505,2.250721,0.05885,2.690429,2.349308,0.491916
275,1057,Lissy,DoopyBot-Test,1569,1238,6,0,0,0.03634,0.023755,10.579878,0.123964,0.296157,0,0,3.023565,1.976435,4,2,0,6,2.580771,0.8705,8.301272,0.05885,2.639878,2.536035,0.402359
275,1058,Lissy,JimmyBotP,1569,1711,14,0,0,0.03634,0.005341,18.666264,0.126303,0.207433,0,0,4.35934,0.64066,1,13,0,14,1.941482,0.306312,2.513534,0.05885,16.427616,1.979457,0.389807
275,1059,Lissy,NextProBot,1569,1600,0,0,0,0.03634,0.022196,4.58719,0.124162,0.288647,0,0,3.104075,1.895925,0,0,0,0,,0.455505,2.250721,0.05885,2.690429,2.349308,0.491916
275,1060,Lissy,WildFire,1569,1709,7,0,0,0.03634,0.00012,11.690754,0.126966,0.18228,0,0,4.983493,0.016507,0,7,0,7,1.814102,0.308764,1.525648,0.05885,10.415502,1.905284,0.399523
275,1065,Lissy,MindMatrix,1569,1514,8,0,0,0.03634,0.010709,12.641078,0.125621,0.233301,0,0,3.861907,1.138093,3,5,0,8,2.629418,0.578497,5.858439,0.05885,7.082711,2.586753,0.397274
275,1066,Lissy,CompetitiveBotTest,1569,1482,0,0,0,0.03634,0.003699,4.673964,0.126511,0.199525,0,0,4.538038,0.461962,0,0,0,0,,0.62265,3.076608,0.05885,1.864542,2.349308,0.491916
275,1067,Lissy,Hello_world,1569,1600,0,0,0,0.03634,0.022196,4.58719,0.124162,0.288647,0,0,3.104075,1.895925,0,0,0,0,,0.455505,2.250721,0.05885,2.690429,2.349308,0.491916
275,1078,Lissy,LoremIpsum,1569,1242,2,0,0,0.03634,0.000201,6.690377,0.126955,0.182667,0,0,4.972539,0.027461,2,0,0,2,2.655393,0.867882,6.288337,0.05885,0.652813,2.527395,0.429209
275,1079,Lissy,JimmyBotT,1569,1675,15,0,1,0.03634,0.000205,19.690358,0.126955,1.182687,1,0,5.971985,0.028015,3,12,0,15,2.603863,0.352017,4.739369,0.05885,15.201781,2.581602,0.389085
275,1080,Lissy,JimmyBot,1569,1675,19,0,0,0.03634,0.003888,23.673081,0.126487,0.200432,0,0,4.516797,0.483203,7,12,0,19,2.416141,0.352017,8.739369,0.05885,15.201781,2.41144,0.386896
275,1081,Lissy,ArtZerg,1569,1537,15,3,0,0.03634,0.000199,19.690384,3.126956,0.18266,0,0,4.972735,0.027265,0,15,0,15,1.610277,0.545922,2.697482,0.05885,17.243668,1.674905,0.389085
275,1082,Lissy,Dasyatis,1569,1573,4,0,1,0.03634,0.048918,8.461828,0.120769,1.417402,0,1,2.131178,3.868822,4,0,0,4,2.422334,0.494244,6.442133,0.05885,2.499017,2.403029,0.411036
275,1084,Lissy,ZippyZap,1569,1457,0,0,0,0.03634,0.84229,0.739869,0.020026,4.240104,0,0,0.2068,4.7932,0,0,0,0,,0.655821,3.240507,0.05885,1.700643,2.349308,0.491916
275,1085,Lissy,AgoraLord,1569,1430,1,0,0,0.03634,0.000933,5.686944,0.126862,0.186194,0,0,4.874894,0.125106,1,0,0,1,2.548664,0.690006,4.409424,0.05885,1.531726,2.431096,0.448612
275,1086,Lissy,CherBoiBlue,1569,1500,0,0,0,0.03634,0.222218,3.648823,0.098763,1.252414,0,0,0.702744,4.297256,0,0,0,0,,0.598014,2.954876,0.05885,1.986274,2.349308,0.491916
275,1087,Lissy,SwarmLord2,1569,1533,0,0,0,0.03634,0.003699,4.673964,0.126511,0.199525,0,0,4.538038,0.461962,0,0,0,0,,0.551624,2.725655,0.05885,2.215495,2.349308,0.491916
275,1088,Lissy,SwarmLord3,1569,1562,0,0,0,0.03634,0.003468,4.675049,0.12654,0.198411,0,0,4.564395,0.435605,0,0,0,0,,0.510072,2.520344,0.05885,2.420806,2.349308,0.491916
275,1089,Lissy,WorkingAsIntended,1569,1596,1,0,0,0.03634,0.041392,5.497137,0.121725,0.381138,0,0,2.337528,2.662472,0,1,0,1,2.472328,0.461222,2.278967,0.05885,3.662183,2.399778,0.448612
338,340,smallBly,MechaShark,1834,1695,43,0,0,0.003079,0.00159,47.845525,0.131155,0.02332,0,0,3.297708,1.702292,24,18,1,43,2.129021,0.690006,27.409424,1.05885,19.531726,2.136146,0.381991
338,341,smallBly,gotest,1834,1328,0,0,0,0.003079,0.116039,4.290073,0.11612,0.593807,0,0,0.129257,4.870743,0,0,0,0,,0.948474,4.686553,0.05885,0.254597,2.349308,0.491916
338,346,smallBly,Sharkling,1834,1761,46,1,0,0.003079,0.000833,50.849195,1.131254,0.019551,0,0,3.934986,1.065014,6,40,0,46,1.691621,0.603536,8.982163,0.05885,41.958987,1.711551,0.381725
338,347,smallBly,PhantomTest,1834,1600,0,0,0,0.003079,0.022196,4.745517,0.128448,0.126035,0,0,0.609167,4.390833,0,0,0,0,,0.793641,3.921498,0.05885,1.019652,2.349308,0.491916
338,352,smallBly,Belzebuth,1834,1134,0,0,0,0.003079,0.297738,3.408246,0.092252,1.499503,0,0,0.051184,4.948816,0,0,0,0,,0.982528,4.854818,0.05885,0.086332,2.349308,0.491916
338,357,smallBly,12PoolBot,1834,1765,25,0,0,0.003079,0.000136,29.852579,0.131346,0.016076,0,0,4.788261,0.211739,16,9,0,25,1.653684,0.598014,18.954876,0.05885,10.986274,1.691507,0.384842
338,374,smallBly,SwarmLord,1834,1600,0,0,0,0.003079,0.022196,4.745517,0.128448,0.126035,0,0,0.609167,4.390833,0,0,0,0,,0.793641,3.921498,0.05885,1.019652,2.349308,0.491916
338,446,smallBly,Xena,1834,1937,42,0,0,0.003079,0.009376,46.807734,0.130132,0.062134,0,0,1.236131,3.763869,23,19,0,42,1.893174,0.355966,24.758882,0.05885,22.182268,1.908269,0.382088
338,496,smallBly,Zozo,1834,2089,40,0,0,0.003079,0.003751,44.835035,0.130871,0.034094,0,0,2.254216,2.745784,0,40,0,40,2.275093,0.187262,0.925291,0.05885,44.015859,2.277667,0.382295
338,510,smallBly,PhantomBot,1834,1817,46,0,0,0.003079,0.004602,50.830907,0.130759,0.038334,0,0,2.00454,2.99546,37,9,0,46,1.892951,0.524445,39.591364,0.05885,11.349786,1.90678,0.381725
338,516,smallBly,27turtles,1834,1526,5,0,0,0.003079,0.000103,9.852741,0.13135,0.015909,0,0,4.838682,0.161318,2,3,0,5,2.666013,0.854829,6.223839,0.05885,3.717311,2.595294,0.406046
338,517,smallBly,VeTerran-revived,1834,1869,41,0,0,0.003079,0.000102,45.852747,0.13135,0.015903,0,0,4.840397,0.159603,12,29,0,41,1.975784,0.449801,14.222532,0.05885,31.718618,1.988437,0.382189
338,518,smallBly,norman,1834,1674,15,0,0,0.003079,8.4e-05,19.852834,0.131353,0.015813,0,0,4.867894,0.132106,10,5,0,15,1.783797,0.715253,13.534171,0.05885,6.406979,1.833251,0.389085
338,526,smallBly,Apidae,1834,1635,13,0,0,0.003079,0.004795,17.82997,0.130734,0.039296,0,0,1.955432,3.044568,10,3,0,13,1.829261,0.758695,13.748824,0.05885,4.192326,1.88104,0.390628
338,605,smallBly,nida,1834,1693,18,0,0,0.003079,8.4e-05,22.852833,0.131353,0.015814,0,0,4.867602,0.132398,10,7,1,18,2.174972,0.692463,13.421565,1.05885,8.519585,2.187865,0.38736
338,637,smallBly,72Tortoises,1834,1697,10,0,0,0.003079,0.000103,14.852742,0.13135,0.015908,0,0,4.838827,0.161173,9,1,0,10,1.836011,0.687538,12.39723,0.05885,2.54392,1.900522,0.393932
338,699,smallBly,Clicadinha,1834,1635,14,0,0,0.003079,0.00084,18.849161,0.131253,0.019586,0,0,3.928024,1.071976,14,0,0,14,1.649592,0.758695,17.748824,0.05885,1.192326,1.714746,0.389807
338,708,smallBly,Princess-Mika,1834,1521,5,0,0,0.003079,0.02954,9.709875,0.127483,0.162642,0,0,0.472018,4.527982,5,0,0,5,1.775508,0.858365,9.241308,0.05885,0.699842,1.903636,0.406046
338,709,smallBly,Laser-Circus,1834,1211,0,0,0,0.003079,0.290524,3.443258,0.093199,1.463542,0,0,0.052441,4.947559,0,0,0,0,,0.973045,4.807963,0.05885,0.133187,2.349308,0.491916
338,718,smallBly,Mulebot,1834,1689,20,0,0,0.003079,0.004543,24.831189,0.130767,0.038044,0,0,2.019835,2.980165,17,3,0,20,2.0651,0.697345,20.445687,0.05885,4.495463,2.084157,0.386474
338,720,smallBly,PiG_Bot,1834,1627,0,0,0,0.003079,0.000165,4.852437,0.131342,0.016221,0,0,4.745137,0.254863,0,0,0,0,,0.767025,3.789985,0.05885,1.151165,2.349308,0.491916
338,721,smallBly,49Terrapins,1834,1430,4,0,0,0.003079,0.000102,8.852745,0.13135,0.015904,0,0,4.839972,0.160028,3,1,0,4,2.393292,0.910976,7.501269,0.05885,1.439881,2.381664,0.411036
338,729,smallBly,Alexa,1834,1367,0,0,0,0.003079,0.023955,4.73698,0.128217,0.134803,0,0,0.569531,4.430469,0,0,0,0,,0.936331,4.626551,0.05885,0.314599,2.349308,0.491916
338,730,smallBly,Deimos,1834,2155,46,0,1,0.003079,0.005359,50.827232,0.13066,1.042108,0,1,1.824697,4.175303,0,46,0,46,2.15855,0.136129,0.672631,0.05885,50.268519,2.164331,0.381725
338,732,smallBly,GPT,1834,1830,51,0,0,0.003079,8.3e-05,55.852835,0.131353,0.015813,0,0,4.868184,0.131816,33,18,0,51,1.961723,0.505756,35.499017,0.05885,20.442133,1.972347,0.381349
338,759,smallBly,BotTato,1834,1710,32,0,2,0.003079,0.006225,36.823029,0.130546,2.046425,2,0,3.65483,3.34517,7,25,0,32,2.155238,0.671241,10.3167,0.05885,26.62445,2.163581,0.383371
338,779,smallBly,oberon,1834,1472,0,0,0,0.003079,8.5e-05,4.852825,0.131352,0.015823,0,0,4.865024,0.134976,0,0,0,0,,0.889323,4.394276,0.05885,0.546874,2.349308,0.491916
338,797,smallBly,WickedBot,1834,1707,37,0,2,0.003079,0.043299,41.643101,0.125676,2.231224,0,2,0.331987,6.668013,28,7,2,37,2.195415,0.67504,31.335475,2.05885,8.605675,2.20117,0.382646
338,809,smallBly,PrimordialOrigin,1834,1258,0,0,0,0.003079,0.136344,4.191527,0.113453,0.69502,0,0,0.110433,4.889567,0,0,0,0,,0.964964,4.768033,0.05885,0.173117,2.349308,0.491916
338,813,smallBly,MewCombatMicro,1834,1511,0,0,0,0.003079,0.004268,4.832524,0.130803,0.036674,0,0,2.095434,2.904566,0,0,0,0,,0.86522,4.27518,0.05885,0.66597,2.349308,0.491916
338,827,smallBly,smokinggunbot,1834,1579,12,0,0,0.003079,8.2e-05,16.852839,0.131353,0.015808,0,0,4.869614,0.130386,8,4,0,12,2.093417,0.812738,12.015859,0.05885,4.925291,2.120791,0.391568
338,832,smallBly,muravev,1834,1632,6,0,0,0.003079,0.001014,10.84832,0.13123,0.02045,0,0,3.761722,1.238278,5,1,0,6,1.962474,0.761842,8.764376,0.05885,2.176774,2.037239,0.402359
338,836,smallBly,muravevTerran,1834,1477,0,0,0,0.003079,0.000366,4.851462,0.131315,0.017223,0,0,4.468504,0.531496,0,0,0,0,,0.886458,4.38012,0.05885,0.56103,2.349308,0.491916
338,858,smallBly,Crawler,1834,1562,8,0,0,0.003079,0.00261,12.840573,0.131021,0.028406,0,0,2.706311,2.293689,7,1,0,8,1.794289,0.827178,11.087211,0.05885,1.853939,1.878827,0.397274
338,876,smallBly,GenesisLotus,1834,1411,4,0,0,0.003079,0.009792,8.805718,0.130077,0.064204,0,0,1.196249,3.803751,4,0,0,4,1.562399,0.919456,8.543172,0.05885,0.397978,1.770429,0.411036
338,901,smallBly,clone,1834,1667,15,0,1,0.003079,0.006192,19.82319,0.13055,1.04626,1,0,2.660767,3.339233,12,3,0,15,2.12303,0.723388,15.574368,0.05885,4.366782,2.142818,0.389085
338,930,smallBly,SiriusBot,1834,1519,5,0,0,0.003079,8.3e-05,9.852838,0.131353,0.015809,0,0,4.869236,0.130764,3,2,0,5,1.883378,0.859759,7.248196,0.05885,2.692954,1.987419,0.406046
338,939,smallBly,RustyNikolaj,1834,1539,3,0,0,0.003079,0.000102,7.852743,0.13135,0.015907,0,0,4.839258,0.160742,3,0,0,3,1.867812,0.845294,7.176724,0.05885,0.764426,2.023787,0.418169
338,940,smallBly,Princess-Mika-Test,1834,1524,4,0,0,0.003079,0.032493,8.695543,0.127095,0.177362,0,0,0.432833,4.567167,4,0,0,4,1.879729,0.856252,8.23087,0.05885,0.71028,2.003869,0.411036
338,943,smallBly,puck,1834,1529,2,0,0,0.003079,8.3e-05,6.852834,0.131353,0.015813,0,0,4.868087,0.131913,2,0,0,2,1.863196,0.852673,6.213185,0.05885,0.727965,2.066476,0.429209
338,948,smallBly,titania,1834,1185,1,0,0,0.003079,0.000157,5.852475,0.131343,0.016182,0,0,4.75683,0.24317,1,0,0,1,1.756132,0.976705,5.826046,0.05885,0.115104,2.105951,0.448612
338,953,smallBly,ZeratulsRevengeTest,1834,1702,19,0,1,0.003079,0.000163,23.85245,0.131342,1.016208,1,0,5.749041,0.250959,4,15,0,19,1.559338,0.681322,7.366513,0.05885,16.574637,1.6149,0.386896
338,959,smallBly,ur_moms_a_ho,1834,1600,0,0,0,0.003079,0.022196,4.745517,0.128448,0.126035,0,0,0.609167,4.390833,0,0,0,0,,0.793641,3.921498,0.05885,1.019652,2.349308,0.491916
338,960,smallBly,BigDaddy,1834,1637,17,0,0,0.003079,0.006779,21.820339,0.130473,0.049188,0,0,1.56181,3.43819,16,1,0,17,1.914965,0.756581,19.738378,0.05885,2.202772,1.948828,0.387873
338,961,smallBly,AvocaDOS,1834,1751,39,0,0,0.003079,0.000833,43.849195,0.131254,0.019551,0,0,3.934986,1.065014,22,16,1,39,2.029412,0.617225,25.049801,1.05885,17.891349,2.040784,0.382406
338,962,smallBly,AvocaDEV,1834,1700,3,0,0,0.003079,0.057896,7.572254,0.123758,0.303988,0,0,0.252509,4.747491,2,1,0,3,2.144858,0.683816,5.378839,0.05885,2.562311,2.211087,0.418169
338,966,smallBly,ArgoBot,1834,1909,48,0,0,0.003079,8.5e-05,52.852826,0.131352,0.015822,0,0,4.865327,0.134673,14,34,0,48,2.196278,0.393712,15.945391,0.05885,36.995759,2.200727,0.381565
338,970,smallBly,TheLAW,1834,1576,9,0,1,0.003079,0.05452,13.588642,0.124202,1.287156,0,1,0.267312,5.732688,9,0,0,9,1.830725,0.815352,13.028776,0.05885,0.912374,1.902146,0.395447
338,971,smallBly,Nothing,1834,1570,11,0,0,0.003079,0.00831,15.812907,0.130272,0.056821,0,0,1.351821,3.648179,6,5,0,11,1.580311,0.820495,10.05419,0.05885,5.88696,1.669188,0.392657
338,977,smallBly,Siriusly,1834,1392,2,0,0,0.003079,0.001619,6.845383,0.131151,0.023466,0,0,3.277173,1.722827,2,0,0,2,1.797106,0.927193,6.581402,0.05885,0.359748,2.028024,0.429209
338,981,smallBly,KoB,1834,1499,7,0,0,0.003079,0.001616,11.845395,0.131151,0.023454,0,0,3.278903,1.721097,6,1,0,7,1.528572,0.873074,10.313989,0.05885,1.627161,1.668398,0.399523
338,998,smallBly,LordSuperKing,1834,1656,11,0,0,0.003079,0.000132,15.852598,0.131346,0.016055,0,0,4.794304,0.205696,8,3,0,11,1.658743,0.735877,11.636081,0.05885,4.305069,1.738555,0.392657
338,1007,smallBly,SharkGull,1834,1605,0,0,0,0.003079,0.000223,4.852158,0.131334,0.016508,0,0,4.662575,0.337425,0,0,0,0,,0.788887,3.898009,0.05885,1.043141,2.349308,0.491916
338,1008,smallBly,Creepy_canon,1834,1587,0,0,0,0.003079,0.074065,4.493783,0.121634,0.384583,0,0,0.199585,4.800415,0,0,0,0,,0.805628,3.980727,0.05885,0.960423,2.349308,0.491916
338,1023,smallBly,MY_SCRIPTING_SON,1834,1275,2,0,0,0.003079,0.333918,5.232655,0.087499,1.679846,0,0,0.045689,4.954311,2,0,0,2,1.525072,0.961501,6.750921,0.05885,0.190229,1.869748,0.429209
338,1026,smallBly,WildLupo,1834,1199,0,0,0,0.003079,0.018371,4.76408,0.12895,0.10697,0,0,0.717786,4.282214,0,0,0,0,,0.974799,4.816629,0.05885,0.124521,2.349308,0.491916
338,1029,smallBly,Chomppet,1834,1600,0,0,0,0.003079,0.022196,4.745517,0.128448,0.126035,0,0,0.609167,4.390833,0,0,0,0,,0.793641,3.921498,0.05885,1.019652,2.349308,0.491916
338,1030,smallBly,who,1834,1924,49,0,0,0.003079,8.3e-05,53.852835,0.131353,0.015812,0,0,4.868376,0.131624,10,38,1,49,1.629917,0.373301,11.844536,1.05885,41.096614,1.650419,0.38149
338,1032,smallBly,WaterLeak,1834,1607,28,0,0,0.003079,8.4e-05,32.85283,0.131353,0.015817,0,0,4.86682,0.13318,9,19,0,28,1.65551,0.786963,12.888504,0.05885,20.052646,1.689389,0.384127
338,1038,smallBly,PolyMorph,1834,1463,2,0,0,0.003079,0.001586,6.845542,0.131155,0.023303,0,0,3.30024,1.69976,2,0,0,2,1.656707,0.89432,6.418969,0.05885,0.522181,1.946337,0.429209
338,1042,smallBly,Creepy_duo_canon,1834,1386,1,0,0,0.003079,0.104041,5.348302,0.117696,0.534002,0,0,0.143734,4.856266,1,0,0,1,1.108563,0.929491,5.592754,0.05885,0.348396,1.840277,0.448612
338,1044,smallBly,DoopyBot,1834,1418,5,0,0,0.003079,0.009666,9.80633,0.130094,0.063576,0,0,1.208079,3.791921,5,0,0,5,1.602408,0.916421,9.528175,0.05885,0.412975,1.769188,0.406046
338,1045,smallBly,tito,1834,1801,40,0,0,0.003079,0.000837,44.849179,0.131254,0.019567,0,0,3.931833,1.068167,32,8,0,40,1.813252,0.547349,34.704531,0.05885,10.236619,1.831848,0.382295
338,1049,smallBly,TheCatSC2Bot,1834,970,0,0,0,0.003079,0.003084,4.838272,0.130958,0.030769,0,0,2.498126,2.501874,0,0,0,0,,0.993129,4.9072,0.05885,0.03395,2.349308,0.491916
338,1050,smallBly,onlyfans,1834,1517,5,0,0,0.003079,8.7e-05,9.852819,0.131352,0.015829,0,0,4.863179,0.136821,5,0,0,5,1.607386,0.861141,9.255027,0.05885,0.686123,1.773055,0.406046
338,1052,smallBly,Starlight,1834,1204,0,0,0,0.003079,9.3e-05,4.852789,0.131351,0.01586,0,0,4.853621,0.146379,0,0,0,0,,0.974082,4.813087,0.05885,0.128063,2.349308,0.491916
338,1054,smallBly,JimmyBotZ,1834,1724,7,0,0,0.003079,0.005286,11.827584,0.130669,0.041747,0,0,1.840483,3.159517,6,1,0,7,1.805943,0.653217,9.227644,0.05885,2.713506,1.898515,0.399523
338,1056,smallBly,bilisaur,1834,1600,0,0,0,0.003079,0.022196,4.745517,0.128448,0.126035,0,0,0.609167,4.390833,0,0,0,0,,0.793641,3.921498,0.05885,1.019652,2.349308,0.491916
338,1057,smallBly,DoopyBot-Test,1834,1238,1,0,0,0.003079,0.023755,5.737952,0.128243,0.133804,0,0,0.573783,4.426217,1,0,0,1,1.885553,0.968655,5.786269,0.05885,0.154881,2.159047,0.448612
338,1058,smallBly,JimmyBotP,1834,1711,3,0,0,0.003079,0.005341,7.82732,0.130662,0.042018,0,0,1.828611,3.171389,3,0,0,3,1.600094,0.669969,6.310417,0.05885,1.630733,1.842794,0.418169
338,1059,smallBly,NextProBot,1834,1600,0,0,0,0.003079,0.022196,4.745517,0.128448,0.126035,0,0,0.609167,4.390833,0,0,0,0,,0.793641,3.921498,0.05885,1.019652,2.349308,0.491916
338,1060,smallBly,WildFire,1834,1709,21,0,0,0.003079,0.00012,25.852655,0.131348,0.015997,0,0,4.811909,0.188091,12,9,0,21,1.62062,0.67251,15.322971,0.05885,10.618179,1.667304,0.38609
338,1065,smallBly,MindMatrix,1834,1514,0,0,0,0.003079,0.010709,4.801265,0.129957,0.068779,0,0,1.116634,3.883366,0,0,0,0,,0.863193,4.265167,0.05885,0.675983,2.349308,0.491916
338,1066,smallBly,CompetitiveBotTest,1834,1482,0,0,0,0.003079,0.003699,4.835286,0.130878,0.033837,0,0,2.271363,2.728637,0,0,0,0,,0.883528,4.365646,0.05885,0.575504,2.349308,0.491916
338,1067,smallBly,Hello_world,1834,1600,0,0,0,0.003079,0.022196,4.745517,0.128448,0.126035,0,0,0.609167,4.390833,0,0,0,0,,0.793641,3.921498,0.05885,1.019652,2.349308,0.491916
338,1078,smallBly,LoremIpsum,1834,1242,0,0,0,0.003079,0.000201,4.852265,0.131337,0.016397,0,0,4.694081,0.305919,0,0,0,0,,0.967948,4.782777,0.05885,0.158373,2.349308,0.491916
338,1079,smallBly,JimmyBotT,1834,1675,0,0,0,0.003079,0.000205,4.852246,0.131337,0.016418,0,0,4.68826,0.31174,0,0,0,0,,0.714079,3.528371,0.05885,1.412779,2.349308,0.491916
338,1080,smallBly,JimmyBot,1834,1675,0,0,0,0.003079,0.003888,4.834372,0.130853,0.034775,0,0,2.209977,2.790023,0,0,0,0,,0.714079,3.528371,0.05885,1.412779,2.349308,0.491916
338,1081,smallBly,ArtZerg,1834,1537,0,0,0,0.003079,0.000199,4.852272,0.131337,0.01639,0,0,4.696145,0.303855,0,0,0,0,,0.846793,4.184133,0.05885,0.757017,2.349308,0.491916
338,1082,smallBly,Dasyatis,1834,1573,0,0,0,0.003079,0.048918,4.615828,0.124938,0.259234,0,0,0.296109,4.703891,0,0,0,0,,0.817938,4.041553,0.05885,0.899597,2.349308,0.491916
338,1084,smallBly,ZippyZap,1834,1457,0,0,0,0.003079,0.84229,0.765406,0.020717,4.213877,0,0,0.018213,4.981787,0,0,0,0,,0.89754,4.43488,0.05885,0.50627,2.349308,0.491916
338,1085,smallBly,AgoraLord,1834,1430,0,0,0,0.003079,0.000933,4.848713,0.131241,0.020046,0,0,3.837728,1.162272,0,0,0,0,,0.910976,4.501269,0.05885,0.439881,2.349308,0.491916
338,1086,smallBly,CherBoiBlue,1834,1500,0,0,0,0.003079,0.222218,3.774762,0.102172,1.123066,0,0,0.06834,4.93166,0,0,0,0,,0.872435,4.31083,0.05885,0.63032,2.349308,0.491916
338,1087,smallBly,SwarmLord2,1834,1533,0,0,0,0.003079,0.003699,4.835286,0.130878,0.033837,0,0,2.271363,2.728637,0,0,0,0,,0.849757,4.198776,0.05885,0.742374,2.349308,0.491916
338,1088,smallBly,SwarmLord3,1834,1562,0,0,0,0.003079,0.003468,4.836408,0.130908,0.032684,0,0,2.35157,2.64843,0,0,0,0,,0.827178,4.087211,0.05885,0.853939,2.349308,0.491916
338,1089,smallBly,WorkingAsIntended,1834,1596,0,0,0,0.003079,0.041392,4.652355,0.125926,0.221718,0,0,0.346223,4.653777,0,0,0,0,,0.797386,3.940005,0.05885,1.001145,2.349308,0.491916
340,341,MechaShark,gotest,1695,1328,0,0,0,0.00159,0.116039,4.296484,0.116294,0.587222,0,0,0.067568,4.932432,0,0,0,0,,0.892124,4.408118,0.05885,0.533032,2.349308,0.491916
340,346,MechaShark,Sharkling,1695,1761,48,0,0,0.00159,0.000833,52.856441,0.13145,0.012109,0,0,3.280168,1.719832,0,48,0,48,2.32188,0.406145,2.006821,0.05885,50.934329,2.322678,0.381565
340,347,MechaShark,PhantomTest,1695,1600,0,0,0,0.00159,0.022196,4.752609,0.12864,0.118752,0,0,0.33415,4.66585,0,0,0,0,,0.633408,3.129762,0.05885,1.811388,2.349308,0.491916
340,352,MechaShark,Belzebuth,1695,1134,0,0,0,0.00159,0.297738,3.413339,0.09239,1.494272,0,0,0.026553,4.973447,0,0,0,0,,0.961925,4.753015,0.05885,0.188135,2.349308,0.491916
340,357,MechaShark,12PoolBot,1695,1765,18,5,0,0.00159,0.000136,22.85983,5.131542,0.008628,0,0,4.605474,0.394526,14,4,0,18,2.418927,0.400603,15.979441,0.05885,6.961709,2.413778,0.38736
340,374,MechaShark,SwarmLord,1695,1600,0,0,0,0.00159,0.022196,4.752609,0.12864,0.118752,0,0,0.33415,4.66585,0,0,0,0,,0.633408,3.129762,0.05885,1.811388,2.349308,0.491916
340,446,MechaShark,Xena,1695,1937,43,0,1,0.00159,0.009376,47.814918,0.130326,1.054755,0,1,0.724786,5.275214,10,33,0,43,2.294408,0.198919,10.982889,0.05885,36.958261,2.296184,0.381991
340,496,MechaShark,Zozo,1695,2089,39,0,0,0.00159,0.003751,43.842261,0.131066,0.026673,0,0,1.488247,3.511753,0,39,0,39,2.549249,0.093804,0.4635,0.05885,43.47765,2.542141,0.382406
340,510,MechaShark,PhantomBot,1695,1817,41,1,0,0.00159,0.004602,45.838126,1.130955,0.03092,0,0,1.283745,3.716255,27,13,1,41,2.418722,0.331305,28.637028,1.05885,16.304122,2.41637,0.382189
340,516,MechaShark,27turtles,1695,1526,4,2,0,0.00159,0.000103,8.859993,2.131546,0.00846,0,0,4.696665,0.303335,3,1,0,4,2.288033,0.725686,6.585722,0.05885,2.355428,2.304232,0.411036
340,517,MechaShark,VeTerran-revived,1695,1869,39,0,0,0.00159,0.000102,43.859999,0.131547,0.008455,0,0,4.699795,0.300205,8,31,0,39,2.29773,0.268622,9.327302,0.05885,34.613848,2.299563,0.382406
340,518,MechaShark,norman,1695,1674,21,0,0,0.00159,8.4e-05,25.860086,0.131549,0.008365,0,0,4.750266,0.249734,8,10,3,21,2.61817,0.530185,10.619722,3.05885,12.321428,2.600945,0.38609
340,526,MechaShark,Apidae,1695,1635,12,0,0,0.00159,0.004795,16.837188,0.130929,0.031883,0,0,1.244956,3.755044,11,1,0,12,2.171986,0.585499,13.893037,0.05885,3.048113,2.190955,0.391568
340,605,MechaShark,nida,1695,1693,12,0,0,0.00159,8.4e-05,16.860085,0.131549,0.008366,0,0,4.749728,0.250272,4,8,0,12,2.665757,0.502878,6.484797,0.05885,10.456353,2.631905,0.391568
340,637,MechaShark,72Tortoises,1695,1697,10,0,0,0.00159,0.000103,14.859994,0.131546,0.00846,0,0,4.696928,0.303072,9,1,0,10,2.082497,0.497122,11.456353,0.05885,3.484797,2.11603,0.393932
340,699,MechaShark,Clicadinha,1695,1635,11,3,0,0.00159,0.00084,15.856407,3.131449,0.012143,0,0,3.270807,1.729193,4,4,3,11,3.113796,0.585499,6.893037,3.05885,6.048113,3.02544,0.392657
340,708,MechaShark,Princess-Mika,1695,1521,4,0,0,0.00159,0.02954,8.716913,0.127674,0.155413,0,0,0.255319,4.744681,4,0,0,4,1.989271,0.731378,7.613848,0.05885,1.327302,2.084451,0.411036
340,709,MechaShark,Laser-Circus,1695,1211,0,0,0,0.00159,0.290524,3.448404,0.093339,1.458258,0,0,0.027209,4.972791,0,0,0,0,,0.941922,4.654176,0.05885,0.286974,2.349308,0.491916
340,718,MechaShark,Mulebot,1695,1689,20,0,2,0.00159,0.004543,24.838409,0.130962,2.030629,1,1,2.295919,4.704081,14,4,2,20,1.98432,0.508634,16.513236,2.05885,6.427914,2.008794,0.386474
340,720,MechaShark,PiG_Bot,1695,1627,3,0,0,0.00159,0.000165,7.859688,0.131538,0.008774,0,0,4.528786,0.471214,3,0,0,3,1.580815,0.596629,5.948034,0.05885,1.993116,1.829759,0.418169
340,721,MechaShark,49Terrapins,1695,1430,1,0,0,0.00159,0.000102,5.859997,0.131547,0.008456,0,0,4.699019,0.300981,1,0,0,1,2.999724,0.821341,5.058371,0.05885,0.882779,2.616149,0.448612
340,729,MechaShark,Alexa,1695,1367,0,0,0,0.00159,0.023955,4.744059,0.128408,0.127533,0,0,0.311141,4.688859,0,0,0,0,,0.868541,4.291591,0.05885,0.649559,2.349308,0.491916
340,730,MechaShark,Deimos,1695,2155,49,0,0,0.00159,0.005359,53.834446,0.130855,0.034699,0,0,1.143875,3.856125,6,43,0,49,2.330861,0.066114,6.326679,0.05885,47.614471,2.331387,0.38149
340,732,MechaShark,GPT,1695,1830,48,0,0,0.00159,8.3e-05,52.860087,0.131549,0.008364,0,0,4.7508,0.2492,48,0,0,48,2.294253,0.31494,49.556168,0.05885,3.384982,2.295853,0.381565
340,759,MechaShark,BotTato,1695,1710,34,0,0,0.00159,0.006225,38.830236,0.130741,0.039023,0,0,1.017087,3.982913,17,17,0,34,2.600564,0.478427,19.363978,0.05885,19.577172,2.590372,0.383057
340,779,MechaShark,oberon,1695,1472,0,0,0,0.00159,8.5e-05,4.860077,0.131549,0.008374,0,0,4.744975,0.255025,0,0,0,0,,0.783077,3.869303,0.05885,1.071847,2.349308,0.491916
340,797,MechaShark,WickedBot,1695,1707,34,0,1,0.00159,0.043299,38.650039,0.125864,1.224097,0,1,0.177061,5.822939,4,30,0,34,2.514803,0.482737,6.385278,0.05885,32.555872,2.50809,0.383057
340,809,MechaShark,PrimordialOrigin,1695,1258,0,0,0,0.00159,0.136344,4.197791,0.113622,0.688586,0,0,0.057622,4.942378,0,0,0,0,,0.925226,4.571683,0.05885,0.369467,2.349308,0.491916
340,813,MechaShark,MewCombatMicro,1695,1511,0,0,0,0.00159,0.004268,4.839745,0.130998,0.029256,0,0,1.356759,3.643241,0,0,0,0,,0.742536,3.66898,0.05885,1.27217,2.349308,0.491916
340,827,MechaShark,smokinggunbot,1695,1579,14,0,0,0.00159,8.2e-05,18.860091,0.131549,0.00836,0,0,4.753441,0.246559,14,0,0,14,2.383237,0.660999,17.266096,0.05885,1.675054,2.380077,0.389807
340,832,MechaShark,muravev,1695,1632,6,0,0,0.00159,0.001014,10.855565,0.131427,0.013008,0,0,3.053081,1.946919,4,2,0,6,3.152051,0.589684,6.913715,0.05885,4.027435,2.996902,0.402359
340,836,MechaShark,muravevTerran,1695,1477,0,0,0,0.00159,0.000366,4.858712,0.131512,0.009776,0,0,4.06366,0.93634,0,0,0,0,,0.778148,3.844948,0.05885,1.096202,2.349308,0.491916
340,858,MechaShark,Crawler,1695,1562,3,2,0,0.00159,0.00261,7.847807,2.131217,0.020977,0,0,1.892609,3.107391,3,0,0,3,2.462653,0.68257,6.372683,0.05885,1.568467,2.425936,0.418169
340,876,MechaShark,GenesisLotus,1695,1411,0,0,2,0.00159,0.009792,4.8129,0.130272,2.056828,0,2,0.698341,6.301659,0,0,0,0,,0.836831,4.134907,0.05885,0.806243,2.349308,0.491916
340,901,MechaShark,clone,1695,1667,21,0,0,0.00159,0.006192,25.830398,0.130745,0.038857,0,0,1.021434,3.978566,16,3,2,21,1.948125,0.540208,18.66925,2.05885,5.2719,1.973827,0.38609
340,930,MechaShark,SiriusBot,1695,1519,6,0,0,0.00159,8.3e-05,10.86009,0.131549,0.008361,0,0,4.752742,0.247258,6,0,0,6,2.768178,0.733634,9.624994,0.05885,1.316156,2.687222,0.402359
340,939,MechaShark,RustyNikolaj,1695,1539,0,0,0,0.00159,0.000102,4.859995,0.131546,0.008459,0,0,4.697716,0.302284,0,0,0,0,,0.71054,3.510885,0.05885,1.430265,2.349308,0.491916
340,940,MechaShark,Princess-Mika-Test,1695,1524,5,0,1,0.00159,0.032493,9.70256,0.127285,1.170155,0,1,0.233197,5.766803,5,0,0,5,2.851579,0.727972,8.597016,0.05885,1.344134,2.739423,0.406046
340,943,MechaShark,puck,1695,1529,3,0,0,0.00159,8.3e-05,7.860087,0.131549,0.008365,0,0,4.750622,0.249378,3,0,0,3,1.927356,0.722235,6.568669,0.05885,1.372481,2.064043,0.418169
340,948,MechaShark,titania,1695,1185,1,0,0,0.00159,0.000157,5.859727,0.131539,0.008734,0,0,4.549464,0.450536,1,0,0,1,1.964311,0.949588,5.692056,0.05885,0.249094,2.191358,0.448612
340,953,MechaShark,ZeratulsRevengeTest,1695,1702,17,0,0,0.00159,0.000163,21.859701,0.131539,0.00876,0,0,4.535681,0.464319,16,1,0,17,1.557976,0.489928,18.420806,0.05885,3.520344,1.619672,0.387873
340,959,MechaShark,ur_moms_a_ho,1695,1600,0,0,0,0.00159,0.022196,4.752609,0.12864,0.118752,0,0,0.33415,4.66585,0,0,0,0,,0.633408,3.129762,0.05885,1.811388,2.349308,0.491916
340,960,MechaShark,BigDaddy,1695,1637,14,0,1,0.00159,0.006779,18.827543,0.130668,1.041789,0,1,0.949737,5.050263,4,10,0,14,1.984418,0.582702,6.879217,0.05885,12.061933,2.018395,0.389807
340,961,MechaShark,AvocaDOS,1695,1751,37,0,0,0.00159,0.000833,41.856441,0.13145,0.012109,0,0,3.280168,1.719832,27,10,0,37,2.399674,0.4201,29.075778,0.05885,12.865372,2.39779,0.382646
340,962,MechaShark,AvocaDEV,1695,1700,2,0,0,0.00159,0.057896,6.579087,0.123943,0.29697,0,0,0.133611,4.866389,1,1,0,2,2.244953,0.492805,3.435023,0.05885,3.506127,2.288592,0.429209
340,966,MechaShark,ArgoBot,1695,1909,47,0,0,0.00159,8.5e-05,51.860078,0.131549,0.008373,0,0,4.745532,0.254468,4,41,2,47,2.476156,0.225852,5.115969,2.05885,44.825181,2.472392,0.381644
340,970,MechaShark,TheLAW,1695,1576,10,0,0,0.00159,0.05452,14.595499,0.124387,0.280113,0,0,0.141651,4.858349,10,0,0,10,1.655805,0.664858,13.285163,0.05885,1.655987,1.742965,0.393932
340,971,MechaShark,Nothing,1695,1570,11,0,0,0.00159,0.00831,15.8201,0.130467,0.049434,0,0,0.802827,4.197173,11,0,0,11,1.706594,0.67251,14.322971,0.05885,1.618179,1.780876,0.392657
340,977,MechaShark,Siriusly,1695,1392,3,0,0,0.00159,0.001619,7.852624,0.131347,0.016029,0,0,2.477204,2.522796,3,0,0,3,2.207219,0.851221,7.20601,0.05885,0.73514,2.253247,0.418169
340,981,MechaShark,KoB,1695,1499,8,0,0,0.00159,0.001616,12.852636,0.131347,0.016017,0,0,2.479119,2.520881,8,0,0,8,1.877447,0.755519,11.733132,0.05885,1.208018,1.949319,0.397274
340,998,MechaShark,LordSuperKing,1695,1656,11,0,0,0.00159,0.000132,15.85985,0.131543,0.008608,0,0,4.616315,0.383685,4,7,0,11,2.750363,0.555891,6.746741,0.05885,9.194409,2.704011,0.392657
340,1007,MechaShark,SharkGull,1695,1605,2,0,0,0.00159,0.000223,6.859409,0.131531,0.00906,0,0,4.385219,0.614781,1,1,0,2,2.148969,0.626699,4.096614,0.05885,2.844536,2.232746,0.429209
340,1008,MechaShark,Creepy_canon,1695,1587,0,0,0,0.00159,0.074065,4.500498,0.121816,0.377686,0,0,0.105056,4.894944,0,0,0,0,,0.650605,3.214735,0.05885,1.726415,2.349308,0.491916
340,1023,MechaShark,MY_SCRIPTING_SON,1695,1275,0,0,0,0.00159,0.333918,3.237486,0.08763,1.674884,0,0,0.023689,4.976311,0,0,0,0,,0.918168,4.536807,0.05885,0.404343,2.349308,0.491916
340,1026,MechaShark,WildLupo,1695,1199,0,0,0,0.00159,0.018371,4.771199,0.129143,0.099658,0,0,0.398179,4.601821,0,0,0,0,,0.945587,4.672288,0.05885,0.268862,2.349308,0.491916
340,1029,MechaShark,Chomppet,1695,1600,0,0,0,0.00159,0.022196,4.752609,0.12864,0.118752,0,0,0.33415,4.66585,0,0,0,0,,0.633408,3.129762,0.05885,1.811388,2.349308,0.491916
340,1030,MechaShark,who,1695,1924,45,4,0,0.00159,8.3e-05,49.860087,4.131549,0.008364,0,0,4.751156,0.248844,5,39,1,45,2.205086,0.211113,6.043141,1.05885,42.898009,2.209551,0.38181
340,1032,MechaShark,WaterLeak,1695,1607,20,4,0,0.00159,8.4e-05,24.860083,4.131549,0.008369,0,0,4.748285,0.251715,18,1,1,20,2.198646,0.624002,21.083286,1.05885,2.857864,2.208749,0.386474
340,1038,MechaShark,PolyMorph,1695,1463,3,0,0,0.00159,0.001586,7.852783,0.131351,0.015865,0,0,2.502821,2.497179,3,0,0,3,1.992911,0.791749,6.91215,0.05885,1.029,2.108362,0.418169
340,1042,MechaShark,Creepy_duo_canon,1695,1386,0,0,0,0.00159,0.104041,4.3548,0.117872,0.527328,0,0,0.075243,4.924757,0,0,0,0,,0.855542,4.227362,0.05885,0.713788,2.349308,0.491916
340,1044,MechaShark,DoopyBot,1695,1418,1,1,0,0.00159,0.009666,5.813513,1.130288,0.056199,0,0,0.706161,4.293839,1,0,0,1,2.869035,0.831254,5.10735,0.05885,0.8338,2.562532,0.448612
340,1045,MechaShark,tito,1695,1801,47,0,0,0.00159,0.000837,51.856426,0.13145,0.012124,0,0,3.275925,1.724075,20,27,0,47,2.27448,0.352017,21.739369,0.05885,30.201781,2.276701,0.381644
340,1049,MechaShark,TheCatSC2Bot,1695,970,0,0,0,0.00159,0.003084,4.845502,0.131154,0.023343,0,0,1.700609,3.299391,0,0,0,0,,0.984834,4.866214,0.05885,0.074936,2.349308,0.491916
340,1050,MechaShark,onlyfans,1695,1517,5,0,0,0.00159,8.7e-05,9.860071,0.131549,0.00838,0,0,4.741576,0.258424,5,0,0,5,2.225291,0.735877,8.636081,0.05885,1.305069,2.252984,0.406046
340,1052,MechaShark,Starlight,1695,1204,0,0,0,0.00159,9.3e-05,4.860041,0.131548,0.008412,0,0,4.724005,0.275995,0,0,0,0,,0.944087,4.664876,0.05885,0.276274,2.349308,0.491916
340,1054,MechaShark,JimmyBotZ,1695,1724,6,0,0,0.00159,0.005286,10.834798,0.130864,0.034338,0,0,1.155915,3.844085,6,0,0,6,1.864869,0.458362,8.264837,0.05885,2.676313,1.958498,0.402359
340,1056,MechaShark,bilisaur,1695,1600,0,0,0,0.00159,0.022196,4.752609,0.12864,0.118752,0,0,0.33415,4.66585,0,0,0,0,,0.633408,3.129762,0.05885,1.811388,2.349308,0.491916
340,1057,MechaShark,DoopyBot-Test,1695,1238,1,0,0,0.00159,0.023755,5.745033,0.128435,0.126532,0,0,0.3136,4.6864,1,0,0,1,2.122262,0.932812,5.609162,0.05885,0.331988,2.256159,0.448612
340,1058,MechaShark,JimmyBotP,1695,1711,3,0,0,0.00159,0.005341,7.834534,0.130857,0.034609,0,0,1.146856,3.853144,1,2,0,3,1.938076,0.47699,3.356881,0.05885,4.584269,2.07129,0.418169
340,1059,MechaShark,NextProBot,1695,1600,0,0,0,0.00159,0.022196,4.752609,0.12864,0.118752,0,0,0.33415,4.66585,0,0,0,0,,0.633408,3.129762,0.05885,1.811388,2.349308,0.491916
340,1060,MechaShark,WildFire,1695,1709,16,4,0,0.00159,0.00012,20.859907,4.131544,0.008549,0,0,4.648037,0.351963,15,0,1,16,3.312714,0.479863,17.371076,1.05885,2.570074,3.233295,0.388445
340,1065,MechaShark,MindMatrix,1695,1514,1,0,0,0.00159,0.010709,5.80844,0.130151,0.061409,0,0,0.646234,4.353766,1,0,0,1,1.911023,0.73922,4.652598,0.05885,1.288552,2.169496,0.448612
340,1066,MechaShark,CompetitiveBotTest,1695,1482,0,0,0,0.00159,0.003699,4.842512,0.131073,0.026415,0,0,1.502756,3.497244,0,0,0,0,,0.77314,3.8202,0.05885,1.12095,2.349308,0.491916
340,1067,MechaShark,Hello_world,1695,1600,0,0,0,0.00159,0.022196,4.752609,0.12864,0.118752,0,0,0.33415,4.66585,0,0,0,0,,0.633408,3.129762,0.05885,1.811388,2.349308,0.491916
340,1078,MechaShark,LoremIpsum,1695,1242,0,0,0,0.00159,0.000201,4.859517,0.131534,0.00895,0,0,4.439509,0.560491,0,0,0,0,,0.931354,4.60196,0.05885,0.33919,2.349308,0.491916
340,1079,MechaShark,JimmyBotT,1695,1675,3,0,0,0.00159,0.000205,7.859497,0.131533,0.00897,0,0,4.429432,0.570568,3,0,0,3,2.401958,0.528751,5.612636,0.05885,2.328514,2.384903,0.418169
340,1080,MechaShark,JimmyBot,1695,1675,2,0,0,0.00159,0.003888,6.841596,0.131048,0.027355,0,0,1.451096,3.548904,2,0,0,2,2.312378,0.528751,4.612636,0.05885,2.328514,2.327821,0.429209
340,1081,MechaShark,ArtZerg,1695,1537,3,0,0,0.00159,0.000199,7.859524,0.131534,0.008943,0,0,4.443086,0.556914,3,0,0,3,2.006423,0.712902,6.522556,0.05885,1.418594,2.117496,0.418169
340,1082,MechaShark,Dasyatis,1695,1573,0,0,1,0.00159,0.048918,4.622726,0.125124,1.25215,0,1,0.157362,5.842638,0,0,0,0,,0.668695,3.304122,0.05885,1.637028,2.349308,0.491916
340,1084,MechaShark,ZippyZap,1695,1457,0,0,0,0.00159,0.84229,0.76655,0.020748,4.212702,0,0,0.009418,4.990582,0,0,0,0,,0.797386,3.940005,0.05885,1.001145,2.349308,0.491916
340,1085,MechaShark,AgoraLord,1695,1430,0,0,0,0.00159,0.000933,4.855959,0.131437,0.012604,0,0,3.151206,1.848794,0,0,0,0,,0.821341,4.058371,0.05885,0.882779,2.349308,0.491916
340,1086,MechaShark,CherBoiBlue,1695,1500,0,0,0,0.00159,0.222218,3.780403,0.102325,1.117272,0,0,0.035512,4.964488,0,0,0,0,,0.754454,3.727871,0.05885,1.213279,2.349308,0.491916
340,1087,MechaShark,SwarmLord2,1695,1533,0,0,0,0.00159,0.003699,4.842512,0.131073,0.026415,0,0,1.502756,3.497244,0,0,0,0,,0.717592,3.545728,0.05885,1.395422,2.349308,0.491916
340,1088,MechaShark,SwarmLord3,1695,1562,0,0,0,0.00159,0.003468,4.843635,0.131104,0.025261,0,0,1.571453,3.428547,0,0,0,0,,0.68257,3.372683,0.05885,1.568467,2.349308,0.491916
340,1089,MechaShark,WorkingAsIntended,1695,1596,0,0,0,0.00159,0.041392,4.659308,0.126114,0.214578,0,0,0.184917,4.815083,0,0,0,0,,0.638738,3.156099,0.05885,1.785051,2.349308,0.491916
341,346,gotest,Sharkling,1328,1761,1,0,0,0.116039,0.000833,5.299738,0.116382,0.58388,0,0,4.964344,0.035656,0,1,0,1,1.470176,0.076382,0.377416,0.05885,5.563734,1.988634,0.448612
341,347,gotest,PhantomTest,1328,1600,0,0,0,0.116039,0.022196,4.207808,0.113894,0.678298,0,0,4.197166,0.802834,0,0,0,0,,0.172822,0.853939,0.05885,4.087211,2.349308,0.491916
341,352,gotest,Belzebuth,1328,1134,17,5,19,0.116039,0.297738,20.022061,5.081799,20.89614,2,17,3.402195,20.597805,2,15,0,17,2.605324,0.753386,5.722594,0.05885,16.218556,2.585364,0.387873
341,357,gotest,12PoolBot,1328,1765,1,0,0,0.116039,0.000136,5.302739,0.116463,0.580798,0,0,4.994139,0.005861,0,1,0,1,1.642873,0.074774,0.369467,0.05885,5.571683,2.059484,0.448612
341,374,gotest,SwarmLord,1328,1600,0,0,0,0.116039,0.022196,4.207808,0.113894,0.678298,0,0,4.197166,0.802834,0,0,0,0,,0.172822,0.853939,0.05885,4.087211,2.349308,0.491916
341,446,gotest,Xena,1328,1937,0,0,0,0.116039,0.009376,4.262975,0.115387,0.621638,0,0,4.626189,0.373811,0,0,0,0,,0.029151,0.144039,0.05885,4.797111,2.349308,0.491916
341,496,gotest,Zozo,1328,2089,0,0,0,0.116039,0.003751,4.287183,0.116042,0.596775,0,0,4.843439,0.156561,0,0,0,0,,0.012362,0.061084,0.05885,4.880066,2.349308,0.491916
341,510,gotest,PhantomBot,1328,1817,0,0,0,0.116039,0.004602,4.283522,0.115943,0.600535,0,0,4.809284,0.190716,0,0,0,0,,0.056524,0.279292,0.05885,4.661858,2.349308,0.491916
341,516,gotest,27turtles,1328,1526,1,0,0,0.116039,0.000103,5.302883,0.116467,0.58065,0,0,4.99558,0.00442,0,1,0,1,3.43431,0.242361,1.197541,0.05885,4.743609,2.794443,0.448612
341,517,gotest,VeTerran-revived,1328,1869,0,0,0,0.116039,0.000102,4.302888,0.116467,0.580645,0,0,4.995629,0.004371,0,0,0,0,,0.042523,0.210115,0.05885,4.731035,2.349308,0.491916
341,518,gotest,norman,1328,1674,1,0,0,0.116039,8.4e-05,5.302965,0.116469,0.580566,0,0,4.996402,0.003598,0,1,0,1,2.294553,0.120073,0.5933,0.05885,5.34785,2.326844,0.448612
341,526,gotest,Apidae,1328,1635,1,0,0,0.116039,0.004795,5.282692,0.11592,0.601387,0,0,4.801606,0.198394,1,0,0,1,2.09433,0.145887,1.720848,0.05885,4.220302,2.2447,0.448612
341,605,gotest,nida,1328,1693,1,0,0,0.116039,8.4e-05,5.302964,0.116469,0.580567,0,0,4.996394,0.003606,0,1,0,1,2.319442,0.108989,0.538531,0.05885,5.402619,2.337055,0.448612
341,637,gotest,72Tortoises,1328,1697,1,0,0,0.116039,0.000103,5.302883,0.116467,0.58065,0,0,4.995584,0.004416,1,0,0,1,2.068128,0.106773,1.527582,0.05885,4.413568,2.23395,0.448612
341,699,gotest,Clicadinha,1328,1635,1,0,0,0.116039,0.00084,5.299708,0.116381,0.583911,0,0,4.964049,0.035951,0,1,0,1,1.979621,0.145887,0.720848,0.05885,5.220302,2.19764,0.448612
341,708,gotest,Princess-Mika,1328,1521,26,2,2,0.116039,0.02954,30.176204,2.113038,2.710758,2,0,5.985432,1.014568,4,21,1,26,2.580093,0.247685,5.223849,1.05885,24.717301,2.568002,0.384586
341,709,gotest,Laser-Circus,1328,1211,2,0,5,0.116039,0.290524,5.053107,0.082639,6.864254,5,0,6.427076,3.572924,1,1,0,2,2.862653,0.662288,4.272463,0.05885,2.668687,2.647984,0.429209
341,718,gotest,Mulebot,1328,1689,1,0,0,0.116039,0.004543,5.283773,0.11595,0.600278,0,0,4.811603,0.188397,0,1,0,1,3.053529,0.111245,0.54968,0.05885,5.39147,2.638223,0.448612
341,720,gotest,PiG_Bot,1328,1627,1,0,0,0.116039,0.000165,5.302613,0.11646,0.580927,0,0,4.992883,0.007117,1,0,0,1,2.792391,0.151719,1.749666,0.05885,4.191484,2.531088,0.448612
341,721,gotest,49Terrapins,1328,1430,29,2,1,0.116039,0.000102,33.302886,2.116467,1.580646,1,0,5.995617,0.004383,25,4,0,29,2.075142,0.357287,26.765408,0.05885,7.175742,2.08809,0.383919
341,729,gotest,Alexa,1328,1367,5,1,27,0.116039,0.023955,9.200238,1.113689,27.686073,27,0,31.144429,0.855571,1,3,1,5,2.455506,0.444109,3.194409,1.05885,5.746741,2.431793,0.406046
341,730,gotest,Deimos,1328,2155,0,0,0,0.116039,0.005359,4.280264,0.115855,0.603881,0,0,4.779293,0.220707,0,0,0,0,,0.008488,0.04194,0.05885,4.89921,2.349308,0.491916
341,732,gotest,GPT,1328,1830,0,0,0,0.116039,8.3e-05,4.302966,0.116469,0.580565,0,0,4.99641,0.00359,0,0,0,0,,0.052663,0.260215,0.05885,4.680935,2.349308,0.491916
341,759,gotest,BotTato,1328,1710,1,0,0,0.116039,0.006225,5.276537,0.115754,0.607709,0,0,4.745434,0.254566,0,1,0,1,2.174752,0.099843,0.49334,0.05885,5.44781,2.277694,0.448612
341,779,gotest,oberon,1328,1472,40,0,0,0.116039,8.5e-05,44.302957,0.116469,0.580574,0,0,4.996321,0.003679,0,40,0,40,2.465452,0.303871,1.501473,0.05885,43.439677,2.461423,0.382295
341,797,gotest,WickedBot,1328,1707,0,0,0,0.116039,0.043299,4.116996,0.111436,0.771568,0,0,3.641294,1.358706,0,0,0,0,,0.101406,0.501062,0.05885,4.440088,2.349308,0.491916
341,809,gotest,PrimordialOrigin,1328,1258,39,1,0,0.116039,0.136344,42.71659,1.100598,1.182812,0,0,2.298867,2.701133,37,2,0,39,1.815168,0.599397,39.961709,0.05885,3.979441,1.834156,0.382406
341,813,gotest,MewCombatMicro,1328,1511,1,0,0,0.116039,0.004268,5.284956,0.115982,0.599062,0,0,4.822602,0.177398,1,0,0,1,2.551006,0.258566,2.277616,0.05885,3.663534,2.432057,0.448612
341,827,gotest,smokinggunbot,1328,1579,5,0,0,0.116039,8.2e-05,9.30297,0.116469,0.580561,0,0,4.99645,0.00355,1,4,0,5,2.381985,0.190792,1.942732,0.05885,7.998418,2.374689,0.406046
341,832,gotest,muravev,1328,1632,1,0,0,0.116039,0.001014,5.298962,0.116361,0.584677,0,0,4.9567,0.0433,0,1,0,1,2.260721,0.148052,0.731545,0.05885,5.209605,2.312964,0.448612
341,836,gotest,muravevTerran,1328,1477,9,0,0,0.116039,0.000366,13.301748,0.116436,0.581815,0,0,4.984267,0.015733,2,7,0,9,2.353203,0.297817,3.47156,0.05885,10.46959,2.352667,0.395447
341,858,gotest,Crawler,1328,1562,9,0,0,0.116039,0.00261,13.292093,0.116175,0.591732,0,0,4.890017,0.109983,0,9,0,9,1.638676,0.206359,1.019652,0.05885,12.921498,1.736545,0.395447
341,876,gotest,GenesisLotus,1328,1411,39,0,0,0.116039,0.009792,43.261188,0.115338,0.623474,0,0,4.610922,0.389078,38,1,0,39,1.693323,0.382775,39.891349,0.05885,4.049801,1.716642,0.382406
341,901,gotest,clone,1328,1667,0,0,0,0.116039,0.006192,4.27668,0.115758,0.607562,0,0,4.746726,0.253274,0,0,0,0,,0.124396,0.614661,0.05885,4.326489,2.349308,0.491916
341,930,gotest,SiriusBot,1328,1519,17,1,0,0.116039,8.3e-05,21.302969,1.116469,0.580562,0,0,4.996439,0.003561,8,9,0,17,2.253001,0.249837,9.23448,0.05885,12.70667,2.260509,0.387873
341,939,gotest,RustyNikolaj,1328,1539,29,0,0,0.116039,0.000102,33.302884,0.116467,0.580649,0,0,4.995597,0.004403,0,29,0,29,2.425908,0.228886,1.130959,0.05885,32.810191,2.422291,0.383919
341,940,gotest,Princess-Mika-Test,1328,1524,5,0,23,0.116039,0.032493,9.163496,0.112694,23.723809,23,0,26.906196,1.093804,2,3,0,5,2.245827,0.244481,3.208018,0.05885,6.733132,2.268934,0.406046
341,943,gotest,puck,1328,1529,32,1,0,0.116039,8.3e-05,36.302965,1.116469,0.580565,0,0,4.996407,0.003593,7,25,0,32,2.112518,0.239204,8.181942,0.05885,28.759208,2.122697,0.383371
341,948,gotest,titania,1328,1185,15,1,0,0.116039,0.000157,19.302647,1.116461,0.580892,0,0,4.993226,0.006774,8,7,0,15,2.165729,0.69491,11.433653,0.05885,8.507497,2.181783,0.389085
341,953,gotest,ZeratulsRevengeTest,1328,1702,1,0,0,0.116039,0.000163,5.302624,0.11646,0.580916,0,0,4.992998,0.007002,0,1,0,1,1.506297,0.104059,0.514171,0.05885,5.426979,2.003453,0.448612
341,959,gotest,ur_moms_a_ho,1328,1600,0,0,0,0.116039,0.022196,4.207808,0.113894,0.678298,0,0,4.197166,0.802834,0,0,0,0,,0.172822,0.853939,0.05885,4.087211,2.349308,0.491916
341,960,gotest,BigDaddy,1328,1637,1,0,0,0.116039,0.006779,5.274152,0.115689,0.610158,0,0,4.724023,0.275977,0,1,0,1,1.640937,0.144458,0.713788,0.05885,5.227362,2.05869,0.448612
341,961,gotest,AvocaDOS,1328,1751,0,0,0,0.116039,0.000833,4.299738,0.116382,0.58388,0,0,4.964344,0.035656,0,0,0,0,,0.080544,0.397978,0.05885,4.543172,2.349308,0.491916
341,962,gotest,AvocaDEV,1328,1700,1,0,0,0.116039,0.057896,5.054177,0.109735,0.836088,0,0,3.335694,1.664306,0,1,0,1,1.937302,0.105137,0.519499,0.05885,5.421651,2.180278,0.448612
341,966,gotest,ArgoBot,1328,1909,0,0,0,0.116039,8.5e-05,4.302958,0.116469,0.580573,0,0,4.99633,0.00367,0,0,0,0,,0.034076,0.168373,0.05885,4.772777,2.349308,0.491916
341,970,gotest,TheLAW,1328,1576,1,0,0,0.116039,0.05452,5.068708,0.110129,0.821163,0,0,3.401734,1.598266,0,1,0,1,2.071913,0.193472,0.955977,0.05885,4.985173,2.235503,0.448612
341,971,gotest,Nothing,1328,1570,1,0,0,0.116039,0.00831,5.267562,0.115511,0.616927,0,0,4.665846,0.334154,0,1,0,1,2.196113,0.198919,0.982889,0.05885,4.958261,2.286458,0.448612
341,977,gotest,Siriusly,1328,1392,38,0,0,0.116039,0.001619,42.296358,0.11629,0.587351,0,0,4.931205,0.068795,24,11,3,38,2.200013,0.408924,26.020557,3.05885,13.920593,2.205455,0.382523
341,981,gotest,KoB,1328,1499,26,0,1,0.116039,0.001616,30.296369,0.116291,1.587341,1,0,5.931309,0.068691,8,18,0,26,2.151911,0.272028,9.344134,0.05885,21.597016,2.162253,0.384586
341,998,gotest,LordSuperKing,1328,1656,1,0,0,0.116039,0.000132,5.302756,0.116464,0.58078,0,0,4.994314,0.005686,0,1,0,1,2.415914,0.131459,0.649559,0.05885,5.291591,2.376634,0.448612
341,1007,gotest,SharkGull,1328,1605,1,0,0,0.116039,0.000223,5.302366,0.116453,0.581181,0,0,4.990416,0.009584,0,1,0,1,1.931521,0.168746,0.8338,0.05885,5.10735,2.177906,0.448612
341,1008,gotest,Creepy_canon,1328,1587,0,0,0,0.116039,0.074065,3.984597,0.107852,0.907551,0,0,3.051985,1.948015,0,0,0,0,,0.183783,0.9081,0.05885,4.03305,2.349308,0.491916
341,1023,gotest,MY_SCRIPTING_SON,1328,1275,22,0,18,0.116039,0.333918,24.866367,0.077585,20.056049,0,18,1.289448,21.710552,22,0,0,22,2.077807,0.575687,24.844556,0.05885,2.096594,2.094459,0.385739
341,1026,gotest,WildLupo,1328,1199,30,2,8,0.116039,0.018371,34.224267,2.114339,8.661394,8,0,12.316601,0.683399,24,6,0,30,2.279478,0.677561,27.347928,0.05885,7.593222,2.282671,0.383725
341,1029,gotest,Chomppet,1328,1600,0,0,0,0.116039,0.022196,4.207808,0.113894,0.678298,0,0,4.197166,0.802834,0,0,0,0,,0.172822,0.853939,0.05885,4.087211,2.349308,0.491916
341,1030,gotest,who,1328,1924,0,0,0,0.116039,8.3e-05,4.302966,0.116469,0.580564,0,0,4.996415,0.003585,0,0,0,0,,0.031345,0.154881,0.05885,4.786269,2.349308,0.491916
341,1032,gotest,WaterLeak,1328,1607,1,0,0,0.116039,8.4e-05,5.302962,0.116469,0.580569,0,0,4.996372,0.003628,0,1,0,1,1.583094,0.167137,0.825851,0.05885,5.115299,2.03496,0.448612
341,1038,gotest,PolyMorph,1328,1463,35,1,1,0.116039,0.001586,39.296499,1.116294,1.587206,1,0,5.932582,0.067418,5,29,1,35,2.581623,0.31494,6.556168,1.05885,32.384982,2.572458,0.382913
341,1042,gotest,Creepy_duo_canon,1328,1386,34,0,1,0.116039,0.104041,37.855601,0.10436,2.040039,0,1,2.63629,3.36371,29,5,0,34,1.884731,0.417298,31.061933,0.05885,7.879217,1.903576,0.383057
341,1044,gotest,DoopyBot,1328,1418,25,1,3,0.116039,0.009666,29.26173,1.115353,3.622916,3,0,7.615544,0.384456,0,25,0,25,2.420549,0.373301,1.844536,0.05885,28.096614,2.416675,0.384842
341,1045,gotest,tito,1328,1801,1,0,0,0.116039,0.000837,5.299724,0.116382,0.583894,0,0,4.964211,0.035789,1,0,0,1,2.148268,0.061641,1.304577,0.05885,4.636573,2.266829,0.448612
341,1049,gotest,TheCatSC2Bot,1328,970,39,0,2,0.116039,0.003084,43.290053,0.11612,2.593827,2,0,6.870554,0.129446,39,0,0,39,1.778612,0.887036,43.382977,0.05885,0.558173,1.798899,0.382406
341,1050,gotest,onlyfans,1328,1517,19,3,0,0.116039,8.7e-05,23.302952,3.116469,0.580579,0,0,4.99627,0.00373,2,17,0,19,2.515536,0.252,3.245172,0.05885,20.695978,2.503844,0.386896
341,1052,gotest,Starlight,1328,1204,33,1,6,0.116039,9.3e-05,37.302925,1.116468,6.580607,6,0,10.996002,0.003998,18,10,5,33,2.49977,0.671241,21.3167,5.05885,11.62445,2.493489,0.38321
341,1054,gotest,JimmyBotZ,1328,1724,4,0,0,0.116039,0.005286,8.280576,0.115863,0.603561,0,0,4.782143,0.217857,0,4,0,4,1.739092,0.09283,0.458687,0.05885,8.482463,1.900411,0.411036
341,1056,gotest,bilisaur,1328,1600,0,0,0,0.116039,0.022196,4.207808,0.113894,0.678298,0,0,4.197166,0.802834,0,0,0,0,,0.172822,0.853939,0.05885,4.087211,2.349308,0.491916
341,1057,gotest,DoopyBot-Test,1328,1238,21,9,4,0.116039,0.023755,25.201101,9.113712,4.685187,4,0,8.150369,0.849631,5,16,0,21,2.646459,0.626699,8.096614,0.05885,17.844536,2.627422,0.38609
341,1058,gotest,JimmyBotP,1328,1711,17,0,1,0.116039,0.005341,21.280342,0.115857,1.603801,1,0,5.780004,0.219996,13,4,0,17,1.823739,0.099327,13.490789,0.05885,8.450361,1.864714,0.387873
341,1059,gotest,NextProBot,1328,1600,0,0,0,0.116039,0.022196,4.207808,0.113894,0.678298,0,0,4.197166,0.802834,0,0,0,0,,0.172822,0.853939,0.05885,4.087211,2.349308,0.491916
341,1060,gotest,WildFire,1328,1709,1,0,0,0.116039,0.00012,5.302807,0.116465,0.580728,0,0,4.994819,0.005181,0,1,0,1,2.013569,0.100362,0.495902,0.05885,5.445248,2.211567,0.448612
341,1065,gotest,MindMatrix,1328,1514,19,0,1,0.116039,0.010709,23.257239,0.115232,1.62753,0,1,4.577537,1.422463,3,16,0,19,2.439383,0.25527,4.261325,0.05885,19.679825,2.433048,0.386896
341,1066,gotest,CompetitiveBotTest,1328,1482,1,0,0,0.116039,0.003699,5.287405,0.116048,0.596547,0,0,4.845525,0.154475,1,0,0,1,0.966984,0.291834,2.441994,0.05885,3.499156,1.782193,0.448612
341,1067,gotest,Hello_world,1328,1600,0,0,0,0.116039,0.022196,4.207808,0.113894,0.678298,0,0,4.197166,0.802834,0,0,0,0,,0.172822,0.853939,0.05885,4.087211,2.349308,0.491916
341,1078,gotest,LoremIpsum,1328,1242,21,0,0,0.116039,0.000201,25.302461,0.116456,0.581083,0,0,4.991368,0.008632,21,0,0,21,2.154671,0.621297,24.06992,0.05885,1.87123,2.167141,0.38609
341,1079,gotest,JimmyBotT,1328,1675,1,1,0,0.116039,0.000205,5.302443,1.116455,0.581101,0,0,4.991193,0.008807,0,1,0,1,2.312535,0.119466,0.590302,0.05885,5.350848,2.334222,0.448612
341,1080,gotest,JimmyBot,1328,1675,2,0,0,0.116039,0.003888,6.286595,0.116026,0.597379,0,0,4.837917,0.162083,0,2,0,2,2.778574,0.119466,0.590302,0.05885,6.350848,2.599065,0.429209
341,1081,gotest,ArtZerg,1328,1537,1,1,0,0.116039,0.000199,5.302467,1.116456,0.581077,0,0,4.991429,0.008571,0,1,0,1,1.838961,0.230924,1.141031,0.05885,4.800119,2.139932,0.448612
341,1082,gotest,Dasyatis,1328,1573,8,0,2,0.116039,0.048918,12.092814,0.110781,2.796405,0,2,3.517251,3.482749,6,2,0,8,1.907853,0.196181,6.969362,0.05885,5.971788,1.975093,0.397274
341,1084,gotest,ZippyZap,1328,1457,0,0,1,0.116039,0.84229,0.678679,0.01837,5.302951,0,1,0.605425,5.394575,0,0,0,0,,0.322439,1.593222,0.05885,3.347928,2.349308,0.491916
341,1085,gotest,AgoraLord,1328,1430,3,0,0,0.116039,0.000933,7.299311,0.11637,0.584318,0,0,4.960136,0.039864,0,3,0,3,3.619725,0.357287,1.765408,0.05885,6.175742,3.208188,0.418169
341,1086,gotest,CherBoiBlue,1328,1500,0,1,0,0.116039,0.222218,3.347048,1.090595,1.562357,0,0,1.715251,3.284749,0,0,0,0,,0.27089,1.338508,0.05885,3.602642,2.349308,0.491916
341,1087,gotest,SwarmLord2,1328,1533,1,0,0,0.116039,0.003699,5.287405,0.116048,0.596547,0,0,4.845525,0.154475,1,0,0,1,2.628285,0.235039,2.161362,0.05885,3.779788,2.463762,0.448612
341,1088,gotest,SwarmLord3,1328,1562,1,0,0,0.116039,0.003468,5.2884,0.116075,0.595525,0,0,4.854899,0.145101,0,1,0,1,1.803359,0.206359,1.019652,0.05885,4.921498,2.125326,0.448612
341,1089,gotest,WorkingAsIntended,1328,1596,0,1,0,0.116039,0.041392,4.125202,1.111658,0.76314,0,0,3.6854,1.3146,0,0,0,0,,0.176138,0.870327,0.05885,4.070823,2.349308,0.491916
346,347,Sharkling,PhantomTest,1761,1600,0,0,0,0.000833,0.022196,4.756208,0.128737,0.115055,0,0,0.180952,4.819048,0,0,0,0,,0.716424,3.539957,0.05885,1.401193,2.349308,0.491916
346,352,Sharkling,Belzebuth,1761,1134,0,0,0,0.000833,0.297738,3.415924,0.092459,1.491617,0,0,0.013957,4.986043,0,0,0,0,,0.973643,4.810915,0.05885,0.130235,2.349308,0.491916
346,357,Sharkling,12PoolBot,1761,1765,28,0,0,0.000833,0.000136,32.863511,0.131642,0.004848,0,0,4.297805,0.702195,3,25,0,28,1.578337,0.494244,5.442133,0.05885,27.499017,1.615985,0.384127
346,374,Sharkling,SwarmLord,1761,1600,0,0,0,0.000833,0.022196,4.756208,0.128737,0.115055,0,0,0.180952,4.819048,0,0,0,0,,0.716424,3.539957,0.05885,1.401193,2.349308,0.491916
346,446,Sharkling,Xena,1761,1937,48,0,0,0.000833,0.009376,52.818565,0.130425,0.05101,0,0,0.408159,4.591841,7,41,0,48,2.188521,0.266366,8.316156,0.05885,44.624994,2.193196,0.381565
346,496,Sharkling,Zozo,1761,2089,42,1,0,0.000833,0.003751,46.845928,1.131166,0.022906,0,0,0.909012,4.090988,1,41,0,42,2.418281,0.131459,1.649559,0.05885,45.291591,2.415998,0.382088
346,510,Sharkling,PhantomBot,1761,1817,49,0,0,0.000833,0.004602,53.84179,0.131054,0.027156,0,0,0.766725,4.233275,49,0,0,49,1.465145,0.4201,51.075778,0.05885,2.865372,1.490344,0.38149
346,516,Sharkling,27turtles,1761,1526,3,0,0,0.000833,0.000103,7.863674,0.131646,0.00468,0,0,4.451643,0.548357,2,1,0,3,2.384961,0.794582,5.926148,0.05885,2.015002,2.373411,0.418169
346,517,Sharkling,VeTerran-revived,1761,1869,42,0,0,0.000833,0.000102,46.863679,0.131646,0.004674,0,0,4.45701,0.54299,6,36,0,42,2.021451,0.349395,7.726415,0.05885,39.214735,2.032301,0.382088
346,518,Sharkling,norman,1761,1674,13,1,0,0.000833,8.4e-05,17.863767,1.131649,0.004585,0,0,4.54434,0.45566,11,2,0,13,2.66113,0.62265,14.076608,0.05885,3.864542,2.630083,0.390628
346,526,Sharkling,Apidae,1761,1635,10,0,0,0.000833,0.004795,14.840852,0.131028,0.02812,0,0,0.740446,4.259554,10,0,0,10,1.337021,0.673776,13.329229,0.05885,1.611921,1.464246,0.393932
346,605,Sharkling,nida,1761,1693,10,0,0,0.000833,8.4e-05,14.863766,0.131649,0.004586,0,0,4.543402,0.456598,6,3,1,10,2.117037,0.596629,8.948034,1.05885,4.993116,2.146229,0.393932
346,637,Sharkling,72Tortoises,1761,1697,9,0,0,0.000833,0.000103,13.863674,0.131646,0.00468,0,0,4.452094,0.547906,9,0,0,9,1.385054,0.591076,11.920593,0.05885,2.020557,1.517853,0.395447
346,699,Sharkling,Clicadinha,1761,1635,5,0,0,0.000833,0.00084,9.860085,0.131549,0.008366,0,0,2.489642,2.510358,5,0,0,5,1.323333,0.673776,8.329229,0.05885,1.611921,1.55243,0.406046
346,708,Sharkling,Princess-Mika,1761,1521,0,0,0,0.000833,0.02954,4.720485,0.12777,0.151744,0,0,0.137199,4.862801,0,0,0,0,,0.79924,3.949165,0.05885,0.991985,2.349308,0.491916
346,709,Sharkling,Laser-Circus,1761,1211,0,0,0,0.000833,0.290524,3.451016,0.093409,1.455575,0,0,0.014303,4.985697,0,0,0,0,,0.959537,4.741215,0.05885,0.199935,2.349308,0.491916
346,718,Sharkling,Mulebot,1761,1689,19,0,0,0.000833,0.004543,23.842073,0.131061,0.026866,0,0,0.775019,4.224981,13,6,0,19,2.03889,0.602158,15.975353,0.05885,7.965797,2.060723,0.386896
346,720,Sharkling,PiG_Bot,1761,1627,0,0,0,0.000833,0.000165,4.863369,0.131638,0.004994,0,0,4.172064,0.827936,0,0,0,0,,0.683816,3.378839,0.05885,1.562311,2.349308,0.491916
346,721,Sharkling,49Terrapins,1761,1430,1,0,0,0.000833,0.000102,5.863678,0.131646,0.004676,0,0,4.455678,0.544322,0,1,0,1,2.505526,0.8705,4.301272,0.05885,1.639878,2.413398,0.448612
346,729,Sharkling,Alexa,1761,1367,0,0,0,0.000833,0.023955,4.747652,0.128506,0.123843,0,0,0.168111,4.831889,0,0,0,0,,0.906196,4.47765,0.05885,0.4635,2.349308,0.491916
346,730,Sharkling,Deimos,1761,2155,58,0,0,0.000833,0.005359,62.838108,0.130954,0.030938,0,0,0.672986,4.327014,1,57,0,58,2.2312,0.093804,1.4635,0.05885,61.47765,2.234056,0.380929
346,732,Sharkling,GPT,1761,1830,55,0,0,0.000833,8.3e-05,59.863768,0.131649,0.004584,0,0,4.545273,0.454727,47,8,0,55,1.535177,0.401986,48.986274,0.05885,10.954876,1.555913,0.381096
346,759,Sharkling,BotTato,1761,1710,40,0,0,0.000833,0.006225,44.833894,0.13084,0.035266,0,0,0.5904,4.4096,38,2,0,40,1.428089,0.572872,40.830648,0.05885,4.110502,1.460046,0.382295
346,779,Sharkling,oberon,1761,1472,0,0,0,0.000833,8.5e-05,4.863758,0.131648,0.004594,0,0,4.535113,0.464887,0,0,0,0,,0.840723,4.154139,0.05885,0.787011,2.349308,0.491916
346,797,Sharkling,WickedBot,1761,1707,28,0,7,0.000833,0.043299,32.653561,0.125959,7.22048,0,7,0.094426,11.905574,28,0,0,28,1.265281,0.577092,30.8515,0.05885,2.08965,1.318216,0.384127
346,809,Sharkling,PrimordialOrigin,1761,1258,0,0,0,0.000833,0.136344,4.20097,0.113709,0.685321,0,0,0.030378,4.969622,0,0,0,0,,0.947624,4.68235,0.05885,0.2588,2.349308,0.491916
346,813,Sharkling,MewCombatMicro,1761,1511,0,0,0,0.000833,0.004268,4.843411,0.131098,0.025492,0,0,0.816796,4.183204,0,0,0,0,,0.808318,3.994019,0.05885,0.947131,2.349308,0.491916
346,827,Sharkling,smokinggunbot,1761,1579,4,0,0,0.000833,8.2e-05,8.863772,0.131649,0.004579,0,0,4.549885,0.450115,3,1,0,4,1.742595,0.740328,6.658074,0.05885,2.283076,1.902988,0.411036
346,832,Sharkling,muravev,1761,1632,3,0,0,0.000833,0.001014,7.859243,0.131526,0.009231,0,0,2.256072,2.743928,3,0,0,3,1.317385,0.677561,6.347928,0.05885,1.593222,1.651665,0.418169
346,836,Sharkling,muravevTerran,1761,1477,0,0,0,0.000833,0.000366,4.862392,0.131611,0.005997,0,0,3.473509,1.526491,0,0,0,0,,0.836831,4.134907,0.05885,0.806243,2.349308,0.491916
346,858,Sharkling,Crawler,1761,1562,2,0,0,0.000833,0.00261,6.851478,0.131316,0.017206,0,0,1.21023,3.78977,2,0,0,2,1.330312,0.758695,5.748824,0.05885,1.192326,1.756432,0.429209
346,876,Sharkling,GenesisLotus,1761,1411,0,0,0,0.000833,0.009792,4.816545,0.13037,0.053085,0,0,0.392206,4.607794,0,0,0,0,,0.882338,4.359766,0.05885,0.581384,2.349308,0.491916
346,901,Sharkling,clone,1761,1667,17,0,0,0.000833,0.006192,21.834056,0.130844,0.035099,0,0,0.593195,4.406805,10,7,0,17,1.819806,0.63207,13.123153,0.05885,8.817997,1.861088,0.387873
346,930,Sharkling,SiriusBot,1761,1519,2,0,0,0.000833,8.3e-05,6.863771,0.131649,0.00458,0,0,4.548664,0.451336,2,0,0,2,1.290892,0.801081,5.958261,0.05885,0.982889,1.733496,0.429209
346,939,Sharkling,RustyNikolaj,1761,1539,3,0,0,0.000833,0.000102,7.863676,0.131646,0.004678,0,0,4.453444,0.546556,3,0,0,3,1.72122,0.782098,6.864464,0.05885,1.076686,1.924682,0.418169
346,940,Sharkling,Princess-Mika-Test,1761,1524,1,0,0,0.000833,0.032493,5.706121,0.127382,0.166497,0,0,0.125042,4.874958,1,0,0,1,1.332366,0.796455,4.935402,0.05885,1.005748,1.932095,0.448612
346,943,Sharkling,puck,1761,1529,2,0,0,0.000833,8.3e-05,6.863767,0.131649,0.004584,0,0,4.544962,0.455038,1,1,0,2,2.122659,0.791749,4.91215,0.05885,2.029,2.217438,0.429209
346,948,Sharkling,titania,1761,1185,1,0,0,0.000833,0.000157,5.863408,0.131639,0.004954,0,0,4.205649,0.794351,1,0,0,1,1.66203,0.964964,5.768033,0.05885,0.173117,2.067344,0.448612
346,953,Sharkling,ZeratulsRevengeTest,1761,1702,20,0,0,0.000833,0.000163,24.863382,0.131638,0.00498,0,0,4.183236,0.816764,20,0,0,20,2.179793,0.584101,22.88613,0.05885,2.05502,2.19116,0.386474
346,959,Sharkling,ur_moms_a_ho,1761,1600,0,0,0,0.000833,0.022196,4.756208,0.128737,0.115055,0,0,0.180952,4.819048,0,0,0,0,,0.716424,3.539957,0.05885,1.401193,2.349308,0.491916
346,960,Sharkling,BigDaddy,1761,1637,8,0,0,0.000833,0.006779,12.831199,0.130767,0.038034,0,0,0.547422,4.452578,2,6,0,8,1.705489,0.671241,5.3167,0.05885,7.62445,1.803552,0.397274
346,961,Sharkling,AvocaDOS,1761,1751,36,0,0,0.000833,0.000833,40.860119,0.13155,0.008331,0,0,2.5,2.5,15,21,0,36,2.327,0.514387,17.541664,0.05885,23.399486,2.327856,0.382776
346,962,Sharkling,AvocaDEV,1761,1700,2,0,0,0.000833,0.057896,6.582555,0.124037,0.293408,0,0,0.070956,4.929044,1,1,0,2,2.334654,0.586895,3.899936,0.05885,3.041214,2.340782,0.429209
346,966,Sharkling,ArgoBot,1761,1909,56,0,0,0.000833,8.5e-05,60.863759,0.131648,0.004593,0,0,4.536085,0.463915,7,49,0,56,2.142632,0.299023,8.477516,0.05885,52.463634,2.147805,0.381038
346,970,Sharkling,TheLAW,1761,1576,3,0,0,0.000833,0.05452,7.59898,0.124482,0.276539,0,0,0.075284,4.924716,3,0,0,3,1.421244,0.743635,6.67441,0.05885,1.26674,1.72188,0.418169
346,971,Sharkling,Nothing,1761,1570,4,0,1,0.000833,0.00831,8.82375,0.130565,1.045684,1,0,1.455741,4.544259,3,1,0,4,2.42987,0.750163,6.70667,0.05885,2.23448,2.408572,0.411036
346,977,Sharkling,Siriusly,1761,1392,0,0,0,0.000833,0.001619,4.856299,0.131446,0.012255,0,0,1.699314,3.300686,0,0,0,0,,0.893227,4.413568,0.05885,0.527582,2.349308,0.491916
346,981,Sharkling,KoB,1761,1499,8,0,0,0.000833,0.001616,12.856311,0.131447,0.012242,0,0,1.701034,3.298966,4,4,0,8,1.563946,0.818793,8.04578,0.05885,4.89537,1.683569,0.397274
346,998,Sharkling,LordSuperKing,1761,1656,9,0,0,0.000833,0.000132,13.863531,0.131642,0.004827,0,0,4.315844,0.684156,9,0,0,9,1.23687,0.646669,12.195288,0.05885,1.745862,1.390077,0.395447
346,1007,Sharkling,SharkGull,1761,1605,0,0,0,0.000833,0.000223,4.863089,0.13163,0.005281,0,0,3.945127,1.054873,0,0,0,0,,0.71054,3.510885,0.05885,1.430265,2.349308,0.491916
346,1008,Sharkling,Creepy_canon,1761,1587,0,0,0,0.000833,0.074065,4.503907,0.121908,0.374185,0,0,0.055638,4.944362,0,0,0,0,,0.731378,3.613848,0.05885,1.327302,2.349308,0.491916
346,1023,Sharkling,MY_SCRIPTING_SON,1761,1275,0,0,0,0.000833,0.333918,3.239938,0.087696,1.672366,0,0,0.012449,4.987551,0,0,0,0,,0.942548,4.657272,0.05885,0.283878,2.349308,0.491916
346,1026,Sharkling,WildLupo,1761,1199,0,0,0,0.000833,0.018371,4.774812,0.129241,0.095947,0,0,0.21699,4.78301,0,0,0,0,,0.962135,4.754054,0.05885,0.187096,2.349308,0.491916
346,1029,Sharkling,Chomppet,1761,1600,0,0,0,0.000833,0.022196,4.756208,0.128737,0.115055,0,0,0.180952,4.819048,0,0,0,0,,0.716424,3.539957,0.05885,1.401193,2.349308,0.491916
346,1030,Sharkling,who,1761,1924,58,0,0,0.000833,8.3e-05,62.863768,0.131649,0.004583,0,0,4.545893,0.454107,11,47,0,58,1.61833,0.281243,12.389665,0.05885,50.551485,1.636008,0.380929
346,1032,Sharkling,WaterLeak,1761,1607,25,1,0,0.000833,8.4e-05,29.863763,1.131648,0.004588,0,0,4.540883,0.459117,14,11,0,25,1.872203,0.708166,17.499156,0.05885,12.441994,1.898144,0.384842
346,1038,Sharkling,PolyMorph,1761,1463,2,0,0,0.000833,0.001586,6.856459,0.131451,0.012091,0,0,1.722379,3.277621,2,0,0,2,1.419469,0.847539,6.187816,0.05885,0.753334,1.808306,0.429209
346,1042,Sharkling,Creepy_duo_canon,1761,1386,0,0,0,0.000833,0.104041,4.358098,0.117962,0.52394,0,0,0.039735,4.960265,0,0,0,0,,0.896477,4.429625,0.05885,0.511525,2.349308,0.491916
346,1044,Sharkling,DoopyBot,1761,1418,1,0,0,0.000833,0.009666,5.817158,0.130387,0.052455,0,0,0.396914,4.603086,1,0,0,1,1.026042,0.87809,5.338775,0.05885,0.602375,1.806422,0.448612
346,1045,Sharkling,tito,1761,1801,46,0,0,0.000833,0.000837,50.860104,0.131549,0.008347,0,0,2.495303,2.504697,28,18,0,46,1.817975,0.442688,30.18739,0.05885,20.75376,1.834075,0.381725
346,1049,Sharkling,TheCatSC2Bot,1761,970,0,0,0,0.000833,0.003084,4.849172,0.131254,0.019574,0,0,1.063758,3.936242,0,0,0,0,,0.989578,4.889653,0.05885,0.051497,2.349308,0.491916
346,1050,Sharkling,onlyfans,1761,1517,3,0,0,0.000833,8.7e-05,7.863752,0.131648,0.0046,0,0,4.529196,0.470804,3,0,0,3,2.287372,0.802909,6.967295,0.05885,0.973855,2.307435,0.418169
346,1052,Sharkling,Starlight,1761,1204,0,0,0,0.000833,9.3e-05,4.863721,0.131647,0.004631,0,0,4.49871,0.50129,0,0,0,0,,0.961073,4.748804,0.05885,0.192346,2.349308,0.491916
346,1054,Sharkling,JimmyBotZ,1761,1724,1,0,0,0.000833,0.005286,5.83846,0.130964,0.030577,0,0,0.680945,4.319055,0,1,0,1,2.428336,0.553047,2.732688,0.05885,3.208462,2.38173,0.448612
346,1056,Sharkling,bilisaur,1761,1600,0,0,0,0.000833,0.022196,4.756208,0.128737,0.115055,0,0,0.180952,4.819048,0,0,0,0,,0.716424,3.539957,0.05885,1.401193,2.349308,0.491916
346,1057,Sharkling,DoopyBot-Test,1761,1238,0,0,0,0.000833,0.023755,4.748626,0.128532,0.122842,0,0,0.169481,4.830519,0,0,0,0,,0.953052,4.709173,0.05885,0.231977,2.349308,0.491916
346,1058,Sharkling,JimmyBotP,1761,1711,1,0,0,0.000833,0.005341,5.838195,0.130956,0.030848,0,0,0.674955,4.325045,1,0,0,1,2.431857,0.571463,3.823685,0.05885,2.117465,2.383175,0.448612
346,1059,Sharkling,NextProBot,1761,1600,0,0,0,0.000833,0.022196,4.756208,0.128737,0.115055,0,0,0.180952,4.819048,0,0,0,0,,0.716424,3.539957,0.05885,1.401193,2.349308,0.491916
346,1060,Sharkling,WildFire,1761,1709,18,0,0,0.000833,0.00012,22.863588,0.131644,0.004769,0,0,4.369012,0.630988,16,2,0,18,1.709114,0.57428,18.837605,0.05885,4.103545,1.756459,0.38736
346,1065,Sharkling,MindMatrix,1761,1514,0,0,0,0.000833,0.010709,4.812081,0.13025,0.057669,0,0,0.361025,4.638975,0,0,0,0,,0.805628,3.980727,0.05885,0.960423,2.349308,0.491916
346,1066,Sharkling,CompetitiveBotTest,1761,1482,0,0,0,0.000833,0.003699,4.846179,0.131172,0.022648,0,0,0.919352,4.080648,0,0,0,0,,0.832863,4.115299,0.05885,0.825851,2.349308,0.491916
346,1067,Sharkling,Hello_world,1761,1600,0,0,0,0.000833,0.022196,4.756208,0.128737,0.115055,0,0,0.180952,4.819048,0,0,0,0,,0.716424,3.539957,0.05885,1.401193,2.349308,0.491916
346,1078,Sharkling,LoremIpsum,1761,1242,0,0,0,0.000833,0.000201,4.863197,0.131633,0.00517,0,0,4.029682,0.970318,0,0,0,0,,0.952011,4.704029,0.05885,0.237121,2.349308,0.491916
346,1079,Sharkling,JimmyBotT,1761,1675,0,0,0,0.000833,0.000205,4.863177,0.131633,0.00519,0,0,4.013873,0.986127,0,0,0,0,,0.621297,3.06992,0.05885,1.87123,2.349308,0.491916
346,1080,Sharkling,JimmyBot,1761,1675,0,0,0,0.000833,0.003888,4.845263,0.131148,0.023589,0,0,0.882685,4.117315,0,0,0,0,,0.621297,3.06992,0.05885,1.87123,2.349308,0.491916
346,1081,Sharkling,ArtZerg,1761,1537,0,0,0,0.000833,0.000199,4.863204,0.131633,0.005163,0,0,4.035305,0.964695,0,0,0,0,,0.784054,3.874127,0.05885,1.067023,2.349308,0.491916
346,1082,Sharkling,Dasyatis,1761,1573,0,0,0,0.000833,0.048918,4.626227,0.125219,0.248554,0,0,0.083761,4.916239,0,0,0,0,,0.746913,3.690609,0.05885,1.250541,2.349308,0.491916
346,1084,Sharkling,ZippyZap,1761,1457,0,0,0,0.000833,0.84229,0.76713,0.020764,4.212106,0,0,0.004943,4.995057,0,0,0,0,,0.851948,4.209605,0.05885,0.731545,2.349308,0.491916
346,1085,Sharkling,AgoraLord,1761,1430,0,0,0,0.000833,0.000933,4.859637,0.131537,0.008826,0,0,2.359628,2.640372,0,0,0,0,,0.8705,4.301272,0.05885,0.639878,2.349308,0.491916
346,1086,Sharkling,CherBoiBlue,1761,1500,0,0,0,0.000833,0.222218,3.783266,0.102402,1.114332,0,0,0.018683,4.981317,0,0,0,0,,0.817938,4.041553,0.05885,0.899597,2.349308,0.491916
346,1087,Sharkling,SwarmLord2,1761,1533,0,0,0,0.000833,0.003699,4.846179,0.131172,0.022648,0,0,0.919352,4.080648,0,0,0,0,,0.787927,3.893264,0.05885,1.047886,2.349308,0.491916
346,1088,Sharkling,SwarmLord3,1761,1562,0,0,0,0.000833,0.003468,4.847304,0.131203,0.021493,0,0,0.968767,4.031233,0,0,0,0,,0.758695,3.748824,0.05885,1.192326,2.349308,0.491916
346,1089,Sharkling,WorkingAsIntended,1761,1596,0,0,0,0.000833,0.041392,4.662837,0.12621,0.210954,0,0,0.09869,4.90131,0,0,0,0,,0.721078,3.562956,0.05885,1.378194,2.349308,0.491916
347,352,PhantomTest,Belzebuth,1600,1134,0,0,0,0.022196,0.297738,3.34289,0.090483,1.566627,0,0,0.346884,4.653116,0,0,0,0,,0.935987,4.624851,0.05885,0.316299,2.349308,0.491916
347,357,PhantomTest,12PoolBot,1600,1765,0,0,0,0.022196,0.000136,4.759527,0.128827,0.111646,0,0,4.969512,0.030488,0,0,0,0,,0.278922,1.378194,0.05885,3.562956,2.349308,0.491916
347,374,PhantomTest,SwarmLord,1600,1600,0,0,0,0.022196,0.022196,4.654519,0.125985,0.219497,0,0,2.5,2.5,0,0,0,0,,0.5,2.470575,0.05885,2.470575,2.349308,0.491916
347,446,PhantomTest,Xena,1600,1937,0,0,0,0.022196,0.009376,4.715542,0.127637,0.156821,0,0,3.515101,1.484899,0,0,0,0,,0.125656,0.620884,0.05885,4.320266,2.349308,0.491916
347,496,PhantomTest,Zozo,1600,2089,0,0,0,0.022196,0.003751,4.74232,0.128361,0.129318,0,0,4.277198,0.722802,0,0,0,0,,0.056524,0.279292,0.05885,4.661858,2.349308,0.491916
347,510,PhantomTest,PhantomBot,1600,1817,0,0,0,0.022196,0.004602,4.738271,0.128252,0.133478,0,0,4.141409,0.858591,0,0,0,0,,0.222847,1.10112,0.05885,3.84003,2.349308,0.491916
347,516,PhantomTest,27turtles,1600,1526,0,0,0,0.022196,0.000103,4.759687,0.128831,0.111482,0,0,4.97698,0.02302,0,0,0,0,,0.604913,2.988965,0.05885,1.952185,2.349308,0.491916
347,517,PhantomTest,VeTerran-revived,1600,1869,0,0,0,0.022196,0.000102,4.759692,0.128832,0.111476,0,0,4.977231,0.022769,0,0,0,0,,0.175305,0.866207,0.05885,4.074943,2.349308,0.491916
347,518,PhantomTest,norman,1600,1674,0,0,0,0.022196,8.4e-05,4.759778,0.128834,0.111389,0,0,4.981245,0.018755,0,0,0,0,,0.395087,1.952185,0.05885,2.988965,2.349308,0.491916
347,526,PhantomTest,Apidae,1600,1635,0,0,0,0.022196,0.004795,4.737353,0.128227,0.134421,0,0,4.111811,0.888189,0,0,0,0,,0.449801,2.222532,0.05885,2.718618,2.349308,0.491916
347,605,PhantomTest,nida,1600,1693,0,0,0,0.022196,8.4e-05,4.759777,0.128834,0.111389,0,0,4.981203,0.018797,0,0,0,0,,0.36927,1.824617,0.05885,3.116533,2.349308,0.491916
347,637,PhantomTest,72Tortoises,1600,1697,0,0,0,0.022196,0.000103,4.759687,0.128831,0.111481,0,0,4.977001,0.022999,0,0,0,0,,0.363923,1.798199,0.05885,3.142951,2.349308,0.491916
347,699,PhantomTest,Clicadinha,1600,1635,0,0,0,0.022196,0.00084,4.756175,0.128736,0.115089,0,0,4.817598,0.182402,0,0,0,0,,0.449801,2.222532,0.05885,2.718618,2.349308,0.491916
347,708,PhantomTest,Princess-Mika,1600,1521,0,0,0,0.022196,0.02954,4.61956,0.125039,0.255402,0,0,2.145121,2.854879,0,0,0,0,,0.611771,3.02285,0.05885,1.9183,2.349308,0.491916
347,709,PhantomTest,Laser-Circus,1600,1211,0,0,0,0.022196,0.290524,3.377232,0.091412,1.531356,0,0,0.354886,4.645114,0,0,0,0,,0.90372,4.465418,0.05885,0.475732,2.349308,0.491916
347,718,PhantomTest,Mulebot,1600,1689,0,0,0,0.022196,0.004543,4.738548,0.128259,0.133193,0,0,4.150417,0.849583,0,0,0,0,,0.374649,1.851195,0.05885,3.089955,2.349308,0.491916
347,720,PhantomTest,PiG_Bot,1600,1627,0,0,0,0.022196,0.000165,4.759388,0.128823,0.111789,0,0,4.963018,0.036982,0,0,0,0,,0.461222,2.278967,0.05885,2.662183,2.349308,0.491916
347,721,PhantomTest,49Terrapins,1600,1430,0,0,0,0.022196,0.000102,4.759691,0.128832,0.111478,0,0,4.977169,0.022831,0,0,0,0,,0.72683,3.591376,0.05885,1.349774,2.349308,0.491916
347,729,PhantomTest,Alexa,1600,1367,0,0,0,0.022196,0.023955,4.646145,0.125758,0.228097,0,0,2.404714,2.595286,0,0,0,0,,0.792696,3.916832,0.05885,1.024318,2.349308,0.491916
347,730,PhantomTest,Deimos,1600,2155,0,0,0,0.022196,0.005359,4.734667,0.128154,0.137179,0,0,4.027627,0.972373,0,0,0,0,,0.03936,0.194486,0.05885,4.746664,2.349308,0.491916
347,732,PhantomTest,GPT,1600,1830,0,0,0,0.022196,8.3e-05,4.759778,0.128834,0.111388,0,0,4.981287,0.018713,0,0,0,0,,0.210156,1.038411,0.05885,3.902739,2.349308,0.491916
347,759,PhantomTest,BotTato,1600,1710,0,0,0,0.022196,0.006225,4.730544,0.128043,0.141413,0,0,3.90488,1.09512,0,0,0,0,,0.346783,1.713506,0.05885,3.227644,2.349308,0.491916
347,779,PhantomTest,oberon,1600,1472,0,0,0,0.022196,8.5e-05,4.759769,0.128834,0.111398,0,0,4.980828,0.019172,0,0,0,0,,0.676302,3.341708,0.05885,1.599442,2.349308,0.491916
347,797,PhantomTest,WickedBot,1600,1707,0,0,0,0.022196,0.043299,4.554066,0.123266,0.322668,0,0,1.694488,3.305512,0,0,0,0,,0.350705,1.732886,0.05885,3.208264,2.349308,0.491916
347,809,PhantomTest,PrimordialOrigin,1600,1258,0,0,0,0.022196,0.136344,4.111152,0.111277,0.777571,0,0,0.700011,4.299989,0,0,0,0,,0.877473,4.335723,0.05885,0.605427,2.349308,0.491916
347,813,PhantomTest,MewCombatMicro,1600,1511,0,0,0,0.022196,0.004268,4.739857,0.128295,0.131849,0,0,4.193548,0.806452,0,0,0,0,,0.625351,3.089955,0.05885,1.851195,2.349308,0.491916
347,827,PhantomTest,smokinggunbot,1600,1579,0,0,0,0.022196,8.2e-05,4.759783,0.128834,0.111383,0,0,4.981495,0.018505,0,0,0,0,,0.530185,2.619722,0.05885,2.321428,2.349308,0.491916
347,832,PhantomTest,muravev,1600,1632,0,0,0,0.022196,0.001014,4.75535,0.128714,0.115936,0,0,4.781628,0.218372,0,0,0,0,,0.454078,2.243668,0.05885,2.697482,2.349308,0.491916
347,836,PhantomTest,muravevTerran,1600,1477,0,0,0,0.022196,0.000366,4.758432,0.128797,0.112771,0,0,4.918831,0.081169,0,0,0,0,,0.669969,3.310417,0.05885,1.630733,2.349308,0.491916
347,858,PhantomTest,Crawler,1600,1562,0,0,0,0.022196,0.00261,4.747752,0.128508,0.12374,0,0,4.473939,0.526061,0,0,0,0,,0.554469,2.739716,0.05885,2.201434,2.349308,0.491916
347,876,PhantomTest,GenesisLotus,1600,1411,0,0,0,0.022196,0.009792,4.713566,0.127583,0.158851,0,0,3.469467,1.530533,0,0,0,0,,0.748,3.695978,0.05885,1.245172,2.349308,0.491916
347,901,PhantomTest,clone,1600,1667,0,0,0,0.022196,0.006192,4.730702,0.128047,0.141251,0,0,3.909455,1.090545,0,0,0,0,,0.404757,1.999965,0.05885,2.941185,2.349308,0.491916
347,930,PhantomTest,SiriusBot,1600,1519,0,0,0,0.022196,8.3e-05,4.759782,0.128834,0.111384,0,0,4.98144,0.01856,0,0,0,0,,0.614501,3.036343,0.05885,1.904807,2.349308,0.491916
347,939,PhantomTest,RustyNikolaj,1600,1539,0,0,0,0.022196,0.000102,4.759688,0.128831,0.11148,0,0,4.977064,0.022936,0,0,0,0,,0.586895,2.899936,0.05885,2.041214,2.349308,0.491916
347,940,PhantomTest,Princess-Mika-Test,1600,1524,0,0,0,0.022196,0.032493,4.605503,0.124658,0.269839,0,0,2.029291,2.970709,0,0,0,0,,0.607661,3.002544,0.05885,1.938606,2.349308,0.491916
347,943,PhantomTest,puck,1600,1529,0,0,0,0.022196,8.3e-05,4.759778,0.128834,0.111388,0,0,4.981273,0.018727,0,0,0,0,,0.600778,2.968535,0.05885,1.972615,2.349308,0.491916
347,948,PhantomTest,titania,1600,1185,0,0,0,0.022196,0.000157,4.759426,0.128824,0.11175,0,0,4.964789,0.035211,0,0,0,0,,0.915979,4.525992,0.05885,0.415158,2.349308,0.491916
347,953,PhantomTest,ZeratulsRevengeTest,1600,1702,0,0,0,0.022196,0.000163,4.759401,0.128824,0.111776,0,0,4.96361,0.03639,0,0,0,0,,0.357287,1.765408,0.05885,3.175742,2.349308,0.491916
347,959,PhantomTest,ur_moms_a_ho,1600,1600,0,0,0,0.022196,0.022196,4.654519,0.125985,0.219497,0,0,2.5,2.5,0,0,0,0,,0.5,2.470575,0.05885,2.470575,2.349308,0.491916
347,960,PhantomTest,BigDaddy,1600,1637,0,0,0,0.022196,0.006779,4.727906,0.127971,0.144123,0,0,3.830198,1.169802,0,0,0,0,,0.446953,2.208462,0.05885,2.732688,2.349308,0.491916
347,961,PhantomTest,AvocaDOS,1600,1751,0,0,0,0.022196,0.000833,4.756208,0.128737,0.115055,0,0,4.819048,0.180952,0,0,0,0,,0.295415,1.459692,0.05885,3.481458,2.349308,0.491916
347,962,PhantomTest,AvocaDEV,1600,1700,0,0,0,0.022196,0.057896,4.484578,0.121385,0.394037,0,0,1.385648,3.614352,0,0,0,0,,0.359935,1.778493,0.05885,3.162657,2.349308,0.491916
347,966,PhantomTest,ArgoBot,1600,1909,0,0,0,0.022196,8.5e-05,4.75977,0.128834,0.111397,0,0,4.980872,0.019128,0,0,0,0,,0.144458,0.713788,0.05885,4.227362,2.349308,0.491916
347,970,PhantomTest,TheLAW,1600,1576,0,0,0,0.022196,0.05452,4.500652,0.12182,0.377528,0,0,1.446639,3.553361,0,0,0,0,,0.534484,2.640965,0.05885,2.300185,2.349308,0.491916
347,971,PhantomTest,Nothing,1600,1570,0,0,0,0.022196,0.00831,4.720617,0.127774,0.15161,0,0,3.637927,1.362073,0,0,0,0,,0.543066,2.683373,0.05885,2.257777,2.349308,0.491916
347,977,PhantomTest,Siriusly,1600,1392,0,0,0,0.022196,0.001619,4.752469,0.128636,0.118895,0,0,4.660118,0.339882,0,0,0,0,,0.768052,3.79506,0.05885,1.14609,2.349308,0.491916
347,981,PhantomTest,KoB,1600,1499,0,0,0,0.022196,0.001616,4.752481,0.128636,0.118882,0,0,4.660603,0.339397,0,0,0,0,,0.64139,3.169205,0.05885,1.771945,2.349308,0.491916
347,998,PhantomTest,LordSuperKing,1600,1656,0,0,0,0.022196,0.000132,4.759546,0.128828,0.111626,0,0,4.970414,0.029586,0,0,0,0,,0.4201,2.075778,0.05885,2.865372,2.349308,0.491916
347,1007,PhantomTest,SharkGull,1600,1605,0,0,0,0.022196,0.000223,4.759115,0.128816,0.11207,0,0,4.950298,0.049702,0,0,0,0,,0.492805,2.435023,0.05885,2.506127,2.349308,0.491916
347,1008,PhantomTest,Creepy_canon,1600,1587,0,0,0,0.022196,0.074065,4.407611,0.119302,0.473087,0,0,1.152903,3.847097,0,0,0,0,,0.5187,2.562973,0.05885,2.378177,2.349308,0.491916
347,1023,PhantomTest,MY_SCRIPTING_SON,1600,1275,0,0,0,0.022196,0.333918,3.170667,0.085821,1.743512,0,0,0.311642,4.688358,0,0,0,0,,0.866557,4.281786,0.05885,0.659364,2.349308,0.491916
347,1026,PhantomTest,WildLupo,1600,1199,0,0,0,0.022196,0.018371,4.672725,0.126478,0.200797,0,0,2.735707,2.264293,0,0,0,0,,0.909566,4.4943,0.05885,0.44685,2.349308,0.491916
347,1029,PhantomTest,Chomppet,1600,1600,0,0,0,0.022196,0.022196,4.654519,0.125985,0.219497,0,0,2.5,2.5,0,0,0,0,,0.5,2.470575,0.05885,2.470575,2.349308,0.491916
347,1030,PhantomTest,who,1600,1924,0,0,0,0.022196,8.3e-05,4.759779,0.128834,0.111387,0,0,4.981315,0.018685,0,0,0,0,,0.13411,0.66266,0.05885,4.27849,2.349308,0.491916
347,1032,PhantomTest,WaterLeak,1600,1607,0,0,0,0.022196,8.4e-05,4.759774,0.128834,0.111392,0,0,4.981089,0.018911,0,0,0,0,,0.489928,2.420806,0.05885,2.520344,2.349308,0.491916
347,1038,PhantomTest,PolyMorph,1600,1463,0,0,0,0.022196,0.001586,4.752626,0.12864,0.118734,0,0,4.666552,0.333448,0,0,0,0,,0.687538,3.39723,0.05885,1.54392,2.349308,0.491916
347,1042,PhantomTest,Creepy_duo_canon,1600,1386,0,0,0,0.022196,0.104041,4.26492,0.115439,0.61964,0,0,0.879138,4.120862,0,0,0,0,,0.774148,3.825181,0.05885,1.115969,2.349308,0.491916
347,1044,PhantomTest,DoopyBot,1600,1418,0,0,0,0.022196,0.009666,4.714165,0.127599,0.158235,0,0,3.483191,1.516809,0,0,0,0,,0.740328,3.658074,0.05885,1.283076,2.349308,0.491916
347,1045,PhantomTest,tito,1600,1801,0,0,0,0.022196,0.000837,4.756193,0.128737,0.11507,0,0,4.818392,0.181608,0,0,0,0,,0.239204,1.181942,0.05885,3.759208,2.349308,0.491916
347,1049,PhantomTest,TheCatSC2Bot,1600,970,0,0,0,0.022196,0.003084,4.745495,0.128447,0.126058,0,0,4.390031,0.609969,0,0,0,0,,0.974082,4.813087,0.05885,0.128063,2.349308,0.491916
347,1050,PhantomTest,onlyfans,1600,1517,0,0,0,0.022196,8.7e-05,4.759763,0.128833,0.111404,0,0,4.98056,0.01944,0,0,0,0,,0.617225,3.049801,0.05885,1.891349,2.349308,0.491916
347,1052,PhantomTest,Starlight,1600,1204,0,0,0,0.022196,9.3e-05,4.759733,0.128833,0.111434,0,0,4.979167,0.020833,0,0,0,0,,0.90717,4.482463,0.05885,0.458687,2.349308,0.491916
347,1054,PhantomTest,JimmyBotZ,1600,1724,0,0,0,0.022196,0.005286,4.735012,0.128164,0.136825,0,0,4.038233,0.961767,0,0,0,0,,0.328759,1.62445,0.05885,3.3167,2.349308,0.491916
347,1056,PhantomTest,bilisaur,1600,1600,0,0,0,0.022196,0.022196,4.654519,0.125985,0.219497,0,0,2.5,2.5,0,0,0,0,,0.5,2.470575,0.05885,2.470575,2.349308,0.491916
347,1057,PhantomTest,DoopyBot-Test,1600,1238,0,0,0,0.022196,0.023755,4.647099,0.125784,0.227117,0,0,2.415199,2.584801,0,0,0,0,,0.889323,4.394276,0.05885,0.546874,2.349308,0.491916
347,1058,PhantomTest,JimmyBotP,1600,1711,0,0,0,0.022196,0.005341,4.734753,0.128157,0.13709,0,0,4.030268,0.969732,0,0,0,0,,0.34548,1.707069,0.05885,3.234081,2.349308,0.491916
347,1059,PhantomTest,NextProBot,1600,1600,0,0,0,0.022196,0.022196,4.654519,0.125985,0.219497,0,0,2.5,2.5,0,0,0,0,,0.5,2.470575,0.05885,2.470575,2.349308,0.491916
347,1060,PhantomTest,WildFire,1600,1709,0,0,0,0.022196,0.00012,4.759602,0.128829,0.111568,0,0,4.973031,0.026969,0,0,0,0,,0.348088,1.719955,0.05885,3.221195,2.349308,0.491916
347,1065,PhantomTest,MindMatrix,1600,1514,0,0,0,0.022196,0.010709,4.709197,0.127465,0.163338,0,0,3.372708,1.627292,0,0,0,0,,0.621297,3.06992,0.05885,1.87123,2.349308,0.491916
347,1066,PhantomTest,CompetitiveBotTest,1600,1482,0,0,0,0.022196,0.003699,4.742566,0.128368,0.129066,0,0,4.285714,0.714286,0,0,0,0,,0.663574,3.278819,0.05885,1.662331,2.349308,0.491916
347,1067,PhantomTest,Hello_world,1600,1600,0,0,0,0.022196,0.022196,4.654519,0.125985,0.219497,0,0,2.5,2.5,0,0,0,0,,0.5,2.470575,0.05885,2.470575,2.349308,0.491916
347,1078,PhantomTest,LoremIpsum,1600,1242,0,0,0,0.022196,0.000201,4.75922,0.128819,0.111961,0,0,4.955197,0.044803,0,0,0,0,,0.887036,4.382977,0.05885,0.558173,2.349308,0.491916
347,1079,PhantomTest,JimmyBotT,1600,1675,0,0,0,0.022196,0.000205,4.759201,0.128818,0.111981,0,0,4.954296,0.045704,0,0,0,0,,0.393712,1.945391,0.05885,2.995759,2.349308,0.491916
347,1080,PhantomTest,JimmyBot,1600,1675,0,0,0,0.022196,0.003888,4.74167,0.128344,0.129987,0,0,4.254777,0.745223,0,0,0,0,,0.393712,1.945391,0.05885,2.995759,2.349308,0.491916
347,1081,PhantomTest,ArtZerg,1600,1537,0,0,0,0.022196,0.000199,4.759227,0.128819,0.111954,0,0,4.955516,0.044484,0,0,0,0,,0.589684,2.913715,0.05885,2.027435,2.349308,0.491916
347,1082,PhantomTest,Dasyatis,1600,1573,0,0,0,0.022196,0.048918,4.527317,0.122542,0.350142,0,0,1.560591,3.439409,0,0,0,0,,0.538778,2.662183,0.05885,2.278967,2.349308,0.491916
347,1084,PhantomTest,ZippyZap,1600,1457,0,0,0,0.022196,0.84229,0.750729,0.02032,4.228951,0,0,0.128377,4.871623,0,0,0,0,,0.69491,3.433653,0.05885,1.507497,2.349308,0.491916
347,1085,PhantomTest,AgoraLord,1600,1430,0,0,0,0.022196,0.000933,4.755736,0.128724,0.11554,0,0,4.798387,0.201613,0,0,0,0,,0.72683,3.591376,0.05885,1.349774,2.349308,0.491916
347,1086,PhantomTest,CherBoiBlue,1600,1500,0,0,0,0.022196,0.222218,3.702378,0.100213,1.197409,0,0,0.454065,4.545935,0,0,0,0,,0.640065,3.162657,0.05885,1.778493,2.349308,0.491916
347,1087,PhantomTest,SwarmLord2,1600,1533,0,0,0,0.022196,0.003699,4.742566,0.128368,0.129066,0,0,4.285714,0.714286,0,0,0,0,,0.595243,2.941185,0.05885,1.999965,2.349308,0.491916
347,1088,PhantomTest,SwarmLord3,1600,1562,0,0,0,0.022196,0.003468,4.743666,0.128398,0.127936,0,0,4.324324,0.675676,0,0,0,0,,0.554469,2.739716,0.05885,2.201434,2.349308,0.491916
347,1089,PhantomTest,WorkingAsIntended,1600,1596,0,0,0,0.022196,0.041392,4.563143,0.123512,0.313345,0,0,1.745304,3.254696,0,0,0,0,,0.505756,2.499017,0.05885,2.442133,2.349308,0.491916
352,357,Belzebuth,12PoolBot,1134,1765,0,0,0,0.297738,0.000136,3.418308,0.092524,1.489168,0,0,4.997714,0.002286,0,0,0,0,,0.025773,0.127347,0.05885,4.813803,2.349308,0.491916
352,374,Belzebuth,SwarmLord,1134,1600,0,0,0,0.297738,0.022196,3.34289,0.090483,1.566627,0,0,4.653116,0.346884,0,0,0,0,,0.064013,0.316299,0.05885,4.624851,2.349308,0.491916
352,446,Belzebuth,Xena,1134,1937,0,0,1,0.297738,0.009376,3.386718,0.091669,2.521613,1,0,5.847348,0.152652,0,0,0,0,,0.009733,0.048093,0.05885,4.893057,2.349308,0.491916
352,496,Belzebuth,Zozo,1134,2089,1,0,0,0.297738,0.003751,4.40595,0.09219,1.501861,0,0,4.937794,0.062206,0,1,0,1,2.293544,0.004081,0.020163,0.05885,5.920987,2.32643,0.448612
352,510,Belzebuth,PhantomBot,1134,1817,0,0,0,0.297738,0.004602,3.403041,0.092111,1.504848,0,0,4.923899,0.076101,0,0,0,0,,0.019234,0.095037,0.05885,4.846113,2.349308,0.491916
352,516,Belzebuth,27turtles,1134,1526,2,0,0,0.297738,0.000103,5.418422,0.092527,1.489051,0,0,4.998277,0.001723,0,2,0,2,3.13947,0.094787,0.468359,0.05885,6.472791,2.809043,0.429209
352,517,Belzebuth,VeTerran-revived,1134,1869,1,0,0,0.297738,0.000102,4.418426,0.092527,1.489047,0,0,4.998295,0.001705,0,1,0,1,1.912501,0.01433,0.070804,0.05885,5.870346,2.170103,0.448612
352,518,Belzebuth,norman,1134,1674,0,0,0,0.297738,8.4e-05,3.418488,0.092529,1.488984,0,0,4.998597,0.001403,0,0,0,0,,0.042758,0.211276,0.05885,4.729874,2.349308,0.491916
352,526,Belzebuth,Apidae,1134,1635,0,0,1,0.297738,0.004795,3.402382,0.092093,2.505525,1,0,5.92076,0.07924,0,0,0,0,,0.052951,0.261638,0.05885,4.679512,2.349308,0.491916
352,605,Belzebuth,nida,1134,1693,0,0,1,0.297738,8.4e-05,3.418487,0.092529,2.488984,1,0,5.998594,0.001406,0,0,0,0,,0.038499,0.190229,0.05885,4.750921,2.349308,0.491916
352,637,Belzebuth,72Tortoises,1134,1697,1,0,0,0.297738,0.000103,4.418423,0.092527,1.48905,0,0,4.998278,0.001722,0,1,0,1,2.753024,0.037656,0.186062,0.05885,5.755088,2.514937,0.448612
352,699,Belzebuth,Clicadinha,1134,1635,0,0,0,0.297738,0.00084,3.4159,0.092459,1.491641,0,0,4.985927,0.014073,0,0,0,0,,0.052951,0.261638,0.05885,4.679512,2.349308,0.491916
352,708,Belzebuth,Princess-Mika,1134,1521,21,0,18,0.297738,0.02954,24.317783,0.089803,19.592414,18,0,22.548702,0.451298,2,19,0,21,2.343142,0.097286,2.480705,0.05885,23.460445,2.343537,0.38609
352,709,Belzebuth,Laser-Circus,1134,1211,0,1,8,0.297738,0.290524,2.425539,1.065653,10.508809,2,6,4.530659,8.469341,0,0,0,0,,0.390967,1.931829,0.05885,3.009321,2.349308,0.491916
352,718,Belzebuth,Mulebot,1134,1689,0,0,0,0.297738,0.004543,3.40324,0.092116,1.504644,0,0,4.924847,0.075153,0,0,0,0,,0.03936,0.194486,0.05885,4.746664,2.349308,0.491916
352,720,Belzebuth,PiG_Bot,1134,1627,1,0,0,0.297738,0.000165,4.418208,0.092521,1.489271,0,0,4.997224,0.002776,0,1,0,1,2.028148,0.055308,0.273286,0.05885,5.667864,2.217548,0.448612
352,721,Belzebuth,49Terrapins,1134,1430,33,0,3,0.297738,0.000102,36.418425,0.092527,4.489048,3,0,7.998291,0.001709,0,33,0,33,2.308973,0.153955,0.760714,0.05885,37.180436,2.310657,0.38321
352,729,Belzebuth,Alexa,1134,1367,23,2,18,0.297738,0.023955,26.336876,2.09032,19.572804,14,4,18.627673,4.372327,0,23,0,23,2.94692,0.207304,1.024318,0.05885,26.916832,2.911768,0.385416
352,730,Belzebuth,Deimos,1134,2155,0,0,0,0.297738,0.005359,3.400453,0.092041,1.507506,0,0,4.911601,0.088399,0,0,0,0,,0.002794,0.013807,0.05885,4.927343,2.349308,0.491916
352,732,Belzebuth,GPT,1134,1830,0,0,0,0.297738,8.3e-05,3.418488,0.092529,1.488983,0,0,4.9986,0.0014,0,0,0,0,,0.017872,0.088307,0.05885,4.852843,2.349308,0.491916
352,759,Belzebuth,BotTato,1134,1710,0,0,0,0.297738,0.006225,3.397492,0.091961,1.510547,0,0,4.897605,0.102395,0,0,0,0,,0.035036,0.173117,0.05885,4.768033,2.349308,0.491916
352,779,Belzebuth,oberon,1134,1472,29,6,19,0.297738,8.5e-05,32.418481,6.092529,20.48899,19,0,23.998566,0.001434,9,18,2,29,2.883,0.125025,9.617766,2.05885,22.323384,2.857795,0.383919
352,797,Belzebuth,WickedBot,1134,1707,0,0,1,0.297738,0.043299,3.270745,0.08853,2.640725,1,0,5.36519,0.63481,0,0,0,0,,0.035624,0.176025,0.05885,4.765125,2.349308,0.491916
352,809,Belzebuth,PrimordialOrigin,1134,1258,33,1,22,0.297738,0.136344,35.952643,1.07992,23.967438,9,13,12.42951,14.57049,2,31,0,33,2.324982,0.328759,3.62445,0.05885,34.3167,2.325997,0.38321
352,813,Belzebuth,MewCombatMicro,1134,1511,1,0,0,0.297738,0.004268,4.40418,0.092142,1.503678,0,0,4.929332,0.070668,1,0,0,1,1.572774,0.10246,1.50627,0.05885,4.43488,2.030726,0.448612
352,827,Belzebuth,smokinggunbot,1134,1579,5,0,0,0.297738,8.2e-05,8.418491,0.092529,1.48898,0,0,4.998616,0.001384,0,5,0,5,2.454311,0.071649,0.35403,0.05885,9.58712,2.430864,0.406046
352,832,Belzebuth,muravev,1134,1632,1,0,0,0.297738,0.001014,4.415308,0.092443,1.492249,0,0,4.983035,0.016965,0,1,0,1,2.60417,0.053824,0.26595,0.05885,5.6752,2.453868,0.448612
352,836,Belzebuth,muravevTerran,1134,1477,10,0,0,0.297738,0.000366,13.417521,0.092503,1.489976,0,0,4.993857,0.006143,0,10,0,10,2.390342,0.12191,0.602375,0.05885,14.338775,2.385185,0.393932
352,858,Belzebuth,Crawler,1134,1562,11,0,1,0.297738,0.00261,14.409851,0.092295,2.497854,0,1,4.956552,1.043448,0,11,0,11,1.513035,0.078438,0.387572,0.05885,15.553578,1.609688,0.392657
352,876,Belzebuth,GenesisLotus,1134,1411,41,1,6,0.297738,0.009792,44.385298,1.091631,7.523072,6,0,10.840802,0.159198,0,40,1,41,2.19589,0.168746,0.8338,1.05885,44.10735,2.201087,0.382189
352,901,Belzebuth,clone,1134,1667,0,0,0,0.297738,0.006192,3.397606,0.091964,1.510431,0,0,4.898141,0.101859,0,0,0,0,,0.044438,0.219577,0.05885,4.721573,2.349308,0.491916
352,930,Belzebuth,SiriusBot,1134,1519,17,2,9,0.297738,8.3e-05,20.418491,2.092529,10.48898,9,0,13.998612,0.001388,0,17,0,17,2.349802,0.098302,0.485724,0.05885,21.455426,2.349763,0.387873
352,939,Belzebuth,RustyNikolaj,1134,1539,27,0,2,0.297738,0.000102,30.418424,0.092527,3.489049,2,0,6.998283,0.001717,0,27,0,27,2.473412,0.088558,0.437579,0.05885,31.503571,2.467139,0.384349
352,940,Belzebuth,Princess-Mika-Test,1134,1524,15,0,20,0.297738,0.032493,18.307687,0.08953,21.602783,20,0,24.508026,0.491974,0,15,0,15,2.131639,0.09578,0.473263,0.05885,19.467887,2.150674,0.389085
352,943,Belzebuth,puck,1134,1529,22,1,25,0.297738,8.3e-05,25.418488,1.092529,26.488983,25,0,29.998599,0.001401,0,22,0,22,1.950583,0.093316,0.461088,0.05885,26.480062,1.975038,0.385739
352,948,Belzebuth,titania,1134,1185,23,0,8,0.297738,0.000157,26.418235,0.092522,9.489243,8,0,12.997358,0.002642,23,0,0,23,2.737246,0.427128,25.110502,0.05885,2.830648,2.714426,0.385416
352,953,Belzebuth,ZeratulsRevengeTest,1134,1702,1,0,0,0.297738,0.000163,4.418217,0.092522,1.489261,0,0,4.997269,0.002731,0,1,0,1,1.510722,0.036626,0.180977,0.05885,5.760173,2.005268,0.448612
352,959,Belzebuth,ur_moms_a_ho,1134,1600,0,0,0,0.297738,0.022196,3.34289,0.090483,1.566627,0,0,4.653116,0.346884,0,0,0,0,,0.064013,0.316299,0.05885,4.624851,2.349308,0.491916
352,960,Belzebuth,BigDaddy,1134,1637,0,0,0,0.297738,0.006779,3.395597,0.091909,1.512493,0,0,4.888693,0.111307,0,0,0,0,,0.052376,0.2588,0.05885,4.68235,2.349308,0.491916
352,961,Belzebuth,AvocaDOS,1134,1751,0,0,0,0.297738,0.000833,3.415924,0.092459,1.491617,0,0,4.986043,0.013957,0,0,0,0,,0.027875,0.137737,0.05885,4.803413,2.349308,0.491916
352,962,Belzebuth,AvocaDEV,1134,1700,1,0,0,0.297738,0.057896,4.220838,0.087179,1.691983,0,0,4.186012,0.813988,0,1,0,1,1.941615,0.037035,0.182995,0.05885,5.758155,2.182047,0.448612
352,966,Belzebuth,ArgoBot,1134,1909,0,0,0,0.297738,8.5e-05,3.418482,0.092529,1.488989,0,0,4.998569,0.001431,0,0,0,0,,0.011416,0.056408,0.05885,4.884742,2.349308,0.491916
352,970,Belzebuth,TheLAW,1134,1576,1,0,2,0.297738,0.05452,4.232383,0.087492,3.680126,2,0,6.226138,0.773862,0,1,0,1,2.161022,0.072807,0.359748,0.05885,5.581402,2.272061,0.448612
352,971,Belzebuth,Nothing,1134,1570,1,0,0,0.297738,0.00831,4.390362,0.091768,1.51787,0,0,4.864231,0.135769,0,1,0,1,2.116256,0.075173,0.37144,0.05885,5.56971,2.253695,0.448612
352,977,Belzebuth,Siriusly,1134,1392,30,2,18,0.297738,0.001619,33.413239,2.092387,19.494374,18,0,22.972961,0.027039,6,21,3,30,2.400894,0.184648,6.912374,3.05885,25.028776,2.398536,0.383725
352,981,Belzebuth,KoB,1134,1499,18,1,12,0.297738,0.001616,21.413247,1.092387,13.494366,12,0,16.973002,0.026998,0,18,0,18,2.224686,0.108989,0.538531,0.05885,22.402619,2.233903,0.38736
352,998,Belzebuth,LordSuperKing,1134,1656,0,0,1,0.297738,0.000132,3.418322,0.092524,2.489154,1,0,5.997782,0.002218,0,0,0,0,,0.047206,0.233253,0.05885,4.707897,2.349308,0.491916
352,1007,Belzebuth,SharkGull,1134,1605,0,0,1,0.297738,0.000223,3.418011,0.092516,2.489473,1,0,5.99626,0.00374,0,0,0,0,,0.06231,0.307884,0.05885,4.633266,2.349308,0.491916
352,1008,Belzebuth,Creepy_canon,1134,1587,1,0,0,0.297738,0.074065,4.165561,0.085683,1.748756,0,0,4.003972,0.996028,0,1,0,1,1.953028,0.068646,0.33919,0.05885,5.60196,2.186729,0.448612
352,1023,Belzebuth,MY_SCRIPTING_SON,1134,1275,22,5,27,0.297738,0.333918,24.277183,5.061637,29.66118,17,10,19.356805,12.643195,9,13,0,22,2.589539,0.307537,10.519585,0.05885,16.421565,2.574805,0.385739
352,1026,Belzebuth,WildLupo,1134,1199,30,4,22,0.297738,0.018371,33.355966,4.090837,23.553197,22,0,26.709417,0.290583,6,24,0,30,2.635196,0.407534,8.013685,0.05885,26.927465,2.622124,0.383725
352,1029,Belzebuth,Chomppet,1134,1600,0,0,0,0.297738,0.022196,3.34289,0.090483,1.566627,0,0,4.653116,0.346884,0,0,0,0,,0.064013,0.316299,0.05885,4.624851,2.349308,0.491916
352,1030,Belzebuth,who,1134,1924,0,0,0,0.297738,8.3e-05,3.418489,0.092529,1.488982,0,0,4.998602,0.001398,0,0,0,0,,0.010482,0.051791,0.05885,4.889359,2.349308,0.491916
352,1032,Belzebuth,WaterLeak,1134,1607,0,0,0,0.297738,8.4e-05,3.418485,0.092529,1.488986,0,0,4.998585,0.001415,0,0,0,0,,0.061641,0.304577,0.05885,4.636573,2.349308,0.491916
352,1038,Belzebuth,PolyMorph,1134,1463,28,0,20,0.297738,0.001586,31.413351,0.09239,21.494259,20,0,24.973507,0.026493,0,28,0,28,2.569259,0.130803,0.646318,0.05885,32.294832,2.558519,0.384127
352,1042,Belzebuth,Creepy_duo_canon,1134,1386,20,5,10,0.297738,0.104041,23.06308,5.082909,11.854011,4,6,7.705243,7.294757,10,10,0,20,2.429318,0.189905,10.938348,0.05885,14.002802,2.423953,0.386474
352,1044,Belzebuth,DoopyBot,1134,1418,15,4,17,0.297738,0.009666,18.385729,4.091642,18.522629,17,0,21.842787,0.157213,3,12,0,15,2.541728,0.163169,3.806243,0.05885,16.134907,2.5249,0.389085
352,1045,Belzebuth,tito,1134,1801,0,0,0,0.297738,0.000837,3.415913,0.092459,1.491628,0,0,4.98599,0.01401,0,0,0,0,,0.02105,0.104013,0.05885,4.837137,2.349308,0.491916
352,1049,Belzebuth,TheCatSC2Bot,1134,970,33,15,8,0.297738,0.003084,36.40823,15.092251,9.499519,8,0,12.94874,0.05126,30,0,3,33,3.093489,0.719919,33.557228,3.05885,1.383922,3.062426,0.38321
352,1050,Belzebuth,onlyfans,1134,1517,24,1,5,0.297738,8.7e-05,27.418477,1.092529,6.488994,5,0,9.998546,0.001454,0,24,0,24,2.418069,0.099327,0.490789,0.05885,28.450361,2.414184,0.385118
352,1052,Belzebuth,Starlight,1134,1204,28,6,16,0.297738,9.3e-05,31.418456,6.092528,17.489016,16,0,20.998441,0.001559,6,19,3,28,2.928131,0.400603,7.979441,3.05885,21.961709,2.899867,0.384127
352,1054,Belzebuth,JimmyBotZ,1134,1724,5,0,3,0.297738,0.005286,8.400701,0.092047,4.507252,3,0,7.912774,0.087226,0,5,0,5,2.416267,0.032411,0.160147,0.05885,9.781003,2.401315,0.406046
352,1056,Belzebuth,bilisaur,1134,1600,0,0,0,0.297738,0.022196,3.34289,0.090483,1.566627,0,0,4.653116,0.346884,0,0,0,0,,0.064013,0.316299,0.05885,4.624851,2.349308,0.491916
352,1057,Belzebuth,DoopyBot-Test,1134,1238,19,11,10,0.297738,0.023755,22.337561,11.090338,11.5721,9,1,13.630557,1.369443,4,13,2,19,2.671731,0.354648,5.752367,2.05885,16.188783,2.649053,0.386896
352,1058,Belzebuth,JimmyBotP,1134,1711,9,4,5,0.297738,0.005341,12.400515,4.092042,6.507443,2,3,6.911894,3.088106,1,7,1,9,2.737786,0.034842,1.172158,1.05885,11.768992,2.684284,0.395447
352,1059,Belzebuth,NextProBot,1134,1600,0,0,0,0.297738,0.022196,3.34289,0.090483,1.566627,0,0,4.653116,0.346884,0,0,0,0,,0.064013,0.316299,0.05885,4.624851,2.349308,0.491916
352,1060,Belzebuth,WildFire,1134,1709,2,0,0,0.297738,0.00012,5.418362,0.092525,1.489113,0,0,4.997979,0.002021,0,2,0,2,1.66855,0.035231,0.174081,0.05885,6.767069,1.953227,0.429209
352,1065,Belzebuth,MindMatrix,1134,1514,14,0,6,0.297738,0.010709,17.382161,0.091546,7.526294,6,0,10.8264,0.1736,1,12,1,14,2.39514,0.100883,1.498476,1.05885,16.442674,2.390872,0.389807
352,1066,Belzebuth,CompetitiveBotTest,1134,1482,1,0,0,0.297738,0.003699,4.406126,0.092194,1.50168,0,0,4.938638,0.061362,1,0,0,1,2.824944,0.118862,1.587316,0.05885,4.353834,2.544443,0.448612
352,1067,Belzebuth,Hello_world,1134,1600,0,0,0,0.297738,0.022196,3.34289,0.090483,1.566627,0,0,4.653116,0.346884,0,0,0,0,,0.064013,0.316299,0.05885,4.624851,2.349308,0.491916
352,1078,Belzebuth,LoremIpsum,1134,1242,13,4,4,0.297738,0.000201,16.418087,4.092518,5.489395,4,0,8.996632,0.003368,4,6,3,13,3.069951,0.349395,5.726415,3.05885,9.214735,2.9982,0.390628
352,1079,Belzebuth,JimmyBotT,1134,1675,2,0,0,0.297738,0.000205,5.418073,0.092518,1.489409,0,0,4.996564,0.003436,0,2,0,2,2.418474,0.042523,0.210115,0.05885,6.731035,2.389551,0.429209
352,1080,Belzebuth,JimmyBot,1134,1675,2,0,0,0.297738,0.003888,5.405482,0.092177,1.502341,0,0,4.935555,0.064445,0,2,0,2,1.889557,0.042523,0.210115,0.05885,6.731035,2.081814,0.429209
352,1081,Belzebuth,ArtZerg,1134,1537,2,0,0,0.297738,0.000199,5.418092,0.092518,1.48939,0,0,4.996656,0.003344,0,2,0,2,1.298746,0.089492,0.442193,0.05885,6.498957,1.738066,0.429209
352,1082,Belzebuth,Dasyatis,1134,1573,3,3,4,0.297738,0.048918,6.251533,3.08801,5.660457,4,0,8.294429,0.705571,1,2,0,3,2.28893,0.073981,1.365551,0.05885,6.575599,2.308489,0.418169
352,1084,Belzebuth,ZippyZap,1134,1457,0,0,1,0.297738,0.84229,0.539176,0.014594,5.44623,0,1,1.305837,4.694163,0,0,0,0,,0.13478,0.66597,0.05885,4.27518,2.349308,0.491916
352,1085,Belzebuth,AgoraLord,1134,1430,1,1,1,0.297738,0.000933,4.415585,1.09245,2.491965,1,0,5.984387,0.015613,0,1,0,1,3.088767,0.153955,0.760714,0.05885,5.180436,2.65268,0.448612
352,1086,Belzebuth,CherBoiBlue,1134,1500,1,0,0,0.297738,0.222218,3.65906,0.071973,2.268967,0,0,2.863107,2.136893,0,1,0,1,2.783158,0.108431,0.535775,0.05885,5.405375,2.5273,0.448612
352,1087,Belzebuth,SwarmLord2,1134,1533,0,0,0,0.297738,0.003699,3.406126,0.092194,1.50168,0,0,4.938638,0.061362,0,0,0,0,,0.091386,0.451552,0.05885,4.489598,2.349308,0.491916
352,1088,Belzebuth,SwarmLord3,1134,1562,1,0,0,0.297738,0.003468,4.406917,0.092216,1.500868,0,0,4.942429,0.057571,1,0,0,1,1.711995,0.078438,1.387572,0.05885,4.553578,2.087843,0.448612
352,1089,Belzebuth,WorkingAsIntended,1134,1596,0,0,1,0.297738,0.041392,3.277264,0.088706,2.634029,1,0,5.389736,0.610264,0,0,0,0,,0.065407,0.323185,0.05885,4.617965,2.349308,0.491916
357,374,12PoolBot,SwarmLord,1765,1600,0,0,0,0.000136,0.022196,4.759527,0.128827,0.111646,0,0,0.030488,4.969512,0,0,0,0,,0.721078,3.562956,0.05885,1.378194,2.349308,0.491916
357,446,12PoolBot,Xena,1765,1937,25,0,0,0.000136,0.009376,29.821928,0.130516,0.047556,0,0,0.071575,4.928425,8,17,0,25,2.1276,0.27089,9.338508,0.05885,20.602642,2.139655,0.384842
357,496,12PoolBot,Zozo,1765,2089,27,0,0,0.000136,0.003751,31.84931,0.131257,0.019433,0,0,0.17516,4.82484,4,23,0,27,2.311594,0.13411,4.66266,0.05885,27.27849,2.3135,0.384349
357,510,12PoolBot,PhantomBot,1765,1817,24,0,0,0.000136,0.004602,28.845169,0.131145,0.023686,0,0,0.143707,4.856293,16,8,0,24,1.789575,0.42572,18.103545,0.05885,10.837605,1.821206,0.385118
357,516,12PoolBot,27turtles,1765,1526,6,0,0,0.000136,0.000103,10.867068,0.131738,0.001194,0,0,2.850738,2.149262,6,0,0,6,2.640094,0.798315,9.944593,0.05885,0.996557,2.583892,0.402359
357,517,12PoolBot,VeTerran-revived,1765,1869,27,0,0,0.000136,0.000102,31.867073,0.131738,0.001188,0,0,2.864256,2.135744,2,25,0,27,2.086669,0.354648,3.752367,0.05885,28.188783,2.099945,0.384349
357,518,12PoolBot,norman,1765,1674,10,0,0,0.000136,8.4e-05,14.867161,0.13174,0.001099,0,0,3.09846,1.90154,10,0,0,10,1.556673,0.628045,13.103264,0.05885,1.837886,1.656292,0.393932
357,526,12PoolBot,Apidae,1765,1635,8,0,0,0.000136,0.004795,12.84423,0.13112,0.02465,0,0,0.138085,4.861915,8,0,0,8,1.509364,0.678817,11.354136,0.05885,1.587014,1.6373,0.397274
357,605,12PoolBot,nida,1765,1693,8,1,0,0.000136,8.4e-05,12.86716,1.13174,0.0011,0,0,3.095794,1.904206,7,1,0,8,2.940372,0.602158,9.975353,0.05885,2.965797,2.850344,0.397274
357,637,12PoolBot,72Tortoises,1765,1697,8,0,0,0.000136,0.000103,12.867068,0.131738,0.001194,0,0,2.851871,2.148129,7,1,0,8,1.789468,0.596629,9.948034,0.05885,2.993116,1.87474,0.397274
357,699,12PoolBot,Clicadinha,1765,1635,6,0,0,0.000136,0.00084,10.863477,0.131641,0.004882,0,0,0.697208,4.302792,2,4,0,6,1.912312,0.678817,5.354136,0.05885,5.587014,1.996771,0.402359
357,708,12PoolBot,Princess-Mika,1765,1521,2,0,0,0.000136,0.02954,6.72378,0.127859,0.148361,0,0,0.022943,4.977057,2,0,0,2,1.456876,0.802909,5.967295,0.05885,0.973855,1.83007,0.429209
357,709,12PoolBot,Laser-Circus,1765,1211,0,0,0,0.000136,0.290524,3.453424,0.093475,1.453102,0,0,0.002342,4.997658,0,0,0,0,,0.960421,4.745586,0.05885,0.195564,2.349308,0.491916
357,718,12PoolBot,Mulebot,1765,1689,10,0,0,0.000136,0.004543,14.845452,0.131153,0.023395,0,0,0.145494,4.854506,10,0,0,10,1.995827,0.607661,13.002544,0.05885,1.938606,2.040253,0.393932
357,720,12PoolBot,PiG_Bot,1765,1627,4,0,0,0.000136,0.000165,8.866763,0.13173,0.001508,0,0,2.257739,2.742261,2,2,0,4,1.746903,0.688774,5.403334,0.05885,3.537816,1.906157,0.411036
357,721,12PoolBot,49Terrapins,1765,1430,1,0,0,0.000136,0.000102,5.867072,0.131738,0.00119,0,0,2.860892,2.139108,1,0,0,1,1.495149,0.873074,5.313989,0.05885,0.627161,1.998879,0.448612
357,729,12PoolBot,Alexa,1765,1367,1,0,0,0.000136,0.023955,5.750965,0.128595,0.12044,0,0,0.028262,4.971738,1,0,0,1,2.518503,0.908135,5.487231,0.05885,0.453919,2.418722,0.448612
357,730,12PoolBot,Deimos,1765,2155,25,0,1,0.000136,0.005359,29.841484,0.131045,1.027471,0,1,0.123908,5.876092,6,19,0,25,2.211945,0.09578,6.473263,0.05885,23.467887,2.219414,0.384842
357,732,12PoolBot,GPT,1765,1830,27,0,0,0.000136,8.3e-05,31.867162,0.13174,0.001098,0,0,3.101118,1.898882,2,25,0,27,1.742834,0.407534,4.013685,0.05885,27.927465,1.77349,0.384349
357,759,12PoolBot,BotTato,1765,1710,20,1,0,0.000136,0.006225,24.837268,1.130931,0.031801,0,0,0.107036,4.892964,3,17,0,20,2.6598,0.578497,5.858439,0.05885,19.082711,2.63898,0.386474
357,779,12PoolBot,oberon,1765,1472,0,0,0,0.000136,8.5e-05,4.867152,0.13174,0.001108,0,0,3.072375,1.927625,0,0,0,0,,0.843782,4.169255,0.05885,0.771895,2.349308,0.491916
357,797,12PoolBot,WickedBot,1765,1707,17,1,1,0.000136,0.043299,21.656808,1.126047,1.217145,0,1,0.015675,5.984325,12,5,0,17,2.021777,0.582702,14.879217,0.05885,7.061933,2.047313,0.387873
357,809,12PoolBot,PrimordialOrigin,1765,1258,0,0,0,0.000136,0.136344,4.203902,0.113788,0.68231,0,0,0.004989,4.995011,0,0,0,0,,0.948755,4.687939,0.05885,0.253211,2.349308,0.491916
357,813,12PoolBot,MewCombatMicro,1765,1511,0,0,0,0.000136,0.004268,4.846791,0.131189,0.02202,0,0,0.154578,4.845422,0,0,0,0,,0.81186,4.011522,0.05885,0.929628,2.349308,0.491916
357,827,12PoolBot,smokinggunbot,1765,1579,4,0,0,0.000136,8.2e-05,8.867166,0.131741,0.001093,0,0,3.114299,1.885701,3,1,0,4,1.721911,0.74473,6.679825,0.05885,2.261325,1.887772,0.411036
357,832,12PoolBot,muravev,1765,1632,6,0,0,0.000136,0.001014,10.862634,0.131618,0.005749,0,0,0.592134,4.407866,6,0,0,6,1.594968,0.68257,9.372683,0.05885,1.568467,1.740762,0.402359
357,836,12PoolBot,muravevTerran,1765,1477,1,0,0,0.000136,0.000366,5.865785,0.131703,0.002512,0,0,1.355098,3.644902,1,0,0,1,1.313724,0.839951,5.150322,0.05885,0.790828,1.924447,0.448612
357,858,12PoolBot,Crawler,1765,1562,4,0,0,0.000136,0.00261,8.854864,0.131408,0.013728,0,0,0.247941,4.752059,2,2,0,4,1.782775,0.762885,5.769529,0.05885,3.171621,1.932545,0.411036
357,876,12PoolBot,GenesisLotus,1765,1411,1,0,0,0.000136,0.009792,5.819906,0.130461,0.049632,0,0,0.068581,4.931419,1,0,0,1,1.319086,0.884708,5.371474,0.05885,0.569676,1.926647,0.448612
357,901,12PoolBot,clone,1765,1667,5,0,0,0.000136,0.006192,9.83743,0.130936,0.031635,0,0,0.107599,4.892401,5,0,0,5,1.86627,0.637408,8.14953,0.05885,1.79162,1.974131,0.406046
357,930,12PoolBot,SiriusBot,1765,1519,2,0,0,0.000136,8.3e-05,6.867165,0.131741,0.001094,0,0,3.110802,1.889198,2,0,0,2,1.367979,0.804725,5.976265,0.05885,0.964885,1.778347,0.429209
357,939,12PoolBot,RustyNikolaj,1765,1539,1,0,0,0.000136,0.000102,5.86707,0.131738,0.001192,0,0,2.855263,2.144737,0,0,1,1,3.377588,0.785997,3.883727,1.05885,1.057423,2.771172,0.448612
357,940,12PoolBot,Princess-Mika-Test,1765,1524,2,0,0,0.000136,0.032493,6.709406,0.12747,0.163124,0,0,0.020867,4.979133,2,0,0,2,1.386469,0.800162,5.953721,0.05885,0.987429,1.789106,0.429209
357,943,12PoolBot,puck,1765,1529,3,0,0,0.000136,8.3e-05,7.867162,0.13174,0.001098,0,0,3.100233,1.899767,3,0,0,3,1.584002,0.79552,6.930783,0.05885,1.010367,1.831914,0.418169
357,948,12PoolBot,titania,1765,1185,0,0,0,0.000136,0.000157,4.866801,0.131731,0.001468,0,0,2.319079,2.680921,0,0,0,0,,0.965734,4.771839,0.05885,0.169311,2.349308,0.491916
357,953,12PoolBot,ZeratulsRevengeTest,1765,1702,20,0,0,0.000136,0.000163,24.866776,0.13173,0.001494,0,0,2.277889,2.722111,10,10,0,20,1.93854,0.589684,12.913715,0.05885,12.027435,1.966083,0.386474
357,959,12PoolBot,ur_moms_a_ho,1765,1600,0,0,0,0.000136,0.022196,4.759527,0.128827,0.111646,0,0,0.030488,4.969512,0,0,0,0,,0.721078,3.562956,0.05885,1.378194,2.349308,0.491916
357,960,12PoolBot,BigDaddy,1765,1637,7,1,0,0.000136,0.006779,11.83457,1.130858,0.034571,0,0,0.098459,4.901541,2,5,0,7,1.755026,0.676302,5.341708,0.05885,6.599442,1.856272,0.399523
357,961,12PoolBot,AvocaDOS,1765,1751,24,0,0,0.000136,0.000833,28.863511,0.131642,0.004848,0,0,0.702195,4.297805,6,18,0,24,2.081137,0.520137,8.570074,0.05885,20.371076,2.096291,0.385118
357,962,12PoolBot,AvocaDEV,1765,1700,2,0,0,0.000136,0.057896,6.585753,0.124123,0.290124,0,0,0.011732,4.988268,1,1,0,2,2.193651,0.592466,3.927465,0.05885,3.013685,2.258743,0.429209
357,966,12PoolBot,ArgoBot,1765,1909,26,0,0,0.000136,8.5e-05,30.867153,0.13174,0.001107,0,0,3.075106,1.924894,0,26,0,26,2.431971,0.303871,1.501473,0.05885,29.439677,2.42764,0.384586
357,970,12PoolBot,TheLAW,1765,1576,6,0,0,0.000136,0.05452,10.602189,0.124568,0.273242,0,0,0.012457,4.987543,6,0,0,6,1.3225,0.748,9.695978,0.05885,1.245172,1.520955,0.402359
357,971,12PoolBot,Nothing,1765,1570,6,0,0,0.000136,0.00831,10.827116,0.130657,0.042227,0,0,0.080608,4.919392,6,0,0,6,1.388793,0.754454,9.727871,0.05885,1.213279,1.574436,0.402359
357,977,12PoolBot,Siriusly,1765,1392,0,0,0,0.000136,0.001619,4.859688,0.131538,0.008774,0,0,0.387949,4.612051,0,0,0,0,,0.895403,4.424321,0.05885,0.516829,2.349308,0.491916
357,981,12PoolBot,KoB,1765,1499,2,0,0,0.000136,0.001616,6.8597,0.131538,0.008762,0,0,0.388498,4.611502,1,1,0,2,1.841154,0.822185,5.062537,0.05885,1.878613,2.053652,0.429209
357,998,12PoolBot,LordSuperKing,1765,1656,9,0,0,0.000136,0.000132,13.866925,0.131734,0.001341,0,0,2.537764,2.462236,4,5,0,9,2.009375,0.651912,7.221195,0.05885,6.719955,2.056191,0.395447
357,1007,12PoolBot,SharkGull,1765,1605,4,0,0,0.000136,0.000223,8.866483,0.131722,0.001795,0,0,1.89642,3.10358,4,0,0,4,1.405511,0.715253,7.534171,0.05885,1.406979,1.655016,0.411036
357,1008,12PoolBot,Creepy_canon,1765,1587,0,0,0,0.000136,0.074065,4.50705,0.121993,0.370957,0,0,0.009176,4.990824,0,0,0,0,,0.735877,3.636081,0.05885,1.305069,2.349308,0.491916
357,1023,12PoolBot,MY_SCRIPTING_SON,1765,1275,0,0,0,0.000136,0.333918,3.242199,0.087757,1.670044,0,0,0.002038,4.997962,0,0,0,0,,0.943782,4.663371,0.05885,0.277779,2.349308,0.491916
357,1026,12PoolBot,WildLupo,1765,1199,0,0,0,0.000136,0.018371,4.778145,0.129331,0.092524,0,0,0.036789,4.963211,0,0,0,0,,0.962965,4.758155,0.05885,0.182995,2.349308,0.491916
357,1029,12PoolBot,Chomppet,1765,1600,0,0,0,0.000136,0.022196,4.759527,0.128827,0.111646,0,0,0.030488,4.969512,0,0,0,0,,0.721078,3.562956,0.05885,1.378194,2.349308,0.491916
357,1030,12PoolBot,who,1765,1924,28,0,0,0.000136,8.3e-05,32.867162,0.13174,0.001097,0,0,3.102886,1.897114,21,7,0,28,1.570906,0.285921,22.412779,0.05885,10.528371,1.608917,0.384127
357,1032,12PoolBot,WaterLeak,1765,1607,9,0,0,0.000136,8.4e-05,13.867158,0.13174,0.001102,0,0,3.088649,1.911351,1,8,0,9,1.883557,0.712902,4.522556,0.05885,9.418594,1.947701,0.395447
357,1038,12PoolBot,PolyMorph,1765,1463,1,0,0,0.000136,0.001586,5.859848,0.131542,0.00861,0,0,0.395347,4.604653,1,0,0,1,1.386294,0.85049,5.2024,0.05885,0.73875,1.95422,0.448612
357,1042,12PoolBot,Creepy_duo_canon,1765,1386,0,0,0,0.000136,0.104041,4.361139,0.118044,0.520817,0,0,0.006536,4.993464,0,0,0,0,,0.898594,4.440088,0.05885,0.501062,2.349308,0.491916
357,1044,12PoolBot,DoopyBot,1765,1418,0,0,0,0.000136,0.009666,4.82052,0.130478,0.049002,0,0,0.069463,4.930537,0,0,0,0,,0.880534,4.350848,0.05885,0.590302,2.349308,0.491916
357,1045,12PoolBot,tito,1765,1801,24,0,0,0.000136,0.000837,28.863496,0.131641,0.004863,0,0,0.69993,4.30007,23,1,0,24,1.649686,0.448376,25.215495,0.05885,3.725655,1.689221,0.385118
357,1049,12PoolBot,TheCatSC2Bot,1765,970,0,0,0,0.000136,0.003084,4.852556,0.131345,0.016099,0,0,0.211435,4.788565,0,0,0,0,,0.989813,4.890814,0.05885,0.050336,2.349308,0.491916
357,1050,12PoolBot,onlyfans,1765,1517,3,0,0,0.000136,8.7e-05,7.867146,0.13174,0.001114,0,0,3.055821,1.944179,3,0,0,3,1.94464,0.806528,6.985173,0.05885,0.955977,2.075727,0.418169
357,1052,12PoolBot,Starlight,1765,1204,0,0,0,0.000136,9.3e-05,4.867116,0.131739,0.001145,0,0,2.972637,2.027363,0,0,0,0,,0.961925,4.753015,0.05885,0.188135,2.349308,0.491916
357,1054,12PoolBot,JimmyBotZ,1765,1724,6,0,0,0.000136,0.005286,10.841836,0.131055,0.027109,0,0,0.125562,4.874438,3,3,0,6,2.241109,0.558731,5.760776,0.05885,5.180374,2.262021,0.402359
357,1056,12PoolBot,bilisaur,1765,1600,0,0,0,0.000136,0.022196,4.759527,0.128827,0.111646,0,0,0.030488,4.969512,0,0,0,0,,0.721078,3.562956,0.05885,1.378194,2.349308,0.491916
357,1057,12PoolBot,DoopyBot-Test,1765,1238,0,0,0,0.000136,0.023755,4.75194,0.128622,0.119438,0,0,0.028499,4.971501,0,0,0,0,,0.954072,4.714211,0.05885,0.226939,2.349308,0.491916
357,1058,12PoolBot,JimmyBotP,1765,1711,5,0,0,0.000136,0.005341,9.841572,0.131048,0.02738,0,0,0.124317,4.875683,5,0,0,5,1.410323,0.577092,7.8515,0.05885,2.08965,1.619995,0.406046
357,1059,12PoolBot,NextProBot,1765,1600,0,0,0,0.000136,0.022196,4.759527,0.128827,0.111646,0,0,0.030488,4.969512,0,0,0,0,,0.721078,3.562956,0.05885,1.378194,2.349308,0.491916
357,1060,12PoolBot,WildFire,1765,1709,18,0,0,0.000136,0.00012,22.866982,0.131736,0.001283,0,0,2.654001,2.345999,4,14,0,18,1.876776,0.5799,6.865372,0.05885,16.075778,1.911721,0.38736
357,1065,12PoolBot,MindMatrix,1765,1514,0,0,0,0.000136,0.010709,4.815439,0.13034,0.05422,0,0,0.062778,4.937222,0,0,0,0,,0.809208,3.998418,0.05885,0.942732,2.349308,0.491916
357,1066,12PoolBot,CompetitiveBotTest,1765,1482,0,0,0,0.000136,0.003699,4.849561,0.131264,0.019175,0,0,0.177515,4.822485,0,0,0,0,,0.836043,4.131016,0.05885,0.810134,2.349308,0.491916
357,1067,12PoolBot,Hello_world,1765,1600,0,0,0,0.000136,0.022196,4.759527,0.128827,0.111646,0,0,0.030488,4.969512,0,0,0,0,,0.721078,3.562956,0.05885,1.378194,2.349308,0.491916
357,1078,12PoolBot,LoremIpsum,1765,1242,0,0,0,0.000136,0.000201,4.866591,0.131725,0.001684,0,0,2.021199,2.978801,0,0,0,0,,0.953052,4.709173,0.05885,0.231977,2.349308,0.491916
357,1079,12PoolBot,JimmyBotT,1765,1675,4,0,0,0.000136,0.000205,8.866571,0.131724,0.001705,0,0,1.997052,3.002948,0,4,0,4,2.526599,0.626699,3.096614,0.05885,5.844536,2.47973,0.411036
357,1080,12PoolBot,JimmyBot,1765,1675,4,0,0,0.000136,0.003888,8.848644,0.131239,0.020116,0,0,0.169208,4.830792,3,1,0,4,2.116026,0.626699,6.096614,0.05885,2.844536,2.177697,0.411036
357,1081,12PoolBot,ArtZerg,1765,1537,2,1,0,0.000136,0.000199,6.866598,1.131725,0.001677,0,0,2.029883,2.970117,0,2,0,2,1.291772,0.787927,3.893264,0.05885,3.047886,1.734009,0.429209
357,1082,12PoolBot,Dasyatis,1765,1573,0,0,0,0.000136,0.048918,4.629456,0.125306,0.245238,0,0,0.01388,4.98612,0,0,0,0,,0.751241,3.711993,0.05885,1.229157,2.349308,0.491916
357,1084,12PoolBot,ZippyZap,1765,1457,0,0,0,0.000136,0.84229,0.767666,0.020779,4.211556,0,0,0.000808,4.999192,0,0,0,0,,0.854829,4.223839,0.05885,0.717311,2.349308,0.491916
357,1085,12PoolBot,AgoraLord,1765,1430,0,0,0,0.000136,0.000933,4.863028,0.131629,0.005343,0,0,0.637045,4.362955,0,0,0,0,,0.873074,4.313989,0.05885,0.627161,2.349308,0.491916
357,1086,12PoolBot,CherBoiBlue,1765,1500,0,0,0,0.000136,0.222218,3.785906,0.102474,1.11162,0,0,0.003062,4.996938,0,0,0,0,,0.821341,4.058371,0.05885,0.882779,2.349308,0.491916
357,1087,12PoolBot,SwarmLord2,1765,1533,0,0,0,0.000136,0.003699,4.849561,0.131264,0.019175,0,0,0.177515,4.822485,0,0,0,0,,0.791749,3.91215,0.05885,1.029,2.349308,0.491916
357,1088,12PoolBot,SwarmLord3,1765,1562,0,0,0,0.000136,0.003468,4.850686,0.131295,0.018019,0,0,0.188902,4.811098,0,0,0,0,,0.762885,3.769529,0.05885,1.171621,2.349308,0.491916
357,1089,12PoolBot,WorkingAsIntended,1765,1596,0,0,0,0.000136,0.041392,4.66609,0.126298,0.207612,0,0,0.016395,4.983605,0,0,0,0,,0.725686,3.585722,0.05885,1.355428,2.349308,0.491916
374,446,SwarmLord,Xena,1600,1937,0,0,0,0.022196,0.009376,4.715542,0.127637,0.156821,0,0,3.515101,1.484899,0,0,0,0,,0.125656,0.620884,0.05885,4.320266,2.349308,0.491916
374,496,SwarmLord,Zozo,1600,2089,0,0,0,0.022196,0.003751,4.74232,0.128361,0.129318,0,0,4.277198,0.722802,0,0,0,0,,0.056524,0.279292,0.05885,4.661858,2.349308,0.491916
374,510,SwarmLord,PhantomBot,1600,1817,0,0,0,0.022196,0.004602,4.738271,0.128252,0.133478,0,0,4.141409,0.858591,0,0,0,0,,0.222847,1.10112,0.05885,3.84003,2.349308,0.491916
374,516,SwarmLord,27turtles,1600,1526,0,0,0,0.022196,0.000103,4.759687,0.128831,0.111482,0,0,4.97698,0.02302,0,0,0,0,,0.604913,2.988965,0.05885,1.952185,2.349308,0.491916
374,517,SwarmLord,VeTerran-revived,1600,1869,0,0,0,0.022196,0.000102,4.759692,0.128832,0.111476,0,0,4.977231,0.022769,0,0,0,0,,0.175305,0.866207,0.05885,4.074943,2.349308,0.491916
374,518,SwarmLord,norman,1600,1674,0,0,0,0.022196,8.4e-05,4.759778,0.128834,0.111389,0,0,4.981245,0.018755,0,0,0,0,,0.395087,1.952185,0.05885,2.988965,2.349308,0.491916
374,526,SwarmLord,Apidae,1600,1635,0,0,0,0.022196,0.004795,4.737353,0.128227,0.134421,0,0,4.111811,0.888189,0,0,0,0,,0.449801,2.222532,0.05885,2.718618,2.349308,0.491916
374,605,SwarmLord,nida,1600,1693,0,0,0,0.022196,8.4e-05,4.759777,0.128834,0.111389,0,0,4.981203,0.018797,0,0,0,0,,0.36927,1.824617,0.05885,3.116533,2.349308,0.491916
374,637,SwarmLord,72Tortoises,1600,1697,0,0,0,0.022196,0.000103,4.759687,0.128831,0.111481,0,0,4.977001,0.022999,0,0,0,0,,0.363923,1.798199,0.05885,3.142951,2.349308,0.491916
374,699,SwarmLord,Clicadinha,1600,1635,0,0,0,0.022196,0.00084,4.756175,0.128736,0.115089,0,0,4.817598,0.182402,0,0,0,0,,0.449801,2.222532,0.05885,2.718618,2.349308,0.491916
374,708,SwarmLord,Princess-Mika,1600,1521,0,0,0,0.022196,0.02954,4.61956,0.125039,0.255402,0,0,2.145121,2.854879,0,0,0,0,,0.611771,3.02285,0.05885,1.9183,2.349308,0.491916
374,709,SwarmLord,Laser-Circus,1600,1211,0,0,0,0.022196,0.290524,3.377232,0.091412,1.531356,0,0,0.354886,4.645114,0,0,0,0,,0.90372,4.465418,0.05885,0.475732,2.349308,0.491916
374,718,SwarmLord,Mulebot,1600,1689,0,0,0,0.022196,0.004543,4.738548,0.128259,0.133193,0,0,4.150417,0.849583,0,0,0,0,,0.374649,1.851195,0.05885,3.089955,2.349308,0.491916
374,720,SwarmLord,PiG_Bot,1600,1627,0,0,0,0.022196,0.000165,4.759388,0.128823,0.111789,0,0,4.963018,0.036982,0,0,0,0,,0.461222,2.278967,0.05885,2.662183,2.349308,0.491916
374,721,SwarmLord,49Terrapins,1600,1430,0,0,0,0.022196,0.000102,4.759691,0.128832,0.111478,0,0,4.977169,0.022831,0,0,0,0,,0.72683,3.591376,0.05885,1.349774,2.349308,0.491916
374,729,SwarmLord,Alexa,1600,1367,0,0,0,0.022196,0.023955,4.646145,0.125758,0.228097,0,0,2.404714,2.595286,0,0,0,0,,0.792696,3.916832,0.05885,1.024318,2.349308,0.491916
374,730,SwarmLord,Deimos,1600,2155,0,0,0,0.022196,0.005359,4.734667,0.128154,0.137179,0,0,4.027627,0.972373,0,0,0,0,,0.03936,0.194486,0.05885,4.746664,2.349308,0.491916
374,732,SwarmLord,GPT,1600,1830,0,0,0,0.022196,8.3e-05,4.759778,0.128834,0.111388,0,0,4.981287,0.018713,0,0,0,0,,0.210156,1.038411,0.05885,3.902739,2.349308,0.491916
374,759,SwarmLord,BotTato,1600,1710,0,0,0,0.022196,0.006225,4.730544,0.128043,0.141413,0,0,3.90488,1.09512,0,0,0,0,,0.346783,1.713506,0.05885,3.227644,2.349308,0.491916
374,779,SwarmLord,oberon,1600,1472,0,0,0,0.022196,8.5e-05,4.759769,0.128834,0.111398,0,0,4.980828,0.019172,0,0,0,0,,0.676302,3.341708,0.05885,1.599442,2.349308,0.491916
374,797,SwarmLord,WickedBot,1600,1707,0,0,0,0.022196,0.043299,4.554066,0.123266,0.322668,0,0,1.694488,3.305512,0,0,0,0,,0.350705,1.732886,0.05885,3.208264,2.349308,0.491916
374,809,SwarmLord,PrimordialOrigin,1600,1258,0,0,0,0.022196,0.136344,4.111152,0.111277,0.777571,0,0,0.700011,4.299989,0,0,0,0,,0.877473,4.335723,0.05885,0.605427,2.349308,0.491916
374,813,SwarmLord,MewCombatMicro,1600,1511,0,0,0,0.022196,0.004268,4.739857,0.128295,0.131849,0,0,4.193548,0.806452,0,0,0,0,,0.625351,3.089955,0.05885,1.851195,2.349308,0.491916
374,827,SwarmLord,smokinggunbot,1600,1579,0,0,0,0.022196,8.2e-05,4.759783,0.128834,0.111383,0,0,4.981495,0.018505,0,0,0,0,,0.530185,2.619722,0.05885,2.321428,2.349308,0.491916
374,832,SwarmLord,muravev,1600,1632,0,0,0,0.022196,0.001014,4.75535,0.128714,0.115936,0,0,4.781628,0.218372,0,0,0,0,,0.454078,2.243668,0.05885,2.697482,2.349308,0.491916
374,836,SwarmLord,muravevTerran,1600,1477,0,0,0,0.022196,0.000366,4.758432,0.128797,0.112771,0,0,4.918831,0.081169,0,0,0,0,,0.669969,3.310417,0.05885,1.630733,2.349308,0.491916
374,858,SwarmLord,Crawler,1600,1562,0,0,0,0.022196,0.00261,4.747752,0.128508,0.12374,0,0,4.473939,0.526061,0,0,0,0,,0.554469,2.739716,0.05885,2.201434,2.349308,0.491916
374,876,SwarmLord,GenesisLotus,1600,1411,0,0,0,0.022196,0.009792,4.713566,0.127583,0.158851,0,0,3.469467,1.530533,0,0,0,0,,0.748,3.695978,0.05885,1.245172,2.349308,0.491916
374,901,SwarmLord,clone,1600,1667,0,0,0,0.022196,0.006192,4.730702,0.128047,0.141251,0,0,3.909455,1.090545,0,0,0,0,,0.404757,1.999965,0.05885,2.941185,2.349308,0.491916
374,930,SwarmLord,SiriusBot,1600,1519,0,0,0,0.022196,8.3e-05,4.759782,0.128834,0.111384,0,0,4.98144,0.01856,0,0,0,0,,0.614501,3.036343,0.05885,1.904807,2.349308,0.491916
374,939,SwarmLord,RustyNikolaj,1600,1539,0,0,0,0.022196,0.000102,4.759688,0.128831,0.11148,0,0,4.977064,0.022936,0,0,0,0,,0.586895,2.899936,0.05885,2.041214,2.349308,0.491916
374,940,SwarmLord,Princess-Mika-Test,1600,1524,0,0,0,0.022196,0.032493,4.605503,0.124658,0.269839,0,0,2.029291,2.970709,0,0,0,0,,0.607661,3.002544,0.05885,1.938606,2.349308,0.491916
374,943,SwarmLord,puck,1600,1529,0,0,0,0.022196,8.3e-05,4.759778,0.128834,0.111388,0,0,4.981273,0.018727,0,0,0,0,,0.600778,2.968535,0.05885,1.972615,2.349308,0.491916
374,948,SwarmLord,titania,1600,1185,0,0,0,0.022196,0.000157,4.759426,0.128824,0.11175,0,0,4.964789,0.035211,0,0,0,0,,0.915979,4.525992,0.05885,0.415158,2.349308,0.491916
374,953,SwarmLord,ZeratulsRevengeTest,1600,1702,0,0,0,0.022196,0.000163,4.759401,0.128824,0.111776,0,0,4.96361,0.03639,0,0,0,0,,0.357287,1.765408,0.05885,3.175742,2.349308,0.491916
374,959,SwarmLord,ur_moms_a_ho,1600,1600,0,0,0,0.022196,0.022196,4.654519,0.125985,0.219497,0,0,2.5,2.5,0,0,0,0,,0.5,2.470575,0.05885,2.470575,2.349308,0.491916
374,960,SwarmLord,BigDaddy,1600,1637,0,0,0,0.022196,0.006779,4.727906,0.127971,0.144123,0,0,3.830198,1.169802,0,0,0,0,,0.446953,2.208462,0.05885,2.732688,2.349308,0.491916
374,961,SwarmLord,AvocaDOS,1600,1751,0,0,0,0.022196,0.000833,4.756208,0.128737,0.115055,0,0,4.819048,0.180952,0,0,0,0,,0.295415,1.459692,0.05885,3.481458,2.349308,0.491916
374,962,SwarmLord,AvocaDEV,1600,1700,0,0,0,0.022196,0.057896,4.484578,0.121385,0.394037,0,0,1.385648,3.614352,0,0,0,0,,0.359935,1.778493,0.05885,3.162657,2.349308,0.491916
374,966,SwarmLord,ArgoBot,1600,1909,0,0,0,0.022196,8.5e-05,4.75977,0.128834,0.111397,0,0,4.980872,0.019128,0,0,0,0,,0.144458,0.713788,0.05885,4.227362,2.349308,0.491916
374,970,SwarmLord,TheLAW,1600,1576,0,0,0,0.022196,0.05452,4.500652,0.12182,0.377528,0,0,1.446639,3.553361,0,0,0,0,,0.534484,2.640965,0.05885,2.300185,2.349308,0.491916
374,971,SwarmLord,Nothing,1600,1570,0,0,0,0.022196,0.00831,4.720617,0.127774,0.15161,0,0,3.637927,1.362073,0,0,0,0,,0.543066,2.683373,0.05885,2.257777,2.349308,0.491916
374,977,SwarmLord,Siriusly,1600,1392,0,0,0,0.022196,0.001619,4.752469,0.128636,0.118895,0,0,4.660118,0.339882,0,0,0,0,,0.768052,3.79506,0.05885,1.14609,2.349308,0.491916
374,981,SwarmLord,KoB,1600,1499,0,0,0,0.022196,0.001616,4.752481,0.128636,0.118882,0,0,4.660603,0.339397,0,0,0,0,,0.64139,3.169205,0.05885,1.771945,2.349308,0.491916
374,998,SwarmLord,LordSuperKing,1600,1656,0,0,0,0.022196,0.000132,4.759546,0.128828,0.111626,0,0,4.970414,0.029586,0,0,0,0,,0.4201,2.075778,0.05885,2.865372,2.349308,0.491916
374,1007,SwarmLord,SharkGull,1600,1605,0,0,0,0.022196,0.000223,4.759115,0.128816,0.11207,0,0,4.950298,0.049702,0,0,0,0,,0.492805,2.435023,0.05885,2.506127,2.349308,0.491916
374,1008,SwarmLord,Creepy_canon,1600,1587,0,0,0,0.022196,0.074065,4.407611,0.119302,0.473087,0,0,1.152903,3.847097,0,0,0,0,,0.5187,2.562973,0.05885,2.378177,2.349308,0.491916
374,1023,SwarmLord,MY_SCRIPTING_SON,1600,1275,0,0,0,0.022196,0.333918,3.170667,0.085821,1.743512,0,0,0.311642,4.688358,0,0,0,0,,0.866557,4.281786,0.05885,0.659364,2.349308,0.491916
374,1026,SwarmLord,WildLupo,1600,1199,0,0,0,0.022196,0.018371,4.672725,0.126478,0.200797,0,0,2.735707,2.264293,0,0,0,0,,0.909566,4.4943,0.05885,0.44685,2.349308,0.491916
374,1029,SwarmLord,Chomppet,1600,1600,0,0,0,0.022196,0.022196,4.654519,0.125985,0.219497,0,0,2.5,2.5,0,0,0,0,,0.5,2.470575,0.05885,2.470575,2.349308,0.491916
374,1030,SwarmLord,who,1600,1924,0,0,0,0.022196,8.3e-05,4.759779,0.128834,0.111387,0,0,4.981315,0.018685,0,0,0,0,,0.13411,0.66266,0.05885,4.27849,2.349308,0.491916
374,1032,SwarmLord,WaterLeak,1600,1607,0,0,0,0.022196,8.4e-05,4.759774,0.128834,0.111392,0,0,4.981089,0.018911,0,0,0,0,,0.489928,2.420806,0.05885,2.520344,2.349308,0.491916
374,1038,SwarmLord,PolyMorph,1600,1463,0,0,0,0.022196,0.001586,4.752626,0.12864,0.118734,0,0,4.666552,0.333448,0,0,0,0,,0.687538,3.39723,0.05885,1.54392,2.349308,0.491916
374,1042,SwarmLord,Creepy_duo_canon,1600,1386,0,0,0,0.022196,0.104041,4.26492,0.115439,0.61964,0,0,0.879138,4.120862,0,0,0,0,,0.774148,3.825181,0.05885,1.115969,2.349308,0.491916
374,1044,SwarmLord,DoopyBot,1600,1418,0,0,0,0.022196,0.009666,4.714165,0.127599,0.158235,0,0,3.483191,1.516809,0,0,0,0,,0.740328,3.658074,0.05885,1.283076,2.349308,0.491916
374,1045,SwarmLord,tito,1600,1801,0,0,0,0.022196,0.000837,4.756193,0.128737,0.11507,0,0,4.818392,0.181608,0,0,0,0,,0.239204,1.181942,0.05885,3.759208,2.349308,0.491916
374,1049,SwarmLord,TheCatSC2Bot,1600,970,0,0,0,0.022196,0.003084,4.745495,0.128447,0.126058,0,0,4.390031,0.609969,0,0,0,0,,0.974082,4.813087,0.05885,0.128063,2.349308,0.491916
374,1050,SwarmLord,onlyfans,1600,1517,0,0,0,0.022196,8.7e-05,4.759763,0.128833,0.111404,0,0,4.98056,0.01944,0,0,0,0,,0.617225,3.049801,0.05885,1.891349,2.349308,0.491916
374,1052,SwarmLord,Starlight,1600,1204,0,0,0,0.022196,9.3e-05,4.759733,0.128833,0.111434,0,0,4.979167,0.020833,0,0,0,0,,0.90717,4.482463,0.05885,0.458687,2.349308,0.491916
374,1054,SwarmLord,JimmyBotZ,1600,1724,0,0,0,0.022196,0.005286,4.735012,0.128164,0.136825,0,0,4.038233,0.961767,0,0,0,0,,0.328759,1.62445,0.05885,3.3167,2.349308,0.491916
374,1056,SwarmLord,bilisaur,1600,1600,0,0,0,0.022196,0.022196,4.654519,0.125985,0.219497,0,0,2.5,2.5,0,0,0,0,,0.5,2.470575,0.05885,2.470575,2.349308,0.491916
374,1057,SwarmLord,DoopyBot-Test,1600,1238,0,0,0,0.022196,0.023755,4.647099,0.125784,0.227117,0,0,2.415199,2.584801,0,0,0,0,,0.889323,4.394276,0.05885,0.546874,2.349308,0.491916
374,1058,SwarmLord,JimmyBotP,1600,1711,0,0,0,0.022196,0.005341,4.734753,0.128157,0.13709,0,0,4.030268,0.969732,0,0,0,0,,0.34548,1.707069,0.05885,3.234081,2.349308,0.491916
374,1059,SwarmLord,NextProBot,1600,1600,0,0,0,0.022196,0.022196,4.654519,0.125985,0.219497,0,0,2.5,2.5,0,0,0,0,,0.5,2.470575,0.05885,2.470575,2.349308,0.491916
374,1060,SwarmLord,WildFire,1600,1709,0,0,0,0.022196,0.00012,4.759602,0.128829,0.111568,0,0,4.973031,0.026969,0,0,0,0,,0.348088,1.719955,0.05885,3.221195,2.349308,0.491916
374,1065,SwarmLord,MindMatrix,1600,1514,0,0,0,0.022196,0.010709,4.709197,0.127465,0.163338,0,0,3.372708,1.627292,0,0,0,0,,0.621297,3.06992,0.05885,1.87123,2.349308,0.491916
374,1066,SwarmLord,CompetitiveBotTest,1600,1482,0,0,0,0.022196,0.003699,4.742566,0.128368,0.129066,0,0,4.285714,0.714286,0,0,0,0,,0.663574,3.278819,0.05885,1.662331,2.349308,0.491916
374,1067,SwarmLord,Hello_world,1600,1600,0,0,0,0.022196,0.022196,4.654519,0.125985,0.219497,0,0,2.5,2.5,0,0,0,0,,0.5,2.470575,0.05885,2.470575,2.349308,0.491916
374,1078,SwarmLord,LoremIpsum,1600,1242,0,0,0,0.022196,0.000201,4.75922,0.128819,0.111961,0,0,4.955197,0.044803,0,0,0,0,,0.887036,4.382977,0.05885,0.558173,2.349308,0.491916
374,1079,SwarmLord,JimmyBotT,1600,1675,0,0,0,0.022196,0.000205,4.759201,0.128818,0.111981,0,0,4.954296,0.045704,0,0,0,0,,0.393712,1.945391,0.05885,2.995759,2.349308,0.491916
374,1080,SwarmLord,JimmyBot,1600,1675,0,0,0,0.022196,0.003888,4.74167,0.128344,0.129987,0,0,4.254777,0.745223,0,0,0,0,,0.393712,1.945391,0.05885,2.995759,2.349308,0.491916
374,1081,SwarmLord,ArtZerg,1600,1537,0,0,0,0.022196,0.000199,4.759227,0.128819,0.111954,0,0,4.955516,0.044484,0,0,0,0,,0.589684,2.913715,0.05885,2.027435,2.349308,0.491916
374,1082,SwarmLord,Dasyatis,1600,1573,0,0,0,0.022196,0.048918,4.527317,0.122542,0.350142,0,0,1.560591,3.439409,0,0,0,0,,0.538778,2.662183,0.05885,2.278967,2.349308,0.491916
374,1084,SwarmLord,ZippyZap,1600,1457,0,0,0,0.022196,0.84229,0.750729,0.02032,4.228951,0,0,0.128377,4.871623,0,0,0,0,,0.69491,3.433653,0.05885,1.507497,2.349308,0.491916
374,1085,SwarmLord,AgoraLord,1600,1430,0,0,0,0.022196,0.000933,4.755736,0.128724,0.11554,0,0,4.798387,0.201613,0,0,0,0,,0.72683,3.591376,0.05885,1.349774,2.349308,0.491916
374,1086,SwarmLord,CherBoiBlue,1600,1500,0,0,0,0.022196,0.222218,3.702378,0.100213,1.197409,0,0,0.454065,4.545935,0,0,0,0,,0.640065,3.162657,0.05885,1.778493,2.349308,0.491916
374,1087,SwarmLord,SwarmLord2,1600,1533,0,0,0,0.022196,0.003699,4.742566,0.128368,0.129066,0,0,4.285714,0.714286,0,0,0,0,,0.595243,2.941185,0.05885,1.999965,2.349308,0.491916
374,1088,SwarmLord,SwarmLord3,1600,1562,0,0,0,0.022196,0.003468,4.743666,0.128398,0.127936,0,0,4.324324,0.675676,0,0,0,0,,0.554469,2.739716,0.05885,2.201434,2.349308,0.491916
374,1089,SwarmLord,WorkingAsIntended,1600,1596,0,0,0,0.022196,0.041392,4.563143,0.123512,0.313345,0,0,1.745304,3.254696,0,0,0,0,,0.505756,2.499017,0.05885,2.442133,2.349308,0.491916
446,496,Xena,Zozo,1937,2089,45,0,1,0.009376,0.003751,49.804495,0.130044,1.06546,1,0,4.571333,1.428667,5,39,1,45,2.520965,0.294219,6.453778,1.05885,42.487372,2.515651,0.38181
446,510,Xena,PhantomBot,1937,1817,42,0,0,0.009376,0.004602,46.800393,0.129933,0.069674,0,0,3.353969,1.646031,29,13,0,42,2.116781,0.666139,32.291495,0.05885,14.649655,2.124476,0.382088
446,516,Xena,27turtles,1937,1526,0,0,0,0.009376,0.000103,4.822089,0.13052,0.04739,0,0,4.945847,0.054153,0,0,0,0,,0.91419,4.517151,0.05885,0.423999,2.349308,0.491916
446,517,Xena,VeTerran-revived,1937,1869,42,0,3,0.009376,0.000102,46.822095,0.130521,3.047385,3,0,7.946435,0.053565,24,18,0,42,1.98576,0.596629,26.948034,0.05885,19.993116,1.997791,0.382088
446,518,Xena,norman,1937,1674,9,0,0,0.009376,8.4e-05,13.822181,0.130523,0.047296,0,0,4.95583,0.04417,8,1,0,9,2.677245,0.819646,12.049993,0.05885,1.891157,2.632081,0.395447
446,526,Xena,Apidae,1937,1635,8,0,0,0.009376,0.004795,12.799462,0.129908,0.07063,0,0,3.308314,1.691686,8,0,0,8,2.092476,0.85049,12.2024,0.05885,0.73875,2.131595,0.397274
446,605,Xena,nida,1937,1693,5,0,0,0.009376,8.4e-05,9.82218,0.130523,0.047297,0,0,4.955731,0.044269,5,0,0,5,1.992808,0.802909,8.967295,0.05885,0.973855,2.072413,0.406046
446,637,Xena,72Tortoises,1937,1697,6,0,0,0.009376,0.000103,10.82209,0.13052,0.04739,0,0,4.945896,0.054104,5,1,0,6,2.085848,0.79924,8.949165,0.05885,1.991985,2.136768,0.402359
446,699,Xena,Clicadinha,1937,1635,0,0,0,0.009376,0.00084,4.818532,0.130424,0.051044,0,0,4.588725,0.411275,0,0,0,0,,0.85049,4.2024,0.05885,0.73875,2.349308,0.491916
446,708,Xena,Princess-Mika,1937,1521,0,0,1,0.009376,0.02954,4.680125,0.126678,1.193197,0,1,1.20468,4.79532,0,0,0,0,,0.916421,4.528175,0.05885,0.412975,2.349308,0.491916
446,709,Xena,Laser-Circus,1937,1211,0,0,0,0.009376,0.290524,3.421509,0.092611,1.48588,0,0,0.156325,4.843675,0,0,0,0,,0.98492,4.866638,0.05885,0.074512,2.349308,0.491916
446,718,Xena,Mulebot,1937,1689,14,0,0,0.009376,0.004543,18.800673,0.129941,0.069386,0,0,3.367984,1.632016,11,3,0,14,2.249739,0.806528,14.985173,0.05885,3.955977,2.259011,0.389807
446,720,Xena,PiG_Bot,1937,1627,0,0,0,0.009376,0.000165,4.821787,0.130512,0.047701,0,0,4.913331,0.086669,0,0,0,0,,0.856252,4.23087,0.05885,0.71028,2.349308,0.491916
446,721,Xena,49Terrapins,1937,1430,0,0,0,0.009376,0.000102,4.822093,0.130521,0.047386,0,0,4.946289,0.053711,0,0,0,0,,0.948755,4.687939,0.05885,0.253211,2.349308,0.491916
446,729,Xena,Alexa,1937,1367,1,0,0,0.009376,0.023955,5.707059,0.127407,0.165534,0,0,1.406536,3.593464,1,0,0,1,1.688249,0.963778,5.76217,0.05885,0.17898,2.078101,0.448612
446,730,Xena,Deimos,1937,2155,50,0,1,0.009376,0.005359,54.796742,0.129834,1.073424,1,0,4.181651,1.818349,22,28,0,50,2.151174,0.221852,23.096202,0.05885,31.844948,2.156711,0.381418
446,732,Xena,GPT,1937,1830,49,0,1,0.009376,8.3e-05,53.822182,0.130523,1.047295,1,0,5.955929,0.044071,25,24,0,49,2.176939,0.649295,28.208264,0.05885,25.732886,2.181851,0.38149
446,759,Xena,BotTato,1937,1710,32,0,1,0.009376,0.006225,36.792565,0.129721,1.077714,0,1,3.00501,2.99499,24,8,0,32,2.333635,0.786963,27.888504,0.05885,9.052646,2.334309,0.383371
446,779,Xena,oberon,1937,1472,1,0,0,0.009376,8.5e-05,5.822172,0.130523,0.047305,0,0,4.954853,0.045147,1,0,0,1,1.504077,0.935641,5.623143,0.05885,0.318007,2.002542,0.448612
446,797,Xena,WickedBot,1937,1707,29,0,2,0.009376,0.043299,33.613773,0.124882,2.261345,0,2,0.890019,6.109981,16,13,0,29,2.373648,0.789844,19.902739,0.05885,14.038411,2.372498,0.383919
446,809,Xena,PrimordialOrigin,1937,1258,1,0,0,0.009376,0.136344,5.165052,0.112736,0.722212,0,0,0.321723,4.678277,1,0,0,1,1.99061,0.980327,5.843943,0.05885,0.097207,2.202148,0.448612
446,813,Xena,MewCombatMicro,1937,1511,0,0,0,0.009376,0.004268,4.801999,0.129977,0.068024,0,0,3.435867,1.564133,0,0,0,0,,0.920726,4.549446,0.05885,0.391704,2.349308,0.491916
446,827,Xena,smokinggunbot,1937,1579,0,0,0,0.009376,8.2e-05,4.822187,0.130523,0.04729,0,0,4.956415,0.043585,0,0,0,0,,0.887036,4.382977,0.05885,0.558173,2.349308,0.491916
446,832,Xena,muravev,1937,1632,0,0,0,0.009376,0.001014,4.817696,0.130402,0.051903,0,0,4.512192,0.487808,0,0,0,0,,0.852673,4.213185,0.05885,0.727965,2.349308,0.491916
446,836,Xena,muravevTerran,1937,1477,0,0,0,0.009376,0.000366,4.820818,0.130486,0.048696,0,0,4.812027,0.187973,0,0,0,0,,0.933886,4.614471,0.05885,0.326679,2.349308,0.491916
446,858,Xena,Crawler,1937,1562,0,0,0,0.009376,0.00261,4.809998,0.130193,0.059809,0,0,3.9113,1.0887,0,0,0,0,,0.896477,4.429625,0.05885,0.511525,2.349308,0.491916
446,876,Xena,GenesisLotus,1937,1411,0,0,0,0.009376,0.009792,4.775363,0.129256,0.095381,0,0,2.445839,2.554161,0,0,0,0,,0.953819,4.712961,0.05885,0.228189,2.349308,0.491916
446,901,Xena,clone,1937,1667,13,0,0,0.009376,0.006192,17.792725,0.129726,0.077549,0,0,3.01143,1.98857,8,4,1,13,2.351446,0.825526,12.079048,1.05885,4.862102,2.351233,0.390628
446,930,Xena,SiriusBot,1937,1519,1,0,0,0.009376,8.3e-05,5.822186,0.130523,0.047291,0,0,4.956287,0.043713,1,0,0,1,2.665838,0.917299,5.532512,0.05885,0.408638,2.479168,0.448612
446,939,Xena,RustyNikolaj,1937,1539,0,0,0,0.009376,0.000102,4.822091,0.130521,0.047388,0,0,4.946044,0.053956,0,0,0,0,,0.908135,4.487231,0.05885,0.453919,2.349308,0.491916
446,940,Xena,Princess-Mika-Test,1937,1524,0,0,0,0.009376,0.032493,4.665884,0.126292,0.207824,0,0,1.119715,3.880285,0,0,0,0,,0.915089,4.521593,0.05885,0.419557,2.349308,0.491916
446,943,Xena,puck,1937,1529,1,0,0,0.009376,8.3e-05,5.822182,0.130523,0.047295,0,0,4.955896,0.044104,1,0,0,1,1.776646,0.912826,5.510409,0.05885,0.430741,2.114366,0.448612
446,948,Xena,titania,1937,1185,1,0,0,0.009376,0.000157,5.821825,0.130513,0.047661,0,0,4.917442,0.082558,1,0,0,1,1.517323,0.986989,5.87686,0.05885,0.06429,2.007976,0.448612
446,953,Xena,ZeratulsRevengeTest,1937,1702,20,0,0,0.009376,0.000163,24.8218,0.130513,0.047688,0,0,4.914705,0.085295,13,7,0,20,1.880172,0.794582,16.926148,0.05885,8.015002,1.911629,0.386474
446,959,Xena,ur_moms_a_ho,1937,1600,0,0,0,0.009376,0.022196,4.715542,0.127637,0.156821,0,0,1.484899,3.515101,0,0,0,0,,0.874344,4.320266,0.05885,0.620884,2.349308,0.491916
446,960,Xena,BigDaddy,1937,1637,3,0,0,0.009376,0.006779,7.789892,0.129649,0.080459,0,0,2.901933,2.098067,3,0,0,3,1.940207,0.84902,7.195137,0.05885,0.746013,2.072731,0.418169
446,961,Xena,AvocaDOS,1937,1751,33,0,1,0.009376,0.000833,37.818565,0.130425,1.05101,1,0,5.591841,0.408159,24,9,0,33,2.299347,0.74473,27.679825,0.05885,10.261325,2.301432,0.38321
446,962,Xena,AvocaDEV,1937,1700,2,0,0,0.009376,0.057896,6.543374,0.122976,0.33365,0,0,0.69689,4.30311,2,0,0,2,2.127223,0.796455,5.935402,0.05885,1.005748,2.220094,0.429209
446,966,Xena,ArgoBot,1937,1909,52,0,0,0.009376,8.5e-05,56.822173,0.130523,0.047304,0,0,4.954956,0.045044,27,25,0,52,2.231662,0.540208,29.66925,0.05885,27.2719,2.234827,0.381282
446,970,Xena,TheLAW,1937,1576,0,0,0,0.009376,0.05452,4.559658,0.123417,0.316925,0,0,0.733719,4.266281,0,0,0,0,,0.888755,4.39147,0.05885,0.54968,2.349308,0.491916
446,971,Xena,Nothing,1937,1570,1,0,0,0.009376,0.00831,5.782507,0.129449,0.088044,0,0,2.650674,2.349326,0,1,0,1,2.042518,0.892124,4.408118,0.05885,1.533032,2.223444,0.448612
446,977,Xena,Siriusly,1937,1392,1,0,0,0.009376,0.001619,5.814777,0.130323,0.0549,0,0,4.263838,0.736162,1,0,0,1,1.896119,0.958404,5.735619,0.05885,0.205531,2.163382,0.448612
446,981,Xena,KoB,1937,1499,1,0,0,0.009376,0.001616,5.814789,0.130323,0.054888,0,0,4.2648,0.7352,1,0,0,1,2.180417,0.925624,5.573646,0.05885,0.367504,2.280019,0.448612
446,998,Xena,LordSuperKing,1937,1656,8,0,1,0.009376,0.000132,12.821947,0.130517,1.047536,1,0,5.930526,0.069474,5,3,0,8,2.142109,0.834459,9.123188,0.05885,3.817962,2.173669,0.397274
446,1007,Xena,SharkGull,1937,1605,0,0,0,0.009376,0.000223,4.82151,0.130505,0.047986,0,0,4.883922,0.116078,0,0,0,0,,0.871148,4.304472,0.05885,0.636678,2.349308,0.491916
446,1008,Xena,Creepy_canon,1937,1587,0,0,0,0.009376,0.074065,4.465398,0.120866,0.413736,0,0,0.561851,4.438149,0,0,0,0,,0.882338,4.359766,0.05885,0.581384,2.349308,0.491916
446,1023,Xena,MY_SCRIPTING_SON,1937,1275,0,0,0,0.009376,0.333918,3.212236,0.086946,1.700817,0,0,0.136564,4.863436,0,0,0,0,,0.978348,4.834165,0.05885,0.106985,2.349308,0.491916
446,1026,Xena,WildLupo,1937,1199,0,0,1,0.009376,0.018371,4.733988,0.128136,1.137877,0,1,1.689582,4.310418,0,0,0,0,,0.985912,4.871541,0.05885,0.069609,2.349308,0.491916
446,1029,Xena,Chomppet,1937,1600,0,0,0,0.009376,0.022196,4.715542,0.127637,0.156821,0,0,1.484899,3.515101,0,0,0,0,,0.874344,4.320266,0.05885,0.620884,2.349308,0.491916
446,1030,Xena,who,1937,1924,51,0,0,0.009376,8.3e-05,55.822183,0.130523,0.047294,0,0,4.955994,0.044006,26,25,0,51,1.892605,0.5187,28.562973,0.05885,27.378177,1.905125,0.381349
446,1032,Xena,WaterLeak,1937,1607,19,0,0,0.009376,8.4e-05,23.822178,0.130523,0.047299,0,0,4.955464,0.044536,8,11,0,19,1.950092,0.86985,12.298059,0.05885,11.643091,1.978171,0.386896
446,1038,Xena,PolyMorph,1937,1463,1,0,0,0.009376,0.001586,5.814936,0.130327,0.054737,0,0,4.276611,0.723389,1,0,0,1,1.715598,0.938691,5.638214,0.05885,0.302936,2.089321,0.448612
446,1042,Xena,Creepy_duo_canon,1937,1386,0,0,0,0.009376,0.104041,4.320836,0.116953,0.562211,0,0,0.413355,4.586645,0,0,0,0,,0.95976,4.742316,0.05885,0.198834,2.349308,0.491916
446,1044,Xena,DoopyBot,1937,1418,0,0,0,0.009376,0.009666,4.775971,0.129272,0.094757,0,0,2.462027,2.537973,0,0,0,0,,0.952011,4.704029,0.05885,0.237121,2.349308,0.491916
446,1045,Xena,tito,1937,1801,42,0,0,0.009376,0.000837,46.81855,0.130425,0.051025,0,0,4.590431,0.409569,27,15,0,42,2.194707,0.6863,30.391113,0.05885,16.550037,2.199823,0.382088
446,1049,Xena,TheCatSC2Bot,1937,970,1,0,0,0.009376,0.003084,5.807711,0.130131,0.062157,0,0,3.762473,1.237527,1,0,0,1,1.706565,0.996191,5.922328,0.05885,0.018822,2.085615,0.448612
446,1050,Xena,onlyfans,1937,1517,1,0,0,0.009376,8.7e-05,5.822167,0.130523,0.047311,0,0,4.954224,0.045776,1,0,0,1,1.558145,0.918168,5.536807,0.05885,0.404343,2.024724,0.448612
446,1052,Xena,Starlight,1937,1204,1,0,0,0.009376,9.3e-05,5.822136,0.130522,0.047342,0,0,4.950962,0.049038,1,0,0,1,2.118662,0.985507,5.869538,0.05885,0.071612,2.254683,0.448612
446,1054,Xena,JimmyBotZ,1937,1724,0,0,0,0.009376,0.005286,4.797091,0.129844,0.073066,0,0,3.197356,1.802644,0,0,0,0,,0.77314,3.8202,0.05885,1.12095,2.349308,0.491916
446,1056,Xena,bilisaur,1937,1600,0,0,0,0.009376,0.022196,4.715542,0.127637,0.156821,0,0,1.484899,3.515101,0,0,0,0,,0.874344,4.320266,0.05885,0.620884,2.349308,0.491916
446,1057,Xena,DoopyBot-Test,1937,1238,0,0,0,0.009376,0.023755,4.708026,0.127433,0.164541,0,0,1.415042,3.584958,0,0,0,0,,0.982429,4.854328,0.05885,0.086822,2.349308,0.491916
446,1058,Xena,JimmyBotP,1937,1711,1,0,0,0.009376,0.005341,5.796829,0.129837,0.073335,0,0,3.185556,1.814444,1,0,0,1,1.720979,0.785997,4.883727,0.05885,1.057423,2.091529,0.448612
446,1059,Xena,NextProBot,1937,1600,0,0,0,0.009376,0.022196,4.715542,0.127637,0.156821,0,0,1.484899,3.515101,0,0,0,0,,0.874344,4.320266,0.05885,0.620884,2.349308,0.491916
446,1060,Xena,WildFire,1937,1709,18,0,0,0.009376,0.00012,22.822004,0.130518,0.047478,0,0,4.936626,0.063374,7,11,0,18,2.001223,0.787927,10.893264,0.05885,12.047886,2.026965,0.38736
446,1065,Xena,MindMatrix,1937,1514,0,0,0,0.009376,0.010709,4.770938,0.129136,0.099926,0,0,2.334092,2.665908,0,0,0,0,,0.919456,4.543172,0.05885,0.397978,2.349308,0.491916
446,1066,Xena,CompetitiveBotTest,1937,1482,0,0,0,0.009376,0.003699,4.804744,0.130051,0.065205,0,0,3.585415,1.414585,0,0,0,0,,0.932086,4.605579,0.05885,0.335571,2.349308,0.491916
446,1067,Xena,Hello_world,1937,1600,0,0,0,0.009376,0.022196,4.715542,0.127637,0.156821,0,0,1.484899,3.515101,0,0,0,0,,0.874344,4.320266,0.05885,0.620884,2.349308,0.491916
446,1078,Xena,LoremIpsum,1937,1242,0,0,0,0.009376,0.000201,4.821617,0.130508,0.047876,0,0,4.895225,0.104775,0,0,0,0,,0.982027,4.852342,0.05885,0.088808,2.349308,0.491916
446,1079,Xena,JimmyBotT,1937,1675,0,0,0,0.009376,0.000205,4.821597,0.130507,0.047896,0,0,4.893144,0.106856,0,0,0,0,,0.818793,4.04578,0.05885,0.89537,2.349308,0.491916
446,1080,Xena,JimmyBot,1937,1675,0,0,0,0.009376,0.003888,4.803836,0.130026,0.066138,0,0,3.534518,1.465482,0,0,0,0,,0.818793,4.04578,0.05885,0.89537,2.349308,0.491916
446,1081,Xena,ArtZerg,1937,1537,0,0,0,0.009376,0.000199,4.821623,0.130508,0.047869,0,0,4.895962,0.104038,0,0,0,0,,0.909091,4.491955,0.05885,0.449195,2.349308,0.491916
446,1082,Xena,Dasyatis,1937,1573,0,0,0,0.009376,0.048918,4.586673,0.124148,0.289179,0,0,0.804224,4.195776,0,0,0,0,,0.890451,4.39985,0.05885,0.5413,2.349308,0.491916
446,1084,Xena,ZippyZap,1937,1457,0,0,0,0.009376,0.84229,0.760571,0.020587,4.218842,0,0,0.055047,4.944953,0,0,0,0,,0.940649,4.647888,0.05885,0.293262,2.349308,0.491916
446,1085,Xena,AgoraLord,1937,1430,0,0,0,0.009376,0.000933,4.818087,0.130412,0.051501,0,0,4.547673,0.452327,0,0,0,0,,0.948755,4.687939,0.05885,0.253211,2.349308,0.491916
446,1086,Xena,CherBoiBlue,1937,1500,0,0,0,0.009376,0.222218,3.750919,0.101527,1.147554,0,0,0.20243,4.79757,0,0,0,0,,0.925226,4.571683,0.05885,0.369467,2.349308,0.491916
446,1087,Xena,SwarmLord2,1937,1533,0,0,0,0.009376,0.003699,4.804744,0.130051,0.065205,0,0,3.585415,1.414585,0,0,0,0,,0.910976,4.501269,0.05885,0.439881,2.349308,0.491916
446,1088,Xena,SwarmLord3,1937,1562,0,0,0,0.009376,0.003468,4.805859,0.130081,0.06406,0,0,3.649955,1.350045,0,0,0,0,,0.896477,4.429625,0.05885,0.511525,2.349308,0.491916
446,1089,Xena,WorkingAsIntended,1937,1596,0,0,0,0.009376,0.041392,4.622969,0.125131,0.2519,0,0,0.923449,4.076551,0,0,0,0,,0.876852,4.332659,0.05885,0.608491,2.349308,0.491916
496,510,Zozo,PhantomBot,2089,1817,39,0,0,0.003751,0.004602,43.827653,0.130671,0.041676,0,0,2.245363,2.754637,9,30,0,39,2.535131,0.827178,13.087211,0.05885,30.853939,2.528525,0.382406
496,516,Zozo,27turtles,2089,1526,1,0,0,0.003751,0.000103,5.849472,0.131262,0.019266,0,0,4.866793,0.133207,1,0,0,1,2.486572,0.962344,5.755088,0.05885,0.186062,2.405622,0.448612
496,517,Zozo,VeTerran-revived,2089,1869,45,0,0,0.003751,0.000102,49.849478,0.131262,0.01926,0,0,4.868217,0.131783,44,1,0,45,2.422608,0.78013,47.854737,0.05885,2.086413,2.420339,0.38181
496,518,Zozo,norman,2089,1674,7,0,0,0.003751,8.4e-05,11.849565,0.131264,0.019171,0,0,4.891029,0.108971,7,0,0,7,2.285206,0.915979,11.525992,0.05885,0.415158,2.296127,0.399523
496,526,Zozo,Apidae,2089,1635,8,0,0,0.003751,0.004795,12.826717,0.130646,0.042637,0,0,2.194677,2.805323,8,0,0,8,2.52701,0.931721,12.603774,0.05885,0.337376,2.499943,0.397274
496,605,Zozo,nida,2089,1693,3,0,0,0.003751,8.4e-05,7.849564,0.131264,0.019172,0,0,4.890787,0.109213,3,0,0,3,2.408196,0.90717,7.482463,0.05885,0.458687,2.38912,0.418169
496,637,Zozo,72Tortoises,2089,1697,7,0,0,0.003751,0.000103,11.849473,0.131262,0.019265,0,0,4.866913,0.133087,7,0,0,7,2.489152,0.905213,11.472791,0.05885,0.468359,2.465327,0.399523
496,699,Zozo,Clicadinha,2089,1635,0,0,0,0.003751,0.00084,4.845895,0.131165,0.022941,0,0,4.084809,0.915191,0,0,0,0,,0.931721,4.603774,0.05885,0.337376,2.349308,0.491916
496,708,Zozo,Princess-Mika,2089,1521,0,0,0,0.003751,0.02954,4.706702,0.127397,0.165901,0,0,0.563351,4.436649,0,0,0,0,,0.963374,4.760173,0.05885,0.180977,2.349308,0.491916
496,709,Zozo,Laser-Circus,2089,1211,0,0,0,0.003751,0.290524,3.440939,0.093137,1.465924,0,0,0.063731,4.936269,0,0,0,0,,0.993658,4.909812,0.05885,0.031338,2.349308,0.491916
496,718,Zozo,Mulebot,2089,1689,11,0,0,0.003751,0.004543,15.827935,0.130679,0.041387,0,0,2.261108,2.738892,11,0,0,11,2.41981,0.909091,15.491955,0.05885,0.449195,2.411661,0.392657
496,720,Zozo,PiG_Bot,2089,1627,0,0,0,0.003751,0.000165,4.849168,0.131253,0.019578,0,0,4.788837,0.211163,0,0,0,0,,0.934593,4.617965,0.05885,0.323185,2.349308,0.491916
496,721,Zozo,49Terrapins,2089,1430,1,0,0,0.003751,0.000102,5.849477,0.131262,0.019262,0,0,4.867864,0.132136,1,0,0,1,2.199444,0.977979,5.832343,0.05885,0.108807,2.287825,0.448612
496,729,Zozo,Alexa,2089,1367,1,0,0,0.003751,0.023955,5.733789,0.12813,0.13808,0,0,0.676912,4.323088,1,0,0,1,2.191654,0.984574,5.864929,0.05885,0.076221,2.284628,0.448612
496,730,Zozo,Deimos,2089,2155,45,1,0,0.003751,0.005359,49.823981,1.130572,0.045447,0,0,2.058763,2.941237,16,29,0,45,2.625261,0.406145,18.006821,0.05885,31.934329,2.616719,0.38181
496,732,Zozo,GPT,2089,1830,46,0,0,0.003751,8.3e-05,50.849566,0.131264,0.01917,0,0,4.891269,0.108731,44,2,0,46,2.464066,0.816217,48.03305,0.05885,2.9081,2.460589,0.381725
496,759,Zozo,BotTato,2089,1710,29,0,0,0.003751,0.006225,33.81978,0.130458,0.049762,0,0,1.880007,3.119993,29,0,0,29,2.475887,0.898594,33.440088,0.05885,0.501062,2.469909,0.383919
496,779,Zozo,oberon,2089,1472,1,0,0,0.003751,8.5e-05,5.849556,0.131264,0.01918,0,0,4.88865,0.11135,1,0,0,1,2.55955,0.972125,5.803413,0.05885,0.137737,2.435562,0.448612
496,797,Zozo,WickedBot,2089,1707,31,0,1,0.003751,0.043299,35.639973,0.125591,1.234436,0,1,0.398611,5.601389,30,1,0,31,2.497445,0.900157,34.44781,0.05885,1.49334,2.49088,0.383543
496,809,Zozo,PrimordialOrigin,2089,1258,1,0,0,0.003751,0.136344,5.188704,0.113376,0.69792,0,0,0.133869,4.866131,1,0,0,1,2.175887,0.991704,5.900157,0.05885,0.040993,2.27816,0.448612
496,813,Zozo,MewCombatMicro,2089,1511,0,0,0,0.003751,0.004268,4.829268,0.130715,0.040017,0,0,2.338651,2.661349,0,0,0,0,,0.965351,4.769946,0.05885,0.171204,2.349308,0.491916
496,827,Zozo,smokinggunbot,2089,1579,0,0,0,0.003751,8.2e-05,4.849571,0.131264,0.019165,0,0,4.892455,0.107545,0,0,0,0,,0.949588,4.692056,0.05885,0.249094,2.349308,0.491916
496,832,Zozo,muravev,2089,1632,0,0,0,0.003751,0.001014,4.845054,0.131142,0.023804,0,0,3.936242,1.063758,0,0,0,0,,0.932812,4.609162,0.05885,0.331988,2.349308,0.491916
496,836,Zozo,muravevTerran,2089,1477,0,0,0,0.003751,0.000366,4.848194,0.131227,0.020579,0,0,4.555191,0.444809,0,0,0,0,,0.971334,4.799507,0.05885,0.141643,2.349308,0.491916
496,858,Zozo,Crawler,2089,1562,0,0,0,0.003751,0.00261,4.837313,0.130933,0.031755,0,0,2.948456,2.051544,0,0,0,0,,0.954072,4.714211,0.05885,0.226939,2.349308,0.491916
496,876,Zozo,GenesisLotus,2089,1411,0,0,0,0.003751,0.009792,4.802481,0.12999,0.067529,0,0,1.384859,3.615141,0,0,0,0,,0.980216,4.843393,0.05885,0.097757,2.349308,0.491916
496,901,Zozo,clone,2089,1667,11,0,0,0.003751,0.006192,15.819941,0.130462,0.049596,0,0,1.886297,3.113703,11,0,0,11,2.427843,0.919029,15.54106,0.05885,0.40009,2.418766,0.392657
496,930,Zozo,SiriusBot,2089,1519,1,0,0,0.003751,8.3e-05,5.849569,0.131264,0.019166,0,0,4.892141,0.107859,1,0,0,1,2.230014,0.963778,5.76217,0.05885,0.17898,2.300366,0.448612
496,939,Zozo,RustyNikolaj,2089,1539,1,0,0,0.003751,0.000102,5.849474,0.131262,0.019264,0,0,4.867271,0.132729,1,0,0,1,2.371178,0.959537,5.741215,0.05885,0.199935,2.35828,0.448612
496,940,Zozo,Princess-Mika-Test,2089,1524,1,0,0,0.003751,0.032493,5.69238,0.12701,0.18061,0,0,0.517451,4.482549,1,0,0,1,2.423031,0.962759,5.757138,0.05885,0.184012,2.379554,0.448612
496,943,Zozo,puck,2089,1529,0,0,0,0.003751,8.3e-05,4.849566,0.131264,0.01917,0,0,4.891189,0.108811,0,0,0,0,,0.961713,4.751971,0.05885,0.189179,2.349308,0.491916
496,948,Zozo,titania,2089,1185,1,0,0,0.003751,0.000157,5.849207,0.131254,0.019539,0,0,4.798611,0.201389,1,0,0,1,2.281361,0.994535,5.914145,0.05885,0.027005,2.321432,0.448612
496,953,Zozo,ZeratulsRevengeTest,2089,1702,20,0,0,0.003751,0.000163,24.849181,0.131254,0.019565,0,0,4.792101,0.207899,18,1,1,20,2.430439,0.902714,22.460445,1.05885,1.480705,2.424999,0.386474
496,959,Zozo,ur_moms_a_ho,2089,1600,0,0,0,0.003751,0.022196,4.74232,0.128361,0.129318,0,0,0.722802,4.277198,0,0,0,0,,0.943476,4.661858,0.05885,0.279292,2.349308,0.491916
496,960,Zozo,BigDaddy,2089,1637,3,0,0,0.003751,0.006779,7.817092,0.130385,0.052522,0,0,1.781069,3.218931,3,0,0,3,2.302297,0.930985,7.600137,0.05885,0.341013,2.317525,0.418169
496,961,Zozo,AvocaDOS,2089,1751,31,0,1,0.003751,0.000833,35.845928,0.131166,1.022906,1,0,5.090988,0.909012,24,7,0,31,2.5082,0.874975,28.323384,0.05885,7.617766,2.501159,0.383543
496,962,Zozo,AvocaDEV,2089,1700,2,0,0,0.003751,0.057896,6.569174,0.123675,0.307151,0,0,0.304222,4.695778,0,2,0,2,2.40119,0.90372,4.465418,0.05885,2.475732,2.379494,0.429209
496,966,Zozo,ArgoBot,2089,1909,46,0,0,0.003751,8.5e-05,50.849557,0.131264,0.019179,0,0,4.888901,0.111099,39,7,0,46,2.342806,0.738109,42.647107,0.05885,8.294043,2.343003,0.381725
496,970,Zozo,TheLAW,2089,1576,0,0,0,0.003751,0.05452,4.585551,0.124118,0.290331,0,0,0.321851,4.678149,0,0,0,0,,0.950408,4.696109,0.05885,0.245041,2.349308,0.491916
496,971,Zozo,Nothing,2089,1570,0,0,0,0.003751,0.00831,4.809665,0.130184,0.060151,0,0,1.554933,3.445067,0,0,0,0,,0.952011,4.704029,0.05885,0.237121,2.349308,0.491916
496,977,Zozo,Siriusly,2089,1392,1,0,0,0.003751,0.001619,5.842119,0.131063,0.026818,0,0,3.492619,1.507381,1,0,0,1,2.454447,0.982229,5.853341,0.05885,0.087809,2.392443,0.448612
496,981,Zozo,KoB,2089,1499,0,0,0,0.003751,0.001616,4.842131,0.131063,0.026806,0,0,3.494232,1.505768,0,0,0,0,,0.967589,4.781003,0.05885,0.160147,2.349308,0.491916
496,998,Zozo,LordSuperKing,2089,1656,9,0,0,0.003751,0.000132,13.84933,0.131258,0.019413,0,0,4.829876,0.170124,9,0,0,9,2.350446,0.923618,13.563734,0.05885,0.377416,2.350289,0.395447
496,1007,Zozo,SharkGull,2089,1605,0,0,0,0.003751,0.000223,4.84889,0.131246,0.019865,0,0,4.719595,0.280405,0,0,0,0,,0.941922,4.654176,0.05885,0.286974,2.349308,0.491916
496,1008,Zozo,Creepy_canon,2089,1587,0,0,0,0.003751,0.074065,4.490756,0.121552,0.387692,0,0,0.24101,4.75899,0,0,0,0,,0.947337,4.680935,0.05885,0.260215,2.349308,0.491916
496,1023,Zozo,MY_SCRIPTING_SON,2089,1275,0,0,1,0.003751,0.333918,3.230478,0.08744,2.682082,0,1,0.055541,5.944459,0,0,0,0,,0.990859,4.895981,0.05885,0.045169,2.349308,0.491916
496,1026,Zozo,WildLupo,2089,1199,1,0,0,0.003751,0.018371,5.760871,0.128863,0.110266,0,0,0.847771,4.152229,1,0,0,1,2.36462,0.994079,5.911892,0.05885,0.029258,2.35559,0.448612
496,1029,Zozo,Chomppet,2089,1600,0,0,0,0.003751,0.022196,4.74232,0.128361,0.129318,0,0,0.722802,4.277198,0,0,0,0,,0.943476,4.661858,0.05885,0.279292,2.349308,0.491916
496,1030,Zozo,who,2089,1924,42,0,2,0.003751,8.3e-05,46.849567,0.131264,2.019169,2,0,6.891429,0.108571,31,11,0,42,2.331623,0.721078,34.562956,0.05885,12.378194,2.332208,0.382088
496,1032,Zozo,WaterLeak,2089,1607,16,0,0,0.003751,8.4e-05,20.849562,0.131264,0.019174,0,0,4.890139,0.109861,15,1,0,16,2.2668,0.941289,19.651048,0.05885,1.290102,2.273602,0.388445
496,1038,Zozo,PolyMorph,2089,1463,0,0,0,0.003751,0.001586,4.842278,0.131067,0.026655,0,0,3.51411,1.48589,0,0,0,0,,0.973495,4.810183,0.05885,0.130967,2.349308,0.491916
496,1042,Zozo,Creepy_duo_canon,2089,1386,0,0,0,0.003751,0.104041,4.345373,0.117617,0.53701,0,0,0.173987,4.826013,0,0,0,0,,0.982822,4.85627,0.05885,0.08488,2.349308,0.491916
496,1044,Zozo,DoopyBot,2089,1418,0,0,0,0.003751,0.009666,4.803093,0.130006,0.066901,0,0,1.397868,3.602132,0,0,0,0,,0.979419,4.839456,0.05885,0.101694,2.349308,0.491916
496,1045,Zozo,tito,2089,1801,39,0,0,0.003751,0.000837,43.845913,0.131165,0.022922,0,0,4.08819,0.91181,35,4,0,39,2.548778,0.839951,39.150322,0.05885,4.790828,2.541687,0.382406
496,1049,Zozo,TheCatSC2Bot,2089,970,1,0,0,0.003751,0.003084,5.835013,0.13087,0.034117,0,0,2.743928,2.256072,1,0,0,1,2.19277,0.998408,5.933286,0.05885,0.007864,2.285087,0.448612
496,1050,Zozo,onlyfans,2089,1517,1,0,0,0.003751,8.7e-05,5.84955,0.131264,0.019186,0,0,4.887121,0.112879,1,0,0,1,2.341806,0.964177,5.764145,0.05885,0.177005,2.34623,0.448612
496,1052,Zozo,Starlight,2089,1204,1,0,0,0.003751,9.3e-05,5.84952,0.131263,0.019217,0,0,4.879194,0.120806,1,0,0,1,2.497329,0.993907,5.911043,0.05885,0.030107,2.410035,0.448612
496,1054,Zozo,JimmyBotZ,2089,1724,1,0,0,0.003751,0.005286,5.824332,0.130581,0.045087,0,0,2.07525,2.92475,1,0,0,1,2.329227,0.891011,5.402619,0.05885,0.538531,2.34107,0.448612
496,1056,Zozo,bilisaur,2089,1600,0,0,0,0.003751,0.022196,4.74232,0.128361,0.129318,0,0,0.722802,4.277198,0,0,0,0,,0.943476,4.661858,0.05885,0.279292,2.349308,0.491916
496,1057,Zozo,DoopyBot-Test,2089,1238,0,0,0,0.003751,0.023755,4.734761,0.128157,0.137082,0,0,0.681843,4.318157,0,0,0,0,,0.992599,4.904582,0.05885,0.036568,2.349308,0.491916
496,1058,Zozo,JimmyBotP,2089,1711,1,0,0,0.003751,0.005341,5.824069,0.130574,0.045357,0,0,2.062853,2.937147,1,0,0,1,2.171337,0.898068,5.43749,0.05885,0.50366,2.276293,0.448612
496,1059,Zozo,NextProBot,2089,1600,0,0,0,0.003751,0.022196,4.74232,0.128361,0.129318,0,0,0.722802,4.277198,0,0,0,0,,0.943476,4.661858,0.05885,0.279292,2.349308,0.491916
496,1060,Zozo,WildFire,2089,1709,18,0,0,0.003751,0.00012,22.849387,0.131259,0.019354,0,0,4.844536,0.155464,18,0,0,18,2.346013,0.899117,22.442674,0.05885,0.498476,2.346256,0.38736
496,1065,Zozo,MindMatrix,2089,1514,0,0,0,0.003751,0.010709,4.798031,0.129869,0.0721,0,0,1.296972,3.703028,0,0,0,0,,0.964769,4.767069,0.05885,0.174081,2.349308,0.491916
496,1066,Zozo,CompetitiveBotTest,2089,1482,0,0,0,0.003751,0.003699,4.832029,0.130789,0.037182,0,0,2.517302,2.482698,0,0,0,0,,0.970522,4.795492,0.05885,0.145658,2.349308,0.491916
496,1067,Zozo,Hello_world,2089,1600,0,0,0,0.003751,0.022196,4.74232,0.128361,0.129318,0,0,0.722802,4.277198,0,0,0,0,,0.943476,4.661858,0.05885,0.279292,2.349308,0.491916
496,1078,Zozo,LoremIpsum,2089,1242,0,0,0,0.003751,0.000201,4.848997,0.131249,0.019754,0,0,4.746067,0.253933,0,0,0,0,,0.992428,4.903737,0.05885,0.037413,2.349308,0.491916
496,1079,Zozo,JimmyBotT,2089,1675,0,0,0,0.003751,0.000205,4.848977,0.131248,0.019774,0,0,4.74118,0.25882,0,0,0,0,,0.915535,4.523797,0.05885,0.417353,2.349308,0.491916
496,1080,Zozo,JimmyBot,2089,1675,0,0,0,0.003751,0.003888,4.831116,0.130765,0.03812,0,0,2.45525,2.54475,0,0,0,0,,0.915535,4.523797,0.05885,0.417353,2.349308,0.491916
496,1081,Zozo,ArtZerg,2089,1537,0,0,0,0.003751,0.000199,4.849004,0.131249,0.019747,0,0,4.747799,0.252201,0,0,0,0,,0.959981,4.743412,0.05885,0.197738,2.349308,0.491916
496,1082,Zozo,Dasyatis,2089,1573,0,0,0,0.003751,0.048918,4.612719,0.124853,0.262428,0,0,0.356082,4.643918,0,0,0,0,,0.951216,4.7001,0.05885,0.24105,2.349308,0.491916
496,1084,Zozo,ZippyZap,2089,1457,0,0,0,0.003751,0.84229,0.76489,0.020703,4.214406,0,0,0.022167,4.977833,0,0,0,0,,0.974371,4.814515,0.05885,0.126635,2.349308,0.491916
496,1085,Zozo,AgoraLord,2089,1430,0,0,0,0.003751,0.000933,4.845447,0.131153,0.0234,0,0,4.004372,0.995628,0,0,0,0,,0.977979,4.832343,0.05885,0.108807,2.349308,0.491916
496,1086,Zozo,CherBoiBlue,2089,1500,0,0,0,0.003751,0.222218,3.772219,0.102103,1.125678,0,0,0.082996,4.917004,0,0,0,0,,0.967408,4.780109,0.05885,0.161041,2.349308,0.491916
496,1087,Zozo,SwarmLord2,2089,1533,0,0,0,0.003751,0.003699,4.832029,0.130789,0.037182,0,0,2.517302,2.482698,0,0,0,0,,0.960857,4.747737,0.05885,0.193413,2.349308,0.491916
496,1088,Zozo,SwarmLord3,2089,1562,0,0,0,0.003751,0.003468,4.83315,0.13082,0.03603,0,0,2.597925,2.402075,0,0,0,0,,0.954072,4.714211,0.05885,0.226939,2.349308,0.491916
496,1089,Zozo,WorkingAsIntended,2089,1596,0,0,0,0.003751,0.041392,4.649222,0.125841,0.224937,0,0,0.415449,4.584551,0,0,0,0,,0.944692,4.667864,0.05885,0.273286,2.349308,0.491916
510,516,PhantomBot,27turtles,1817,1526,6,0,0,0.004602,0.000103,10.845331,0.13115,0.023519,0,0,4.890883,0.109117,6,0,0,6,2.425444,0.842259,10.161726,0.05885,0.779424,2.410729,0.402359
510,517,PhantomBot,VeTerran-revived,1817,1869,34,1,0,0.004602,0.000102,38.845337,1.13115,0.023514,0,0,4.892055,0.107945,25,9,0,34,2.451689,0.42572,27.103545,0.05885,11.837605,2.447536,0.383057
510,518,PhantomBot,norman,1817,1674,19,0,0,0.004602,8.4e-05,23.845424,0.131152,0.023424,0,0,4.910816,0.089184,15,3,1,19,2.408724,0.69491,18.433653,1.05885,4.507497,2.404545,0.386896
510,526,PhantomBot,Apidae,1817,1635,11,0,0,0.004602,0.004795,15.822595,0.130534,0.046871,0,0,2.448676,2.551324,5,6,0,11,2.414848,0.740328,8.658074,0.05885,7.283076,2.407273,0.392657
510,605,PhantomBot,nida,1817,1693,14,0,0,0.004602,8.4e-05,18.845423,0.131152,0.023425,0,0,4.910618,0.089382,13,1,0,14,2.240198,0.671241,16.3167,0.05885,2.62445,2.250358,0.389807
510,637,PhantomBot,72Tortoises,1817,1697,9,0,0,0.004602,0.000103,13.845332,0.13115,0.023519,0,0,4.890981,0.109019,8,1,0,9,2.521662,0.666139,11.291495,0.05885,2.649655,2.497925,0.395447
510,699,PhantomBot,Clicadinha,1817,1635,11,0,0,0.004602,0.00084,15.841756,0.131053,0.027191,0,0,4.22788,0.77212,4,7,0,11,2.267896,0.740328,7.658074,0.05885,8.283076,2.277305,0.392657
510,708,PhantomBot,Princess-Mika,1817,1521,5,0,0,0.004602,0.02954,9.702683,0.127288,0.170029,0,0,0.673904,4.326096,5,0,0,5,2.218289,0.846045,9.180436,0.05885,0.760714,2.247545,0.406046
510,709,PhantomBot,Laser-Circus,1817,1211,0,0,0,0.004602,0.290524,3.438001,0.093057,1.468942,0,0,0.077961,4.922039,0,0,0,0,,0.970356,4.794676,0.05885,0.146474,2.349308,0.491916
510,718,PhantomBot,Mulebot,1817,1689,22,0,1,0.004602,0.004543,26.823812,0.130567,1.045621,0,1,2.5159,3.4841,13,9,0,22,2.544789,0.676302,16.341708,0.05885,10.599442,2.5328,0.385739
510,720,PhantomBot,PiG_Bot,1817,1627,0,0,0,0.004602,0.000165,4.845027,0.131141,0.023831,0,0,4.826522,0.173478,0,0,0,0,,0.749083,3.701332,0.05885,1.239818,2.349308,0.491916
510,721,PhantomBot,49Terrapins,1817,1430,5,0,0,0.004602,0.000102,9.845335,0.13115,0.023515,0,0,4.891764,0.108236,4,1,0,5,2.208557,0.902714,8.460445,0.05885,1.480705,2.239986,0.406046
510,729,PhantomBot,Alexa,1817,1367,0,0,0,0.004602,0.023955,4.729747,0.128021,0.142232,0,0,0.805703,4.194297,0,0,0,0,,0.930242,4.596464,0.05885,0.344686,2.349308,0.491916
510,730,PhantomBot,Deimos,1817,2155,50,0,0,0.004602,0.005359,54.819861,0.13046,0.049678,0,0,2.309984,2.690016,22,28,0,50,2.648109,0.125025,22.617766,0.05885,32.323384,2.639759,0.381418
510,732,PhantomBot,GPT,1817,1830,48,1,0,0.004602,8.3e-05,52.845425,1.131152,0.023423,0,0,4.911013,0.088987,20,27,1,48,2.538438,0.4813,22.378177,1.05885,29.562973,2.532938,0.381565
510,759,PhantomBot,BotTato,1817,1710,35,0,1,0.004602,0.006225,39.815664,0.130347,1.053989,1,0,3.125177,2.874823,31,4,0,35,2.691585,0.649295,34.208264,0.05885,5.732886,2.678082,0.382913
510,779,PhantomBot,oberon,1817,1472,0,0,0,0.004602,8.5e-05,4.845415,0.131152,0.023433,0,0,4.908861,0.091139,0,0,0,0,,0.879317,4.344838,0.05885,0.596312,2.349308,0.491916
510,797,PhantomBot,WickedBot,1817,1707,36,0,0,0.004602,0.043299,40.636011,0.125484,0.238505,0,0,0.480335,4.519665,31,5,0,36,2.670818,0.653217,34.227644,0.05885,6.713506,2.658473,0.382776
510,809,PhantomBot,PrimordialOrigin,1817,1258,0,0,0,0.004602,0.136344,4.185127,0.11328,0.701593,0,0,0.163241,4.836759,0,0,0,0,,0.961501,4.750921,0.05885,0.190229,2.349308,0.491916
510,813,PhantomBot,MewCombatMicro,1817,1511,0,0,0,0.004602,0.004268,4.825145,0.130603,0.044252,0,0,2.593905,2.406095,0,0,0,0,,0.853395,4.216751,0.05885,0.724399,2.349308,0.491916
510,827,PhantomBot,smokinggunbot,1817,1579,12,0,0,0.004602,8.2e-05,16.845429,0.131152,0.023419,0,0,4.911988,0.088012,10,2,0,12,2.325893,0.797386,13.940005,0.05885,3.001145,2.328398,0.391568
510,832,PhantomBot,muravev,1817,1632,6,0,0,0.004602,0.001014,10.840917,0.13103,0.028053,0,0,4.097407,0.902593,6,0,0,6,2.525969,0.743635,9.67441,0.05885,1.26674,2.491825,0.402359
510,836,PhantomBot,muravevTerran,1817,1477,0,0,0,0.004602,0.000366,4.844054,0.131115,0.024831,0,0,4.631364,0.368636,0,0,0,0,,0.876229,4.32958,0.05885,0.61157,2.349308,0.491916
510,858,PhantomBot,Crawler,1817,1562,7,0,0,0.004602,0.00261,11.833182,0.130821,0.035998,0,0,3.190478,1.809522,4,3,0,7,2.11215,0.812738,8.015859,0.05885,3.925291,2.152554,0.399523
510,876,PhantomBot,GenesisLotus,1817,1411,2,0,0,0.004602,0.009792,6.79838,0.129879,0.071741,0,0,1.59854,3.40146,2,0,0,2,1.950278,0.911905,6.505861,0.05885,0.435289,2.117143,0.429209
510,901,PhantomBot,clone,1817,1667,17,0,1,0.004602,0.006192,21.815825,0.130351,1.053824,0,1,2.131726,3.868274,11,5,1,17,2.325099,0.703385,14.475531,1.05885,6.465619,2.326986,0.387873
510,930,PhantomBot,SiriusBot,1817,1519,8,0,1,0.004602,8.3e-05,12.845428,0.131152,1.02342,1,0,5.91173,0.08827,8,0,0,8,2.178534,0.847539,12.187816,0.05885,0.753334,2.204545,0.397274
510,939,PhantomBot,RustyNikolaj,1817,1539,3,0,0,0.004602,0.000102,7.845333,0.13115,0.023517,0,0,4.891276,0.108724,3,0,0,3,2.447939,0.83206,7.111332,0.05885,0.829818,2.415989,0.418169
510,940,PhantomBot,Princess-Mika-Test,1817,1524,1,0,0,0.004602,0.032493,5.688373,0.126901,0.184726,0,0,0.620256,4.379744,1,0,0,1,2.222459,0.843782,5.169255,0.05885,0.771895,2.297267,0.448612
510,943,PhantomBot,puck,1817,1529,3,0,0,0.004602,8.3e-05,7.845424,0.131152,0.023424,0,0,4.910948,0.089052,3,0,0,3,2.4885,0.839951,7.150322,0.05885,0.790828,2.44341,0.418169
510,948,PhantomBot,titania,1817,1185,1,0,0,0.004602,0.000157,5.845066,0.131142,0.023792,0,0,4.834612,0.165388,1,0,0,1,2.252344,0.974371,5.814515,0.05885,0.126635,2.309527,0.448612
510,953,PhantomBot,ZeratulsRevengeTest,1817,1702,20,0,0,0.004602,0.000163,24.84504,0.131142,0.023818,0,0,4.829225,0.170775,1,19,0,20,1.779767,0.659708,4.259716,0.05885,20.681434,1.817957,0.386474
510,959,PhantomBot,ur_moms_a_ho,1817,1600,0,0,0,0.004602,0.022196,4.738271,0.128252,0.133478,0,0,0.858591,4.141409,0,0,0,0,,0.777153,3.84003,0.05885,1.10112,2.349308,0.491916
510,960,PhantomBot,BigDaddy,1817,1637,14,0,0,0.004602,0.006779,18.812979,0.130274,0.056747,0,0,2.021696,2.978304,7,7,0,14,2.230473,0.738109,10.647107,0.05885,8.294043,2.241538,0.389807
510,961,PhantomBot,AvocaDOS,1817,1751,38,0,0,0.004602,0.000833,42.84179,0.131054,0.027156,0,0,4.233275,0.766725,33,5,0,38,2.505716,0.593855,35.934329,0.05885,7.006821,2.500015,0.382523
510,962,PhantomBot,AvocaDEV,1817,1700,3,0,0,0.004602,0.057896,7.565272,0.123569,0.311158,0,0,0.368142,4.631858,2,1,0,3,2.618047,0.662288,5.272463,0.05885,2.668687,2.530992,0.418169
510,966,PhantomBot,ArgoBot,1817,1909,44,3,1,0.004602,8.5e-05,48.845416,3.131152,1.023432,1,0,5.909067,0.090933,11,31,2,44,3.051518,0.370611,12.831247,2.05885,34.109903,3.029303,0.381898
510,970,PhantomBot,TheLAW,1817,1576,11,0,0,0.004602,0.05452,15.581635,0.124012,0.294353,0,0,0.389169,4.610831,6,5,0,11,2.337333,0.800162,9.953721,0.05885,5.987429,2.338717,0.392657
510,971,PhantomBot,Nothing,1817,1570,9,1,0,0.004602,0.00831,13.805558,1.130073,0.064369,0,0,1.781921,3.218079,7,1,1,9,2.498756,0.805628,10.980727,1.05885,1.960423,2.478174,0.395447
510,977,PhantomBot,Siriusly,1817,1392,1,0,0,0.004602,0.001619,5.837984,0.130951,0.031065,0,0,3.698777,1.301223,1,0,0,1,2.134166,0.920305,5.547364,0.05885,0.393786,2.261044,0.448612
510,981,PhantomBot,KoB,1817,1499,16,0,0,0.004602,0.001616,20.837996,0.130951,0.031053,0,0,3.700251,1.299749,8,8,0,16,2.14983,0.861828,12.258421,0.05885,8.682729,2.166274,0.388445
510,998,PhantomBot,LordSuperKing,1817,1656,13,0,0,0.004602,0.000132,17.845189,0.131146,0.023666,0,0,4.86045,0.13955,12,1,0,13,2.223222,0.716424,15.539957,0.05885,2.401193,2.235775,0.390628
510,1007,PhantomBot,SharkGull,1817,1605,0,0,0,0.004602,0.000223,4.844749,0.131134,0.024117,0,0,4.769042,0.230958,0,0,0,0,,0.772129,3.815204,0.05885,1.125946,2.349308,0.491916
510,1008,PhantomBot,Creepy_canon,1817,1587,0,0,0,0.004602,0.074065,4.486921,0.121448,0.391631,0,0,0.292476,4.707524,0,0,0,0,,0.789844,3.902739,0.05885,1.038411,2.349308,0.491916
510,1023,PhantomBot,MY_SCRIPTING_SON,1817,1275,1,0,0,0.004602,0.333918,4.227719,0.087365,1.684916,0,0,0.067967,4.932033,1,0,0,1,1.818077,0.95771,5.73219,0.05885,0.20896,2.131364,0.448612
510,1026,PhantomBot,WildLupo,1817,1199,0,0,0,0.004602,0.018371,4.756805,0.128753,0.114442,0,0,1.001539,3.998461,0,0,0,0,,0.97228,4.804182,0.05885,0.136968,2.349308,0.491916
510,1029,PhantomBot,Chomppet,1817,1600,0,0,0,0.004602,0.022196,4.738271,0.128252,0.133478,0,0,0.858591,4.141409,0,0,0,0,,0.777153,3.84003,0.05885,1.10112,2.349308,0.491916
510,1030,PhantomBot,who,1817,1924,48,1,0,0.004602,8.3e-05,52.845425,1.131152,0.023423,0,0,4.911144,0.088856,17,30,1,48,1.879901,0.350705,18.732886,1.05885,33.208264,1.89355,0.381565
510,1032,PhantomBot,WaterLeak,1817,1607,23,0,0,0.004602,8.4e-05,27.84542,0.131152,0.023428,0,0,4.910084,0.089916,0,23,0,23,1.882917,0.770097,3.805163,0.05885,24.135987,1.910351,0.385416
510,1038,PhantomBot,PolyMorph,1817,1463,4,0,0,0.004602,0.001586,8.838143,0.130955,0.030902,0,0,3.718407,1.281593,4,0,0,4,2.330954,0.884708,8.371474,0.05885,0.569676,2.335806,0.411036
510,1042,PhantomBot,Creepy_duo_canon,1817,1386,1,0,0,0.004602,0.104041,5.341662,0.117517,0.540821,0,0,0.211778,4.788222,1,0,0,1,2.112635,0.922802,5.559701,0.05885,0.381449,2.25221,0.448612
510,1044,PhantomBot,DoopyBot,1817,1418,3,0,0,0.004602,0.009666,7.798991,0.129895,0.071114,0,0,1.612661,3.387339,3,0,0,3,2.422023,0.908614,7.489598,0.05885,0.451552,2.398468,0.418169
510,1045,PhantomBot,tito,1817,1801,41,0,1,0.004602,0.000837,45.841775,0.131053,1.027172,1,0,5.230832,0.769168,32,9,0,41,2.382457,0.52301,34.584269,0.05885,11.356881,2.381335,0.382189
510,1049,PhantomBot,TheCatSC2Bot,1817,970,0,0,0,0.004602,0.003084,4.830884,0.130759,0.038357,0,0,2.993659,2.006341,0,0,0,0,,0.992428,4.903737,0.05885,0.037413,2.349308,0.491916
510,1050,PhantomBot,onlyfans,1817,1517,5,0,0,0.004602,8.7e-05,9.845409,0.131152,0.023439,0,0,4.907604,0.092396,4,1,0,5,2.354245,0.84902,8.195137,0.05885,1.746013,2.353143,0.406046
510,1052,PhantomBot,Starlight,1817,1204,0,0,0,0.004602,9.3e-05,4.845379,0.131151,0.02347,0,0,4.901086,0.098914,0,0,0,0,,0.971494,4.800296,0.05885,0.140854,2.349308,0.491916
510,1054,PhantomBot,JimmyBotZ,1817,1724,6,0,0,0.004602,0.005286,10.820212,0.13047,0.049318,0,0,2.326892,2.673108,5,1,0,6,2.137414,0.63073,8.116533,0.05885,2.824617,2.178368,0.402359
510,1056,PhantomBot,bilisaur,1817,1600,0,0,0,0.004602,0.022196,4.738271,0.128252,0.133478,0,0,0.858591,4.141409,0,0,0,0,,0.777153,3.84003,0.05885,1.10112,2.349308,0.491916
510,1057,PhantomBot,DoopyBot-Test,1817,1238,1,0,0,0.004602,0.023755,5.730718,0.128047,0.141235,0,0,0.811397,4.188603,1,0,0,1,2.284421,0.965543,5.770895,0.05885,0.170255,2.322687,0.448612
510,1058,PhantomBot,JimmyBotP,1817,1711,3,0,0,0.004602,0.005341,7.819949,0.130463,0.049588,0,0,2.314181,2.685819,3,0,0,3,2.279753,0.647983,6.201781,0.05885,1.739369,2.302285,0.418169
510,1059,PhantomBot,NextProBot,1817,1600,0,0,0,0.004602,0.022196,4.738271,0.128252,0.133478,0,0,0.858591,4.141409,0,0,0,0,,0.777153,3.84003,0.05885,1.10112,2.349308,0.491916
510,1060,PhantomBot,WildFire,1817,1709,22,0,0,0.004602,0.00012,26.845245,0.131147,0.023607,0,0,4.872545,0.127455,6,16,0,22,2.266134,0.650605,9.214735,0.05885,17.726415,2.271235,0.385739
510,1065,PhantomBot,MindMatrix,1817,1514,0,0,0,0.004602,0.010709,4.793933,0.129758,0.076308,0,0,1.502729,3.497271,0,0,0,0,,0.851221,4.20601,0.05885,0.73514,2.349308,0.491916
510,1066,PhantomBot,CompetitiveBotTest,1817,1482,0,0,0,0.004602,0.003699,4.827902,0.130678,0.04142,0,0,2.771748,2.228252,0,0,0,0,,0.873074,4.313989,0.05885,0.627161,2.349308,0.491916
510,1067,PhantomBot,Hello_world,1817,1600,0,0,0,0.004602,0.022196,4.738271,0.128252,0.133478,0,0,0.858591,4.141409,0,0,0,0,,0.777153,3.84003,0.05885,1.10112,2.349308,0.491916
510,1078,PhantomBot,LoremIpsum,1817,1242,0,0,0,0.004602,0.000201,4.844856,0.131137,0.024007,0,0,4.791052,0.208948,0,0,0,0,,0.964769,4.767069,0.05885,0.174081,2.349308,0.491916
510,1079,PhantomBot,JimmyBotT,1817,1675,0,0,0,0.004602,0.000205,4.844837,0.131136,0.024027,0,0,4.786992,0.213008,0,0,0,0,,0.693688,3.427616,0.05885,1.513534,2.349308,0.491916
510,1080,PhantomBot,JimmyBot,1817,1675,0,0,0,0.004602,0.003888,4.82699,0.130653,0.042357,0,0,2.710271,2.289729,0,0,0,0,,0.693688,3.427616,0.05885,1.513534,2.349308,0.491916
510,1081,PhantomBot,ArtZerg,1817,1537,0,0,0,0.004602,0.000199,4.844863,0.131137,0.024,0,0,4.79249,0.20751,0,0,0,0,,0.833662,4.119251,0.05885,0.821899,2.349308,0.491916
510,1082,PhantomBot,Dasyatis,1817,1573,0,0,0,0.004602,0.048918,4.60878,0.124747,0.266473,0,0,0.429901,4.570099,0,0,0,0,,0.802909,3.967295,0.05885,0.973855,2.349308,0.491916
510,1084,PhantomBot,ZippyZap,1817,1457,0,0,0,0.004602,0.84229,0.764237,0.020686,4.215077,0,0,0.027168,4.972832,0,0,0,0,,0.888184,4.388652,0.05885,0.552498,2.349308,0.491916
510,1085,PhantomBot,AgoraLord,1817,1430,0,0,0,0.004602,0.000933,4.84131,0.131041,0.02765,0,0,4.157424,0.842576,0,0,0,0,,0.902714,4.460445,0.05885,0.480705,2.349308,0.491916
510,1086,PhantomBot,CherBoiBlue,1817,1500,0,0,0,0.004602,0.222218,3.768998,0.102016,1.128986,0,0,0.101438,4.898562,0,0,0,0,,0.861141,4.255027,0.05885,0.686123,2.349308,0.491916
510,1087,PhantomBot,SwarmLord2,1817,1533,0,0,0,0.004602,0.003699,4.827902,0.130678,0.04142,0,0,2.771748,2.228252,0,0,0,0,,0.836831,4.134907,0.05885,0.806243,2.349308,0.491916
510,1088,PhantomBot,SwarmLord3,1817,1562,0,0,0,0.004602,0.003468,4.829023,0.130708,0.040269,0,0,2.851162,2.148838,0,0,0,0,,0.812738,4.015859,0.05885,0.925291,2.349308,0.491916
510,1089,PhantomBot,WorkingAsIntended,1817,1596,0,0,0,0.004602,0.041392,4.645251,0.125734,0.229015,0,0,0.50025,4.49975,0,0,0,0,,0.781115,3.859608,0.05885,1.081542,2.349308,0.491916
516,517,27turtles,VeTerran-revived,1526,1869,2,0,0,0.000103,0.000102,6.867237,0.131742,0.001021,0,0,2.513799,2.486201,0,2,0,2,2.264263,0.12191,0.602375,0.05885,6.338775,2.299827,0.429209
516,518,27turtles,norman,1526,1674,36,0,0,0.000103,8.4e-05,40.867324,0.131745,0.000931,0,0,2.75633,2.24367,4,32,0,36,2.384408,0.299023,5.477516,0.05885,35.463634,2.38306,0.382776
516,526,27turtles,Apidae,1526,1635,34,0,0,0.000103,0.004795,38.844392,0.131124,0.024484,0,0,0.104819,4.895181,8,26,0,34,2.588164,0.348088,9.719955,0.05885,29.221195,2.578475,0.383057
516,605,27turtles,nida,1526,1693,40,0,0,0.000103,8.4e-05,44.867323,0.131745,0.000932,0,0,2.753533,2.246467,12,28,0,40,2.550668,0.276612,13.366782,0.05885,31.574368,2.543682,0.382295
516,637,27turtles,72Tortoises,1526,1697,39,0,0,0.000103,0.000103,43.867232,0.131742,0.001026,0,0,2.501156,2.498844,7,32,0,39,2.542808,0.272028,8.344134,0.05885,35.597016,2.53593,0.382406
516,699,27turtles,Clicadinha,1526,1635,42,1,0,0.000103,0.00084,46.86364,1.131645,0.004715,0,0,0.544324,4.455676,16,26,0,42,2.608099,0.348088,17.719955,0.05885,29.221195,2.599535,0.382088
516,708,27turtles,Princess-Mika,1526,1521,8,0,0,0.000103,0.02954,12.723938,0.127864,0.148198,0,0,0.017317,4.982683,5,3,0,8,2.550833,0.507195,7.506127,0.05885,5.435023,2.520138,0.397274
516,709,27turtles,Laser-Circus,1526,1211,1,0,0,0.000103,0.290524,4.45354,0.093478,1.452983,0,0,0.001766,4.998234,1,0,0,1,2.432736,0.859759,5.248196,0.05885,0.692954,2.383535,0.448612
516,718,27turtles,Mulebot,1526,1689,34,0,0,0.000103,0.004543,38.845614,0.131157,0.023228,0,0,0.110483,4.889517,11,23,0,34,2.484421,0.281243,12.389665,0.05885,26.551485,2.47894,0.383057
516,720,27turtles,PiG_Bot,1526,1627,25,0,0,0.000103,0.000165,29.866926,0.131734,0.00134,0,0,1.914954,3.085046,10,15,0,25,2.513927,0.35861,11.771945,0.05885,18.169205,2.504976,0.384842
516,721,27turtles,49Terrapins,1526,1430,11,0,0,0.000103,0.000102,15.867235,0.131742,0.001022,0,0,2.510364,2.489636,9,2,0,11,2.42087,0.634743,12.136362,0.05885,3.804788,2.4126,0.392657
516,729,27turtles,Alexa,1526,1367,1,0,0,0.000103,0.023955,5.751124,0.1286,0.120276,0,0,0.021337,4.978663,1,0,0,1,2.145931,0.714079,4.528371,0.05885,1.412779,2.26587,0.448612
516,730,27turtles,Deimos,1526,2155,0,0,0,0.000103,0.005359,4.841646,0.13105,0.027304,0,0,0.093992,4.906008,0,0,0,0,,0.026063,0.128783,0.05885,4.812367,2.349308,0.491916
516,732,27turtles,GPT,1526,1830,0,0,0,0.000103,8.3e-05,4.867325,0.131745,0.00093,0,0,2.759121,2.240879,0,0,0,0,,0.148052,0.731545,0.05885,4.209605,2.349308,0.491916
516,759,27turtles,BotTato,1526,1710,15,0,0,0.000103,0.006225,19.83743,0.130936,0.031634,0,0,0.081125,4.918875,1,14,0,15,2.597497,0.257464,2.27217,0.05885,17.66898,2.575793,0.389085
516,779,27turtles,oberon,1526,1472,2,0,0,0.000103,8.5e-05,6.867315,0.131745,0.00094,0,0,2.728992,2.271008,2,0,0,2,2.710675,0.577092,4.8515,0.05885,2.08965,2.55956,0.429209
516,797,27turtles,WickedBot,1526,1707,14,0,0,0.000103,0.043299,18.656964,0.126051,0.216985,0,0,0.011827,4.988173,0,14,0,14,2.423115,0.26078,1.288552,0.05885,17.652598,2.416242,0.389807
516,809,27turtles,PrimordialOrigin,1526,1258,1,0,0,0.000103,0.136344,5.204043,0.113792,0.682165,0,0,0.003762,4.996238,0,1,0,1,2.008214,0.823862,4.070823,0.05885,1.870327,2.20937,0.448612
516,813,27turtles,MewCombatMicro,1526,1511,0,0,0,0.000103,0.004268,4.846953,0.131193,0.021853,0,0,0.117435,4.882565,0,0,0,0,,0.521573,2.577172,0.05885,2.363978,2.349308,0.491916
516,827,27turtles,smokinggunbot,1526,1579,38,1,0,0.000103,8.2e-05,42.867329,1.131745,0.000926,0,0,2.772971,2.227029,24,12,2,38,2.707401,0.424313,26.096594,2.05885,14.844556,2.694349,0.382523
516,832,27turtles,muravev,1526,1632,42,0,0,0.000103,0.001014,46.862797,0.131622,0.005581,0,0,0.459828,4.540172,12,30,0,42,2.731733,0.352017,13.739369,0.05885,33.201781,2.719078,0.382088
516,836,27turtles,muravevTerran,1526,1477,2,0,0,0.000103,0.000366,6.865948,0.131708,0.002344,0,0,1.094653,3.905347,2,0,0,2,2.371739,0.570053,4.816717,0.05885,2.124433,2.362359,0.429209
516,858,27turtles,Crawler,1526,1562,32,2,0,0.000103,0.00261,36.855027,2.131412,0.013561,0,0,0.18924,4.81076,21,11,0,32,2.754871,0.448376,23.215495,0.05885,13.725655,2.737436,0.383371
516,876,27turtles,GenesisLotus,1526,1411,3,0,0,0.000103,0.009792,7.820068,0.130466,0.049466,0,0,0.051881,4.948119,3,0,0,3,2.497709,0.659708,6.259716,0.05885,1.681434,2.449636,0.418169
516,901,27turtles,clone,1526,1667,30,0,1,0.000103,0.006192,34.837592,0.13094,1.031468,0,1,0.081554,5.918446,10,20,0,30,2.563173,0.307537,11.519585,0.05885,23.421565,2.553394,0.383725
516,930,27turtles,SiriusBot,1526,1519,24,0,0,0.000103,8.3e-05,28.867328,0.131745,0.000927,0,0,2.769294,2.230706,13,11,0,24,2.71789,0.510072,15.520344,0.05885,13.420806,2.697062,0.385118
516,939,27turtles,RustyNikolaj,1526,1539,18,0,0,0.000103,0.000102,22.867233,0.131742,0.001025,0,0,2.504617,2.495383,7,10,1,18,2.971557,0.4813,9.378177,1.05885,12.562973,2.925539,0.38736
516,940,27turtles,Princess-Mika-Test,1526,1524,15,0,1,0.000103,0.032493,19.709563,0.127475,1.162962,0,1,0.015748,5.984252,9,6,0,15,2.517896,0.502878,11.484797,0.05885,8.456353,2.503153,0.389085
516,943,27turtles,puck,1526,1529,7,1,0,0.000103,8.3e-05,11.867325,1.131745,0.00093,0,0,2.758192,2.241808,7,0,0,7,2.24781,0.495683,9.449243,0.05885,2.491907,2.265102,0.399523
516,948,27turtles,titania,1526,1185,2,0,0,0.000103,0.000157,6.866965,0.131735,0.0013,0,0,1.973684,3.026316,2,0,0,2,2.54685,0.876852,6.332659,0.05885,0.608491,2.464243,0.429209
516,953,27turtles,ZeratulsRevengeTest,1526,1702,6,0,0,0.000103,0.000163,10.866939,0.131734,0.001327,0,0,1.934203,3.065797,2,4,0,6,2.807388,0.266366,3.316156,0.05885,7.624994,2.718853,0.402359
516,959,27turtles,ur_moms_a_ho,1526,1600,0,0,0,0.000103,0.022196,4.759687,0.128831,0.111482,0,0,0.02302,4.97698,0,0,0,0,,0.395087,1.952185,0.05885,2.988965,2.349308,0.491916
516,960,27turtles,BigDaddy,1526,1637,41,0,0,0.000103,0.006779,45.834732,0.130863,0.034405,0,0,0.074593,4.925407,13,28,0,41,2.168654,0.34548,14.707069,0.05885,31.234081,2.174773,0.382189
516,961,27turtles,AvocaDOS,1526,1751,13,0,0,0.000103,0.000833,17.863674,0.131646,0.00468,0,0,0.548357,4.451643,1,12,0,13,2.531018,0.214973,2.062215,0.05885,15.878935,2.512926,0.390628
516,962,27turtles,AvocaDEV,1526,1700,7,0,0,0.000103,0.057896,11.585906,0.124128,0.289966,0,0,0.00885,4.99115,2,5,0,7,2.548594,0.268622,3.327302,0.05885,8.613848,2.514642,0.399523
516,966,27turtles,ArgoBot,1526,1909,0,0,0,0.000103,8.5e-05,4.867316,0.131745,0.000939,0,0,2.731851,2.268149,0,0,0,0,,0.099327,0.490789,0.05885,4.450361,2.349308,0.491916
516,970,27turtles,TheLAW,1526,1576,35,0,8,0.000103,0.05452,39.602343,0.124573,8.273084,0,8,0.009398,12.990602,29,6,0,35,2.477021,0.428537,31.117465,0.05885,8.823685,2.471983,0.382913
516,971,27turtles,Nothing,1526,1570,41,0,2,0.000103,0.00831,45.827278,0.130661,2.042061,0,2,0.061015,6.938985,13,28,0,41,2.516678,0.437015,15.159358,0.05885,30.781792,2.511009,0.382189
516,977,27turtles,Siriusly,1526,1392,1,0,0,0.000103,0.001619,5.859851,0.131543,0.008607,0,0,0.29818,4.70182,1,0,0,1,2.371178,0.683816,4.378839,0.05885,1.562311,2.35828,0.448612
516,981,27turtles,KoB,1526,1499,13,2,0,0.000103,0.001616,17.859863,2.131543,0.008594,0,0,0.29861,4.70139,8,5,0,13,2.600844,0.538778,10.662183,0.05885,7.278967,2.5758,0.390628
516,998,27turtles,LordSuperKing,1526,1656,23,0,0,0.000103,0.000132,27.867088,0.131738,0.001174,0,0,2.186361,2.813639,1,22,0,23,2.644488,0.321183,2.587014,0.05885,25.354136,2.627125,0.385416
516,1007,27turtles,SharkGull,1526,1605,17,1,0,0.000103,0.000223,21.866646,1.131726,0.001627,0,0,1.576947,3.423053,4,13,0,17,2.259574,0.388229,5.9183,0.05885,16.02285,2.26657,0.387873
516,1008,27turtles,Creepy_canon,1526,1587,0,0,0,0.000103,0.074065,4.507201,0.121997,0.370802,0,0,0.006921,4.993079,0,0,0,0,,0.413105,2.041214,0.05885,2.899936,2.349308,0.491916
516,1023,27turtles,MY_SCRIPTING_SON,1526,1275,2,0,0,0.000103,0.333918,5.242308,0.08776,1.669932,0,0,0.001537,4.998463,1,1,0,2,3.59016,0.809208,4.998418,0.05885,1.942732,3.071265,0.429209
516,1026,27turtles,WildLupo,1526,1199,2,0,0,0.000103,0.018371,6.778305,0.129335,0.09236,0,0,0.027786,4.972214,2,0,0,2,1.92442,0.867882,6.288337,0.05885,0.652813,2.102098,0.429209
516,1029,27turtles,Chomppet,1526,1600,0,0,0,0.000103,0.022196,4.759687,0.128831,0.111482,0,0,0.02302,4.97698,0,0,0,0,,0.395087,1.952185,0.05885,2.988965,2.349308,0.491916
516,1030,27turtles,who,1526,1924,0,0,0,0.000103,8.3e-05,4.867326,0.131745,0.00093,0,0,2.760978,2.239022,0,0,0,0,,0.091865,0.453919,0.05885,4.487231,2.349308,0.491916
516,1032,27turtles,WaterLeak,1526,1607,28,1,0,0.000103,8.4e-05,32.867321,1.131745,0.000935,0,0,2.746038,2.253962,15,13,0,28,2.68245,0.385499,16.904807,0.05885,16.036343,2.666182,0.384127
516,1038,27turtles,PolyMorph,1526,1463,4,0,0,0.000103,0.001586,8.860011,0.131547,0.008443,0,0,0.303979,4.696021,3,1,0,4,2.997831,0.589684,5.913715,0.05885,3.027435,2.826385,0.411036
516,1042,27turtles,Creepy_duo_canon,1526,1386,4,0,0,0.000103,0.104041,8.361286,0.118048,0.520667,0,0,0.004929,4.995071,4,0,0,4,2.844866,0.691236,7.415502,0.05885,1.525648,2.713859,0.411036
516,1044,27turtles,DoopyBot,1526,1418,12,1,0,0.000103,0.009666,16.820681,1.130482,0.048836,0,0,0.05255,4.94745,5,7,0,12,2.777531,0.650605,8.214735,0.05885,8.726415,2.731722,0.391568
516,1045,27turtles,tito,1526,1801,7,0,0,0.000103,0.000837,11.863659,0.131646,0.004696,0,0,0.546525,4.453475,0,7,0,7,2.340865,0.170367,0.84181,0.05885,11.09934,2.342303,0.399523
516,1049,27turtles,TheCatSC2Bot,1526,970,2,0,0,0.000103,0.003084,6.852719,0.13135,0.015932,0,0,0.161084,4.838916,2,0,0,2,3.459908,0.960857,6.747737,0.05885,0.193413,2.995482,0.429209
516,1050,27turtles,onlyfans,1526,1517,21,2,0,0.000103,8.7e-05,25.867309,2.131744,0.000946,0,0,2.711685,2.288315,15,6,0,21,2.827179,0.512949,17.534559,0.05885,8.406591,2.796564,0.38609
516,1052,27turtles,Starlight,1526,1204,2,0,0,0.000103,9.3e-05,6.867279,0.131744,0.000978,0,0,2.62522,2.37478,1,1,0,2,3.009384,0.864547,5.271856,0.05885,1.669294,2.733356,0.429209
516,1054,27turtles,JimmyBotZ,1526,1724,39,0,0,0.000103,0.005286,43.841998,0.131059,0.026942,0,0,0.095254,4.904746,28,10,1,39,2.785341,0.242361,29.197541,1.05885,13.743609,2.769841,0.382406
516,1056,27turtles,bilisaur,1526,1600,0,0,0,0.000103,0.022196,4.759687,0.128831,0.111482,0,0,0.02302,4.97698,0,0,0,0,,0.395087,1.952185,0.05885,2.988965,2.349308,0.491916
516,1057,27turtles,DoopyBot-Test,1526,1238,3,0,0,0.000103,0.023755,7.7521,0.128626,0.119274,0,0,0.021516,4.978484,2,1,0,3,3.105179,0.839951,6.150322,0.05885,1.790828,2.860323,0.418169
516,1058,27turtles,JimmyBotP,1526,1711,21,0,0,0.000103,0.005341,25.841734,0.131052,0.027214,0,0,0.094303,4.905697,17,3,1,21,2.647551,0.256365,18.26674,1.05885,6.67441,2.628444,0.38609
516,1059,27turtles,NextProBot,1526,1600,0,0,0,0.000103,0.022196,4.759687,0.128831,0.111482,0,0,0.02302,4.97698,0,0,0,0,,0.395087,1.952185,0.05885,2.988965,2.349308,0.491916
516,1060,27turtles,WildFire,1526,1709,14,2,0,0.000103,0.00012,18.867145,2.13174,0.001115,0,0,2.301548,2.698452,4,10,0,14,2.585932,0.258566,5.277616,0.05885,13.663534,2.563899,0.389807
516,1065,27turtles,MindMatrix,1526,1514,6,0,0,0.000103,0.010709,10.815601,0.130345,0.054054,0,0,0.047477,4.952523,2,4,0,6,2.883164,0.517263,4.555872,0.05885,6.385278,2.779983,0.402359
516,1066,27turtles,CompetitiveBotTest,1526,1482,0,0,0,0.000103,0.003699,4.849723,0.131268,0.019008,0,0,0.135014,4.864986,0,0,0,0,,0.562985,2.781792,0.05885,2.159358,2.349308,0.491916
516,1067,27turtles,Hello_world,1526,1600,0,0,0,0.000103,0.022196,4.759687,0.128831,0.111482,0,0,0.02302,4.97698,0,0,0,0,,0.395087,1.952185,0.05885,2.988965,2.349308,0.491916
516,1078,27turtles,LoremIpsum,1526,1242,0,0,0,0.000103,0.000201,4.866754,0.131729,0.001517,0,0,1.692166,3.307834,0,0,0,0,,0.836831,4.134907,0.05885,0.806243,2.349308,0.491916
516,1079,27turtles,JimmyBotT,1526,1675,18,0,0,0.000103,0.000205,22.866734,0.131729,0.001537,0,0,1.669747,3.330253,5,13,0,18,2.397143,0.297817,6.47156,0.05885,16.46959,2.393606,0.38736
516,1080,27turtles,JimmyBot,1526,1675,19,0,0,0.000103,0.003888,23.848807,0.131244,0.019949,0,0,0.128643,4.871357,11,8,0,19,2.556152,0.297817,12.47156,0.05885,11.46959,2.541603,0.386896
516,1081,27turtles,ArtZerg,1526,1537,19,0,0,0.000103,0.000199,23.866761,0.13173,0.001509,0,0,1.700244,3.299756,11,8,0,19,2.269393,0.484175,13.392381,0.05885,10.548769,2.275014,0.386896
516,1082,27turtles,Dasyatis,1526,1573,7,0,0,0.000103,0.048918,11.629611,0.125311,0.245079,0,0,0.010472,4.989528,4,3,0,7,2.735586,0.432771,6.138387,0.05885,5.802763,2.669777,0.399523
516,1084,27turtles,ZippyZap,1526,1457,0,0,0,0.000103,0.84229,0.767691,0.020779,4.211529,0,0,0.000609,4.999391,0,0,0,0,,0.598014,2.954876,0.05885,1.986274,2.349308,0.491916
516,1085,27turtles,AgoraLord,1526,1430,0,0,0,0.000103,0.000933,4.863191,0.131633,0.005176,0,0,0.495833,4.504167,0,0,0,0,,0.634743,3.136362,0.05885,1.804788,2.349308,0.491916
516,1086,27turtles,CherBoiBlue,1526,1500,0,0,0,0.000103,0.222218,3.786033,0.102477,1.11149,0,0,0.002309,4.997691,0,0,0,0,,0.537347,2.655114,0.05885,2.286036,2.349308,0.491916
516,1087,27turtles,SwarmLord2,1526,1533,0,0,0,0.000103,0.003699,4.849723,0.131268,0.019008,0,0,0.135014,4.864986,0,0,0,0,,0.489928,2.420806,0.05885,2.520344,2.349308,0.491916
516,1088,27turtles,SwarmLord3,1526,1562,0,0,0,0.000103,0.003468,4.850849,0.131299,0.017852,0,0,0.143756,4.856244,0,0,0,0,,0.448376,2.215495,0.05885,2.725655,2.349308,0.491916
516,1089,27turtles,WorkingAsIntended,1526,1596,0,0,0,0.000103,0.041392,4.666247,0.126302,0.207451,0,0,0.012371,4.987629,0,0,0,0,,0.400603,1.979441,0.05885,2.961709,2.349308,0.491916
517,518,VeTerran-revived,norman,1869,1674,6,0,0,0.000102,8.4e-05,10.86733,0.131745,0.000925,0,0,2.742668,2.257332,6,0,0,6,2.334194,0.754454,9.727871,0.05885,1.213279,2.337115,0.402359
517,526,VeTerran-revived,Apidae,1869,1635,8,0,0,0.000102,0.004795,12.844398,0.131124,0.024478,0,0,0.103692,4.896308,8,0,0,8,2.117077,0.793641,11.921498,0.05885,1.019652,2.152449,0.397274
517,605,VeTerran-revived,nida,1869,1693,3,0,0,0.000102,8.4e-05,7.867329,0.131745,0.000926,0,0,2.739868,2.260132,2,1,0,3,2.355897,0.733634,5.624994,0.05885,2.316156,2.353763,0.418169
517,637,VeTerran-revived,72Tortoises,1869,1697,8,0,0,0.000102,0.000103,12.867237,0.131742,0.00102,0,0,2.487356,2.512644,8,0,0,8,2.395857,0.72911,11.602642,0.05885,1.338508,2.388767,0.397274
517,699,VeTerran-revived,Clicadinha,1869,1635,1,0,0,0.000102,0.00084,5.863646,0.131645,0.004709,0,0,0.538993,4.461007,1,0,0,1,2.169054,0.793641,4.921498,0.05885,1.019652,2.275357,0.448612
517,708,VeTerran-revived,Princess-Mika,1869,1521,0,0,0,0.000102,0.02954,4.723943,0.127864,0.148193,0,0,0.017127,4.982873,0,0,0,0,,0.881138,4.353834,0.05885,0.587316,2.349308,0.491916
517,709,VeTerran-revived,Laser-Circus,1869,1211,0,0,0,0.000102,0.290524,3.453543,0.093478,1.452979,0,0,0.001747,4.998253,0,0,0,0,,0.977855,4.831729,0.05885,0.109421,2.349308,0.491916
517,718,VeTerran-revived,Mulebot,1869,1689,11,0,0,0.000102,0.004543,15.84562,0.131157,0.023223,0,0,0.109297,4.890703,10,1,0,11,2.073606,0.738109,13.647107,0.05885,2.294043,2.105471,0.392657
517,720,VeTerran-revived,PiG_Bot,1869,1627,0,0,0,0.000102,0.000165,4.866931,0.131734,0.001335,0,0,1.901927,3.098073,0,0,0,0,,0.801081,3.958261,0.05885,0.982889,2.349308,0.491916
517,721,VeTerran-revived,49Terrapins,1869,1430,2,0,0,0.000102,0.000102,6.867241,0.131743,0.001017,0,0,2.496564,2.503436,2,0,0,2,2.675404,0.926019,6.575599,0.05885,0.365551,2.539039,0.429209
517,729,VeTerran-revived,Alexa,1869,1367,1,0,0,0.000102,0.023955,5.75113,0.1286,0.120271,0,0,0.021104,4.978896,1,0,0,1,1.903599,0.947337,5.680935,0.05885,0.260215,2.166451,0.448612
517,730,VeTerran-revived,Deimos,1869,2155,44,0,1,0.000102,0.005359,48.841652,0.13105,1.027298,0,1,0.092979,5.907021,3,41,0,44,2.523346,0.161603,3.798505,0.05885,45.142645,2.51784,0.381898
517,732,VeTerran-revived,GPT,1869,1830,45,0,0,0.000102,8.3e-05,49.86733,0.131745,0.000925,0,0,2.745462,2.254538,19,25,1,45,2.299075,0.555891,21.746741,1.05885,27.194409,2.30063,0.38181
517,759,VeTerran-revived,BotTato,1869,1710,28,0,0,0.000102,0.006225,32.837435,0.130936,0.031629,0,0,0.080249,4.919751,26,2,0,28,2.538509,0.714079,29.528371,0.05885,3.412779,2.52927,0.384127
517,779,VeTerran-revived,oberon,1869,1472,1,0,0,0.000102,8.5e-05,5.86732,0.131745,0.000935,0,0,2.715301,2.284699,1,0,0,1,1.835776,0.907654,5.484852,0.05885,0.456298,2.138625,0.448612
517,797,VeTerran-revived,WickedBot,1869,1707,32,0,1,0.000102,0.043299,36.65697,0.126051,1.216979,0,1,0.011698,5.988302,25,7,0,32,2.250814,0.717592,28.545728,0.05885,8.395422,2.255048,0.383371
517,809,VeTerran-revived,PrimordialOrigin,1869,1258,1,0,0,0.000102,0.136344,5.204048,0.113792,0.682161,0,0,0.003721,4.996279,1,0,0,1,1.868721,0.971173,5.798712,0.05885,0.142438,2.152141,0.448612
517,813,VeTerran-revived,MewCombatMicro,1869,1511,0,0,0,0.000102,0.004268,4.846959,0.131194,0.021848,0,0,0.116175,4.883825,0,0,0,0,,0.887036,4.382977,0.05885,0.558173,2.349308,0.491916
517,827,VeTerran-revived,smokinggunbot,1869,1579,1,0,0,0.000102,8.2e-05,5.867335,0.131745,0.00092,0,0,2.759328,2.240672,1,0,0,1,2.21266,0.841492,5.15794,0.05885,0.78321,2.293247,0.448612
517,832,VeTerran-revived,muravev,1869,1632,1,0,0,0.000102,0.001014,5.862802,0.131622,0.005576,0,0,0.455239,4.544761,1,0,0,1,2.029463,0.796455,4.935402,0.05885,1.005748,2.218088,0.448612
517,836,VeTerran-revived,muravevTerran,1869,1477,0,0,0,0.000102,0.000366,4.865953,0.131708,0.002339,0,0,1.085244,3.914756,0,0,0,0,,0.905213,4.472791,0.05885,0.468359,2.349308,0.491916
517,858,VeTerran-revived,Crawler,1869,1562,1,0,0,0.000102,0.00261,5.855032,0.131412,0.013556,0,0,0.18724,4.81276,1,0,0,1,2.005526,0.854113,5.220302,0.05885,0.720848,2.208267,0.448612
517,876,VeTerran-revived,GenesisLotus,1869,1411,0,0,0,0.000102,0.009792,4.820073,0.130466,0.049461,0,0,0.051317,4.948683,0,0,0,0,,0.933172,4.610941,0.05885,0.330209,2.349308,0.491916
517,901,VeTerran-revived,clone,1869,1667,12,0,0,0.000102,0.006192,16.837597,0.13094,0.031462,0,0,0.080673,4.919327,10,2,0,12,2.408804,0.761842,13.764376,0.05885,3.176774,2.402439,0.391568
517,930,VeTerran-revived,SiriusBot,1869,1519,1,0,0,0.000102,8.3e-05,5.867334,0.131745,0.000921,0,0,2.755647,2.244353,1,0,0,1,2.62684,0.882338,5.359766,0.05885,0.581384,2.463169,0.448612
517,939,VeTerran-revived,RustyNikolaj,1869,1539,2,0,0,0.000102,0.000102,6.867238,0.131743,0.001019,0,0,2.490817,2.509183,2,0,0,2,2.180759,0.86985,6.298059,0.05885,0.643091,2.251242,0.429209
517,940,VeTerran-revived,Princess-Mika-Test,1869,1524,1,0,0,0.000102,0.032493,5.709569,0.127475,0.162956,0,0,0.015576,4.984424,1,0,0,1,2.012233,0.879317,5.344838,0.05885,0.596312,2.211019,0.448612
517,943,VeTerran-revived,puck,1869,1529,0,0,0,0.000102,8.3e-05,4.86733,0.131745,0.000925,0,0,2.744532,2.255468,0,0,0,0,,0.876229,4.32958,0.05885,0.61157,2.349308,0.491916
517,948,VeTerran-revived,titania,1869,1185,1,0,0,0.000102,0.000157,5.86697,0.131735,0.001295,0,0,1.960512,3.039488,1,0,0,1,1.83737,0.980874,5.846648,0.05885,0.094502,2.139279,0.448612
517,953,VeTerran-revived,ZeratulsRevengeTest,1869,1702,20,0,0,0.000102,0.000163,24.866944,0.131735,0.001321,0,0,1.921127,3.078873,13,7,0,20,2.172931,0.723388,16.574368,0.05885,8.366782,2.184758,0.386474
517,959,VeTerran-revived,ur_moms_a_ho,1869,1600,0,0,0,0.000102,0.022196,4.759692,0.128832,0.111476,0,0,0.022769,4.977231,0,0,0,0,,0.824695,4.074943,0.05885,0.866207,2.349308,0.491916
517,960,VeTerran-revived,BigDaddy,1869,1637,4,0,0,0.000102,0.006779,8.834738,0.130863,0.034399,0,0,0.073786,4.926214,4,0,0,4,2.288997,0.791749,7.91215,0.05885,1.029,2.304941,0.411036
517,961,VeTerran-revived,AvocaDOS,1869,1751,33,0,0,0.000102,0.000833,37.863679,0.131646,0.004674,0,0,0.54299,4.45701,28,5,0,33,2.259306,0.663574,31.278819,0.05885,6.662331,2.263063,0.38321
517,962,VeTerran-revived,AvocaDEV,1869,1700,2,0,0,0.000102,0.057896,6.585912,0.124128,0.289961,0,0,0.008753,4.991247,0,2,0,2,2.394981,0.725686,3.585722,0.05885,3.355428,2.375882,0.429209
517,966,VeTerran-revived,ArgoBot,1869,1909,45,0,0,0.000102,8.5e-05,49.867321,0.131745,0.000934,0,0,2.718163,2.281837,11,34,0,45,2.493156,0.442688,13.18739,0.05885,36.75376,2.488703,0.38181
517,970,VeTerran-revived,TheLAW,1869,1576,1,0,0,0.000102,0.05452,5.602349,0.124573,0.273079,0,0,0.009295,4.990705,0,1,0,1,2.150599,0.843782,4.169255,0.05885,1.771895,2.267785,0.448612
517,971,VeTerran-revived,Nothing,1869,1570,1,0,0,0.000102,0.00831,5.827284,0.130661,0.042055,0,0,0.060353,4.939647,1,0,0,1,2.065596,0.848281,5.191484,0.05885,0.749666,2.232912,0.448612
517,977,VeTerran-revived,Siriusly,1869,1392,1,0,0,0.000102,0.001619,5.859856,0.131543,0.008601,0,0,0.2951,4.7049,1,0,0,1,1.819699,0.939678,5.643088,0.05885,0.298062,2.13203,0.448612
517,981,VeTerran-revived,KoB,1869,1499,0,0,0,0.000102,0.001616,4.859868,0.131543,0.008589,0,0,0.295525,4.704475,0,0,0,0,,0.893775,4.416275,0.05885,0.524875,2.349308,0.491916
517,998,VeTerran-revived,LordSuperKing,1869,1656,9,0,0,0.000102,0.000132,13.867093,0.131739,0.001168,0,0,2.172788,2.827212,4,5,0,9,2.745156,0.77314,7.8202,0.05885,6.12095,2.690639,0.395447
517,1007,VeTerran-revived,SharkGull,1869,1605,0,0,0,0.000102,0.000223,4.866652,0.131727,0.001622,0,0,1.565053,3.434947,0,0,0,0,,0.820495,4.05419,0.05885,0.88696,2.349308,0.491916
517,1008,VeTerran-revived,Creepy_canon,1869,1587,0,0,0,0.000102,0.074065,4.507206,0.121997,0.370797,0,0,0.006845,4.993155,0,0,0,0,,0.835253,4.12711,0.05885,0.81404,2.349308,0.491916
517,1023,VeTerran-revived,MY_SCRIPTING_SON,1869,1275,1,0,0,0.000102,0.333918,4.242311,0.08776,1.669928,0,0,0.00152,4.99848,1,0,0,1,1.706565,0.968303,5.784533,0.05885,0.156617,2.085615,0.448612
517,1026,VeTerran-revived,WildLupo,1869,1199,1,0,0,0.000102,0.018371,5.77831,0.129335,0.092354,0,0,0.027483,4.972517,1,0,0,1,1.873339,0.979303,5.838881,0.05885,0.102269,2.154036,0.448612
517,1029,VeTerran-revived,Chomppet,1869,1600,0,0,0,0.000102,0.022196,4.759692,0.128832,0.111476,0,0,0.022769,4.977231,0,0,0,0,,0.824695,4.074943,0.05885,0.866207,2.349308,0.491916
517,1030,VeTerran-revived,who,1869,1924,45,0,0,0.000102,8.3e-05,49.867331,0.131745,0.000924,0,0,2.747321,2.252679,21,24,0,45,1.817393,0.421503,23.082711,0.05885,26.858439,1.833859,0.38181
517,1032,VeTerran-revived,WaterLeak,1869,1607,15,0,0,0.000102,8.4e-05,19.867326,0.131745,0.000929,0,0,2.732365,2.267635,15,0,0,15,1.967338,0.818793,19.04578,0.05885,0.89537,2.000741,0.389085
517,1038,VeTerran-revived,PolyMorph,1869,1463,0,0,0,0.000102,0.001586,4.860016,0.131547,0.008437,0,0,0.300842,4.699158,0,0,0,0,,0.911905,4.505861,0.05885,0.435289,2.349308,0.491916
517,1042,VeTerran-revived,Creepy_duo_canon,1869,1386,0,0,0,0.000102,0.104041,4.361291,0.118048,0.520662,0,0,0.004875,4.995125,0,0,0,0,,0.941606,4.652616,0.05885,0.288534,2.349308,0.491916
517,1044,VeTerran-revived,DoopyBot,1869,1418,0,0,0,0.000102,0.009666,4.820687,0.130482,0.048831,0,0,0.051979,4.948021,0,0,0,0,,0.930614,4.598305,0.05885,0.342845,2.349308,0.491916
517,1045,VeTerran-revived,tito,1869,1801,38,0,0,0.000102,0.000837,42.863664,0.131646,0.00469,0,0,0.541174,4.458826,27,11,0,38,2.388027,0.596629,29.948034,0.05885,12.993116,2.386616,0.382523
517,1049,VeTerran-revived,TheCatSC2Bot,1869,970,1,0,0,0.000102,0.003084,5.852724,0.13135,0.015926,0,0,0.159372,4.840628,1,0,0,1,1.783391,0.994376,5.913361,0.05885,0.027789,2.117134,0.448612
517,1050,VeTerran-revived,onlyfans,1869,1517,1,0,0,0.000102,8.7e-05,5.867315,0.131745,0.000941,0,0,2.697978,2.302022,1,0,0,1,1.874874,0.883528,5.365646,0.05885,0.575504,2.154666,0.448612
517,1052,VeTerran-revived,Starlight,1869,1204,1,0,0,0.000102,9.3e-05,5.867284,0.131744,0.000972,0,0,2.611451,2.388549,1,0,0,1,2.05027,0.978711,5.835958,0.05885,0.105192,2.226624,0.448612
517,1054,VeTerran-revived,JimmyBotZ,1869,1724,2,0,0,0.000102,0.005286,6.842004,0.131059,0.026937,0,0,0.094228,4.905772,2,0,0,2,1.893864,0.697345,5.445687,0.05885,1.495463,2.08432,0.429209
517,1056,VeTerran-revived,bilisaur,1869,1600,0,0,0,0.000102,0.022196,4.759692,0.128832,0.111476,0,0,0.022769,4.977231,0,0,0,0,,0.824695,4.074943,0.05885,0.866207,2.349308,0.491916
517,1057,VeTerran-revived,DoopyBot-Test,1869,1238,0,0,0,0.000102,0.023755,4.752105,0.128626,0.119269,0,0,0.021281,4.978719,0,0,0,0,,0.974227,4.813803,0.05885,0.127347,2.349308,0.491916
517,1058,VeTerran-revived,JimmyBotP,1869,1711,1,0,0,0.000102,0.005341,5.84174,0.131052,0.027208,0,0,0.093287,4.906713,1,0,0,1,2.177022,0.712902,4.522556,0.05885,1.418594,2.278626,0.448612
517,1059,VeTerran-revived,NextProBot,1869,1600,0,0,0,0.000102,0.022196,4.759692,0.128832,0.111476,0,0,0.022769,4.977231,0,0,0,0,,0.824695,4.074943,0.05885,0.866207,2.349308,0.491916
517,1060,VeTerran-revived,WildFire,1869,1709,18,0,0,0.000102,0.00012,22.86715,0.13174,0.001109,0,0,2.287841,2.712159,18,0,0,18,2.119735,0.715253,21.534171,0.05885,1.406979,2.136713,0.38736
517,1065,VeTerran-revived,MindMatrix,1869,1514,0,0,0,0.000102,0.010709,4.815606,0.130345,0.054049,0,0,0.046961,4.953039,0,0,0,0,,0.885294,4.374369,0.05885,0.566781,2.349308,0.491916
517,1066,VeTerran-revived,CompetitiveBotTest,1869,1482,0,0,0,0.000102,0.003699,4.849729,0.131269,0.019002,0,0,0.133571,4.866429,0,0,0,0,,0.902714,4.460445,0.05885,0.480705,2.349308,0.491916
517,1067,VeTerran-revived,Hello_world,1869,1600,0,0,0,0.000102,0.022196,4.759692,0.128832,0.111476,0,0,0.022769,4.977231,0,0,0,0,,0.824695,4.074943,0.05885,0.866207,2.349308,0.491916
517,1078,VeTerran-revived,LoremIpsum,1869,1242,0,0,0,0.000102,0.000201,4.866759,0.13173,0.001511,0,0,1.67983,3.32017,0,0,0,0,,0.973643,4.810915,0.05885,0.130235,2.349308,0.491916
517,1079,VeTerran-revived,JimmyBotT,1869,1675,0,0,0,0.000102,0.000205,4.86674,0.131729,0.001531,0,0,1.657492,3.342508,0,0,0,0,,0.753386,3.722594,0.05885,1.218556,2.349308,0.491916
517,1080,VeTerran-revived,JimmyBot,1869,1675,0,0,0,0.000102,0.003888,4.848812,0.131244,0.019944,0,0,0.127266,4.872734,0,0,0,0,,0.753386,3.722594,0.05885,1.218556,2.349308,0.491916
517,1081,VeTerran-revived,ArtZerg,1869,1537,0,0,0,0.000102,0.000199,4.866766,0.13173,0.001504,0,0,1.687879,3.312121,0,0,0,0,,0.871148,4.304472,0.05885,0.636678,2.349308,0.491916
517,1082,VeTerran-revived,Dasyatis,1869,1573,0,0,0,0.000102,0.048918,4.629616,0.125311,0.245073,0,0,0.010357,4.989643,0,0,0,0,,0.846045,4.180436,0.05885,0.760714,2.349308,0.491916
517,1084,VeTerran-revived,ZippyZap,1869,1457,0,0,0,0.000102,0.84229,0.767692,0.020779,4.211528,0,0,0.000603,4.999397,0,0,0,0,,0.914641,4.519377,0.05885,0.421773,2.349308,0.491916
517,1085,VeTerran-revived,AgoraLord,1869,1430,0,0,0,0.000102,0.000933,4.863197,0.131633,0.00517,0,0,0.490924,4.509076,0,0,0,0,,0.926019,4.575599,0.05885,0.365551,2.349308,0.491916
517,1086,VeTerran-revived,CherBoiBlue,1869,1500,0,0,0,0.000102,0.222218,3.786037,0.102477,1.111485,0,0,0.002284,4.997716,0,0,0,0,,0.893227,4.413568,0.05885,0.527582,2.349308,0.491916
517,1087,VeTerran-revived,SwarmLord2,1869,1533,0,0,0,0.000102,0.003699,4.849729,0.131269,0.019002,0,0,0.133571,4.866429,0,0,0,0,,0.87371,4.317134,0.05885,0.624016,2.349308,0.491916
517,1088,VeTerran-revived,SwarmLord3,1869,1562,0,0,0,0.000102,0.003468,4.850854,0.131299,0.017847,0,0,0.142222,4.857778,0,0,0,0,,0.854113,4.220302,0.05885,0.720848,2.349308,0.491916
517,1089,VeTerran-revived,WorkingAsIntended,1869,1596,0,0,0,0.000102,0.041392,4.666252,0.126302,0.207445,0,0,0.012235,4.987765,0,0,0,0,,0.827999,4.091269,0.05885,0.849881,2.349308,0.491916
518,526,norman,Apidae,1674,1635,32,0,0,8.4e-05,0.004795,36.844485,0.131127,0.024389,0,0,0.085657,4.914343,24,8,0,32,2.347391,0.555891,26.746741,0.05885,10.194409,2.347474,0.383371
518,605,norman,nida,1674,1693,40,3,0,8.4e-05,8.4e-05,44.867416,3.131747,0.000837,0,0,2.497173,2.502827,17,23,0,40,2.556219,0.472684,19.335603,0.05885,25.605547,2.549042,0.382295
518,637,norman,72Tortoises,1674,1697,36,0,0,8.4e-05,0.000103,40.867325,0.131745,0.000931,0,0,2.244813,2.755187,3,32,1,36,2.682397,0.466949,5.307263,1.05885,34.633887,2.669608,0.382776
518,699,norman,Clicadinha,1674,1635,41,7,0,8.4e-05,0.00084,45.863733,7.131648,0.004619,0,0,0.45224,4.54776,25,16,0,41,2.06996,0.555891,27.746741,0.05885,18.194409,2.079422,0.382189
518,708,norman,Princess-Mika,1674,1521,14,0,0,8.4e-05,0.02954,18.724028,0.127866,0.148106,0,0,0.014105,4.985895,14,0,0,14,2.229341,0.706975,17.493271,0.05885,1.447879,2.240511,0.389807
518,709,norman,Laser-Circus,1674,1211,1,0,0,8.4e-05,0.290524,4.453606,0.093479,1.452915,0,0,0.001438,4.998562,1,0,0,1,2.38968,0.934944,5.6197,0.05885,0.32145,2.365871,0.448612
518,718,norman,Mulebot,1674,1689,40,0,0,8.4e-05,0.004543,44.845707,0.13116,0.023133,0,0,0.090305,4.909695,17,22,1,40,2.613126,0.478427,19.363978,1.05885,24.577172,2.603974,0.382295
518,720,norman,PiG_Bot,1674,1627,23,0,0,8.4e-05,0.000165,27.867019,0.131737,0.001245,0,0,1.678339,3.321661,16,7,0,23,2.323722,0.567229,18.802763,0.05885,9.138387,2.325227,0.385416
518,721,norman,49Terrapins,1674,1430,9,0,0,8.4e-05,0.000102,13.867328,0.131745,0.000927,0,0,2.253929,2.746071,8,1,0,9,2.389329,0.802909,11.967295,0.05885,1.973855,2.383818,0.395447
518,729,norman,Alexa,1674,1367,0,0,0,8.4e-05,0.023955,4.751215,0.128602,0.120183,0,0,0.017382,4.982618,0,0,0,0,,0.854113,4.220302,0.05885,0.720848,2.349308,0.491916
518,730,norman,Deimos,1674,2155,10,0,0,8.4e-05,0.005359,14.841739,0.131052,0.027209,0,0,0.076778,4.923222,0,10,0,10,2.795658,0.05903,0.291678,0.05885,14.649472,2.73956,0.393932
518,732,norman,GPT,1674,1830,12,0,0,8.4e-05,8.3e-05,16.867418,0.131747,0.000835,0,0,2.502821,2.497179,1,11,0,12,2.075312,0.28946,2.430265,0.05885,14.510885,2.104623,0.391568
518,759,norman,BotTato,1674,1710,21,0,1,8.4e-05,0.006225,25.837522,0.130938,1.031539,0,1,0.066236,5.933764,4,17,0,21,2.598547,0.448376,6.215495,0.05885,19.725655,2.582579,0.38609
518,779,norman,oberon,1674,1472,1,0,0,8.4e-05,8.5e-05,5.867408,0.131747,0.000845,0,0,2.472402,2.527598,1,0,0,1,2.121063,0.761842,4.764376,0.05885,1.176774,2.255668,0.448612
518,797,norman,WickedBot,1674,1707,16,0,1,8.4e-05,0.043299,20.657053,0.126053,1.216893,0,1,0.009632,5.990368,1,15,0,16,2.381645,0.452651,3.236619,0.05885,17.704531,2.378979,0.388445
518,809,norman,PrimordialOrigin,1674,1258,0,0,0,8.4e-05,0.136344,4.204123,0.113794,0.682083,0,0,0.003063,4.996937,0,0,0,0,,0.916421,4.528175,0.05885,0.412975,2.349308,0.491916
518,813,norman,MewCombatMicro,1674,1511,0,0,0,8.4e-05,0.004268,4.847046,0.131196,0.021758,0,0,0.096012,4.903988,0,0,0,0,,0.718757,3.551485,0.05885,1.389665,2.349308,0.491916
518,827,norman,smokinggunbot,1674,1579,44,2,0,8.4e-05,8.2e-05,48.867422,2.131747,0.00083,0,0,2.516829,2.483171,30,13,1,44,2.839321,0.633408,33.129762,1.05885,14.811388,2.823819,0.381898
518,832,norman,muravev,1674,1632,38,1,0,8.4e-05,0.001014,42.862889,1.131625,0.005486,0,0,0.380817,4.619183,11,27,0,38,2.867654,0.56015,13.767786,0.05885,29.173364,2.848761,0.382523
518,836,norman,muravevTerran,1674,1477,2,0,0,8.4e-05,0.000366,6.866041,0.13171,0.002249,0,0,0.928878,4.071122,2,0,0,2,2.121988,0.756581,5.738378,0.05885,1.202772,2.217048,0.429209
518,858,norman,Crawler,1674,1562,33,0,0,8.4e-05,0.00261,37.855119,0.131414,0.013466,0,0,0.155134,4.844866,13,20,0,33,2.318798,0.655821,16.240507,0.05885,21.700643,2.320071,0.38321
518,876,norman,GenesisLotus,1674,1411,7,0,0,8.4e-05,0.009792,11.82016,0.130468,0.049372,0,0,0.042313,4.957687,7,0,0,7,1.947315,0.819646,11.049993,0.05885,0.891157,2.015801,0.399523
518,901,norman,clone,1674,1667,38,0,0,8.4e-05,0.006192,42.837684,0.130943,0.031373,0,0,0.066587,4.933413,21,17,0,38,2.358198,0.510072,23.520344,0.05885,19.420806,2.357874,0.382523
518,930,norman,SiriusBot,1674,1519,25,1,0,8.4e-05,8.3e-05,29.867421,1.131747,0.000831,0,0,2.513109,2.486891,19,5,1,25,2.392035,0.709355,22.505028,1.05885,6.436122,2.389712,0.384842
518,939,norman,RustyNikolaj,1674,1539,13,0,0,8.4e-05,0.000102,17.867326,0.131745,0.000929,0,0,2.248239,2.751761,13,0,0,13,2.450281,0.68506,16.384982,0.05885,1.556168,2.440228,0.390628
518,940,norman,Princess-Mika-Test,1674,1524,16,0,0,8.4e-05,0.032493,20.709653,0.127477,0.162869,0,0,0.012827,4.987173,16,0,0,16,2.196098,0.703385,19.475531,0.05885,1.465619,2.208728,0.388445
518,943,norman,puck,1674,1529,11,0,0,8.4e-05,8.3e-05,15.867418,0.131747,0.000835,0,0,2.501881,2.498119,11,0,0,11,2.190189,0.697345,14.445687,0.05885,1.495463,2.208579,0.392657
518,948,norman,titania,1674,1185,0,0,0,8.4e-05,0.000157,4.867058,0.131738,0.001205,0,0,1.733891,3.266109,0,0,0,0,,0.943476,4.661858,0.05885,0.279292,2.349308,0.491916
518,953,norman,ZeratulsRevengeTest,1674,1702,8,0,0,8.4e-05,0.000163,12.867032,0.131737,0.001231,0,0,1.696517,3.303483,0,8,0,8,1.620874,0.459792,2.2719,0.05885,10.66925,1.731826,0.397274
518,959,norman,ur_moms_a_ho,1674,1600,0,0,0,8.4e-05,0.022196,4.759778,0.128834,0.111389,0,0,0.018755,4.981245,0,0,0,0,,0.604913,2.988965,0.05885,1.952185,2.349308,0.491916
518,960,norman,BigDaddy,1674,1637,47,0,1,8.4e-05,0.006779,51.834825,0.130865,1.03431,0,1,0.060888,5.939112,47,0,0,47,2.181271,0.553047,49.732688,0.05885,2.208462,2.186258,0.381644
518,961,norman,AvocaDOS,1674,1751,24,0,0,8.4e-05,0.000833,28.863767,0.131649,0.004585,0,0,0.45566,4.54434,2,21,1,24,2.239936,0.390967,3.931829,1.05885,24.009321,2.246117,0.385118
518,962,norman,AvocaDEV,1674,1700,5,0,0,8.4e-05,0.057896,9.585994,0.12413,0.289876,0,0,0.007207,4.992793,1,4,0,5,2.182038,0.462653,3.286036,0.05885,6.655114,2.219389,0.406046
518,966,norman,ArgoBot,1674,1909,10,0,0,8.4e-05,8.5e-05,14.867409,0.131747,0.000844,0,0,2.475285,2.524715,0,10,0,10,2.401403,0.205418,1.015002,0.05885,13.926148,2.394856,0.393932
518,970,norman,TheLAW,1674,1576,38,0,11,8.4e-05,0.05452,42.602431,0.124575,11.272994,0,11,0.007652,15.992348,34,4,0,38,2.223542,0.637408,37.14953,0.05885,5.79162,2.228126,0.382523
518,971,norman,Nothing,1674,1570,47,0,0,8.4e-05,0.00831,51.82737,0.130663,0.041966,0,0,0.049779,4.950221,47,0,0,47,2.24321,0.645352,50.188783,0.05885,1.752367,2.246358,0.381644
518,977,norman,Siriusly,1674,1392,3,1,0,8.4e-05,0.001619,7.859944,1.131545,0.008511,0,0,0.245443,4.754557,2,1,0,3,2.287206,0.835253,6.12711,0.05885,1.81404,2.307323,0.418169
518,981,norman,KoB,1674,1499,25,0,0,8.4e-05,0.001616,29.859956,0.131545,0.008499,0,0,0.245801,4.754199,21,4,0,25,2.37332,0.732507,24.619428,0.05885,5.321722,2.372014,0.384842
518,998,norman,LordSuperKing,1674,1656,20,0,0,8.4e-05,0.000132,24.867181,0.131741,0.001078,0,0,1.937269,3.062731,15,5,0,20,2.427548,0.525881,17.598457,0.05885,7.342693,2.422302,0.386474
518,1007,norman,SharkGull,1674,1605,15,0,0,8.4e-05,0.000223,19.866739,0.131729,0.001532,0,0,1.363636,3.636364,6,9,0,15,2.224372,0.598014,8.954876,0.05885,10.986274,2.235298,0.389085
518,1008,norman,Creepy_canon,1674,1587,0,0,0,8.4e-05,0.074065,4.507287,0.122,0.370714,0,0,0.005635,4.994365,0,0,0,0,,0.62265,3.076608,0.05885,1.864542,2.349308,0.491916
518,1023,norman,MY_SCRIPTING_SON,1674,1275,1,0,1,8.4e-05,0.333918,4.24237,0.087762,2.669868,0,1,0.001251,5.998749,1,0,0,1,2.243896,0.908614,5.489598,0.05885,0.451552,2.306062,0.448612
518,1026,norman,WildLupo,1674,1199,0,0,0,8.4e-05,0.018371,4.778396,0.129338,0.092266,0,0,0.022642,4.977358,0,0,0,0,,0.939022,4.639847,0.05885,0.301303,2.349308,0.491916
518,1029,norman,Chomppet,1674,1600,0,0,0,8.4e-05,0.022196,4.759778,0.128834,0.111389,0,0,0.018755,4.981245,0,0,0,0,,0.604913,2.988965,0.05885,1.952185,2.349308,0.491916
518,1030,norman,who,1674,1924,10,0,0,8.4e-05,8.3e-05,14.867419,0.131747,0.000834,0,0,2.504697,2.495303,0,10,0,10,1.988563,0.191682,0.947131,0.05885,13.994019,2.033902,0.393932
518,1032,norman,WaterLeak,1674,1607,33,1,0,8.4e-05,8.4e-05,37.867414,1.131747,0.000839,0,0,2.489603,2.510397,31,2,0,33,2.330737,0.595243,33.941185,0.05885,3.999965,2.331512,0.38321
518,1038,norman,PolyMorph,1674,1463,7,0,0,8.4e-05,0.001586,11.860103,0.131549,0.008347,0,0,0.25027,4.74973,7,0,0,7,2.445001,0.771114,10.810191,0.05885,1.130959,2.428698,0.399523
518,1042,norman,Creepy_duo_canon,1674,1386,3,0,0,8.4e-05,0.104041,7.361369,0.11805,0.520581,0,0,0.004013,4.995987,3,0,0,3,2.135489,0.839951,7.150322,0.05885,0.790828,2.204753,0.418169
518,1044,norman,DoopyBot,1674,1418,12,3,1,8.4e-05,0.009666,16.820773,3.130485,1.048742,0,1,0.04286,5.95714,6,6,0,12,2.667862,0.813612,10.02018,0.05885,6.92097,2.633784,0.391568
518,1045,norman,tito,1674,1801,21,0,0,8.4e-05,0.000837,25.863751,0.131648,0.0046,0,0,0.454107,4.545893,2,19,0,21,2.432575,0.32496,3.605675,0.05885,22.335475,2.42724,0.38609
518,1049,norman,TheCatSC2Bot,1674,970,0,0,0,8.4e-05,0.003084,4.852811,0.131352,0.015837,0,0,0.131914,4.868086,0,0,0,0,,0.982919,4.856749,0.05885,0.084401,2.349308,0.491916
518,1050,norman,onlyfans,1674,1517,23,0,0,8.4e-05,8.7e-05,27.867402,0.131747,0.000851,0,0,2.454964,2.545036,23,0,0,23,2.092264,0.711723,26.516728,0.05885,1.424422,2.107384,0.385416
518,1052,norman,Starlight,1674,1204,0,0,0,8.4e-05,9.3e-05,4.867372,0.131746,0.000882,0,0,2.368212,2.631788,0,0,0,0,,0.937353,4.6316,0.05885,0.30955,2.349308,0.491916
518,1054,norman,JimmyBotZ,1674,1724,34,1,0,8.4e-05,0.005286,38.842091,1.131062,0.026847,0,0,0.077813,4.922187,20,14,0,34,2.457805,0.428537,22.117465,0.05885,16.823685,2.453404,0.383057
518,1056,norman,bilisaur,1674,1600,0,0,0,8.4e-05,0.022196,4.759778,0.128834,0.111389,0,0,0.018755,4.981245,0,0,0,0,,0.604913,2.988965,0.05885,1.952185,2.349308,0.491916
518,1057,norman,DoopyBot-Test,1674,1238,1,1,0,8.4e-05,0.023755,5.75219,1.128628,0.119181,0,0,0.017528,4.982472,0,1,0,1,2.451867,0.924827,4.56971,0.05885,1.37144,2.391384,0.448612
518,1058,norman,JimmyBotP,1674,1711,16,0,0,8.4e-05,0.005341,20.841827,0.131055,0.027119,0,0,0.077034,4.922966,15,0,1,16,2.308012,0.446953,17.208462,1.05885,2.732688,2.311416,0.388445
518,1059,norman,NextProBot,1674,1600,0,0,0,8.4e-05,0.022196,4.759778,0.128834,0.111389,0,0,0.018755,4.981245,0,0,0,0,,0.604913,2.988965,0.05885,1.952185,2.349308,0.491916
518,1060,norman,WildFire,1674,1709,15,1,0,8.4e-05,0.00012,19.867238,1.131743,0.00102,0,0,2.048889,2.951111,11,4,0,15,2.383112,0.449801,13.222532,0.05885,6.718618,2.380156,0.389085
518,1065,norman,MindMatrix,1674,1514,5,0,1,8.4e-05,0.010709,9.815693,0.130347,1.05396,0,1,0.038715,5.961285,5,0,0,5,2.324467,0.715253,8.534171,0.05885,1.406979,2.330014,0.406046
518,1066,norman,CompetitiveBotTest,1674,1482,0,0,0,8.4e-05,0.003699,4.849816,0.131271,0.018913,0,0,0.110457,4.889543,0,0,0,0,,0.751241,3.711993,0.05885,1.229157,2.349308,0.491916
518,1067,norman,Hello_world,1674,1600,0,0,0,8.4e-05,0.022196,4.759778,0.128834,0.111389,0,0,0.018755,4.981245,0,0,0,0,,0.604913,2.988965,0.05885,1.952185,2.349308,0.491916
518,1078,norman,LoremIpsum,1674,1242,0,0,0,8.4e-05,0.000201,4.866847,0.131732,0.001421,0,0,1.469963,3.530037,0,0,0,0,,0.923211,4.561722,0.05885,0.379428,2.349308,0.491916
518,1079,norman,JimmyBotT,1674,1675,16,0,0,8.4e-05,0.000205,20.866827,0.131731,0.001442,0,0,1.449198,3.550802,12,4,0,16,2.570856,0.498561,14.463464,0.05885,6.477686,2.552593,0.388445
518,1080,norman,JimmyBot,1674,1675,13,3,0,8.4e-05,0.003888,17.8489,3.131246,0.019854,0,0,0.105219,4.894781,13,0,0,13,2.35876,0.498561,15.463464,0.05885,2.477686,2.357819,0.390628
518,1081,norman,ArtZerg,1674,1537,17,0,0,8.4e-05,0.000199,21.866854,0.131732,0.001414,0,0,1.477454,3.522546,16,1,0,17,2.236638,0.687538,19.39723,0.05885,2.54392,2.245422,0.387873
518,1082,norman,Dasyatis,1674,1573,4,0,1,8.4e-05,0.048918,8.629699,0.125313,1.244988,0,1,0.008527,5.991473,4,0,0,4,2.011713,0.64139,7.169205,0.05885,1.771945,2.100961,0.411036
518,1084,norman,ZippyZap,1674,1457,0,0,0,8.4e-05,0.84229,0.767706,0.02078,4.211514,0,0,0.000496,4.999504,0,0,0,0,,0.777153,3.84003,0.05885,1.10112,2.349308,0.491916
518,1085,norman,AgoraLord,1674,1430,0,0,0,8.4e-05,0.000933,4.863284,0.131635,0.00508,0,0,0.411196,4.588804,0,0,0,0,,0.802909,3.967295,0.05885,0.973855,2.349308,0.491916
518,1086,norman,CherBoiBlue,1674,1500,0,0,0,8.4e-05,0.222218,3.786105,0.102479,1.111416,0,0,0.00188,4.99812,0,0,0,0,,0.731378,3.613848,0.05885,1.327302,2.349308,0.491916
518,1087,norman,SwarmLord2,1674,1533,0,0,0,8.4e-05,0.003699,4.849816,0.131271,0.018913,0,0,0.110457,4.889543,0,0,0,0,,0.692463,3.421565,0.05885,1.519585,2.349308,0.491916
518,1088,norman,SwarmLord3,1674,1562,0,0,0,8.4e-05,0.003468,4.850942,0.131301,0.017757,0,0,0.117647,4.882353,0,0,0,0,,0.655821,3.240507,0.05885,1.700643,2.349308,0.491916
518,1089,norman,WorkingAsIntended,1674,1596,1,0,0,8.4e-05,0.041392,5.666336,0.126305,0.207359,0,0,0.010075,4.989925,0,1,0,1,2.618125,0.610402,3.01609,0.05885,2.92506,2.459594,0.448612
526,605,Apidae,nida,1635,1693,35,0,0,0.004795,8.4e-05,39.844484,0.131127,0.024389,0,0,4.914152,0.085848,19,16,0,35,2.522384,0.417298,21.061933,0.05885,18.879217,2.515556,0.382913
526,637,Apidae,72Tortoises,1635,1697,31,0,0,0.004795,0.000103,35.844393,0.131124,0.024483,0,0,4.895276,0.104724,21,10,0,31,2.311821,0.41171,23.034321,0.05885,12.906829,2.313482,0.383543
526,699,Apidae,Clicadinha,1635,1635,35,0,0,0.004795,0.00084,39.840818,0.131027,0.028154,0,0,4.254312,0.745688,9,26,0,35,2.273574,0.5,11.470575,0.05885,28.470575,2.276562,0.382913
526,708,Apidae,Princess-Mika,1635,1521,8,0,0,0.004795,0.02954,12.701772,0.127264,0.170965,0,0,0.698209,4.301791,8,0,0,8,2.209256,0.658415,11.253325,0.05885,1.687825,2.230588,0.397274
526,709,Apidae,Laser-Circus,1635,1211,0,0,0,0.004795,0.290524,3.437334,0.093039,1.469627,0,0,0.081176,4.918824,0,0,0,0,,0.919882,4.545273,0.05885,0.395877,2.349308,0.491916
526,718,Apidae,Mulebot,1635,1689,25,0,1,0.004795,0.004543,29.822877,0.130542,1.046581,0,1,2.567215,3.432785,4,21,0,25,2.190848,0.422908,6.08965,0.05885,23.8515,2.199463,0.384842
526,720,Apidae,PiG_Bot,1635,1627,23,0,0,0.004795,0.000165,27.844088,0.131116,0.024796,0,0,4.833269,0.166731,20,3,0,23,2.164857,0.511511,22.527452,0.05885,5.413698,2.175707,0.385416
526,721,Apidae,49Terrapins,1635,1430,7,0,0,0.004795,0.000102,11.844396,0.131124,0.024479,0,0,4.896028,0.103972,7,0,0,7,2.189066,0.764961,10.779788,0.05885,1.161362,2.216366,0.399523
526,729,Apidae,Alexa,1635,1367,1,0,0,0.004795,0.023955,5.72883,0.127996,0.143174,0,0,0.833846,4.166154,1,0,0,1,2.150599,0.823862,5.070823,0.05885,0.870327,2.267785,0.448612
526,730,Apidae,Deimos,1635,2155,8,0,0,0.004795,0.005359,12.818927,0.130435,0.050638,0,0,2.361091,2.638909,0,8,0,8,2.376454,0.047727,0.235825,0.05885,12.705325,2.372319,0.397274
526,732,Apidae,GPT,1635,1830,8,0,0,0.004795,8.3e-05,12.844486,0.131127,0.024388,0,0,4.914532,0.085468,1,7,0,8,2.151011,0.245546,2.213279,0.05885,10.727871,2.181214,0.397274
526,759,Apidae,BotTato,1635,1710,16,0,0,0.004795,0.006225,20.814731,0.130321,0.054948,0,0,2.175502,2.824498,9,7,0,16,2.588127,0.393712,10.945391,0.05885,9.995759,2.56844,0.388445
526,779,Apidae,oberon,1635,1472,1,0,0,0.004795,8.5e-05,5.844476,0.131126,0.024398,0,0,4.912464,0.087536,1,0,0,1,2.166765,0.718757,4.551485,0.05885,1.389665,2.274418,0.448612
526,797,Apidae,WickedBot,1635,1707,11,0,0,0.004795,0.043299,15.635112,0.12546,0.239428,0,0,0.498463,4.501537,0,11,0,11,2.562793,0.397842,1.965797,0.05885,13.975353,2.538119,0.392657
526,809,Apidae,PrimordialOrigin,1635,1258,1,0,0,0.004795,0.136344,5.184316,0.113258,0.702426,0,0,0.169852,4.830148,1,0,0,1,2.242835,0.89754,5.43488,0.05885,0.50627,2.305626,0.448612
526,813,Apidae,MewCombatMicro,1635,1511,0,0,0,0.004795,0.004268,4.824209,0.130578,0.045213,0,0,2.645117,2.354883,0,0,0,0,,0.671241,3.3167,0.05885,1.62445,2.349308,0.491916
526,827,Apidae,smokinggunbot,1635,1579,34,0,0,0.004795,8.2e-05,38.84449,0.131127,0.024383,0,0,4.915469,0.084531,17,17,0,34,2.661339,0.5799,19.865372,0.05885,19.075778,2.648682,0.383057
526,832,Apidae,muravev,1635,1632,35,0,0,0.004795,0.001014,39.839979,0.131005,0.029017,0,0,4.127383,0.872617,34,1,0,35,2.204341,0.504317,36.491907,0.05885,3.449243,2.21006,0.382913
526,836,Apidae,muravevTerran,1635,1477,2,0,0,0.004795,0.000366,6.843115,0.13109,0.025795,0,0,4.645142,0.354858,2,0,0,2,2.308757,0.712902,5.522556,0.05885,1.418594,2.325714,0.429209
526,858,Apidae,Crawler,1635,1562,24,0,0,0.004795,0.00261,28.832245,0.130795,0.03696,0,0,3.237619,1.762381,24,0,0,24,2.1911,0.603536,26.982163,0.05885,1.958987,2.20004,0.385118
526,876,Apidae,GenesisLotus,1635,1411,3,0,0,0.004795,0.009792,7.79745,0.129854,0.072696,0,0,1.643524,3.356476,2,1,0,3,2.268933,0.784054,5.874127,0.05885,2.067023,2.29497,0.418169
526,901,Apidae,clone,1635,1667,27,0,0,0.004795,0.006192,31.814892,0.130326,0.054782,0,0,2.182088,2.817912,7,20,0,27,2.168643,0.454078,9.243668,0.05885,22.697482,2.177775,0.384349
526,930,Apidae,SiriusBot,1635,1519,17,0,0,0.004795,8.3e-05,21.844489,0.131127,0.024384,0,0,4.915221,0.084779,16,1,0,17,2.34228,0.660999,19.266096,0.05885,2.675054,2.342828,0.387873
526,939,Apidae,RustyNikolaj,1635,1539,11,0,0,0.004795,0.000102,15.844394,0.131124,0.024482,0,0,4.895559,0.104441,9,2,0,11,2.663982,0.634743,12.136362,0.05885,3.804788,2.627613,0.392657
526,940,Apidae,Princess-Mika-Test,1635,1524,12,1,0,0.004795,0.032493,16.687465,1.126877,0.185659,0,0,0.642914,4.357086,12,0,0,12,2.319794,0.65452,15.234081,0.05885,1.707069,2.322952,0.391568
526,943,Apidae,puck,1635,1529,7,0,0,0.004795,8.3e-05,11.844485,0.131127,0.024388,0,0,4.914469,0.085531,7,0,0,7,1.982062,0.647983,10.201781,0.05885,1.739369,2.044628,0.399523
526,948,Apidae,titania,1635,1185,1,0,0,0.004795,0.000157,5.844127,0.131117,0.024756,0,0,4.841054,0.158946,1,0,0,1,2.231089,0.930242,5.596464,0.05885,0.344686,2.300807,0.448612
526,953,Apidae,ZeratulsRevengeTest,1635,1702,8,0,0,0.004795,0.000163,12.844101,0.131116,0.024782,0,0,4.83587,0.16413,0,8,0,8,1.539527,0.404757,1.999965,0.05885,10.941185,1.662869,0.397274
526,959,Apidae,ur_moms_a_ho,1635,1600,0,0,0,0.004795,0.022196,4.737353,0.128227,0.134421,0,0,0.888189,4.111811,0,0,0,0,,0.550199,2.718618,0.05885,2.222532,2.349308,0.491916
526,960,Apidae,BigDaddy,1635,1637,33,0,0,0.004795,0.006779,37.812046,0.130249,0.057705,0,0,2.071336,2.928664,21,12,0,33,2.328641,0.497122,23.456353,0.05885,14.484797,2.329503,0.38321
526,961,Apidae,AvocaDOS,1635,1751,6,0,0,0.004795,0.000833,10.840852,0.131028,0.02812,0,0,4.259554,0.740446,3,3,0,6,2.44221,0.339001,4.675054,0.05885,6.266096,2.424254,0.402359
526,962,Apidae,AvocaDEV,1635,1700,6,0,0,0.004795,0.057896,10.564388,0.123545,0.312067,0,0,0.382395,4.617605,1,5,0,6,2.340043,0.407534,3.013685,0.05885,7.927465,2.341834,0.402359
526,966,Apidae,ArgoBot,1635,1909,8,0,0,0.004795,8.5e-05,12.844477,0.131126,0.024397,0,0,4.912662,0.087338,0,8,0,8,1.996084,0.171182,0.845838,0.05885,12.095312,2.049885,0.397274
526,970,Apidae,TheLAW,1635,1576,34,0,1,0.004795,0.05452,38.580748,0.123988,1.295264,0,1,0.404164,5.595836,21,13,0,34,2.34782,0.584101,23.88613,0.05885,15.05502,2.34788,0.383057
526,971,Apidae,Nothing,1635,1570,34,0,0,0.004795,0.00831,38.804627,0.130048,0.065325,0,0,1.82929,3.17071,26,8,0,34,2.347763,0.592466,28.927465,0.05885,10.013685,2.347825,0.383057
526,977,Apidae,Siriusly,1635,1392,1,0,0,0.004795,0.001619,5.837047,0.130925,0.032028,0,0,3.737914,1.262086,1,0,0,1,2.761907,0.801997,4.962786,0.05885,0.978364,2.518582,0.448612
526,981,Apidae,KoB,1635,1499,12,0,0,0.004795,0.001616,16.837059,0.130926,0.032016,0,0,3.73936,1.26064,9,3,0,12,2.213901,0.6863,12.391113,0.05885,4.550037,2.228386,0.391568
526,998,Apidae,LordSuperKing,1635,1656,21,0,0,0.004795,0.000132,25.84425,0.13112,0.02463,0,0,4.865914,0.134086,3,18,0,21,2.611206,0.469815,5.321428,0.05885,20.619722,2.594427,0.38609
526,1007,Apidae,SharkGull,1635,1605,17,0,0,0.004795,0.000223,21.84381,0.131108,0.025082,0,0,4.777921,0.222079,3,14,0,17,2.185961,0.543066,5.683373,0.05885,16.257777,2.198697,0.387873
526,1008,Apidae,Creepy_canon,1635,1587,0,0,0,0.004795,0.074065,4.486051,0.121425,0.392524,0,0,0.303991,4.696009,0,0,0,0,,0.568641,2.809742,0.05885,2.131408,2.349308,0.491916
526,1023,Apidae,MY_SCRIPTING_SON,1635,1275,1,0,0,0.004795,0.333918,4.227094,0.087348,1.685558,0,0,0.070776,4.929224,1,0,0,1,2.104134,0.888184,5.388652,0.05885,0.552498,2.248722,0.448612
526,1026,Apidae,WildLupo,1635,1199,0,0,1,0.004795,0.018371,4.755883,0.128728,1.115388,0,1,1.034834,4.965166,0,0,0,0,,0.924827,4.56971,0.05885,0.37144,2.349308,0.491916
526,1029,Apidae,Chomppet,1635,1600,0,0,0,0.004795,0.022196,4.737353,0.128227,0.134421,0,0,0.888189,4.111811,0,0,0,0,,0.550199,2.718618,0.05885,2.222532,2.349308,0.491916
526,1030,Apidae,who,1635,1924,8,0,0,0.004795,8.3e-05,12.844486,0.131127,0.024387,0,0,4.914658,0.085342,4,4,0,8,1.85193,0.159277,4.787011,0.05885,8.154139,1.927688,0.397274
526,1032,Apidae,WaterLeak,1635,1607,28,0,0,0.004795,8.4e-05,32.844481,0.131127,0.024392,0,0,4.913639,0.086361,28,0,0,28,2.151644,0.540208,30.66925,0.05885,2.2719,2.161296,0.384127
526,1038,Apidae,PolyMorph,1635,1463,2,0,0,0.004795,0.001586,6.837206,0.13093,0.031865,0,0,3.757152,1.242848,2,0,0,2,2.079132,0.72911,5.602642,0.05885,1.338508,2.192113,0.429209
526,1042,Apidae,Creepy_duo_canon,1635,1386,1,1,0,0.004795,0.104041,5.340821,1.117494,0.541685,0,0,0.220265,4.779735,1,0,0,1,2.637628,0.807424,4.989604,0.05885,0.951546,2.467595,0.448612
526,1044,Apidae,DoopyBot,1635,1418,10,0,0,0.004795,0.009666,14.798061,0.12987,0.072069,0,0,1.657849,3.342151,10,0,0,10,2.256625,0.777153,13.84003,0.05885,1.10112,2.268274,0.393932
526,1045,Apidae,tito,1635,1801,14,0,0,0.004795,0.000837,18.840837,0.131028,0.028136,0,0,4.257181,0.742819,7,7,0,14,2.218661,0.277765,8.372481,0.05885,10.568669,2.230826,0.389807
526,1049,Apidae,TheCatSC2Bot,1635,970,1,0,0,0.004795,0.003084,5.829948,0.130733,0.039319,0,0,3.042782,1.957218,1,0,0,1,2.284421,0.978711,5.835958,0.05885,0.105192,2.322687,0.448612
526,1050,Apidae,onlyfans,1635,1517,19,0,0,0.004795,8.7e-05,23.84447,0.131126,0.024404,0,0,4.911256,0.088744,19,0,0,19,2.253901,0.663574,22.278819,0.05885,1.662331,2.260612,0.386896
526,1052,Apidae,Starlight,1635,1204,1,0,0,0.004795,9.3e-05,5.84444,0.131125,0.024435,0,0,4.90499,0.09501,1,0,0,1,2.507972,0.922802,5.559701,0.05885,0.381449,2.414402,0.448612
526,1054,Apidae,JimmyBotZ,1635,1724,30,0,0,0.004795,0.005286,34.819278,0.130444,0.050278,0,0,2.378042,2.621958,16,14,0,30,1.957558,0.374649,17.851195,0.05885,17.089955,1.975471,0.383725
526,1056,Apidae,bilisaur,1635,1600,0,0,0,0.004795,0.022196,4.737353,0.128227,0.134421,0,0,0.888189,4.111811,0,0,0,0,,0.550199,2.718618,0.05885,2.222532,2.349308,0.491916
526,1057,Apidae,DoopyBot-Test,1635,1238,4,0,0,0.004795,0.023755,8.729801,0.128022,0.142177,0,0,0.839698,4.160302,4,0,0,4,2.276276,0.907654,8.484852,0.05885,0.456298,2.295583,0.411036
526,1058,Apidae,JimmyBotP,1635,1711,19,0,0,0.004795,0.005341,23.819015,0.130437,0.050548,0,0,2.365299,2.634701,8,11,0,19,2.238823,0.392339,9.938606,0.05885,14.002544,2.246594,0.386896
526,1059,Apidae,NextProBot,1635,1600,0,0,0,0.004795,0.022196,4.737353,0.128227,0.134421,0,0,0.888189,4.111811,0,0,0,0,,0.550199,2.718618,0.05885,2.222532,2.349308,0.491916
526,1060,Apidae,WildFire,1635,1709,16,0,0,0.004795,0.00012,20.844307,0.131122,0.024572,0,0,4.877547,0.122453,15,1,0,16,2.241422,0.395087,16.952185,0.05885,3.988965,2.250315,0.388445
526,1065,Apidae,MindMatrix,1635,1514,5,0,0,0.004795,0.010709,9.793004,0.129733,0.077263,0,0,1.546242,3.453758,5,0,0,5,2.290811,0.667418,8.297815,0.05885,1.643335,2.303873,0.406046
526,1066,Apidae,CompetitiveBotTest,1635,1482,0,0,0,0.004795,0.003699,4.826967,0.130652,0.042381,0,0,2.822352,2.177648,0,0,0,0,,0.706975,3.493271,0.05885,1.447879,2.349308,0.491916
526,1067,Apidae,Hello_world,1635,1600,0,0,0,0.004795,0.022196,4.737353,0.128227,0.134421,0,0,0.888189,4.111811,0,0,0,0,,0.550199,2.718618,0.05885,2.222532,2.349308,0.491916
526,1078,Apidae,LoremIpsum,1635,1242,0,0,0,0.004795,0.000201,4.843917,0.131111,0.024971,0,0,4.799121,0.200879,0,0,0,0,,0.905705,4.475226,0.05885,0.465924,2.349308,0.491916
526,1079,Apidae,JimmyBotT,1635,1675,13,0,5,0.004795,0.000205,17.843898,0.131111,5.024992,5,0,9.795211,0.204789,11,1,1,13,2.498556,0.442688,13.18739,1.05885,3.75376,2.483696,0.390628
526,1080,Apidae,JimmyBot,1635,1675,19,0,0,0.004795,0.003888,23.826055,0.130628,0.043318,0,0,2.761143,2.238857,9,9,1,19,2.225716,0.442688,11.18739,1.05885,11.75376,2.234409,0.386896
526,1081,Apidae,ArtZerg,1635,1537,18,0,0,0.004795,0.000199,22.843924,0.131111,0.024964,0,0,4.800506,0.199494,18,0,0,18,2.137249,0.637408,21.14953,0.05885,1.79162,2.152931,0.38736
526,1082,Apidae,Dasyatis,1635,1573,7,0,0,0.004795,0.048918,11.607887,0.124723,0.26739,0,0,0.446314,4.553686,5,2,0,7,2.385492,0.58829,7.906829,0.05885,4.034321,2.379327,0.399523
526,1084,Apidae,ZippyZap,1635,1457,0,0,0,0.004795,0.84229,0.764089,0.020682,4.215229,0,0,0.0283,4.9717,0,0,0,0,,0.735877,3.636081,0.05885,1.305069,2.349308,0.491916
526,1085,Apidae,AgoraLord,1635,1430,1,0,0,0.004795,0.000933,5.840371,0.131015,0.028613,0,0,4.185803,0.814197,1,0,0,1,2.098018,0.764961,4.779788,0.05885,1.161362,2.246213,0.448612
526,1086,Apidae,CherBoiBlue,1635,1500,0,0,0,0.004795,0.222218,3.768267,0.101996,1.129736,0,0,0.105601,4.894399,0,0,0,0,,0.68506,3.384982,0.05885,1.556168,2.349308,0.491916
526,1087,Apidae,SwarmLord2,1635,1533,0,0,0,0.004795,0.003699,4.826967,0.130652,0.042381,0,0,2.822352,2.177648,0,0,0,0,,0.642713,3.175742,0.05885,1.765408,2.349308,0.491916
526,1088,Apidae,SwarmLord3,1635,1562,0,0,0,0.004795,0.003468,4.828087,0.130683,0.04123,0,0,2.901328,2.098672,0,0,0,0,,0.603536,2.982163,0.05885,1.958987,2.349308,0.491916
526,1089,Apidae,WorkingAsIntended,1635,1596,1,0,0,0.004795,0.041392,5.644351,0.12571,0.229939,0,0,0.519044,4.480956,1,0,0,1,2.09679,0.555891,3.746741,0.05885,2.194409,2.24571,0.448612
605,637,nida,72Tortoises,1693,1697,35,0,0,8.4e-05,0.000103,39.867324,0.131745,0.000932,0,0,2.247611,2.752389,3,32,0,35,2.588164,0.494244,5.442133,0.05885,34.499017,2.578741,0.382913
605,699,nida,Clicadinha,1693,1635,49,3,0,8.4e-05,0.00084,53.863732,3.131648,0.00462,0,0,0.453172,4.546828,9,38,2,49,2.342109,0.582702,11.879217,2.05885,40.061933,2.342314,0.38149
605,708,nida,Princess-Mika,1693,1521,14,0,1,8.4e-05,0.02954,18.724027,0.127866,1.148106,0,1,0.014137,5.985863,14,0,0,14,2.19701,0.72911,17.602642,0.05885,1.338508,2.211191,0.389807
605,709,nida,Laser-Circus,1693,1211,1,0,1,8.4e-05,0.290524,4.453605,0.093479,2.452916,0,1,0.001441,5.998559,1,0,0,1,2.165619,0.941289,5.651048,0.05885,0.290102,2.273947,0.448612
605,718,nida,Mulebot,1693,1689,41,0,1,8.4e-05,0.004543,45.845706,0.13116,1.023134,0,1,0.090506,5.909494,14,27,0,41,2.564076,0.505756,16.499017,0.05885,29.442133,2.556802,0.382189
605,720,nida,PiG_Bot,1693,1627,23,0,0,8.4e-05,0.000165,27.867018,0.131737,0.001246,0,0,1.680862,3.319138,13,10,0,23,2.6804,0.593855,15.934329,0.05885,12.006821,2.660925,0.385416
605,721,nida,49Terrapins,1693,1430,10,0,0,8.4e-05,0.000102,14.867327,0.131745,0.000928,0,0,2.256729,2.743271,6,4,0,10,2.418278,0.819646,10.049993,0.05885,4.891157,2.40961,0.393932
605,729,nida,Alexa,1693,1367,0,0,0,8.4e-05,0.023955,4.751214,0.128602,0.120184,0,0,0.017422,4.982578,0,0,0,0,,0.867221,4.285069,0.05885,0.656081,2.349308,0.491916
605,730,nida,Deimos,1693,2155,7,0,0,8.4e-05,0.005359,11.841738,0.131052,0.02721,0,0,0.076949,4.923051,0,7,0,7,2.584303,0.065407,0.323185,0.05885,11.617965,2.544268,0.399523
605,732,nida,GPT,1693,1830,9,0,0,8.4e-05,8.3e-05,13.867417,0.131747,0.000836,0,0,2.505648,2.494352,0,9,0,9,2.238517,0.312462,1.54392,0.05885,12.39723,2.253775,0.395447
605,759,nida,BotTato,1693,1710,23,0,0,8.4e-05,0.006225,27.837521,0.130938,0.03154,0,0,0.066384,4.933616,3,20,0,23,2.544563,0.475555,5.349786,0.05885,22.591364,2.533078,0.385416
605,779,nida,oberon,1693,1472,2,0,0,8.4e-05,8.5e-05,6.867407,0.131747,0.000846,0,0,2.475229,2.524771,2,0,0,2,2.202543,0.781115,5.859608,0.05885,1.081542,2.263917,0.429209
605,797,nida,WickedBot,1693,1707,26,0,1,8.4e-05,0.043299,30.657052,0.126053,1.216894,0,1,0.009653,5.990347,1,25,0,26,2.389543,0.479863,3.371076,0.05885,27.570074,2.387435,0.384586
605,809,nida,PrimordialOrigin,1693,1258,3,0,0,8.4e-05,0.136344,7.204122,0.113794,0.682084,0,0,0.00307,4.99693,3,0,0,3,2.089002,0.924426,7.567728,0.05885,0.373422,2.173325,0.418169
605,813,nida,MewCombatMicro,1693,1511,0,0,0,8.4e-05,0.004268,4.847045,0.131196,0.021759,0,0,0.096225,4.903775,0,0,0,0,,0.740328,3.658074,0.05885,1.283076,2.349308,0.491916
605,827,nida,smokinggunbot,1693,1579,46,3,0,8.4e-05,8.2e-05,50.867422,3.131747,0.000831,0,0,2.519656,2.480344,44,0,2,46,2.56526,0.658415,47.253325,2.05885,1.687825,2.558717,0.381725
605,832,nida,muravev,1693,1632,42,0,0,8.4e-05,0.001014,46.862889,0.131625,0.005487,0,0,0.381613,4.618387,29,12,1,42,2.798526,0.586895,31.899936,1.05885,14.041214,2.78366,0.382088
605,836,nida,muravevTerran,1693,1477,2,0,0,8.4e-05,0.000366,6.86604,0.13171,0.00225,0,0,0.93059,4.06941,2,0,0,2,2.758427,0.776155,5.835096,0.05885,1.106054,2.587343,0.429209
605,858,nida,Crawler,1693,1562,35,0,0,8.4e-05,0.00261,39.855118,0.131414,0.013467,0,0,0.155474,4.844526,31,4,0,35,2.460515,0.680071,34.360331,0.05885,5.580819,2.456128,0.382913
605,876,nida,GenesisLotus,1693,1411,5,0,0,8.4e-05,0.009792,9.820159,0.130468,0.049373,0,0,0.042408,4.957592,5,0,0,5,2.019255,0.835253,9.12711,0.05885,0.81404,2.092955,0.406046
605,901,nida,clone,1693,1667,35,0,0,8.4e-05,0.006192,39.837683,0.130943,0.031374,0,0,0.066736,4.933264,11,24,0,35,2.406845,0.537347,13.655114,0.05885,26.286036,2.404575,0.382913
605,930,nida,SiriusBot,1693,1519,27,0,0,8.4e-05,8.3e-05,31.86742,0.131747,0.000832,0,0,2.515936,2.484064,24,3,0,27,2.37784,0.731378,27.613848,0.05885,4.327302,2.376398,0.384349
605,939,nida,RustyNikolaj,1693,1539,16,0,0,8.4e-05,0.000102,20.867325,0.131745,0.00093,0,0,2.251037,2.748963,15,1,0,16,2.530098,0.708166,18.499156,0.05885,2.441994,2.515194,0.388445
605,940,nida,Princess-Mika-Test,1693,1524,15,0,1,8.4e-05,0.032493,19.709653,0.127477,1.16287,0,1,0.012856,5.987144,15,0,0,15,2.305315,0.725686,18.585722,0.05885,1.355428,2.309162,0.389085
605,943,nida,puck,1693,1529,10,0,0,8.4e-05,8.3e-05,14.867417,0.131747,0.000836,0,0,2.504708,2.495292,10,0,0,10,2.435767,0.719919,13.557228,0.05885,1.383922,2.4249,0.393932
605,948,nida,titania,1693,1185,1,1,0,8.4e-05,0.000157,5.867057,1.131738,0.001206,0,0,1.736453,3.263547,1,0,0,1,2.800933,0.949034,5.689319,0.05885,0.251831,2.534593,0.448612
605,953,nida,ZeratulsRevengeTest,1693,1702,8,0,0,8.4e-05,0.000163,12.867031,0.131737,0.001232,0,0,1.699053,3.300947,5,3,0,8,2.121105,0.487051,7.406591,0.05885,5.534559,2.155864,0.397274
605,959,nida,ur_moms_a_ho,1693,1600,0,0,0,8.4e-05,0.022196,4.759777,0.128834,0.111389,0,0,0.018797,4.981203,0,0,0,0,,0.63073,3.116533,0.05885,1.824617,2.349308,0.491916
605,960,nida,BigDaddy,1693,1637,52,0,0,8.4e-05,0.006779,56.834824,0.130865,0.034311,0,0,0.061024,4.938976,42,10,0,52,2.234878,0.5799,44.865372,0.05885,12.075778,2.237956,0.381282
605,961,nida,AvocaDOS,1693,1751,23,0,0,8.4e-05,0.000833,27.863766,0.131649,0.004586,0,0,0.456598,4.543402,1,22,0,23,2.228787,0.417298,3.061933,0.05885,24.879217,2.235877,0.385416
605,962,nida,AvocaDEV,1693,1700,7,0,1,8.4e-05,0.057896,11.585993,0.12413,1.289877,0,1,0.007223,5.992777,3,4,0,7,2.176562,0.489928,5.420806,0.05885,6.520344,2.205992,0.399523
605,966,nida,ArgoBot,1693,1909,6,0,0,8.4e-05,8.5e-05,10.867408,0.131747,0.000845,0,0,2.478112,2.521888,3,2,1,6,2.62847,0.223845,4.106054,1.05885,5.835096,2.574515,0.402359
605,970,nida,TheLAW,1693,1576,45,0,9,8.4e-05,0.05452,49.60243,0.124575,9.272995,0,9,0.00767,13.99233,16,29,0,45,2.388233,0.662288,19.272463,0.05885,30.668687,2.387028,0.38181
605,971,nida,Nothing,1693,1570,53,0,0,8.4e-05,0.00831,57.827369,0.130663,0.041967,0,0,0.049891,4.950109,46,7,0,53,2.59254,0.669969,49.310417,0.05885,8.630733,2.586117,0.381218
605,977,nida,Siriusly,1693,1392,4,0,0,8.4e-05,0.001619,8.859943,0.131545,0.008512,0,0,0.245971,4.754029,4,0,0,4,2.367278,0.849757,8.198776,0.05885,0.742374,2.362528,0.411036
605,981,nida,KoB,1693,1499,21,0,0,8.4e-05,0.001616,25.859955,0.131545,0.0085,0,0,0.24633,4.75367,13,8,0,21,2.498752,0.753386,16.722594,0.05885,9.218556,2.489177,0.38609
605,998,nida,LordSuperKing,1693,1656,23,0,0,8.4e-05,0.000132,27.86718,0.131741,0.001079,0,0,1.939954,3.060046,17,6,0,23,2.513104,0.553047,19.732688,0.05885,8.208462,2.50347,0.385416
605,1007,nida,SharkGull,1693,1605,15,0,0,8.4e-05,0.000223,19.866738,0.131729,0.001533,0,0,1.36588,3.63412,3,12,0,15,2.32476,0.624002,6.083286,0.05885,13.857864,2.326907,0.389085
605,1008,nida,Creepy_canon,1693,1587,0,0,0,8.4e-05,0.074065,4.507286,0.122,0.370714,0,0,0.005648,4.994352,0,0,0,0,,0.647983,3.201781,0.05885,1.739369,2.349308,0.491916
605,1023,nida,MY_SCRIPTING_SON,1693,1275,3,0,2,8.4e-05,0.333918,6.242369,0.087762,3.669869,0,2,0.001254,6.998746,1,2,0,3,2.279447,0.917299,5.532512,0.05885,2.408638,2.302078,0.418169
605,1026,nida,WildLupo,1693,1199,0,0,0,8.4e-05,0.018371,4.778395,0.129338,0.092267,0,0,0.022693,4.977307,0,0,0,0,,0.944992,4.669346,0.05885,0.271804,2.349308,0.491916
605,1029,nida,Chomppet,1693,1600,0,0,0,8.4e-05,0.022196,4.759777,0.128834,0.111389,0,0,0.018797,4.981203,0,0,0,0,,0.63073,3.116533,0.05885,1.824617,2.349308,0.491916
605,1030,nida,who,1693,1924,7,0,0,8.4e-05,8.3e-05,11.867418,0.131747,0.000835,0,0,2.507524,2.492476,0,7,0,7,1.709156,0.209202,1.033698,0.05885,10.907452,1.818217,0.399523
605,1032,nida,WaterLeak,1693,1607,33,0,0,8.4e-05,8.4e-05,37.867413,0.131747,0.00084,0,0,2.49243,2.50757,31,1,1,33,2.467765,0.621297,34.06992,1.05885,2.87123,2.46282,0.38321
605,1038,nida,PolyMorph,1693,1463,6,0,0,8.4e-05,0.001586,10.860102,0.131549,0.008348,0,0,0.250809,4.749191,5,0,1,6,2.796649,0.789844,8.902739,1.05885,1.038411,2.71019,0.402359
605,1042,nida,Creepy_duo_canon,1693,1386,3,0,0,8.4e-05,0.104041,7.361368,0.11805,0.520582,0,0,0.004022,4.995978,3,0,0,3,2.345341,0.854113,7.220302,0.05885,0.720848,2.346626,0.418169
605,1044,nida,DoopyBot,1693,1418,13,2,0,8.4e-05,0.009666,17.820773,2.130485,0.048743,0,0,0.042956,4.957044,4,9,0,13,2.664377,0.829633,8.09934,0.05885,9.84181,2.633007,0.390628
605,1045,nida,tito,1693,1801,14,0,0,8.4e-05,0.000837,18.863751,0.131648,0.004601,0,0,0.455041,4.544959,2,12,0,14,2.373298,0.349395,3.726415,0.05885,15.214735,2.371064,0.389807
605,1049,nida,TheCatSC2Bot,1693,970,3,0,0,8.4e-05,0.003084,7.85281,0.131352,0.015838,0,0,0.132204,4.867796,3,0,0,3,2.610156,0.984661,7.865359,0.05885,0.075791,2.525657,0.418169
605,1050,nida,onlyfans,1693,1517,25,0,0,8.4e-05,8.7e-05,29.867401,0.131747,0.000852,0,0,2.45779,2.54221,24,1,0,25,2.236712,0.733634,27.624994,0.05885,2.316156,2.242834,0.384842
605,1052,nida,Starlight,1693,1204,1,0,0,8.4e-05,9.3e-05,5.867371,0.131746,0.000883,0,0,2.371032,2.628968,0,1,0,1,2.290513,0.943476,4.661858,0.05885,1.279292,2.325186,0.448612
605,1054,nida,JimmyBotZ,1693,1724,36,0,0,8.4e-05,0.005286,40.84209,0.131062,0.026848,0,0,0.077986,4.922014,26,10,0,36,2.48708,0.455505,28.250721,0.05885,12.690429,2.48179,0.382776
605,1056,nida,bilisaur,1693,1600,0,0,0,8.4e-05,0.022196,4.759777,0.128834,0.111389,0,0,0.018797,4.981203,0,0,0,0,,0.63073,3.116533,0.05885,1.824617,2.349308,0.491916
605,1057,nida,DoopyBot-Test,1693,1238,4,0,0,8.4e-05,0.023755,8.752189,0.128628,0.119182,0,0,0.017568,4.982432,2,2,0,4,2.409643,0.932086,6.605579,0.05885,2.335571,2.393692,0.411036
605,1058,nida,JimmyBotP,1693,1711,17,0,0,8.4e-05,0.005341,21.841826,0.131055,0.02712,0,0,0.077206,4.922794,14,3,0,17,2.361207,0.474119,16.342693,0.05885,5.598457,2.36028,0.387873
605,1059,nida,NextProBot,1693,1600,0,0,0,8.4e-05,0.022196,4.759777,0.128834,0.111389,0,0,0.018797,4.981203,0,0,0,0,,0.63073,3.116533,0.05885,1.824617,2.349308,0.491916
605,1060,nida,WildFire,1693,1709,15,0,0,8.4e-05,0.00012,19.867237,0.131742,0.001021,0,0,2.051624,2.948376,14,1,0,15,2.576957,0.47699,16.356881,0.05885,3.584269,2.557049,0.389085
605,1065,nida,MindMatrix,1693,1514,6,0,0,8.4e-05,0.010709,10.815692,0.130347,0.053961,0,0,0.038802,4.961198,1,4,1,6,2.410996,0.736995,4.641602,1.05885,5.299548,2.399074,0.402359
605,1066,nida,CompetitiveBotTest,1693,1482,0,0,0,8.4e-05,0.003699,4.849815,0.131271,0.018914,0,0,0.110701,4.889299,0,0,0,0,,0.771114,3.810191,0.05885,1.130959,2.349308,0.491916
605,1067,nida,Hello_world,1693,1600,0,0,0,8.4e-05,0.022196,4.759777,0.128834,0.111389,0,0,0.018797,4.981203,0,0,0,0,,0.63073,3.116533,0.05885,1.824617,2.349308,0.491916
605,1078,nida,LoremIpsum,1693,1242,0,0,0,8.4e-05,0.000201,4.866846,0.131732,0.001422,0,0,1.472311,3.527689,0,0,0,0,,0.930614,4.598305,0.05885,0.342845,2.349308,0.491916
605,1079,nida,JimmyBotT,1693,1675,16,0,0,8.4e-05,0.000205,20.866826,0.131731,0.001443,0,0,1.451527,3.548473,11,5,0,16,2.332024,0.525881,13.598457,0.05885,7.342693,2.333449,0.388445
605,1080,nida,JimmyBot,1693,1675,16,0,0,8.4e-05,0.003888,20.848899,0.131246,0.019855,0,0,0.105453,4.894547,12,4,0,16,2.411378,0.525881,14.598457,0.05885,6.342693,2.406262,0.388445
605,1081,nida,ArtZerg,1693,1537,17,0,0,8.4e-05,0.000199,21.866853,0.131732,0.001415,0,0,1.479809,3.520191,17,0,0,17,2.501081,0.71054,20.510885,0.05885,1.430265,2.489248,0.387873
605,1082,nida,Dasyatis,1693,1573,6,0,0,8.4e-05,0.048918,10.629698,0.125313,0.244989,0,0,0.008546,4.991454,6,0,0,6,2.360363,0.666139,9.291495,0.05885,1.649655,2.358227,0.402359
605,1084,nida,ZippyZap,1693,1457,0,0,0,8.4e-05,0.84229,0.767706,0.02078,4.211514,0,0,0.000497,4.999503,0,0,0,0,,0.79552,3.930783,0.05885,1.010367,2.349308,0.491916
605,1085,nida,AgoraLord,1693,1430,1,0,0,8.4e-05,0.000933,5.863283,0.131635,0.005081,0,0,0.41205,4.58795,1,0,0,1,2.322388,0.819646,5.049993,0.05885,0.891157,2.338264,0.448612
605,1086,nida,CherBoiBlue,1693,1500,0,0,0,8.4e-05,0.222218,3.786104,0.102479,1.111416,0,0,0.001884,4.998116,0,0,0,0,,0.752315,3.717301,0.05885,1.223849,2.349308,0.491916
605,1087,nida,SwarmLord2,1693,1533,0,0,0,8.4e-05,0.003699,4.849815,0.131271,0.018914,0,0,0.110701,4.889299,0,0,0,0,,0.715253,3.534171,0.05885,1.406979,2.349308,0.491916
605,1088,nida,SwarmLord3,1693,1562,0,0,0,8.4e-05,0.003468,4.850941,0.131301,0.017758,0,0,0.117907,4.882093,0,0,0,0,,0.680071,3.360331,0.05885,1.580819,2.349308,0.491916
605,1089,nida,WorkingAsIntended,1693,1596,0,0,0,8.4e-05,0.041392,4.666335,0.126305,0.20736,0,0,0.010097,4.989903,0,0,0,0,,0.636077,3.142951,0.05885,1.798199,2.349308,0.491916
637,699,72Tortoises,Clicadinha,1697,1635,36,1,0,0.000103,0.00084,40.863641,1.131645,0.004714,0,0,0.543876,4.456124,4,32,0,36,2.278074,0.58829,6.906829,0.05885,34.034321,2.280809,0.382776
637,708,72Tortoises,Princess-Mika,1697,1521,10,0,0,0.000103,0.02954,14.723938,0.127864,0.148198,0,0,0.017301,4.982699,8,2,0,10,2.419261,0.733634,11.624994,0.05885,3.316156,2.410469,0.393932
637,709,72Tortoises,Laser-Circus,1697,1211,0,0,0,0.000103,0.290524,3.45354,0.093478,1.452982,0,0,0.001765,4.998235,0,0,0,0,,0.942548,4.657272,0.05885,0.283878,2.349308,0.491916
637,718,72Tortoises,Mulebot,1697,1689,31,0,0,0.000103,0.004543,35.845615,0.131157,0.023228,0,0,0.110383,4.889617,10,21,0,31,2.32276,0.511511,12.527452,0.05885,23.413698,2.323936,0.383543
637,720,72Tortoises,PiG_Bot,1697,1627,22,0,0,0.000103,0.000165,26.866926,0.131734,0.00134,0,0,1.913862,3.086138,14,8,0,22,2.533821,0.599397,16.961709,0.05885,9.979441,2.522504,0.385739
637,721,72Tortoises,49Terrapins,1697,1430,11,0,0,0.000103,0.000102,15.867236,0.131742,0.001022,0,0,2.509208,2.490792,11,0,0,11,2.826847,0.823025,15.066688,0.05885,0.874462,2.771655,0.392657
637,729,72Tortoises,Alexa,1697,1367,1,0,0,0.000103,0.023955,5.751125,0.1286,0.120276,0,0,0.021317,4.978683,1,0,0,1,2.731767,0.86985,5.298059,0.05885,0.643091,2.506216,0.448612
637,730,72Tortoises,Deimos,1697,2155,6,0,0,0.000103,0.005359,10.841647,0.13105,0.027304,0,0,0.093906,4.906094,0,6,0,6,2.405969,0.066828,0.330209,0.05885,10.610941,2.395018,0.402359
637,732,72Tortoises,GPT,1697,1830,6,0,0,0.000103,8.3e-05,10.867325,0.131745,0.00093,0,0,2.757978,2.242022,0,6,0,6,2.355109,0.31743,1.568467,0.05885,9.372683,2.353988,0.402359
637,759,72Tortoises,BotTato,1697,1710,9,0,1,0.000103,0.006225,13.83743,0.130936,1.031634,0,1,0.081051,5.918949,3,6,0,9,2.677839,0.4813,5.378177,0.05885,8.562973,2.632593,0.395447
637,779,72Tortoises,oberon,1697,1472,1,0,0,0.000103,8.5e-05,5.867315,0.131745,0.00094,0,0,2.727845,2.272155,1,0,0,1,2.16791,0.785027,4.878935,0.05885,1.062215,2.274887,0.448612
637,797,72Tortoises,WickedBot,1697,1707,16,0,0,0.000103,0.043299,20.656965,0.126051,0.216984,0,0,0.011816,4.988184,8,7,1,16,3.000685,0.485613,10.399486,1.05885,9.541664,2.946988,0.388445
637,809,72Tortoises,PrimordialOrigin,1697,1258,1,0,0,0.000103,0.136344,5.204043,0.113792,0.682165,0,0,0.003759,4.996241,1,0,0,1,2.009555,0.926019,5.575599,0.05885,0.365551,2.20992,0.448612
637,813,72Tortoises,MewCombatMicro,1697,1511,0,0,0,0.000103,0.004268,4.846954,0.131193,0.021853,0,0,0.117329,4.882671,0,0,0,0,,0.74473,3.679825,0.05885,1.261325,2.349308,0.491916
637,827,72Tortoises,smokinggunbot,1697,1579,33,0,0,0.000103,8.2e-05,37.86733,0.131745,0.000925,0,0,2.771829,2.228171,27,6,0,33,2.669407,0.663574,30.278819,0.05885,7.662331,2.656045,0.38321
637,832,72Tortoises,muravev,1697,1632,38,0,0,0.000103,0.001014,42.862797,0.131622,0.005581,0,0,0.459442,4.540558,24,12,2,38,2.85909,0.592466,26.927465,2.05885,14.013685,2.840509,0.382523
637,836,72Tortoises,muravevTerran,1697,1477,2,0,0,0.000103,0.000366,6.865948,0.131708,0.002344,0,0,1.093863,3.906137,2,0,0,2,2.609382,0.78013,5.854737,0.05885,1.086413,2.500625,0.429209
637,858,72Tortoises,Crawler,1697,1562,30,0,0,0.000103,0.00261,34.855027,0.131412,0.013561,0,0,0.189071,4.810929,16,14,0,30,2.557131,0.68506,19.384982,0.05885,15.556168,2.547628,0.383725
637,876,72Tortoises,GenesisLotus,1697,1411,2,0,0,0.000103,0.009792,6.820068,0.130466,0.049466,0,0,0.051833,4.948167,2,0,0,2,2.458751,0.838397,6.142645,0.05885,0.798505,2.412985,0.429209
637,901,72Tortoises,clone,1697,1667,35,0,0,0.000103,0.006192,39.837592,0.13094,0.031468,0,0,0.08148,4.91852,16,19,0,35,2.419723,0.543066,18.683373,0.05885,21.257777,2.416945,0.382913
637,930,72Tortoises,SiriusBot,1697,1519,20,0,0,0.000103,8.3e-05,24.867329,0.131745,0.000926,0,0,2.768152,2.231848,15,3,2,20,2.575819,0.735877,18.636081,2.05885,4.305069,2.560631,0.386474
637,939,72Tortoises,RustyNikolaj,1697,1539,14,0,0,0.000103,0.000102,18.867233,0.131742,0.001024,0,0,2.503461,2.496539,13,1,0,14,2.738826,0.712902,16.522556,0.05885,2.418594,2.702556,0.389807
637,940,72Tortoises,Princess-Mika-Test,1697,1524,14,0,0,0.000103,0.032493,18.709564,0.127475,0.162961,0,0,0.015734,4.984266,9,5,0,14,2.559377,0.730245,12.608252,0.05885,6.332898,2.539816,0.389807
637,943,72Tortoises,puck,1697,1529,6,0,0,0.000103,8.3e-05,10.867325,0.131745,0.00093,0,0,2.757048,2.242952,2,4,0,6,1.834885,0.724538,5.580052,0.05885,5.361098,1.934309,0.402359
637,948,72Tortoises,titania,1697,1185,1,0,0,0.000103,0.000157,5.866965,0.131735,0.0013,0,0,1.97258,3.02742,1,0,0,1,2.395164,0.950136,5.694765,0.05885,0.246385,2.368121,0.448612
637,953,72Tortoises,ZeratulsRevengeTest,1697,1702,8,0,0,0.000103,0.000163,12.866939,0.131734,0.001326,0,0,1.933107,3.066893,0,8,0,8,1.5802,0.492805,2.435023,0.05885,10.506127,1.697346,0.397274
637,959,72Tortoises,ur_moms_a_ho,1697,1600,0,0,0,0.000103,0.022196,4.759687,0.128831,0.111481,0,0,0.022999,4.977001,0,0,0,0,,0.636077,3.142951,0.05885,1.798199,2.349308,0.491916
637,960,72Tortoises,BigDaddy,1697,1637,38,0,0,0.000103,0.006779,42.834733,0.130863,0.034404,0,0,0.074525,4.925475,21,16,1,38,2.323321,0.585499,23.893037,1.05885,18.048113,2.324268,0.382523
637,961,72Tortoises,AvocaDOS,1697,1751,15,0,0,0.000103,0.000833,19.863674,0.131646,0.00468,0,0,0.547906,4.452094,10,5,0,15,2.467309,0.422908,12.08965,0.05885,7.8515,2.45699,0.389085
637,962,72Tortoises,AvocaDEV,1697,1700,9,0,0,0.000103,0.057896,13.585907,0.124128,0.289966,0,0,0.008842,4.991158,3,6,0,9,2.417932,0.495683,5.449243,0.05885,8.491907,2.408481,0.395447
637,966,72Tortoises,ArgoBot,1697,1909,6,0,0,0.000103,8.5e-05,10.867316,0.131745,0.000939,0,0,2.730705,2.269295,0,6,0,6,2.234882,0.227871,1.125946,0.05885,9.815204,2.256998,0.402359
637,970,72Tortoises,TheLAW,1697,1576,36,0,3,0.000103,0.05452,40.602344,0.124573,3.273084,0,3,0.009389,7.990611,15,21,0,36,2.48578,0.667418,18.297815,0.05885,22.643335,2.48054,0.382776
637,971,72Tortoises,Nothing,1697,1570,35,1,0,0.000103,0.00831,39.827279,1.130661,0.04206,0,0,0.060959,4.939041,25,10,0,35,2.688809,0.67504,28.335475,0.05885,11.605675,2.675416,0.382913
637,977,72Tortoises,Siriusly,1697,1392,1,0,0,0.000103,0.001619,5.859851,0.131543,0.008606,0,0,0.297921,4.702079,1,0,0,1,3.54818,0.852673,5.213185,0.05885,0.727965,2.841159,0.448612
637,981,72Tortoises,KoB,1697,1499,10,2,0,0.000103,0.001616,14.859863,2.131543,0.008594,0,0,0.29835,4.70165,8,2,0,10,2.670061,0.757639,11.743609,0.05885,3.197541,2.629749,0.393932
637,998,72Tortoises,LordSuperKing,1697,1656,20,0,0,0.000103,0.000132,24.867088,0.131738,0.001173,0,0,2.185224,2.814776,12,8,0,20,2.653785,0.558731,14.760776,0.05885,10.180374,2.633369,0.386474
637,1007,72Tortoises,SharkGull,1697,1605,17,0,0,0.000103,0.000223,21.866647,0.131726,0.001627,0,0,1.575949,3.424051,3,14,0,17,1.952187,0.629389,6.109903,0.05885,15.831247,1.983149,0.387873
637,1008,72Tortoises,Creepy_canon,1697,1587,0,0,0,0.000103,0.074065,4.507201,0.121997,0.370802,0,0,0.006915,4.993085,0,0,0,0,,0.653217,3.227644,0.05885,1.713506,2.349308,0.491916
637,1023,72Tortoises,MY_SCRIPTING_SON,1697,1275,0,0,1,0.000103,0.333918,3.242308,0.08776,2.669932,0,1,0.001535,5.998465,0,0,0,0,,0.919029,4.54106,0.05885,0.40009,2.349308,0.491916
637,1026,72Tortoises,WildLupo,1697,1199,1,0,0,0.000103,0.018371,5.778305,0.129335,0.092359,0,0,0.027761,4.972239,1,0,0,1,1.99606,0.946176,5.6752,0.05885,0.26595,2.204384,0.448612
637,1029,72Tortoises,Chomppet,1697,1600,0,0,0,0.000103,0.022196,4.759687,0.128831,0.111481,0,0,0.022999,4.977001,0,0,0,0,,0.636077,3.142951,0.05885,1.798199,2.349308,0.491916
637,1030,72Tortoises,who,1697,1924,6,0,0,0.000103,8.3e-05,10.867326,0.131745,0.000929,0,0,2.759834,2.240166,0,6,0,6,1.977292,0.213037,1.052646,0.05885,9.888504,2.049193,0.402359
637,1032,72Tortoises,WaterLeak,1697,1607,23,0,0,0.000103,8.4e-05,27.867321,0.131745,0.000934,0,0,2.744894,2.255106,4,19,0,23,1.904888,0.626699,7.096614,0.05885,20.844536,1.93103,0.385416
637,1038,72Tortoises,PolyMorph,1697,1463,2,0,0,0.000103,0.001586,6.860011,0.131547,0.008442,0,0,0.303715,4.696285,1,1,0,2,2.676255,0.793641,4.921498,0.05885,2.019652,2.539533,0.429209
637,1042,72Tortoises,Creepy_duo_canon,1697,1386,1,0,1,0.000103,0.104041,5.361286,0.118048,1.520666,0,1,0.004924,5.995076,1,0,0,1,1.8453,0.856959,5.234364,0.05885,0.706786,2.142533,0.448612
637,1044,72Tortoises,DoopyBot,1697,1418,9,0,0,0.000103,0.009666,13.820682,0.130482,0.048836,0,0,0.052502,4.947498,9,0,0,9,2.585139,0.832863,13.115299,0.05885,0.825851,2.55266,0.395447
637,1045,72Tortoises,tito,1697,1801,9,0,0,0.000103,0.000837,13.863659,0.131646,0.004695,0,0,0.546075,4.453925,3,6,0,9,2.095019,0.354648,4.752367,0.05885,9.188783,2.130041,0.395447
637,1049,72Tortoises,TheCatSC2Bot,1697,970,1,0,0,0.000103,0.003084,5.852719,0.13135,0.015931,0,0,0.16094,4.83906,1,0,0,1,1.89762,0.985005,5.867059,0.05885,0.074091,2.163998,0.448612
637,1050,72Tortoises,onlyfans,1697,1517,19,0,0,0.000103,8.7e-05,23.86731,0.131744,0.000946,0,0,2.710537,2.289463,15,3,1,19,2.85895,0.738109,18.647107,1.05885,4.294043,2.823104,0.386896
637,1052,72Tortoises,Starlight,1697,1204,1,0,0,0.000103,9.3e-05,5.867279,0.131744,0.000977,0,0,2.624067,2.375933,1,0,0,1,2.280339,0.944692,5.667864,0.05885,0.273286,2.321013,0.448612
637,1054,72Tortoises,JimmyBotZ,1697,1724,32,0,0,0.000103,0.005286,36.841999,0.131059,0.026942,0,0,0.095167,4.904833,12,19,1,32,2.149878,0.461222,14.278967,1.05885,21.662183,2.158452,0.383371
637,1056,72Tortoises,bilisaur,1697,1600,0,0,0,0.000103,0.022196,4.759687,0.128831,0.111481,0,0,0.022999,4.977001,0,0,0,0,,0.636077,3.142951,0.05885,1.798199,2.349308,0.491916
637,1057,72Tortoises,DoopyBot-Test,1697,1238,4,0,0,0.000103,0.023755,8.7521,0.128626,0.119274,0,0,0.021496,4.978504,4,0,0,4,2.532449,0.93353,8.61271,0.05885,0.32844,2.484033,0.411036
637,1058,72Tortoises,JimmyBotP,1697,1711,16,1,0,0.000103,0.005341,20.841735,1.131052,0.027213,0,0,0.094218,4.905782,3,13,0,16,2.017621,0.479863,5.371076,0.05885,15.570074,2.044964,0.388445
637,1059,72Tortoises,NextProBot,1697,1600,0,0,0,0.000103,0.022196,4.759687,0.128831,0.111481,0,0,0.022999,4.977001,0,0,0,0,,0.636077,3.142951,0.05885,1.798199,2.349308,0.491916
637,1060,72Tortoises,WildFire,1697,1709,16,0,0,0.000103,0.00012,20.867145,0.13174,0.001115,0,0,2.300399,2.699601,2,14,0,16,2.139071,0.482737,4.385278,0.05885,16.555872,2.156402,0.388445
637,1065,72Tortoises,MindMatrix,1697,1514,5,0,0,0.000103,0.010709,9.815601,0.130345,0.054054,0,0,0.047434,4.952566,4,1,0,5,2.503501,0.741434,7.663534,0.05885,2.277616,2.46907,0.406046
637,1066,72Tortoises,CompetitiveBotTest,1697,1482,0,0,0,0.000103,0.003699,4.849724,0.131268,0.019008,0,0,0.134892,4.865108,0,0,0,0,,0.775153,3.830147,0.05885,1.111003,2.349308,0.491916
637,1067,72Tortoises,Hello_world,1697,1600,0,0,0,0.000103,0.022196,4.759687,0.128831,0.111481,0,0,0.022999,4.977001,0,0,0,0,,0.636077,3.142951,0.05885,1.798199,2.349308,0.491916
637,1078,72Tortoises,LoremIpsum,1697,1242,0,0,0,0.000103,0.000201,4.866754,0.131729,0.001516,0,0,1.691131,3.308869,0,0,0,0,,0.932086,4.605579,0.05885,0.335571,2.349308,0.491916
637,1079,72Tortoises,JimmyBotT,1697,1675,17,1,0,0.000103,0.000205,21.866735,1.131729,0.001537,0,0,1.668719,3.331281,10,6,1,17,2.54917,0.531618,12.626806,1.05885,8.314344,2.533588,0.387873
637,1080,72Tortoises,JimmyBot,1697,1675,18,0,0,0.000103,0.003888,22.848807,0.131244,0.019949,0,0,0.128527,4.871473,5,13,0,18,2.049318,0.531618,7.626806,0.05885,15.314344,2.071504,0.38736
637,1081,72Tortoises,ArtZerg,1697,1537,17,1,0,0.000103,0.000199,21.866761,1.13173,0.001509,0,0,1.699207,3.300793,5,12,0,17,1.780586,0.715253,8.534171,0.05885,13.406979,1.824926,0.387873
637,1082,72Tortoises,Dasyatis,1697,1573,6,0,0,0.000103,0.048918,10.629611,0.125311,0.245078,0,0,0.010462,4.989538,3,3,0,6,2.39858,0.671241,6.3167,0.05885,4.62445,2.389057,0.402359
637,1084,72Tortoises,ZippyZap,1697,1457,0,0,0,0.000103,0.84229,0.767691,0.020779,4.211529,0,0,0.000609,4.999391,0,0,0,0,,0.79924,3.949165,0.05885,0.991985,2.349308,0.491916
637,1085,72Tortoises,AgoraLord,1697,1430,1,0,0,0.000103,0.000933,5.863192,0.131633,0.005175,0,0,0.49542,4.50458,1,0,0,1,2.00148,0.823025,5.066688,0.05885,0.874462,2.206607,0.448612
637,1086,72Tortoises,CherBoiBlue,1697,1500,0,0,0,0.000103,0.222218,3.786033,0.102477,1.11149,0,0,0.002307,4.997693,0,0,0,0,,0.756581,3.738378,0.05885,1.202772,2.349308,0.491916
637,1087,72Tortoises,SwarmLord2,1697,1533,0,0,0,0.000103,0.003699,4.849724,0.131268,0.019008,0,0,0.134892,4.865108,0,0,0,0,,0.719919,3.557228,0.05885,1.383922,2.349308,0.491916
637,1088,72Tortoises,SwarmLord3,1697,1562,0,0,0,0.000103,0.003468,4.850849,0.131299,0.017852,0,0,0.143627,4.856373,0,0,0,0,,0.68506,3.384982,0.05885,1.556168,2.349308,0.491916
637,1089,72Tortoises,WorkingAsIntended,1697,1596,0,0,0,0.000103,0.041392,4.666247,0.126302,0.20745,0,0,0.012359,4.987641,0,0,0,0,,0.64139,3.169205,0.05885,1.771945,2.349308,0.491916
699,708,Clicadinha,Princess-Mika,1635,1521,14,1,2,0.00084,0.02954,18.720453,1.127769,2.151778,0,2,0.138309,6.861691,12,2,0,14,2.117311,0.658415,15.253325,0.05885,3.687825,2.138914,0.389807
699,709,Clicadinha,Laser-Circus,1635,1211,1,0,0,0.00084,0.290524,4.450992,0.093409,1.4556,0,0,0.014421,4.985579,1,0,0,1,1.819699,0.919882,5.545273,0.05885,0.395877,2.13203,0.448612
699,718,Clicadinha,Mulebot,1635,1689,43,0,0,0.00084,0.004543,47.842039,0.13106,0.0269,0,0,0.780461,4.219539,6,37,0,43,2.629643,0.422908,8.08965,0.05885,39.8515,2.620575,0.381991
699,720,Clicadinha,PiG_Bot,1635,1627,25,0,0,0.00084,0.000165,29.863335,0.131637,0.005028,0,0,4.177772,0.822228,22,3,0,25,2.213358,0.511511,24.527452,0.05885,5.413698,2.22075,0.384842
699,721,Clicadinha,49Terrapins,1635,1430,11,0,0,0.00084,0.000102,15.863644,0.131645,0.004711,0,0,4.459684,0.540316,10,1,0,11,1.81271,0.764961,13.779788,0.05885,2.161362,1.874728,0.392657
699,729,Clicadinha,Alexa,1635,1367,1,0,0,0.00084,0.023955,5.747619,0.128505,0.123876,0,0,0.169462,4.830538,1,0,0,1,2.329227,0.823862,5.070823,0.05885,0.870327,2.34107,0.448612
699,730,Clicadinha,Deimos,1635,2155,1,0,0,0.00084,0.005359,5.838074,0.130953,0.030973,0,0,0.677826,4.322174,1,0,0,1,2.261763,0.047727,1.235825,0.05885,4.705325,2.313392,0.448612
699,732,Clicadinha,GPT,1635,1830,5,0,0,0.00084,8.3e-05,9.863734,0.131648,0.004618,0,0,4.548687,0.451313,0,5,0,5,2.444837,0.245546,1.213279,0.05885,8.727871,2.423506,0.406046
699,759,Clicadinha,BotTato,1635,1710,19,0,1,0.00084,0.006225,23.833861,0.130839,1.0353,0,1,0.594728,5.405272,6,13,0,19,2.727446,0.393712,7.945391,0.05885,15.995759,2.70085,0.386896
699,779,Clicadinha,oberon,1635,1472,2,0,0,0.00084,8.5e-05,6.863724,0.131647,0.004629,0,0,4.538595,0.461405,1,1,0,2,2.242779,0.718757,4.551485,0.05885,2.389665,2.287327,0.429209
699,797,Clicadinha,WickedBot,1635,1707,23,0,1,0.00084,0.043299,27.653529,0.125958,1.220513,0,1,0.095197,5.904803,5,17,1,23,2.843597,0.397842,6.965797,1.05885,19.975353,2.814521,0.385416
699,809,Clicadinha,PrimordialOrigin,1635,1258,1,0,0,0.00084,0.136344,5.200941,0.113708,0.685351,0,0,0.030629,4.969371,1,0,0,1,1.671473,0.89754,5.43488,0.05885,0.50627,2.071218,0.448612
699,813,Clicadinha,MewCombatMicro,1635,1511,0,0,0,0.00084,0.004268,4.843377,0.131097,0.025526,0,0,0.822475,4.177525,0,0,0,0,,0.671241,3.3167,0.05885,1.62445,2.349308,0.491916
699,827,Clicadinha,smokinggunbot,1635,1579,53,1,0,0.00084,8.2e-05,57.863738,1.131648,0.004614,0,0,4.553267,0.446733,27,26,0,53,2.832637,0.5799,29.865372,0.05885,28.075778,2.819874,0.381218
699,832,Clicadinha,muravev,1635,1632,46,0,0,0.00084,0.001014,50.859209,0.131525,0.009266,0,0,2.266336,2.733664,35,11,0,46,2.321324,0.504317,37.491907,0.05885,13.449243,2.322172,0.381725
699,836,Clicadinha,muravevTerran,1635,1477,2,0,0,0.00084,0.000366,6.862358,0.13161,0.006032,0,0,3.482282,1.517718,0,2,0,2,1.968494,0.712902,3.522556,0.05885,3.418594,2.127742,0.429209
699,858,Clicadinha,Crawler,1635,1562,38,2,0,0.00084,0.00261,42.851445,2.131315,0.01724,0,0,1.217847,3.782153,27,11,0,38,2.049,0.603536,29.982163,0.05885,12.958987,2.059946,0.382523
699,876,Clicadinha,GenesisLotus,1635,1411,7,2,0,0.00084,0.009792,11.816512,2.130369,0.053119,0,0,0.395212,4.604788,6,1,0,7,2.284566,0.784054,9.874127,0.05885,2.067023,2.295596,0.399523
699,901,Clicadinha,clone,1635,1667,41,0,0,0.00084,0.006192,45.834023,0.130843,0.035134,0,0,0.597541,4.402459,6,35,0,41,2.562401,0.454078,8.243668,0.05885,37.697482,2.555183,0.382189
699,930,Clicadinha,SiriusBot,1635,1519,23,5,0,0.00084,8.3e-05,27.863737,5.131648,0.004615,0,0,4.552055,0.447945,18,4,1,23,2.012638,0.660999,21.266096,1.05885,5.675054,2.032442,0.385416
699,939,Clicadinha,RustyNikolaj,1635,1539,15,1,0,0.00084,0.000102,19.863642,1.131645,0.004713,0,0,4.457465,0.542535,15,0,0,15,2.630599,0.634743,18.136362,0.05885,1.804788,2.606,0.389085
699,940,Clicadinha,Princess-Mika-Test,1635,1524,18,0,1,0.00084,0.032493,22.706089,0.127381,1.166531,0,1,0.126056,5.873944,14,4,0,18,2.221327,0.65452,17.234081,0.05885,5.707069,2.230791,0.38736
699,943,Clicadinha,puck,1635,1529,10,0,0,0.00084,8.3e-05,14.863734,0.131648,0.004619,0,0,4.548378,0.451622,5,5,0,10,2.431306,0.647983,8.201781,0.05885,6.739369,2.421,0.393932
699,948,Clicadinha,titania,1635,1185,0,0,0,0.00084,0.000157,4.863374,0.131638,0.004988,0,0,4.21117,0.78883,0,0,0,0,,0.930242,4.596464,0.05885,0.344686,2.349308,0.491916
699,953,Clicadinha,ZeratulsRevengeTest,1635,1702,6,0,0,0.00084,0.000163,10.863348,0.131637,0.005015,0,0,4.188883,0.811117,3,3,0,6,2.311705,0.404757,4.999965,0.05885,5.941185,2.318973,0.402359
699,959,Clicadinha,ur_moms_a_ho,1635,1600,0,0,0,0.00084,0.022196,4.756175,0.128736,0.115089,0,0,0.182402,4.817598,0,0,0,0,,0.550199,2.718618,0.05885,2.222532,2.349308,0.491916
699,960,Clicadinha,BigDaddy,1635,1637,57,0,0,0.00084,0.006779,61.831165,0.130766,0.038068,0,0,0.551474,4.448526,15,41,1,57,2.009504,0.497122,17.456353,1.05885,43.484797,2.017863,0.380982
699,961,Clicadinha,AvocaDOS,1635,1751,22,0,0,0.00084,0.000833,26.860085,0.131549,0.008366,0,0,2.510358,2.489642,11,11,0,22,2.546484,0.339001,12.675054,0.05885,14.266096,2.534391,0.385739
699,962,Clicadinha,AvocaDEV,1635,1700,7,0,1,0.00084,0.057896,11.582523,0.124036,1.293441,0,1,0.071538,5.928462,3,4,0,7,2.458277,0.407534,5.013685,0.05885,6.927465,2.439712,0.399523
699,966,Clicadinha,ArgoBot,1635,1909,0,0,0,0.00084,8.5e-05,4.863725,0.131647,0.004628,0,0,4.53956,0.46044,0,0,0,0,,0.171182,0.845838,0.05885,4.095312,2.349308,0.491916
699,970,Clicadinha,TheLAW,1635,1576,53,1,1,0.00084,0.05452,57.598948,1.124481,1.276572,0,1,0.075901,5.924099,15,38,0,53,2.322309,0.584101,17.88613,0.05885,40.05502,2.323022,0.381218
699,971,Clicadinha,Nothing,1635,1570,55,0,0,0.00084,0.00831,59.823717,0.130565,0.045719,0,0,0.459185,4.540815,31,24,0,55,1.969469,0.592466,33.927465,0.05885,26.013685,1.979143,0.381096
699,977,Clicadinha,Siriusly,1635,1392,5,1,1,0.00084,0.001619,9.856265,1.131446,1.012289,0,1,1.708622,4.291378,5,0,0,5,1.924927,0.801997,8.962786,0.05885,0.978364,2.01969,0.406046
699,981,Clicadinha,KoB,1635,1499,24,0,0,0.00084,0.001616,28.856277,0.131446,0.012277,0,0,1.710346,3.289654,7,17,0,24,2.131914,0.6863,10.391113,0.05885,18.550037,2.144198,0.385118
699,998,Clicadinha,LordSuperKing,1635,1656,24,0,0,0.00084,0.000132,28.863497,0.131641,0.004862,0,0,4.320723,0.679277,23,1,0,24,2.241367,0.469815,25.321428,0.05885,3.619722,2.247467,0.385118
699,1007,Clicadinha,SharkGull,1635,1605,17,0,1,0.00084,0.000223,21.863055,0.131629,1.005315,1,0,4.952007,1.047993,0,17,0,17,1.884389,0.543066,2.683373,0.05885,19.257777,1.920636,0.387873
699,1008,Clicadinha,Creepy_canon,1635,1587,0,0,0,0.00084,0.074065,4.503875,0.121907,0.374217,0,0,0.056096,4.943904,0,0,0,0,,0.568641,2.809742,0.05885,2.131408,2.349308,0.491916
699,1023,Clicadinha,MY_SCRIPTING_SON,1635,1275,1,0,2,0.00084,0.333918,4.239916,0.087695,3.672389,0,2,0.012552,6.987448,1,0,0,1,2.270062,0.888184,5.388652,0.05885,0.552498,2.316796,0.448612
699,1026,Clicadinha,WildLupo,1635,1199,1,0,0,0.00084,0.018371,5.774779,0.12924,0.095981,0,0,0.218717,4.781283,1,0,0,1,2.438863,0.924827,5.56971,0.05885,0.37144,2.386049,0.448612
699,1029,Clicadinha,Chomppet,1635,1600,0,0,0,0.00084,0.022196,4.756175,0.128736,0.115089,0,0,0.182402,4.817598,0,0,0,0,,0.550199,2.718618,0.05885,2.222532,2.349308,0.491916
699,1030,Clicadinha,who,1635,1924,1,0,0,0.00084,8.3e-05,5.863735,0.131648,0.004618,0,0,4.549303,0.450697,0,1,0,1,2.350422,0.159277,0.787011,0.05885,5.154139,2.349765,0.448612
699,1032,Clicadinha,WaterLeak,1635,1607,32,1,0,0.00084,8.4e-05,36.86373,1.131648,0.004623,0,0,4.544327,0.455673,5,27,0,32,1.863287,0.540208,7.66925,0.05885,29.2719,1.884181,0.383371
699,1038,Clicadinha,PolyMorph,1635,1463,8,1,0,0.00084,0.001586,12.856425,1.13145,0.012125,0,0,1.731747,3.268253,3,5,0,8,2.397236,0.72911,6.602642,0.05885,6.338508,2.389935,0.397274
699,1042,Clicadinha,Creepy_duo_canon,1635,1386,2,0,1,0.00084,0.104041,6.358068,0.117961,1.523971,0,1,0.040063,5.959937,0,2,0,2,2.17624,0.807424,3.989604,0.05885,2.951546,2.248613,0.429209
699,1044,Clicadinha,DoopyBot,1635,1418,17,0,0,0.00084,0.009666,21.817125,0.130386,0.052489,0,0,0.399953,4.600047,14,3,0,17,2.230653,0.777153,17.84003,0.05885,4.10112,2.239904,0.387873
699,1045,Clicadinha,tito,1635,1801,13,0,0,0.00084,0.000837,17.86007,0.131548,0.008381,0,0,2.50566,2.49434,3,10,0,13,2.207408,0.277765,4.372481,0.05885,13.568669,2.221536,0.390628
699,1049,Clicadinha,TheCatSC2Bot,1635,970,1,0,0,0.00084,0.003084,5.849138,0.131253,0.019609,0,0,1.070713,3.929287,1,0,0,1,2.034706,0.978711,5.835958,0.05885,0.105192,2.220239,0.448612
699,1050,Clicadinha,onlyfans,1635,1517,27,0,0,0.00084,8.7e-05,31.863718,0.131647,0.004635,0,0,4.532718,0.467282,14,13,0,27,2.559147,0.663574,17.278819,0.05885,14.662331,2.54854,0.384349
699,1052,Clicadinha,Starlight,1635,1204,1,0,0,0.00084,9.3e-05,5.863688,0.131646,0.004666,0,0,4.502435,0.497565,1,0,0,1,2.255493,0.922802,5.559701,0.05885,0.381449,2.310819,0.448612
699,1054,Clicadinha,JimmyBotZ,1635,1724,41,0,0,0.00084,0.005286,45.838426,0.130963,0.030611,0,0,0.685833,4.314167,22,19,0,41,2.086314,0.374649,23.851195,0.05885,22.089955,2.095223,0.382189
699,1056,Clicadinha,bilisaur,1635,1600,0,0,0,0.00084,0.022196,4.756175,0.128736,0.115089,0,0,0.182402,4.817598,0,0,0,0,,0.550199,2.718618,0.05885,2.222532,2.349308,0.491916
699,1057,Clicadinha,DoopyBot-Test,1635,1238,4,0,0,0.00084,0.023755,8.748593,0.128531,0.122875,0,0,0.170843,4.829157,4,0,0,4,2.084537,0.907654,8.484852,0.05885,0.456298,2.154533,0.411036
699,1058,Clicadinha,JimmyBotP,1635,1711,20,0,0,0.00084,0.005341,24.838162,0.130955,0.030883,0,0,0.679807,4.320193,8,11,1,20,2.275195,0.392339,9.938606,1.05885,14.002544,2.280165,0.386474
699,1059,Clicadinha,NextProBot,1635,1600,0,0,0,0.00084,0.022196,4.756175,0.128736,0.115089,0,0,0.182402,4.817598,0,0,0,0,,0.550199,2.718618,0.05885,2.222532,2.349308,0.491916
699,1060,Clicadinha,WildFire,1635,1709,18,0,0,0.00084,0.00012,22.863554,0.131643,0.004803,0,0,4.373567,0.626433,8,10,0,18,2.131173,0.395087,9.952185,0.05885,12.988965,2.147305,0.38736
699,1065,Clicadinha,MindMatrix,1635,1514,6,0,0,0.00084,0.010709,10.812048,0.130249,0.057703,0,0,0.36381,4.63619,5,1,0,6,2.07184,0.667418,8.297815,0.05885,2.643335,2.125467,0.402359
699,1066,Clicadinha,CompetitiveBotTest,1635,1482,0,0,0,0.00084,0.003699,4.846145,0.131172,0.022683,0,0,0.925585,4.074415,0,0,0,0,,0.706975,3.493271,0.05885,1.447879,2.349308,0.491916
699,1067,Clicadinha,Hello_world,1635,1600,0,0,0,0.00084,0.022196,4.756175,0.128736,0.115089,0,0,0.182402,4.817598,0,0,0,0,,0.550199,2.718618,0.05885,2.222532,2.349308,0.491916
699,1078,Clicadinha,LoremIpsum,1635,1242,0,0,0,0.00084,0.000201,4.863163,0.131632,0.005204,0,0,4.036145,0.963855,0,0,0,0,,0.905705,4.475226,0.05885,0.465924,2.349308,0.491916
699,1079,Clicadinha,JimmyBotT,1635,1675,18,1,0,0.00084,0.000205,22.863143,1.131632,0.005225,0,0,4.020416,0.979584,0,18,0,18,2.982328,0.442688,2.18739,0.05885,20.75376,2.935514,0.38736
699,1080,Clicadinha,JimmyBot,1635,1675,18,1,0,0.00084,0.003888,22.84523,1.131147,0.023624,0,0,0.888724,4.111276,9,9,0,18,2.104603,0.442688,11.18739,0.05885,11.75376,2.1227,0.38736
699,1081,Clicadinha,ArtZerg,1635,1537,12,7,0,0.00084,0.000199,16.86317,7.131632,0.005197,0,0,4.04174,0.95826,7,5,0,12,2.164442,0.637408,10.14953,0.05885,6.79162,2.184218,0.391568
699,1082,Clicadinha,Dasyatis,1635,1573,5,0,2,0.00084,0.048918,9.626195,0.125218,2.248587,0,2,0.084446,6.915554,4,1,0,5,2.187306,0.58829,6.906829,0.05885,3.034321,2.22348,0.406046
699,1084,Clicadinha,ZippyZap,1635,1457,0,0,0,0.00084,0.84229,0.767125,0.020764,4.212111,0,0,0.004984,4.995016,0,0,0,0,,0.735877,3.636081,0.05885,1.305069,2.349308,0.491916
699,1085,Clicadinha,AgoraLord,1635,1430,1,0,0,0.00084,0.000933,5.859603,0.131536,0.008861,0,0,2.369955,2.630045,0,1,0,1,3.236323,0.764961,3.779788,0.05885,2.161362,2.713216,0.448612
699,1086,Clicadinha,CherBoiBlue,1635,1500,0,0,0,0.00084,0.222218,3.78324,0.102402,1.114359,0,0,0.018838,4.981162,0,0,0,0,,0.68506,3.384982,0.05885,1.556168,2.349308,0.491916
699,1087,Clicadinha,SwarmLord2,1635,1533,0,0,0,0.00084,0.003699,4.846145,0.131172,0.022683,0,0,0.925585,4.074415,0,0,0,0,,0.642713,3.175742,0.05885,1.765408,2.349308,0.491916
699,1088,Clicadinha,SwarmLord3,1635,1562,0,0,0,0.00084,0.003468,4.84727,0.131202,0.021528,0,0,0.975255,4.024745,0,0,0,0,,0.603536,2.982163,0.05885,1.958987,2.349308,0.491916
699,1089,Clicadinha,WorkingAsIntended,1635,1596,0,0,0,0.00084,0.041392,4.662804,0.126209,0.210987,0,0,0.099495,4.900505,0,0,0,0,,0.555891,2.746741,0.05885,2.194409,2.349308,0.491916
708,709,Princess-Mika,Laser-Circus,1521,1211,4,0,3,0.02954,0.290524,7.351866,0.090726,4.557408,0,3,0.461471,7.538529,4,0,0,4,2.290727,0.856252,8.23087,0.05885,0.71028,2.306213,0.411036
708,718,Princess-Mika,Mulebot,1521,1689,13,0,0,0.02954,0.004543,17.702958,0.127296,0.169746,0,0,4.333478,0.666522,3,10,0,13,2.594895,0.275462,4.361098,0.05885,13.580052,2.570443,0.390628
708,720,Princess-Mika,PiG_Bot,1521,1627,7,0,0,0.02954,0.000165,11.723642,0.127856,0.148503,0,0,4.972161,0.027839,0,7,0,7,2.094506,0.352017,1.739369,0.05885,10.201781,2.137916,0.399523
708,721,Princess-Mika,49Terrapins,1521,1430,31,0,1,0.02954,0.000102,35.723942,0.127864,1.148194,1,0,5.982826,0.017174,19,12,0,31,2.675279,0.628045,22.103264,0.05885,13.837886,2.660833,0.383543
708,729,Princess-Mika,Alexa,1521,1367,36,0,2,0.02954,0.023955,40.611249,0.124814,2.263937,1,1,3.761005,3.238995,32,4,0,36,2.147918,0.708166,35.499156,0.05885,5.441994,2.155651,0.382776
708,730,Princess-Mika,Deimos,1521,2155,1,0,0,0.02954,0.005359,5.699106,0.127192,0.173702,0,0,4.232251,0.767749,0,1,0,1,2.48574,0.025343,0.125222,0.05885,5.815928,2.405281,0.448612
708,732,Princess-Mika,GPT,1521,1830,1,0,0,0.02954,8.3e-05,5.724029,0.127866,0.148105,0,0,4.985927,0.014073,0,1,0,1,1.981001,0.144458,0.713788,0.05885,5.227362,2.198206,0.448612
708,759,Princess-Mika,BotTato,1521,1710,6,0,0,0.02954,0.006225,10.695014,0.127081,0.177905,0,0,4.129753,0.870247,0,6,0,6,2.51825,0.252,1.245172,0.05885,9.695978,2.485598,0.402359
708,779,Princess-Mika,oberon,1521,1472,39,4,1,0.02954,8.5e-05,43.724019,4.127866,1.148115,1,0,5.985581,0.014419,36,2,1,39,2.888265,0.570053,38.816717,1.05885,4.124433,2.869106,0.382406
708,797,Princess-Mika,WickedBot,1521,1707,8,0,0,0.02954,0.043299,12.519862,0.12234,0.357798,0,0,2.027769,2.972231,1,7,0,8,2.455527,0.25527,2.261325,0.05885,10.679825,2.439348,0.397274
708,809,Princess-Mika,PrimordialOrigin,1521,1258,38,1,6,0.02954,0.136344,42.080274,1.110442,6.809284,2,4,2.890379,8.109621,34,4,0,38,2.188445,0.819646,38.049993,0.05885,4.891157,2.194308,0.382523
708,813,Princess-Mika,MewCombatMicro,1521,1511,1,0,0,0.02954,0.004268,5.704257,0.127331,0.168412,0,0,4.368729,0.631271,1,0,0,1,1.156881,0.514387,3.541664,0.05885,2.399486,1.860101,0.448612
708,827,Princess-Mika,smokinggunbot,1521,1579,18,1,0,0.02954,8.2e-05,22.724033,1.127866,0.1481,0,0,4.986083,0.013917,2,16,0,18,3.07857,0.417298,4.061933,0.05885,18.879217,3.024638,0.38736
708,832,Princess-Mika,muravev,1521,1632,11,0,0,0.02954,0.001014,15.719634,0.127747,0.152619,0,0,4.834117,0.165883,2,9,0,11,2.621189,0.34548,3.707069,0.05885,12.234081,2.589766,0.392657
708,836,Princess-Mika,muravevTerran,1521,1477,8,0,0,0.02954,0.000366,12.722693,0.12783,0.149477,0,0,4.938764,0.061236,5,3,0,8,3.026051,0.562985,7.781792,0.05885,5.159358,2.922973,0.397274
708,858,Princess-Mika,Crawler,1521,1562,24,0,0,0.02954,0.00261,28.712093,0.127543,0.160364,0,0,4.594107,0.405893,1,23,0,24,1.905398,0.441269,3.180374,0.05885,25.760776,1.930483,0.385118
708,876,Princess-Mika,GenesisLotus,1521,1411,42,0,1,0.02954,0.009792,46.678163,0.126625,1.195212,1,0,4.755249,1.244751,12,29,1,42,2.243805,0.653217,15.227644,1.05885,30.713506,2.247296,0.382088
708,901,Princess-Mika,clone,1521,1667,11,0,0,0.02954,0.006192,15.695171,0.127085,0.177744,0,0,4.133598,0.866402,7,4,0,11,2.339875,0.301441,8.489467,0.05885,7.451683,2.340966,0.392657
708,930,Princess-Mika,SiriusBot,1521,1519,30,0,2,0.02954,8.3e-05,34.724032,0.127866,2.148101,2,0,6.986042,0.013958,11,18,1,30,2.620477,0.502878,13.484797,1.05885,20.456353,2.608078,0.383725
708,939,Princess-Mika,RustyNikolaj,1521,1539,25,2,0,0.02954,0.000102,29.72394,2.127864,0.148196,0,0,4.982747,0.017253,2,20,3,25,2.802749,0.474119,4.342693,3.05885,22.598457,2.778094,0.384842
708,940,Princess-Mika,Princess-Mika-Test,1521,1524,33,0,2,0.02954,0.032493,37.570912,0.123722,2.305366,1,1,3.38099,3.61901,17,16,0,33,2.495835,0.495683,19.449243,0.05885,18.491907,2.489718,0.38321
708,943,Princess-Mika,puck,1521,1529,36,2,2,0.02954,8.3e-05,40.724029,2.127866,2.148105,2,0,6.985916,0.014084,8,28,0,36,2.554305,0.488489,10.413698,0.05885,30.527452,2.546434,0.382776
708,948,Princess-Mika,titania,1521,1185,23,0,2,0.02954,0.000157,27.723679,0.127857,2.148464,2,0,6.973496,0.026504,21,2,0,23,2.667684,0.87371,25.317134,0.05885,2.624016,2.648957,0.385416
708,953,Princess-Mika,ZeratulsRevengeTest,1521,1702,2,0,0,0.02954,0.000163,6.723654,0.127856,0.14849,0,0,4.972607,0.027393,0,2,0,2,1.901136,0.26078,1.288552,0.05885,5.652598,2.088551,0.429209
708,959,Princess-Mika,ur_moms_a_ho,1521,1600,0,0,0,0.02954,0.022196,4.61956,0.125039,0.255402,0,0,2.854879,2.145121,0,0,0,0,,0.388229,1.9183,0.05885,3.02285,2.349308,0.491916
708,960,Princess-Mika,BigDaddy,1521,1637,16,0,0,0.02954,0.006779,20.692396,0.12701,0.180594,0,0,4.066742,0.933258,0,16,0,16,1.758598,0.339001,1.675054,0.05885,19.266096,1.807294,0.388445
708,961,Princess-Mika,AvocaDOS,1521,1751,8,0,0,0.02954,0.000833,12.720485,0.12777,0.151744,0,0,4.862801,0.137199,1,7,0,8,2.125692,0.210156,2.038411,0.05885,10.902739,2.159752,0.397274
708,962,Princess-Mika,AvocaDEV,1521,1700,3,0,0,0.02954,0.057896,7.450896,0.120473,0.428631,0,0,1.689227,3.310773,0,3,0,3,2.347863,0.263005,1.299548,0.05885,6.641602,2.348331,0.418169
708,966,Princess-Mika,ArgoBot,1521,1909,0,0,0,0.02954,8.5e-05,4.72402,0.127866,0.148114,0,0,4.985614,0.014386,0,0,0,0,,0.096782,0.478212,0.05885,4.462938,2.349308,0.491916
708,970,Princess-Mika,TheLAW,1521,1576,19,0,1,0.02954,0.05452,23.466849,0.120905,1.412246,1,0,2.757084,3.242916,3,16,0,19,2.237122,0.421503,5.082711,0.05885,18.858439,2.245012,0.386896
708,971,Princess-Mika,Nothing,1521,1570,15,0,0,0.02954,0.00831,19.685161,0.126814,0.188025,0,0,3.902207,1.097793,8,7,0,15,2.221506,0.429947,10.124433,0.05885,9.816717,2.232682,0.389085
708,977,Princess-Mika,Siriusly,1521,1392,33,0,2,0.02954,0.001619,37.716775,0.12767,2.155555,2,0,6.740226,0.259774,25,8,0,33,2.096179,0.677561,28.347928,0.05885,9.593222,2.106745,0.38321
708,981,Princess-Mika,KoB,1521,1499,26,0,1,0.02954,0.001616,30.716787,0.12767,1.155543,1,0,5.740604,0.259396,15,11,0,26,2.303365,0.531618,17.626806,0.05885,13.314344,2.305772,0.384586
708,998,Princess-Mika,LordSuperKing,1521,1656,3,0,0,0.02954,0.000132,7.723799,0.12786,0.148341,0,0,4.977737,0.022263,0,3,0,3,2.531476,0.31494,1.556168,0.05885,6.384982,2.472465,0.418169
708,1007,Princess-Mika,SharkGull,1521,1605,6,0,0,0.02954,0.000223,10.72337,0.127848,0.148781,0,0,4.962562,0.037438,0,6,0,6,1.884426,0.381416,1.884633,0.05885,9.056517,1.974275,0.402359
708,1008,Princess-Mika,Creepy_canon,1521,1587,0,0,1,0.02954,0.074065,4.374507,0.118406,1.507087,0,1,1.425603,4.574397,0,0,0,0,,0.406145,2.006821,0.05885,2.934329,2.349308,0.491916
708,1023,Princess-Mika,MY_SCRIPTING_SON,1521,1275,26,0,18,0.02954,0.333918,29.146853,0.085177,19.767971,2,16,2.406374,20.593626,19,7,0,26,2.25937,0.804725,22.976265,0.05885,7.964885,2.264082,0.384586
708,1026,Princess-Mika,WildLupo,1521,1199,38,0,5,0.02954,0.018371,42.63763,0.125528,5.236843,4,1,7.082787,2.917213,38,0,0,38,2.465725,0.864547,42.271856,0.05885,0.669294,2.461482,0.382523
708,1029,Princess-Mika,Chomppet,1521,1600,0,0,0,0.02954,0.022196,4.61956,0.125039,0.255402,0,0,2.854879,2.145121,0,0,0,0,,0.388229,1.9183,0.05885,3.02285,2.349308,0.491916
708,1030,Princess-Mika,who,1521,1924,1,0,0,0.02954,8.3e-05,5.72403,0.127866,0.148104,0,0,4.985948,0.014052,0,1,0,1,1.93586,0.089492,0.442193,0.05885,5.498957,2.179686,0.448612
708,1032,Princess-Mika,WaterLeak,1521,1607,8,0,0,0.02954,8.4e-05,12.724025,0.127866,0.148109,0,0,4.985777,0.014223,0,8,0,8,1.841163,0.378703,1.87123,0.05885,11.06992,1.918561,0.397274
708,1038,Princess-Mika,PolyMorph,1521,1463,34,0,4,0.02954,0.001586,38.71693,0.127674,4.155396,4,0,8.745228,0.254772,29,5,0,34,2.507124,0.582702,31.879217,0.05885,7.061933,2.500723,0.383057
708,1042,Princess-Mika,Creepy_duo_canon,1521,1386,28,0,1,0.02954,0.104041,32.232888,0.114572,1.65254,0,1,1.105694,4.894306,11,17,0,28,1.88894,0.68506,14.384982,0.05885,18.556168,1.91142,0.384127
708,1044,Princess-Mika,DoopyBot,1521,1418,30,1,0,0.02954,0.009666,34.678759,1.126641,0.1946,0,0,3.767321,1.232679,19,11,0,30,2.611394,0.644034,22.182268,0.05885,12.758882,2.59941,0.383725
708,1045,Princess-Mika,tito,1521,1801,4,0,0,0.02954,0.000837,8.720471,0.12777,0.151759,0,0,4.862298,0.137702,2,2,0,4,2.431747,0.166338,2.821899,0.05885,6.119251,2.409953,0.411036
708,1049,Princess-Mika,TheCatSC2Bot,1521,970,42,0,3,0.02954,0.003084,46.709853,0.127483,3.162665,3,0,7.527341,0.472659,42,0,0,42,2.11072,0.95976,46.742316,0.05885,0.198834,2.118616,0.382088
708,1050,Princess-Mika,onlyfans,1521,1517,22,1,3,0.02954,8.7e-05,26.724014,1.127866,3.14812,3,0,7.985379,0.014621,7,15,0,22,2.45214,0.505756,9.499017,0.05885,17.442133,2.445833,0.385739
708,1052,Princess-Mika,Starlight,1521,1204,38,0,0,0.02954,9.3e-05,42.723984,0.127865,0.148151,0,0,4.98433,0.01567,37,1,0,38,2.14241,0.861141,41.255027,0.05885,1.686123,2.149951,0.382523
708,1054,Princess-Mika,JimmyBotZ,1521,1724,14,0,0,0.02954,0.005286,18.699448,0.127201,0.173351,0,0,4.241046,0.758954,3,11,0,14,1.847261,0.237115,4.171621,0.05885,14.769529,1.894009,0.389807
708,1056,Princess-Mika,bilisaur,1521,1600,0,0,0,0.02954,0.022196,4.61956,0.125039,0.255402,0,0,2.854879,2.145121,0,0,0,0,,0.388229,1.9183,0.05885,3.02285,2.349308,0.491916
708,1057,Princess-Mika,DoopyBot-Test,1521,1238,31,0,0,0.02954,0.023755,35.612196,0.124839,0.262965,0,0,2.771385,2.228615,29,2,0,31,2.653941,0.836043,33.131016,0.05885,2.810134,2.640441,0.383543
708,1058,Princess-Mika,JimmyBotP,1521,1711,18,0,1,0.02954,0.005341,22.699192,0.127194,1.173614,1,0,5.234443,0.765557,10,8,0,18,2.353409,0.250917,11.239818,0.05885,11.701332,2.353106,0.38736
708,1059,Princess-Mika,NextProBot,1521,1600,0,0,0,0.02954,0.022196,4.61956,0.125039,0.255402,0,0,2.854879,2.145121,0,0,0,0,,0.388229,1.9183,0.05885,3.02285,2.349308,0.491916
708,1060,Princess-Mika,WildFire,1521,1709,7,0,0,0.02954,0.00012,11.723854,0.127862,0.148284,0,0,4.979709,0.020291,0,7,0,7,1.883496,0.253087,1.250541,0.05885,10.690609,1.962855,0.399523
708,1065,Princess-Mika,MindMatrix,1521,1514,16,0,0,0.02954,0.010709,20.673828,0.126507,0.199665,0,0,3.669629,1.330371,11,5,0,16,2.345587,0.510072,13.520344,0.05885,7.420806,2.345893,0.388445
708,1066,Princess-Mika,CompetitiveBotTest,1521,1482,1,0,0,0.02954,0.003699,5.706946,0.127404,0.16565,0,0,4.443531,0.556469,1,0,0,1,1.388791,0.555891,3.746741,0.05885,2.194409,1.955245,0.448612
708,1067,Princess-Mika,Hello_world,1521,1600,0,0,0,0.02954,0.022196,4.61956,0.125039,0.255402,0,0,2.854879,2.145121,0,0,0,0,,0.388229,1.9183,0.05885,3.02285,2.349308,0.491916
708,1078,Princess-Mika,LoremIpsum,1521,1242,17,0,0,0.02954,0.000201,21.723475,0.127851,0.148674,0,0,4.966261,0.033739,17,0,0,17,2.145634,0.832863,21.115299,0.05885,0.825851,2.161513,0.387873
708,1079,Princess-Mika,JimmyBotT,1521,1675,6,0,0,0.02954,0.000205,10.723456,0.127851,0.148694,0,0,4.96558,0.03442,1,5,0,6,2.471891,0.291834,2.441994,0.05885,8.499156,2.448199,0.402359
708,1080,Princess-Mika,JimmyBot,1521,1675,6,1,0,0.02954,0.003888,10.706056,1.12738,0.166564,0,0,4.418502,0.581498,2,4,0,6,2.243046,0.291834,3.441994,0.05885,7.499156,2.263583,0.402359
708,1081,Princess-Mika,ArtZerg,1521,1537,4,1,0,0.02954,0.000199,8.723482,1.127851,0.148667,0,0,4.966501,0.033499,1,3,0,4,2.081327,0.47699,3.356881,0.05885,5.584269,2.152172,0.411036
708,1082,Princess-Mika,Dasyatis,1521,1573,6,1,0,0.02954,0.048918,10.493313,1.121621,0.385065,0,0,1.882534,3.117466,1,4,1,6,2.45812,0.42572,3.103545,1.05885,6.837605,2.437089,0.402359
708,1084,Princess-Mika,ZippyZap,1521,1457,0,0,0,0.02954,0.84229,0.74509,0.020168,4.234742,0,0,0.169414,4.830586,0,0,0,0,,0.591076,2.920593,0.05885,2.020557,2.349308,0.491916
708,1085,Princess-Mika,AgoraLord,1521,1430,3,0,0,0.02954,0.000933,7.720017,0.127758,0.152225,0,0,4.846977,0.153023,3,0,0,3,2.997578,0.628045,6.103264,0.05885,1.837886,2.787578,0.418169
708,1086,Princess-Mika,CherBoiBlue,1521,1500,0,0,1,0.02954,0.222218,3.674571,0.09946,2.225969,0,1,0.586674,5.413326,0,0,0,0,,0.530185,2.619722,0.05885,2.321428,2.349308,0.491916
708,1087,Princess-Mika,SwarmLord2,1521,1533,1,0,0,0.02954,0.003699,5.706946,0.127404,0.16565,0,0,4.443531,0.556469,1,0,0,1,1.401183,0.482737,3.385278,0.05885,2.555872,1.960328,0.448612
708,1088,Princess-Mika,SwarmLord3,1521,1562,0,0,0,0.02954,0.003468,4.708038,0.127433,0.164528,0,0,4.474656,0.525344,0,0,0,0,,0.441269,2.180374,0.05885,2.760776,2.349308,0.491916
708,1089,Princess-Mika,WorkingAsIntended,1521,1596,1,0,0,0.02954,0.041392,5.528871,0.122584,0.348545,0,0,2.082284,2.917716,0,1,0,1,1.930071,0.393712,1.945391,0.05885,3.995759,2.177311,0.448612
709,718,Laser-Circus,Mulebot,1211,1689,0,0,0,0.290524,0.004543,3.438201,0.093062,1.468736,0,0,4.923009,0.076991,0,0,0,0,,0.059997,0.296454,0.05885,4.644696,2.349308,0.491916
709,720,Laser-Circus,PiG_Bot,1211,1627,0,0,0,0.290524,0.000165,3.453323,0.093472,1.453205,0,0,4.997155,0.002845,0,0,0,0,,0.083579,0.412975,0.05885,4.528175,2.349308,0.491916
709,721,Laser-Circus,49Terrapins,1211,1430,2,0,1,0.290524,0.000102,5.453542,0.093478,2.45298,1,0,5.998248,0.001752,0,2,0,2,3.035361,0.220859,1.091299,0.05885,5.849851,2.74847,0.429209
709,729,Laser-Circus,Alexa,1211,1367,0,0,0,0.290524,0.023955,3.371156,0.091248,1.537596,0,0,4.619131,0.380869,0,0,0,0,,0.28946,1.430265,0.05885,3.510885,2.349308,0.491916
709,730,Laser-Circus,Deimos,1211,2155,0,0,0,0.290524,0.005359,3.435386,0.092986,1.471628,0,0,4.909446,0.090554,0,0,0,0,,0.004346,0.021475,0.05885,4.919675,2.349308,0.491916
709,732,Laser-Circus,GPT,1211,1830,1,0,0,0.290524,8.3e-05,4.453606,0.093479,1.452914,0,0,4.998565,0.001435,0,1,0,1,2.075684,0.027565,0.136204,0.05885,5.804946,2.237051,0.448612
709,759,Laser-Circus,BotTato,1211,1710,0,0,0,0.290524,0.006225,3.432394,0.092905,1.474701,0,0,4.895116,0.104884,0,0,0,0,,0.053531,0.264505,0.05885,4.676645,2.349308,0.491916
709,779,Laser-Circus,oberon,1211,1472,6,5,1,0.290524,8.5e-05,9.453599,5.093479,2.452922,1,0,5.99853,0.00147,2,3,1,6,3.121252,0.182062,2.899597,1.05885,7.041553,2.972056,0.402359
709,797,Laser-Circus,WickedBot,1211,1707,0,0,0,0.290524,0.043299,3.304345,0.089439,1.606216,0,0,4.351471,0.648529,0,0,0,0,,0.054413,0.268862,0.05885,4.672288,2.349308,0.491916
709,809,Laser-Circus,PrimordialOrigin,1211,1258,5,0,6,0.290524,0.136344,7.982975,0.080741,7.936284,5,1,8.402968,2.597032,0,5,0,5,2.341193,0.432771,2.138387,0.05885,7.802763,2.343005,0.406046
709,813,Laser-Circus,MewCombatMicro,1211,1511,0,0,1,0.290524,0.004268,3.439151,0.093088,2.46776,1,0,5.927602,0.072398,0,0,0,0,,0.15098,0.746013,0.05885,4.195137,2.349308,0.491916
709,827,Laser-Circus,smokinggunbot,1211,1579,1,0,1,0.290524,8.2e-05,4.453609,0.09348,2.452911,1,0,5.998581,0.001419,0,1,0,1,1.736951,0.107323,0.530301,0.05885,5.410849,2.098081,0.448612
709,832,Laser-Circus,muravev,1211,1632,0,0,0,0.290524,0.001014,3.450393,0.093392,1.456214,0,0,4.982615,0.017385,0,0,0,0,,0.0814,0.402211,0.05885,4.538939,2.349308,0.491916
709,836,Laser-Circus,muravevTerran,1211,1477,0,0,0,0.290524,0.000366,3.452629,0.093453,1.453918,0,0,4.993704,0.006296,0,0,0,0,,0.177815,0.878613,0.05885,4.062537,2.349308,0.491916
709,858,Laser-Circus,Crawler,1211,1562,2,0,1,0.290524,0.00261,5.44488,0.093243,2.461877,0,1,4.955483,1.044517,0,2,0,2,1.477377,0.117065,0.578438,0.05885,6.362712,1.841998,0.429209
709,876,Laser-Circus,GenesisLotus,1211,1411,8,0,1,0.290524,0.009792,11.420075,0.092572,2.487353,1,0,5.836978,0.163022,0,8,0,8,2.222803,0.240253,1.187126,0.05885,11.754024,2.242072,0.397274
709,901,Laser-Circus,clone,1211,1667,1,0,0,0.290524,0.006192,4.432509,0.092908,1.474583,0,0,4.895665,0.104335,0,1,0,1,1.722767,0.06755,0.333775,0.05885,5.607375,2.092262,0.448612
709,930,Laser-Circus,SiriusBot,1211,1519,2,0,1,0.290524,8.3e-05,5.453609,0.09348,2.452912,1,0,5.998577,0.001423,0,2,0,2,2.035333,0.145171,0.717311,0.05885,6.223839,2.16663,0.429209
709,939,Laser-Circus,RustyNikolaj,1211,1539,4,0,1,0.290524,0.000102,7.453541,0.093478,2.452981,1,0,5.99824,0.00176,0,4,0,4,2.480698,0.131459,0.649559,0.05885,8.291591,2.445963,0.411036
709,940,Laser-Circus,Princess-Mika-Test,1211,1524,3,0,3,0.290524,0.032493,6.341667,0.09045,4.567884,3,0,7.497038,0.502962,0,3,0,3,2.424586,0.141635,0.699842,0.05885,7.241308,2.400201,0.418169
709,943,Laser-Circus,puck,1211,1529,6,0,4,0.290524,8.3e-05,9.453606,0.093479,5.452915,4,0,8.998564,0.001436,0,6,0,6,2.431957,0.138172,0.682729,0.05885,10.258421,2.415983,0.402359
709,948,Laser-Circus,titania,1211,1185,5,1,5,0.290524,0.000157,8.45335,1.093473,6.453177,5,0,9.997292,0.002708,3,2,0,5,2.548091,0.537347,5.655114,0.05885,4.286036,2.503704,0.406046
709,953,Laser-Circus,ZeratulsRevengeTest,1211,1702,1,0,0,0.290524,0.000163,4.453332,0.093472,1.453196,0,0,4.997201,0.002799,0,1,0,1,1.20896,0.055913,0.276274,0.05885,5.664876,1.881467,0.448612
709,959,Laser-Circus,ur_moms_a_ho,1211,1600,0,0,0,0.290524,0.022196,3.377232,0.091412,1.531356,0,0,4.645114,0.354886,0,0,0,0,,0.09628,0.475732,0.05885,4.465418,2.349308,0.491916
709,960,Laser-Circus,BigDaddy,1211,1637,0,0,0,0.290524,0.006779,3.43048,0.092853,1.476666,0,0,4.885992,0.114008,0,0,0,0,,0.079274,0.391704,0.05885,4.549446,2.349308,0.491916
709,961,Laser-Circus,AvocaDOS,1211,1751,1,0,0,0.290524,0.000833,4.451016,0.093409,1.455575,0,0,4.985697,0.014303,0,1,0,1,2.135349,0.042758,0.211276,0.05885,5.729874,2.261529,0.448612
709,962,Laser-Circus,AvocaDEV,1211,1700,0,0,1,0.290524,0.057896,3.253926,0.088075,2.657999,1,0,5.169157,0.830843,0,0,0,0,,0.056524,0.279292,0.05885,4.661858,2.349308,0.491916
709,966,Laser-Circus,ArgoBot,1211,1909,1,0,0,0.290524,8.5e-05,4.4536,0.093479,1.452921,0,0,4.998533,0.001467,0,1,0,1,2.352327,0.017671,0.087314,0.05885,5.853836,2.350547,0.448612
709,970,Laser-Circus,TheLAW,1211,1576,3,0,0,0.290524,0.05452,6.265589,0.08839,1.646021,0,0,4.209958,0.790042,0,3,0,3,2.077554,0.108989,0.538531,0.05885,7.402619,2.165586,0.418169
709,971,Laser-Circus,Nothing,1211,1570,1,0,0,0.290524,0.00831,4.425191,0.09271,1.482099,0,0,4.860953,0.139047,0,1,0,1,2.059239,0.112389,0.55533,0.05885,5.38582,2.230304,0.448612
709,977,Laser-Circus,Siriusly,1211,1392,8,0,2,0.290524,0.001619,11.448303,0.093336,3.458361,2,0,6.972293,0.027707,3,5,0,8,2.545557,0.26078,4.288552,0.05885,8.652598,2.515665,0.397274
709,981,Laser-Circus,KoB,1211,1499,1,0,0,0.290524,0.001616,4.448311,0.093336,1.458352,0,0,4.972336,0.027664,0,1,0,1,1.617406,0.160049,0.790828,0.05885,5.150322,2.049036,0.448612
709,998,Laser-Circus,LordSuperKing,1211,1656,0,0,0,0.290524,0.000132,3.453438,0.093475,1.453087,0,0,4.997727,0.002273,0,0,0,0,,0.071649,0.35403,0.05885,4.58712,2.349308,0.491916
709,1007,Laser-Circus,SharkGull,1211,1605,0,0,0,0.290524,0.000223,3.453124,0.093466,1.453409,0,0,4.996168,0.003832,0,0,0,0,,0.093804,0.4635,0.05885,4.47765,2.349308,0.491916
709,1008,Laser-Circus,Creepy_canon,1211,1587,0,0,0,0.290524,0.074065,3.19808,0.086563,1.715357,0,0,3.984263,1.015737,0,0,0,0,,0.10299,0.508891,0.05885,4.432259,2.349308,0.491916
709,1023,Laser-Circus,MY_SCRIPTING_SON,1211,1275,7,0,4,0.290524,0.333918,9.300577,0.06227,6.637153,3,1,5.326268,3.673732,0,7,0,7,2.141384,0.408924,2.020557,0.05885,9.920593,2.176807,0.399523
709,1026,Laser-Circus,WildLupo,1211,1199,6,1,2,0.290524,0.018371,9.390442,1.09177,3.517788,2,0,6.70263,0.29737,2,4,0,6,3.01543,0.517263,4.555872,0.05885,6.385278,2.886686,0.402359
709,1029,Laser-Circus,Chomppet,1211,1600,0,0,0,0.290524,0.022196,3.377232,0.091412,1.531356,0,0,4.645114,0.354886,0,0,0,0,,0.09628,0.475732,0.05885,4.465418,2.349308,0.491916
709,1030,Laser-Circus,who,1211,1924,0,0,0,0.290524,8.3e-05,3.453607,0.093479,1.452914,0,0,4.998568,0.001432,0,0,0,0,,0.016233,0.080208,0.05885,4.860942,2.349308,0.491916
709,1032,Laser-Circus,WaterLeak,1211,1607,0,0,0,0.290524,8.4e-05,3.453603,0.093479,1.452918,0,0,4.99855,0.00145,0,0,0,0,,0.09283,0.458687,0.05885,4.482463,2.349308,0.491916
709,1038,Laser-Circus,PolyMorph,1211,1463,8,0,2,0.290524,0.001586,11.448416,0.093339,3.458245,2,0,6.972852,0.027148,0,8,0,8,2.792712,0.189905,0.938348,0.05885,12.002802,2.725175,0.397274
709,1042,Laser-Circus,Creepy_duo_canon,1211,1386,6,0,0,0.290524,0.104041,9.094546,0.083761,1.821693,0,0,3.681569,1.318431,0,6,0,6,1.617227,0.267493,1.321722,0.05885,9.619428,1.758719,0.402359
709,1044,Laser-Circus,DoopyBot,1211,1418,4,0,1,0.290524,0.009666,7.42051,0.092584,2.486906,1,0,5.839008,0.160992,0,4,0,4,2.124153,0.232975,1.151165,0.05885,7.789985,2.183676,0.411036
709,1045,Laser-Circus,tito,1211,1801,0,0,0,0.290524,0.000837,3.451005,0.093409,1.455586,0,0,4.985644,0.014356,0,0,0,0,,0.032411,0.160147,0.05885,4.781003,2.349308,0.491916
709,1049,Laser-Circus,TheCatSC2Bot,1211,970,9,2,0,0.290524,0.003084,12.443242,2.093199,1.463559,0,0,4.947481,0.052519,9,0,0,9,2.568354,0.800162,12.953721,0.05885,0.987429,2.538187,0.395447
709,1050,Laser-Circus,onlyfans,1211,1517,0,1,4,0.290524,8.7e-05,3.453595,1.093479,5.452926,4,0,8.998509,0.001491,0,0,0,0,,0.146605,0.724399,0.05885,4.216751,2.349308,0.491916
709,1052,Laser-Circus,Starlight,1211,1204,3,1,3,0.290524,9.3e-05,6.453573,1.093479,4.452948,3,0,7.998402,0.001598,0,3,0,3,2.553257,0.510072,2.520344,0.05885,5.420806,2.48719,0.418169
709,1054,Laser-Circus,JimmyBotZ,1211,1724,0,0,1,0.290524,0.005286,3.435636,0.092993,2.471371,1,0,5.910647,0.089353,0,0,0,0,,0.049592,0.245041,0.05885,4.696109,2.349308,0.491916
709,1056,Laser-Circus,bilisaur,1211,1600,0,0,0,0.290524,0.022196,3.377232,0.091412,1.531356,0,0,4.645114,0.354886,0,0,0,0,,0.09628,0.475732,0.05885,4.465418,2.349308,0.491916
709,1057,Laser-Circus,DoopyBot-Test,1211,1238,3,1,2,0.290524,0.023755,6.371848,1.091266,3.536885,2,0,6.622076,0.377924,0,3,0,3,2.34646,0.461222,2.278967,0.05885,5.662183,2.347383,0.418169
709,1058,Laser-Circus,JimmyBotP,1211,1711,3,0,3,0.290524,0.005341,6.435448,0.092988,4.471564,3,0,7.909745,0.090255,0,3,0,3,2.66676,0.05324,0.263068,0.05885,7.678082,2.563925,0.418169
709,1059,Laser-Circus,NextProBot,1211,1600,0,0,0,0.290524,0.022196,3.377232,0.091412,1.531356,0,0,4.645114,0.354886,0,0,0,0,,0.09628,0.475732,0.05885,4.465418,2.349308,0.491916
709,1060,Laser-Circus,WildFire,1211,1709,0,0,1,0.290524,0.00012,3.453478,0.093476,2.453046,1,0,5.997929,0.002071,0,0,0,0,,0.053824,0.26595,0.05885,4.6752,2.349308,0.491916
709,1065,Laser-Circus,MindMatrix,1211,1514,0,0,0,0.290524,0.010709,3.416905,0.092486,1.490609,0,0,4.822242,0.177758,0,0,0,0,,0.148779,0.73514,0.05885,4.20601,2.349308,0.491916
709,1066,Laser-Circus,CompetitiveBotTest,1211,1482,0,0,0,0.290524,0.003699,3.441117,0.093141,1.465742,0,0,4.937134,0.062866,0,0,0,0,,0.173646,0.858013,0.05885,4.083137,2.349308,0.491916
709,1067,Laser-Circus,Hello_world,1211,1600,0,0,0,0.290524,0.022196,3.377232,0.091412,1.531356,0,0,4.645114,0.354886,0,0,0,0,,0.09628,0.475732,0.05885,4.465418,2.349308,0.491916
709,1078,Laser-Circus,LoremIpsum,1211,1242,0,0,0,0.290524,0.000201,3.453201,0.093468,1.453331,0,0,4.996548,0.003452,0,0,0,0,,0.455505,2.250721,0.05885,2.690429,2.349308,0.491916
709,1079,Laser-Circus,JimmyBotT,1211,1675,0,0,0,0.290524,0.000205,3.453187,0.093468,1.453345,0,0,4.996478,0.003522,0,0,0,0,,0.064707,0.319725,0.05885,4.621425,2.349308,0.491916
709,1080,Laser-Circus,JimmyBot,1211,1675,0,0,0,0.290524,0.003888,3.440467,0.093124,1.46641,0,0,4.933976,0.066024,0,0,0,0,,0.064707,0.319725,0.05885,4.621425,2.349308,0.491916
709,1081,Laser-Circus,ArtZerg,1211,1537,0,0,0,0.290524,0.000199,3.453206,0.093469,1.453325,0,0,4.996573,0.003427,0,0,0,0,,0.132779,0.656081,0.05885,4.285069,2.349308,0.491916
709,1082,Laser-Circus,Dasyatis,1211,1573,0,0,0,0.290524,0.048918,3.284936,0.088914,1.62615,0,0,4.279433,0.720567,0,0,0,0,,0.110677,0.546874,0.05885,4.394276,2.349308,0.491916
709,1084,Laser-Circus,ZippyZap,1211,1457,0,0,0,0.290524,0.84229,0.544715,0.014744,4.440541,0,0,1.282311,3.717689,0,0,0,0,,0.195275,0.964885,0.05885,3.976265,2.349308,0.491916
709,1085,Laser-Circus,AgoraLord,1211,1430,0,0,0,0.290524,0.000933,3.450673,0.0934,1.455927,0,0,4.984001,0.015999,0,0,0,0,,0.220859,1.091299,0.05885,3.849851,2.349308,0.491916
709,1086,Laser-Circus,CherBoiBlue,1211,1500,0,0,0,0.290524,0.222218,2.686376,0.072713,2.240911,0,0,2.833041,2.166959,0,0,0,0,,0.159277,0.787011,0.05885,4.154139,2.349308,0.491916
709,1087,Laser-Circus,SwarmLord2,1211,1533,0,0,0,0.290524,0.003699,3.441117,0.093141,1.465742,0,0,4.937134,0.062866,0,0,0,0,,0.135453,0.669294,0.05885,4.271856,2.349308,0.491916
709,1088,Laser-Circus,SwarmLord3,1211,1562,0,0,0,0.290524,0.003468,3.441916,0.093163,1.464921,0,0,4.941017,0.058983,0,0,0,0,,0.117065,0.578438,0.05885,4.362712,2.349308,0.491916
709,1089,Laser-Circus,WorkingAsIntended,1211,1596,0,0,0,0.290524,0.041392,3.310931,0.089618,1.599451,0,0,4.376471,0.623529,0,0,0,0,,0.098302,0.485724,0.05885,4.455426,2.349308,0.491916
718,720,Mulebot,PiG_Bot,1689,1627,21,0,0,0.004543,0.000165,25.84531,0.131149,0.023541,0,0,4.82438,0.17562,16,5,0,21,2.261072,0.58829,18.906829,0.05885,7.034321,2.266725,0.38609
718,721,Mulebot,49Terrapins,1689,1430,6,0,1,0.004543,0.000102,10.845619,0.131157,1.023224,1,0,5.890409,0.109591,2,4,0,6,2.49932,0.816217,6.03305,0.05885,4.9081,2.470326,0.402359
718,729,Mulebot,Alexa,1689,1367,0,0,0,0.004543,0.023955,4.730023,0.128028,0.141948,0,0,0.797143,4.202857,0,0,0,0,,0.864547,4.271856,0.05885,0.669294,2.349308,0.491916
718,730,Mulebot,Deimos,1689,2155,16,0,0,0.004543,0.005359,20.820143,0.130468,0.049389,0,0,2.294184,2.705816,0,16,0,16,2.333141,0.064013,0.316299,0.05885,20.624851,2.334474,0.388445
718,732,Mulebot,GPT,1689,1830,19,0,0,0.004543,8.3e-05,23.845708,0.13116,0.023132,0,0,4.909895,0.090105,10,9,0,19,2.345882,0.307537,11.519585,0.05885,12.421565,2.346123,0.386896
718,759,Mulebot,BotTato,1689,1710,27,0,0,0.004543,0.006225,31.815946,0.130354,0.0537,0,0,2.109649,2.890351,4,23,0,27,2.565225,0.469815,6.321428,0.05885,25.619722,2.55431,0.384349
718,779,Mulebot,oberon,1689,1472,0,0,0,0.004543,8.5e-05,4.845698,0.131159,0.023143,0,0,4.907716,0.092284,0,0,0,0,,0.777153,3.84003,0.05885,1.10112,2.349308,0.491916
718,797,Mulebot,WickedBot,1689,1707,21,0,2,0.004543,0.043299,25.636282,0.125491,2.238227,0,2,0.47484,6.52516,9,12,0,21,2.525246,0.474119,11.342693,0.05885,14.598457,2.513975,0.38609
718,809,Mulebot,PrimordialOrigin,1689,1258,0,0,0,0.004543,0.136344,4.185372,0.113286,0.701342,0,0,0.161244,4.838756,0,0,0,0,,0.922802,4.559701,0.05885,0.381449,2.349308,0.491916
718,813,Mulebot,MewCombatMicro,1689,1511,0,0,0,0.004543,0.004268,4.825426,0.130611,0.043963,0,0,2.578024,2.421976,0,0,0,0,,0.735877,3.636081,0.05885,1.305069,2.349308,0.491916
718,827,Mulebot,smokinggunbot,1689,1579,42,0,0,0.004543,8.2e-05,46.845712,0.13116,0.023128,0,0,4.910881,0.089119,37,4,1,42,2.402792,0.653217,40.227644,1.05885,5.713506,2.401022,0.382088
718,832,Mulebot,muravev,1689,1632,35,1,0,0.004543,0.001014,39.8412,1.131038,0.027763,0,0,4.08796,0.91204,18,17,0,35,2.73119,0.581301,20.872298,0.05885,19.068852,2.716125,0.382913
718,836,Mulebot,muravevTerran,1689,1477,2,0,0,0.004543,0.000366,6.844337,0.131123,0.02454,0,0,4.626997,0.373003,2,0,0,2,2.022299,0.772129,5.815204,0.05885,1.125946,2.159046,0.429209
718,858,Mulebot,Crawler,1689,1562,29,1,0,0.004543,0.00261,33.833464,1.130828,0.035708,0,0,3.175765,1.824235,26,3,0,29,2.396687,0.67504,29.335475,0.05885,4.605675,2.39445,0.383919
718,876,Mulebot,GenesisLotus,1689,1411,2,0,0,0.004543,0.009792,6.798661,0.129886,0.071453,0,0,1.584739,3.415261,2,0,0,2,2.730235,0.83206,6.111332,0.05885,0.829818,2.570941,0.429209
718,901,Mulebot,clone,1689,1667,35,0,0,0.004543,0.006192,39.816107,0.130359,0.053535,0,0,2.116186,2.883814,18,17,0,35,2.331267,0.531618,20.626806,0.05885,19.314344,2.331979,0.382913
718,930,Mulebot,SiriusBot,1689,1519,22,0,0,0.004543,8.3e-05,26.845711,0.13116,0.023129,0,0,4.91062,0.08938,16,6,0,22,2.248609,0.72683,19.591376,0.05885,7.349774,2.254785,0.385739
718,939,Mulebot,RustyNikolaj,1689,1539,12,0,0,0.004543,0.000102,16.845616,0.131157,0.023227,0,0,4.889915,0.110085,9,3,0,12,3.054138,0.703385,12.475531,0.05885,4.465619,2.978739,0.391568
718,940,Mulebot,Princess-Mika-Test,1689,1524,14,0,0,0.004543,0.032493,18.688647,0.126909,0.184444,0,0,0.613378,4.386622,10,4,0,14,2.288787,0.721078,13.562956,0.05885,5.378194,2.294422,0.389807
718,943,Mulebot,puck,1689,1529,10,0,0,0.004543,8.3e-05,14.845708,0.13116,0.023133,0,0,4.909828,0.090172,9,1,0,10,2.516937,0.715253,12.534171,0.05885,2.406979,2.495869,0.393932
718,948,Mulebot,titania,1689,1185,1,0,0,0.004543,0.000157,5.845349,0.13115,0.023501,0,0,4.832566,0.167434,1,0,0,1,2.706716,0.947909,5.683758,0.05885,0.257392,2.495939,0.448612
718,953,Mulebot,ZeratulsRevengeTest,1689,1702,8,0,0,0.004543,0.000163,12.845323,0.131149,0.023527,0,0,4.827114,0.172886,4,4,0,8,2.304772,0.4813,6.378177,0.05885,6.562973,2.311555,0.397274
718,959,Mulebot,ur_moms_a_ho,1689,1600,0,0,0,0.004543,0.022196,4.738548,0.128259,0.133193,0,0,0.849583,4.150417,0,0,0,0,,0.625351,3.089955,0.05885,1.851195,2.349308,0.491916
718,960,Mulebot,BigDaddy,1689,1637,46,0,0,0.004543,0.006779,50.81326,0.130281,0.056458,0,0,2.006397,2.993603,23,22,1,46,1.995905,0.57428,25.837605,1.05885,24.103545,2.006614,0.381725
718,961,Mulebot,AvocaDOS,1689,1751,22,0,0,0.004543,0.000833,26.842073,0.131061,0.026866,0,0,4.224981,0.775019,11,11,0,22,2.492244,0.41171,13.034321,0.05885,13.906829,2.483477,0.385739
718,962,Mulebot,AvocaDEV,1689,1700,5,0,1,0.004543,0.057896,9.565539,0.123576,1.310885,0,1,0.363828,5.636172,4,1,0,5,2.282644,0.484175,6.392381,0.05885,3.548769,2.29753,0.406046
718,966,Mulebot,ArgoBot,1689,1909,15,0,0,0.004543,8.5e-05,19.845699,0.13116,0.023142,0,0,4.907925,0.092075,3,12,0,15,2.697209,0.21987,4.086413,0.05885,15.854737,2.666785,0.389085
718,970,Mulebot,TheLAW,1689,1576,42,0,2,0.004543,0.05452,46.581903,0.124019,2.294078,0,2,0.384628,6.615372,23,19,0,42,2.287221,0.657119,26.246922,0.05885,20.694228,2.289276,0.382088
718,971,Mulebot,Nothing,1689,1570,43,0,0,0.004543,0.00831,47.805839,0.130081,0.064081,0,0,1.76736,3.23264,21,22,0,43,2.361374,0.664858,24.285163,0.05885,23.655987,2.360983,0.381991
718,977,Mulebot,Siriusly,1689,1392,2,0,0,0.004543,0.001619,6.838267,0.130958,0.030775,0,0,3.686495,1.313505,2,0,0,2,2.171116,0.846793,6.184133,0.05885,0.757017,2.245632,0.429209
718,981,Mulebot,KoB,1689,1499,20,0,0,0.004543,0.001616,24.838279,0.130959,0.030763,0,0,3.687979,1.312021,16,3,1,20,2.297571,0.749083,19.701332,1.05885,4.239818,2.30104,0.386474
718,998,Mulebot,LordSuperKing,1689,1656,21,0,0,0.004543,0.000132,25.845472,0.131153,0.023375,0,0,4.858714,0.141286,5,16,0,21,2.653458,0.547349,7.704531,0.05885,18.236619,2.633973,0.38609
718,1007,Mulebot,SharkGull,1689,1605,15,0,0,0.004543,0.000223,19.845032,0.131141,0.023827,0,0,4.766223,0.233777,8,7,0,15,2.294392,0.618584,11.056517,0.05885,8.884633,2.299194,0.389085
718,1008,Mulebot,Creepy_canon,1689,1587,0,0,0,0.004543,0.074065,4.487183,0.121455,0.391361,0,0,0.288993,4.711007,0,0,0,0,,0.642713,3.175742,0.05885,1.765408,2.349308,0.491916
718,1023,Mulebot,MY_SCRIPTING_SON,1689,1275,1,0,1,0.004543,0.333918,4.227908,0.08737,2.684722,0,1,0.06712,5.93288,1,0,0,1,2.851862,0.915535,5.523797,0.05885,0.417353,2.555487,0.448612
718,1026,Mulebot,WildLupo,1689,1199,0,0,0,0.004543,0.018371,4.757083,0.128761,0.114156,0,0,0.99139,4.00861,0,0,0,0,,0.943782,4.663371,0.05885,0.277779,2.349308,0.491916
718,1029,Mulebot,Chomppet,1689,1600,0,0,0,0.004543,0.022196,4.738548,0.128259,0.133193,0,0,0.849583,4.150417,0,0,0,0,,0.625351,3.089955,0.05885,1.851195,2.349308,0.491916
718,1030,Mulebot,who,1689,1924,16,0,0,0.004543,8.3e-05,20.845708,0.13116,0.023132,0,0,4.910027,0.089973,0,15,1,16,2.096083,0.205418,1.015002,1.05885,18.926148,2.116958,0.388445
718,1032,Mulebot,WaterLeak,1689,1607,31,0,0,0.004543,8.4e-05,35.845704,0.13116,0.023137,0,0,4.908954,0.091046,22,8,1,31,2.599056,0.615864,25.043077,1.05885,9.898073,2.587988,0.383543
718,1038,Mulebot,PolyMorph,1689,1463,5,0,0,0.004543,0.001586,9.838426,0.130963,0.030611,0,0,3.706246,1.293754,5,0,0,5,2.296207,0.785997,8.883727,0.05885,1.057423,2.308064,0.406046
718,1042,Mulebot,Creepy_duo_canon,1689,1386,1,0,0,0.004543,0.104041,5.341916,0.117524,0.540561,0,0,0.209213,4.790787,1,0,0,1,2.585506,0.851221,5.20601,0.05885,0.73514,2.446211,0.448612
718,1044,Mulebot,DoopyBot,1689,1418,12,0,0,0.004543,0.009666,16.799271,0.129903,0.070826,0,0,1.598796,3.401204,11,1,0,12,2.431341,0.826354,15.083137,0.05885,1.858013,2.422565,0.391568
718,1045,Mulebot,tito,1689,1801,20,0,0,0.004543,0.000837,24.842058,0.131061,0.026881,0,0,4.222517,0.777483,4,16,0,20,2.30977,0.344179,5.700643,0.05885,19.240507,2.312421,0.386474
718,1049,Mulebot,TheCatSC2Bot,1689,970,0,0,0,0.004543,0.003084,4.831166,0.130766,0.038067,0,0,2.97836,2.02164,0,0,0,0,,0.98431,4.863622,0.05885,0.077528,2.349308,0.491916
718,1050,Mulebot,onlyfans,1689,1517,17,0,0,0.004543,8.7e-05,21.845692,0.131159,0.023149,0,0,4.906444,0.093556,12,5,0,17,2.614629,0.72911,15.602642,0.05885,6.338508,2.593943,0.387873
718,1052,Mulebot,Starlight,1689,1204,1,0,0,0.004543,9.3e-05,5.845662,0.131159,0.02318,0,0,4.899845,0.100155,1,0,0,1,1.93297,0.942236,5.655728,0.05885,0.285422,2.1785,0.448612
718,1054,Mulebot,JimmyBotZ,1689,1724,31,0,0,0.004543,0.005286,35.820494,0.130477,0.049029,0,0,2.311076,2.688924,19,11,1,31,2.30818,0.449801,21.222532,1.05885,13.718618,2.310002,0.383543
718,1056,Mulebot,bilisaur,1689,1600,0,0,0,0.004543,0.022196,4.738548,0.128259,0.133193,0,0,0.849583,4.150417,0,0,0,0,,0.625351,3.089955,0.05885,1.851195,2.349308,0.491916
718,1057,Mulebot,DoopyBot-Test,1689,1238,4,0,0,0.004543,0.023755,8.730994,0.128055,0.140951,0,0,0.802788,4.197212,4,0,0,4,2.484684,0.930614,8.598305,0.05885,0.342845,2.448896,0.411036
718,1058,Mulebot,JimmyBotP,1689,1711,15,0,0,0.004543,0.005341,19.820231,0.13047,0.049299,0,0,2.298376,2.701624,7,8,0,15,2.482332,0.468382,9.314344,0.05885,10.626806,2.470699,0.389085
718,1059,Mulebot,NextProBot,1689,1600,0,0,0,0.004543,0.022196,4.738548,0.128259,0.133193,0,0,0.849583,4.150417,0,0,0,0,,0.625351,3.089955,0.05885,1.851195,2.349308,0.491916
718,1060,Mulebot,WildFire,1689,1709,18,2,0,0.004543,0.00012,22.845529,2.131155,0.023317,0,0,4.870956,0.129044,14,4,0,18,2.833545,0.471249,16.328514,0.05885,6.612636,2.797734,0.38736
718,1065,Mulebot,MindMatrix,1689,1514,6,0,0,0.004543,0.010709,10.794213,0.129766,0.076021,0,0,1.489393,3.510607,4,2,0,6,2.389994,0.732507,7.619428,0.05885,3.321722,2.38213,0.402359
718,1066,Mulebot,CompetitiveBotTest,1689,1482,0,0,0,0.004543,0.003699,4.828185,0.130685,0.04113,0,0,2.756025,2.243975,0,0,0,0,,0.767025,3.789985,0.05885,1.151165,2.349308,0.491916
718,1067,Mulebot,Hello_world,1689,1600,0,0,0,0.004543,0.022196,4.738548,0.128259,0.133193,0,0,0.849583,4.150417,0,0,0,0,,0.625351,3.089955,0.05885,1.851195,2.349308,0.491916
718,1078,Mulebot,LoremIpsum,1689,1242,0,0,0,0.004543,0.000201,4.845139,0.131144,0.023716,0,0,4.788491,0.211509,0,0,0,0,,0.929113,4.590885,0.05885,0.350265,2.349308,0.491916
718,1079,Mulebot,JimmyBotT,1689,1675,16,0,0,0.004543,0.000205,20.84512,0.131144,0.023737,0,0,4.784383,0.215617,13,3,0,16,2.32818,0.520137,15.570074,0.05885,5.371076,2.329922,0.388445
718,1080,Mulebot,JimmyBot,1689,1675,15,0,1,0.004543,0.003888,19.827272,0.130661,1.042067,0,1,2.694475,3.305525,8,7,0,15,2.217714,0.520137,10.570074,0.05885,9.371076,2.229222,0.389085
718,1081,Mulebot,ArtZerg,1689,1537,16,0,0,0.004543,0.000199,20.845146,0.131145,0.023709,0,0,4.789946,0.210054,10,6,0,16,2.116265,0.705781,13.487372,0.05885,7.453778,2.135476,0.388445
718,1082,Mulebot,Dasyatis,1689,1573,5,0,0,0.004543,0.048918,9.609049,0.124754,0.266197,0,0,0.424929,4.575071,5,0,0,5,2.369593,0.660999,8.266096,0.05885,1.675054,2.365063,0.406046
718,1084,Mulebot,ZippyZap,1689,1457,0,0,0,0.004543,0.84229,0.764282,0.020687,4.215031,0,0,0.026826,4.973174,0,0,0,0,,0.791749,3.91215,0.05885,1.029,2.349308,0.491916
718,1085,Mulebot,AgoraLord,1689,1430,0,0,0,0.004543,0.000933,4.841592,0.131048,0.027359,0,0,4.148475,0.851525,0,0,0,0,,0.816217,4.03305,0.05885,0.9081,2.349308,0.491916
718,1086,Mulebot,CherBoiBlue,1689,1500,0,0,0,0.004543,0.222218,3.769218,0.102022,1.12876,0,0,0.100182,4.899818,0,0,0,0,,0.748,3.695978,0.05885,1.245172,2.349308,0.491916
718,1087,Mulebot,SwarmLord2,1689,1533,0,0,0,0.004543,0.003699,4.828185,0.130685,0.04113,0,0,2.756025,2.243975,0,0,0,0,,0.71054,3.510885,0.05885,1.430265,2.349308,0.491916
718,1088,Mulebot,SwarmLord3,1689,1562,0,0,0,0.004543,0.003468,4.829305,0.130716,0.039979,0,0,2.835562,2.164438,0,0,0,0,,0.67504,3.335475,0.05885,1.605675,2.349308,0.491916
718,1089,Mulebot,WorkingAsIntended,1689,1596,0,0,0,0.004543,0.041392,4.645523,0.125741,0.228736,0,0,0.494553,4.505447,0,0,0,0,,0.63073,3.116533,0.05885,1.824617,2.349308,0.491916
720,721,PiG_Bot,49Terrapins,1627,1430,2,0,0,0.000165,0.000102,6.86693,0.131734,0.001336,0,0,3.094832,1.905168,2,0,0,2,3.523364,0.756581,5.738378,0.05885,1.202772,3.032402,0.429209
720,729,PiG_Bot,Alexa,1627,1367,1,0,0,0.000165,0.023955,5.750826,0.128592,0.120582,0,0,0.034285,4.965715,0,1,0,1,2.654649,0.817079,4.037309,0.05885,1.903841,2.474578,0.448612
720,730,PiG_Bot,Deimos,1627,2155,0,0,0,0.000165,0.005359,4.841342,0.131042,0.027616,0,0,0.149703,4.850297,0,0,0,0,,0.045677,0.225696,0.05885,4.715454,2.349308,0.491916
720,732,PiG_Bot,GPT,1627,1830,0,0,0,0.000165,8.3e-05,4.86702,0.131737,0.001244,0,0,3.324176,1.675824,0,0,0,0,,0.237115,1.171621,0.05885,3.769529,2.349308,0.491916
720,759,PiG_Bot,BotTato,1627,1710,7,0,0,0.000165,0.006225,11.837126,0.130927,0.031946,0,0,0.129412,4.870588,4,3,0,7,2.651821,0.382775,5.891349,0.05885,6.049801,2.600283,0.399523
720,779,PiG_Bot,oberon,1627,1472,1,0,0,0.000165,8.5e-05,5.86701,0.131736,0.001254,0,0,3.296954,1.703046,1,0,0,1,2.441477,0.709355,4.505028,0.05885,1.436122,2.387121,0.448612
720,797,PiG_Bot,WickedBot,1627,1707,6,0,0,0.000165,0.043299,10.656672,0.126043,0.217285,0,0,0.019027,4.980973,1,5,0,6,2.527203,0.386863,2.911549,0.05885,8.029601,2.49282,0.402359
720,809,PiG_Bot,PrimordialOrigin,1627,1258,1,0,0,0.000165,0.136344,5.203779,0.113785,0.682436,0,0,0.006058,4.993942,1,0,0,1,2.316488,0.893227,5.413568,0.05885,0.527582,2.335843,0.448612
720,813,PiG_Bot,MewCombatMicro,1627,1511,0,0,0,0.000165,0.004268,4.846649,0.131185,0.022166,0,0,0.186514,4.813486,0,0,0,0,,0.660999,3.266096,0.05885,1.675054,2.349308,0.491916
720,827,PiG_Bot,smokinggunbot,1627,1579,24,0,0,0.000165,8.2e-05,28.867024,0.131737,0.001239,0,0,3.336639,1.663361,14,10,0,24,2.235945,0.568641,16.809742,0.05885,12.131408,2.242351,0.385118
720,832,PiG_Bot,muravev,1627,1632,25,0,0,0.000165,0.001014,29.862491,0.131614,0.005894,0,0,0.701383,4.298617,22,3,0,25,2.709837,0.492805,24.435023,0.05885,5.506127,2.690234,0.384842
720,836,PiG_Bot,muravevTerran,1627,1477,2,0,0,0.000165,0.000366,6.865643,0.131699,0.002658,0,0,1.555441,3.444559,2,0,0,2,2.440081,0.703385,5.475531,0.05885,1.465619,2.402122,0.429209
720,858,PiG_Bot,Crawler,1627,1562,20,0,0,0.000165,0.00261,24.854722,0.131404,0.013874,0,0,0.297979,4.702021,19,1,0,20,2.240657,0.592466,21.927465,0.05885,3.013685,2.247942,0.386474
720,876,PiG_Bot,GenesisLotus,1627,1411,1,1,0,0.000165,0.009792,5.819765,1.130458,0.049777,0,0,0.083054,4.916946,0,1,0,1,2.36368,0.776155,3.835096,0.05885,2.106054,2.355204,0.448612
720,901,PiG_Bot,clone,1627,1667,24,0,0,0.000165,0.006192,28.837288,0.130932,0.03178,0,0,0.130089,4.869911,18,6,0,24,2.350377,0.442688,20.18739,0.05885,8.75376,2.350316,0.385118
720,930,PiG_Bot,SiriusBot,1627,1519,11,0,0,0.000165,8.3e-05,15.867023,0.131737,0.00124,0,0,3.333333,1.666667,10,1,0,11,2.141861,0.650605,13.214735,0.05885,2.726415,2.165837,0.392657
720,939,PiG_Bot,RustyNikolaj,1627,1539,8,0,0,0.000165,0.000102,12.866928,0.131734,0.001338,0,0,3.089408,1.910592,8,0,0,8,2.380792,0.624002,11.083286,0.05885,1.857864,2.375996,0.397274
720,940,PiG_Bot,Princess-Mika-Test,1627,1524,8,0,0,0.000165,0.032493,12.709268,0.127467,0.163265,0,0,0.025322,4.974678,8,0,0,8,2.263446,0.644034,11.182268,0.05885,1.758882,2.276524,0.397274
720,943,PiG_Bot,puck,1627,1529,7,0,0,0.000165,8.3e-05,11.867019,0.131737,0.001244,0,0,3.323338,1.676662,7,0,0,7,2.62874,0.637408,10.14953,0.05885,1.79162,2.581134,0.399523
720,948,PiG_Bot,titania,1627,1185,1,0,0,0.000165,0.000157,5.866659,0.131727,0.001614,0,0,2.561773,2.438227,1,0,0,1,1.832581,0.927193,5.581402,0.05885,0.359748,2.137315,0.448612
720,953,PiG_Bot,ZeratulsRevengeTest,1627,1702,6,0,0,0.000165,0.000163,10.866633,0.131726,0.00164,0,0,2.520325,2.479675,0,6,0,6,1.818601,0.393712,1.945391,0.05885,8.995759,1.921173,0.402359
720,959,PiG_Bot,ur_moms_a_ho,1627,1600,0,0,0,0.000165,0.022196,4.759388,0.128823,0.111789,0,0,0.036982,4.963018,0,0,0,0,,0.538778,2.662183,0.05885,2.278967,2.349308,0.491916
720,960,PiG_Bot,BigDaddy,1627,1637,23,0,1,0.000165,0.006779,27.834429,0.130854,1.034716,0,1,0.119085,5.880915,13,10,0,23,1.997418,0.485613,15.399486,0.05885,12.541664,2.018117,0.385416
720,961,PiG_Bot,AvocaDOS,1627,1751,3,0,0,0.000165,0.000833,7.863369,0.131638,0.004994,0,0,0.827936,4.172064,2,1,0,3,2.423581,0.328759,3.62445,0.05885,4.3167,2.399521,0.418169
720,962,PiG_Bot,AvocaDEV,1627,1700,4,0,0,0.000165,0.057896,8.585619,0.12412,0.290261,0,0,0.014243,4.985757,1,3,0,4,2.28346,0.396464,2.958987,0.05885,5.982163,2.300868,0.411036
720,966,PiG_Bot,ArgoBot,1627,1909,0,0,0,0.000165,8.5e-05,4.867011,0.131736,0.001253,0,0,3.299544,1.700456,0,0,0,0,,0.164747,0.81404,0.05885,4.12711,2.349308,0.491916
720,970,PiG_Bot,TheLAW,1627,1576,19,0,5,0.000165,0.05452,23.602055,0.124565,5.273381,0,5,0.015122,9.984878,6,13,0,19,2.210461,0.572872,8.830648,0.05885,15.110502,2.220227,0.386896
720,971,PiG_Bot,Nothing,1627,1570,25,0,0,0.000165,0.00831,29.826975,0.130653,0.042372,0,0,0.097569,4.902431,7,18,0,25,2.208955,0.581301,9.872298,0.05885,20.068852,2.216587,0.384842
720,977,PiG_Bot,Siriusly,1627,1392,1,0,0,0.000165,0.001619,5.859546,0.131534,0.00892,0,0,0.463487,4.536513,0,1,0,1,2.492379,0.794582,3.926148,0.05885,2.015002,2.408004,0.448612
720,981,PiG_Bot,KoB,1627,1499,1,0,0,0.000165,0.001616,5.859558,0.131535,0.008907,0,0,0.464132,4.535868,1,0,0,1,1.8453,0.676302,4.341708,0.05885,1.599442,2.142533,0.448612
720,998,PiG_Bot,LordSuperKing,1627,1656,15,0,0,0.000165,0.000132,19.866782,0.13173,0.001487,0,0,2.779616,2.220384,2,13,0,15,2.683026,0.458362,4.264837,0.05885,15.676313,2.653842,0.389085
720,1007,PiG_Bot,SharkGull,1627,1605,18,1,0,0.000165,0.000223,22.866341,1.131718,0.001941,0,0,2.130026,2.869974,10,8,0,18,2.292935,0.531618,12.626806,0.05885,10.314344,2.297104,0.38736
720,1008,PiG_Bot,Creepy_canon,1627,1587,0,0,0,0.000165,0.074065,4.506918,0.12199,0.371092,0,0,0.011141,4.988859,0,0,0,0,,0.557312,2.75376,0.05885,2.18739,2.349308,0.491916
720,1023,PiG_Bot,MY_SCRIPTING_SON,1627,1275,0,0,0,0.000165,0.333918,3.242104,0.087755,1.670141,0,0,0.002475,4.997525,0,0,0,0,,0.883528,4.365646,0.05885,0.575504,2.349308,0.491916
720,1026,PiG_Bot,WildLupo,1627,1199,1,0,0,0.000165,0.018371,5.778005,0.129327,0.092668,0,0,0.044613,4.955387,1,0,0,1,2.40243,0.921562,5.553578,0.05885,0.387572,2.371102,0.448612
720,1029,PiG_Bot,Chomppet,1627,1600,0,0,0,0.000165,0.022196,4.759388,0.128823,0.111789,0,0,0.036982,4.963018,0,0,0,0,,0.538778,2.662183,0.05885,2.278967,2.349308,0.491916
720,1030,PiG_Bot,who,1627,1924,0,0,0,0.000165,8.3e-05,4.86702,0.131737,0.001243,0,0,3.325848,1.674152,0,0,0,0,,0.153207,0.757017,0.05885,4.184133,2.349308,0.491916
720,1032,PiG_Bot,WaterLeak,1627,1607,17,0,0,0.000165,8.4e-05,21.867015,0.131736,0.001248,0,0,3.312374,1.687626,4,13,0,17,1.966026,0.528751,6.612636,0.05885,15.328514,1.995908,0.387873
720,1038,PiG_Bot,PolyMorph,1627,1463,2,0,0,0.000165,0.001586,6.859706,0.131539,0.008756,0,0,0.472178,4.527822,2,0,0,2,2.138878,0.719919,5.557228,0.05885,1.383922,2.226875,0.429209
720,1042,PiG_Bot,Creepy_duo_canon,1627,1386,1,0,0,0.000165,0.104041,5.361012,0.11804,0.520948,0,0,0.007936,4.992064,0,1,0,1,2.733068,0.800162,3.953721,0.05885,1.987429,2.50675,0.448612
720,1044,PiG_Bot,DoopyBot,1627,1418,5,0,0,0.000165,0.009666,9.820379,0.130474,0.049147,0,0,0.084119,4.915881,5,0,0,5,2.012071,0.769076,8.800119,0.05885,1.141031,2.087375,0.406046
720,1045,PiG_Bot,tito,1627,1801,2,0,0,0.000165,0.000837,6.863353,0.131637,0.005009,0,0,0.825344,4.174656,1,1,0,2,2.936119,0.268622,2.327302,0.05885,4.613848,2.690729,0.429209
720,1049,PiG_Bot,TheCatSC2Bot,1627,970,1,0,0,0.000165,0.003084,5.852414,0.131341,0.016244,0,0,0.254501,4.745499,1,0,0,1,2.239645,0.97773,5.831111,0.05885,0.110039,2.304318,0.448612
720,1050,PiG_Bot,onlyfans,1627,1517,13,0,0,0.000165,8.7e-05,17.867004,0.131736,0.00126,0,0,3.28125,1.71875,6,7,0,13,2.524792,0.653217,9.227644,0.05885,8.713506,2.50732,0.390628
720,1052,PiG_Bot,Starlight,1627,1204,1,0,0,0.000165,9.3e-05,5.866973,0.131735,0.001291,0,0,3.202036,1.797964,1,0,0,1,2.712706,0.919456,5.543172,0.05885,0.397978,2.498396,0.448612
720,1054,PiG_Bot,JimmyBotZ,1627,1724,21,0,1,0.000165,0.005286,25.841695,0.131051,1.027254,0,1,0.151691,5.848309,5,16,0,21,1.93145,0.363923,6.798199,0.05885,19.142951,1.95822,0.38609
720,1056,PiG_Bot,bilisaur,1627,1600,0,0,0,0.000165,0.022196,4.759388,0.128823,0.111789,0,0,0.036982,4.963018,0,0,0,0,,0.538778,2.662183,0.05885,2.278967,2.349308,0.491916
720,1057,PiG_Bot,DoopyBot-Test,1627,1238,2,0,0,0.000165,0.023755,6.751801,0.128618,0.119581,0,0,0.034572,4.965428,2,0,0,2,2.288515,0.90372,6.465418,0.05885,0.475732,2.313937,0.429209
720,1058,PiG_Bot,JimmyBotP,1627,1711,16,0,1,0.000165,0.005341,20.84143,0.131044,1.027526,0,1,0.150195,5.849805,2,14,0,16,2.27049,0.381416,3.884633,0.05885,17.056517,2.276988,0.388445
720,1059,PiG_Bot,NextProBot,1627,1600,0,0,0,0.000165,0.022196,4.759388,0.128823,0.111789,0,0,0.036982,4.963018,0,0,0,0,,0.538778,2.662183,0.05885,2.278967,2.349308,0.491916
720,1060,PiG_Bot,WildFire,1627,1709,8,0,0,0.000165,0.00012,12.86684,0.131732,0.001429,0,0,2.893911,2.106089,3,5,0,8,2.368573,0.384136,4.898073,0.05885,8.043077,2.365638,0.397274
720,1065,PiG_Bot,MindMatrix,1627,1514,6,0,0,0.000165,0.010709,10.815299,0.130337,0.054365,0,0,0.076046,4.923954,5,1,0,6,2.203326,0.657119,8.246922,0.05885,2.694228,2.23154,0.402359
720,1066,PiG_Bot,CompetitiveBotTest,1627,1482,0,0,0,0.000165,0.003699,4.849419,0.13126,0.019321,0,0,0.21398,4.78602,0,0,0,0,,0.697345,3.445687,0.05885,1.495463,2.349308,0.491916
720,1067,PiG_Bot,Hello_world,1627,1600,0,0,0,0.000165,0.022196,4.759388,0.128823,0.111789,0,0,0.036982,4.963018,0,0,0,0,,0.538778,2.662183,0.05885,2.278967,2.349308,0.491916
720,1078,PiG_Bot,LoremIpsum,1627,1242,0,0,0,0.000165,0.000201,4.866449,0.131721,0.00183,0,0,2.258987,2.741013,0,0,0,0,,0.901698,4.455426,0.05885,0.485724,2.349308,0.491916
720,1079,PiG_Bot,JimmyBotT,1627,1675,20,0,0,0.000165,0.000205,24.866429,0.131721,0.001851,0,0,2.23413,2.76587,6,14,0,20,2.280092,0.431359,8.131408,0.05885,16.809742,2.284733,0.386474
720,1080,PiG_Bot,JimmyBot,1627,1675,20,0,0,0.000165,0.003888,24.848503,0.131235,0.020262,0,0,0.204039,4.795961,4,16,0,20,2.131006,0.431359,6.131408,0.05885,18.809742,2.145644,0.386474
720,1081,PiG_Bot,ArtZerg,1627,1537,19,0,0,0.000165,0.000199,23.866456,0.131721,0.001823,0,0,2.267915,2.732085,18,1,0,19,2.141739,0.626699,21.096614,0.05885,2.844536,2.156339,0.386896
720,1082,PiG_Bot,Dasyatis,1627,1573,8,0,0,0.000165,0.048918,12.62932,0.125303,0.245377,0,0,0.016848,4.983152,2,6,0,8,2.209391,0.577092,4.8515,0.05885,8.08965,2.230702,0.397274
720,1084,PiG_Bot,ZippyZap,1627,1457,0,0,0,0.000165,0.84229,0.767643,0.020778,4.211579,0,0,0.000982,4.999018,0,0,0,0,,0.72683,3.591376,0.05885,1.349774,2.349308,0.491916
720,1085,PiG_Bot,AgoraLord,1627,1430,1,0,0,0.000165,0.000933,5.862886,0.131625,0.005489,0,0,0.753165,4.246835,1,0,0,1,2.043814,0.756581,4.738378,0.05885,1.202772,2.223976,0.448612
720,1086,PiG_Bot,CherBoiBlue,1627,1500,0,0,0,0.000165,0.222218,3.785795,0.102471,1.111734,0,0,0.003719,4.996281,0,0,0,0,,0.67504,3.335475,0.05885,1.605675,2.349308,0.491916
720,1087,PiG_Bot,SwarmLord2,1627,1533,0,0,0,0.000165,0.003699,4.849419,0.13126,0.019321,0,0,0.21398,4.78602,0,0,0,0,,0.63207,3.123153,0.05885,1.817997,2.349308,0.491916
720,1088,PiG_Bot,SwarmLord3,1627,1562,0,0,0,0.000165,0.003468,4.850545,0.131291,0.018165,0,0,0.227596,4.772404,0,0,0,0,,0.592466,2.927465,0.05885,2.013685,2.349308,0.491916
720,1089,PiG_Bot,WorkingAsIntended,1627,1596,1,0,0,0.000165,0.041392,5.665954,0.126294,0.207752,0,0,0.0199,4.9801,1,0,0,1,2.520917,0.544495,3.690429,0.05885,2.250721,2.419713,0.448612
721,729,49Terrapins,Alexa,1430,1367,30,0,2,0.000102,0.023955,34.751128,0.1286,2.120272,0,2,0.021162,6.978838,19,11,0,30,2.582518,0.589684,21.913715,0.05885,13.027435,2.571854,0.383725
721,730,49Terrapins,Deimos,1430,2155,0,0,0,0.000102,0.005359,4.84165,0.13105,0.0273,0,0,0.09323,4.90677,0,0,0,0,,0.015166,0.074936,0.05885,4.866214,2.349308,0.491916
721,732,49Terrapins,GPT,1430,1830,0,0,0,0.000102,8.3e-05,4.867329,0.131745,0.000926,0,0,2.748864,2.251136,0,0,0,0,,0.090909,0.449195,0.05885,4.491955,2.349308,0.491916
721,759,49Terrapins,BotTato,1430,1710,4,0,0,0.000102,0.006225,8.837434,0.130936,0.03163,0,0,0.080466,4.919534,0,4,0,4,2.518079,0.166338,0.821899,0.05885,8.119251,2.473462,0.411036
721,779,49Terrapins,oberon,1430,1472,33,1,0,0.000102,8.5e-05,37.867319,1.131745,0.000936,0,0,2.718711,2.281289,11,20,2,33,2.447374,0.43985,13.173364,2.05885,22.767786,2.44328,0.38321
721,797,49Terrapins,WickedBot,1430,1707,4,0,0,0.000102,0.043299,8.656968,0.126051,0.216981,0,0,0.01173,4.98827,0,4,0,4,2.291478,0.168746,0.8338,0.05885,8.10735,2.306766,0.411036
721,809,49Terrapins,PrimordialOrigin,1430,1258,33,0,2,0.000102,0.136344,37.204046,0.113792,2.682162,0,2,0.003731,6.996269,17,16,0,33,2.624188,0.72911,20.602642,0.05885,17.338508,2.612714,0.38321
721,813,49Terrapins,MewCombatMicro,1430,1511,1,0,0,0.000102,0.004268,5.846957,0.131194,0.021849,0,0,0.116487,4.883513,1,0,0,1,3.416086,0.385499,2.904807,0.05885,3.036343,2.786966,0.448612
721,827,49Terrapins,smokinggunbot,1430,1579,9,0,0,0.000102,8.2e-05,13.867334,0.131745,0.000921,0,0,2.762726,2.237274,6,3,0,9,2.859057,0.297817,7.47156,0.05885,6.46959,2.788853,0.395447
721,832,49Terrapins,muravev,1430,1632,10,0,0,0.000102,0.001014,14.862801,0.131622,0.005577,0,0,0.456378,4.543622,7,3,0,10,2.83925,0.238158,8.176774,0.05885,6.764376,2.777674,0.393932
721,836,49Terrapins,muravevTerran,1430,1477,9,0,0,0.000102,0.000366,13.865952,0.131708,0.00234,0,0,1.087581,3.912419,8,1,0,9,2.584199,0.432771,10.138387,0.05885,3.802763,2.55185,0.395447
721,858,49Terrapins,Crawler,1430,1562,16,0,0,0.000102,0.00261,20.855031,0.131412,0.013557,0,0,0.187736,4.812264,0,16,0,16,1.809805,0.318678,1.574637,0.05885,19.366513,1.854279,0.388445
721,876,49Terrapins,GenesisLotus,1430,1411,35,0,0,0.000102,0.009792,39.820072,0.130466,0.049462,0,0,0.051457,4.948543,6,29,0,35,2.398922,0.527316,8.605547,0.05885,31.335603,2.396965,0.382913
721,901,49Terrapins,clone,1430,1667,6,0,0,0.000102,0.006192,10.837596,0.13094,0.031464,0,0,0.080891,4.919109,1,5,0,6,2.384974,0.203545,2.005748,0.05885,8.935402,2.37808,0.402359
721,930,49Terrapins,SiriusBot,1430,1519,24,0,0,0.000102,8.3e-05,28.867332,0.131745,0.000923,0,0,2.759046,2.240954,4,20,0,24,2.471495,0.374649,5.851195,0.05885,23.089955,2.46459,0.385118
721,939,49Terrapins,RustyNikolaj,1430,1539,27,3,0,0.000102,0.000102,31.867237,3.131742,0.00102,0,0,2.494253,2.505747,19,7,1,27,2.86908,0.348088,20.719955,1.05885,10.221195,2.842807,0.384349
721,940,49Terrapins,Princess-Mika-Test,1430,1524,22,0,1,0.000102,0.032493,26.709567,0.127475,1.162958,0,1,0.015618,5.984382,9,13,0,22,2.501597,0.36793,10.817997,0.05885,16.123153,2.492257,0.385739
721,943,49Terrapins,puck,1430,1529,26,1,0,0.000102,8.3e-05,30.867329,1.131745,0.000926,0,0,2.747934,2.252066,21,5,0,26,2.376846,0.361262,22.785051,0.05885,8.156099,2.375404,0.384586
721,948,49Terrapins,titania,1430,1185,12,0,0,0.000102,0.000157,16.866969,0.131735,0.001296,0,0,1.963788,3.036212,12,0,0,12,2.51185,0.803819,15.971788,0.05885,0.969362,2.494462,0.391568
721,953,49Terrapins,ZeratulsRevengeTest,1430,1702,1,0,0,0.000102,0.000163,5.866943,0.131735,0.001323,0,0,1.924379,3.075621,0,1,0,1,1.720979,0.172822,0.853939,0.05885,5.087211,2.091529,0.448612
721,959,49Terrapins,ur_moms_a_ho,1430,1600,0,0,0,0.000102,0.022196,4.759691,0.128832,0.111478,0,0,0.022831,4.977169,0,0,0,0,,0.27317,1.349774,0.05885,3.591376,2.349308,0.491916
721,960,49Terrapins,BigDaddy,1430,1637,11,0,0,0.000102,0.006779,15.834737,0.130863,0.034401,0,0,0.073986,4.926014,5,6,0,11,2.358906,0.232975,6.151165,0.05885,9.789985,2.357797,0.392657
721,961,49Terrapins,AvocaDOS,1430,1751,6,0,0,0.000102,0.000833,10.863678,0.131646,0.004676,0,0,0.544322,4.455678,0,6,0,6,2.078118,0.136129,0.672631,0.05885,10.268519,2.130532,0.402359
721,962,49Terrapins,AvocaDEV,1430,1700,2,0,1,0.000102,0.057896,6.58591,0.124128,1.289962,0,1,0.008778,5.991222,0,2,0,2,2.439317,0.174474,0.862102,0.05885,6.079048,2.401677,0.429209
721,966,49Terrapins,ArgoBot,1430,1909,0,0,0,0.000102,8.5e-05,4.86732,0.131745,0.000935,0,0,2.721572,2.278428,0,0,0,0,,0.059673,0.294854,0.05885,4.646296,2.349308,0.491916
721,970,49Terrapins,TheLAW,1430,1576,11,0,1,0.000102,0.05452,15.602347,0.124573,1.27308,0,1,0.00932,5.99068,2,9,0,11,2.494355,0.301441,3.489467,0.05885,12.451683,2.477591,0.392657
721,971,49Terrapins,Nothing,1430,1570,11,0,0,0.000102,0.00831,15.827282,0.130661,0.042057,0,0,0.060517,4.939483,4,7,0,11,2.208829,0.308764,5.525648,0.05885,10.415502,2.225065,0.392657
721,977,49Terrapins,Siriusly,1430,1392,35,0,0,0.000102,0.001619,39.859855,0.131543,0.008603,0,0,0.295864,4.704136,20,15,0,35,2.631885,0.554469,22.739716,0.05885,17.201434,2.620738,0.382913
721,981,49Terrapins,KoB,1430,1499,31,0,0,0.000102,0.001616,35.859867,0.131543,0.00859,0,0,0.296291,4.703709,8,23,0,31,2.362098,0.401986,9.986274,0.05885,25.954876,2.361532,0.383543
721,998,49Terrapins,LordSuperKing,1430,1656,5,0,0,0.000102,0.000132,9.867092,0.131739,0.00117,0,0,2.176166,2.823834,0,5,0,5,2.82904,0.214003,1.057423,0.05885,8.883727,2.721918,0.406046
721,1007,49Terrapins,SharkGull,1430,1605,1,0,0,0.000102,0.000223,5.86665,0.131727,0.001623,0,0,1.56801,3.43199,0,1,0,1,2.464704,0.267493,1.321722,0.05885,4.619428,2.396651,0.448612
721,1008,49Terrapins,Creepy_canon,1430,1587,0,0,0,0.000102,0.074065,4.507205,0.121997,0.370798,0,0,0.006864,4.993136,0,0,0,0,,0.288277,1.424422,0.05885,3.516728,2.349308,0.491916
721,1023,49Terrapins,MY_SCRIPTING_SON,1430,1275,30,1,3,0.000102,0.333918,33.24231,1.08776,4.669929,0,3,0.001524,7.998476,25,5,0,30,3.131739,0.709355,28.505028,0.05885,6.436122,3.095963,0.383725
721,1026,49Terrapins,WildLupo,1430,1199,23,12,0,0.000102,0.018371,27.778309,12.129335,0.092356,0,0,0.027558,4.972442,17,6,0,23,2.849379,0.790798,20.907452,0.05885,7.033698,2.819963,0.385416
721,1029,49Terrapins,Chomppet,1430,1600,0,0,0,0.000102,0.022196,4.759691,0.128832,0.111478,0,0,0.022831,4.977169,0,0,0,0,,0.27317,1.349774,0.05885,3.591376,2.349308,0.491916
721,1030,49Terrapins,who,1430,1924,0,0,0,0.000102,8.3e-05,4.86733,0.131745,0.000925,0,0,2.750722,2.249278,0,0,0,0,,0.055008,0.271804,0.05885,4.669346,2.349308,0.491916
721,1032,49Terrapins,WaterLeak,1430,1607,5,0,0,0.000102,8.4e-05,9.867325,0.131745,0.00093,0,0,2.735771,2.264229,0,5,0,5,1.807756,0.265243,1.310605,0.05885,8.630545,1.928683,0.406046
721,1038,49Terrapins,PolyMorph,1430,1463,30,1,0,0.000102,0.001586,34.860015,1.131547,0.008438,0,0,0.30162,4.69838,11,17,2,30,2.720634,0.452651,13.236619,2.05885,19.704531,2.703656,0.383725
721,1042,49Terrapins,Creepy_duo_canon,1430,1386,26,0,2,0.000102,0.104041,30.361289,0.118048,2.520663,0,2,0.004888,6.995112,10,16,0,26,2.247228,0.562985,12.781792,0.05885,18.159358,2.252576,0.384586
721,1044,49Terrapins,DoopyBot,1430,1418,30,0,0,0.000102,0.009666,34.820685,0.130482,0.048832,0,0,0.052121,4.947879,18,12,0,30,2.54303,0.517263,20.555872,0.05885,14.385278,2.534172,0.383725
721,1045,49Terrapins,tito,1430,1801,2,0,0,0.000102,0.000837,6.863663,0.131646,0.004692,0,0,0.542502,4.457498,0,2,0,2,1.67021,0.10568,0.522181,0.05885,6.418969,1.954193,0.429209
721,1049,49Terrapins,TheCatSC2Bot,1430,970,33,3,0,0.000102,0.003084,37.852723,3.13135,0.015928,0,0,0.159796,4.840204,33,0,0,33,3.370364,0.933886,37.614471,0.05885,0.326679,3.327744,0.38321
721,1050,49Terrapins,onlyfans,1430,1517,20,0,0,0.000102,8.7e-05,24.867313,0.131745,0.000942,0,0,2.701392,2.298608,5,15,0,20,2.6374,0.37735,6.864542,0.05885,18.076608,2.618083,0.386474
721,1052,49Terrapins,Starlight,1430,1204,34,0,0,0.000102,9.3e-05,38.867283,0.131744,0.000973,0,0,2.61488,2.38512,31,1,2,34,3.280469,0.785997,34.883727,2.05885,2.057423,3.242698,0.383057
721,1054,49Terrapins,JimmyBotZ,1430,1724,10,0,0,0.000102,0.005286,14.842003,0.131059,0.026938,0,0,0.094482,4.905518,5,5,0,10,2.431483,0.15546,5.768154,0.05885,9.172996,2.421155,0.393932
721,1056,49Terrapins,bilisaur,1430,1600,0,0,0,0.000102,0.022196,4.759691,0.128832,0.111478,0,0,0.022831,4.977169,0,0,0,0,,0.27317,1.349774,0.05885,3.591376,2.349308,0.491916
721,1057,49Terrapins,DoopyBot-Test,1430,1238,31,1,0,0.000102,0.023755,35.752104,1.128626,0.11927,0,0,0.021339,4.978661,23,7,1,31,2.839629,0.751241,26.711993,1.05885,8.229157,2.817901,0.383543
721,1058,49Terrapins,JimmyBotP,1430,1711,14,0,0,0.000102,0.005341,18.841738,0.131052,0.027209,0,0,0.093539,4.906461,1,13,0,14,2.589205,0.165541,1.817962,0.05885,17.123188,2.566867,0.389807
721,1059,49Terrapins,NextProBot,1430,1600,0,0,0,0.000102,0.022196,4.759691,0.128832,0.111478,0,0,0.022831,4.977169,0,0,0,0,,0.27317,1.349774,0.05885,3.591376,2.349308,0.491916
721,1060,49Terrapins,WildFire,1430,1709,6,0,0,0.000102,0.00012,10.867149,0.13174,0.001111,0,0,2.291252,2.708748,3,3,0,6,2.382665,0.167137,3.825851,0.05885,7.115299,2.376218,0.402359
721,1065,49Terrapins,MindMatrix,1430,1514,18,1,1,0.000102,0.010709,22.815605,1.130345,1.05405,0,1,0.047089,5.952911,15,3,0,18,2.493395,0.381416,16.884633,0.05885,6.056517,2.482739,0.38736
721,1066,49Terrapins,CompetitiveBotTest,1430,1482,1,0,0,0.000102,0.003699,5.849728,0.131269,0.019004,0,0,0.133929,4.866071,1,0,0,1,3.424914,0.42572,3.103545,0.05885,2.837605,2.790588,0.448612
721,1067,49Terrapins,Hello_world,1430,1600,0,0,0,0.000102,0.022196,4.759691,0.128832,0.111478,0,0,0.022831,4.977169,0,0,0,0,,0.27317,1.349774,0.05885,3.591376,2.349308,0.491916
721,1078,49Terrapins,LoremIpsum,1430,1242,22,0,0,0.000102,0.000201,26.866758,0.13173,0.001512,0,0,1.682897,3.317103,22,0,0,22,2.356142,0.746913,25.690609,0.05885,1.250541,2.355723,0.385739
721,1079,49Terrapins,JimmyBotT,1430,1675,2,0,0,0.000102,0.000205,6.866738,0.131729,0.001533,0,0,1.660539,3.339461,0,2,0,2,2.681535,0.196181,0.969362,0.05885,5.971788,2.542606,0.429209
721,1080,49Terrapins,JimmyBot,1430,1675,2,0,0,0.000102,0.003888,6.848811,0.131244,0.019945,0,0,0.127607,4.872393,0,2,0,2,2.306961,0.196181,0.969362,0.05885,5.971788,2.324669,0.429209
721,1081,49Terrapins,ArtZerg,1430,1537,2,0,0,0.000102,0.000199,6.866765,0.13173,0.001505,0,0,1.690953,3.309047,0,1,1,2,2.592774,0.350705,1.732886,1.05885,4.208264,2.490962,0.429209
721,1082,49Terrapins,Dasyatis,1430,1573,10,0,0,0.000102,0.048918,14.629615,0.125311,0.245075,0,0,0.010385,4.989615,3,7,0,10,2.553862,0.30509,4.507497,0.05885,10.433653,2.528153,0.393932
721,1084,49Terrapins,ZippyZap,1430,1457,0,0,1,0.000102,0.84229,0.767692,0.020779,5.211529,0,1,0.000604,5.999396,0,0,0,0,,0.461222,2.278967,0.05885,2.662183,2.349308,0.491916
721,1085,49Terrapins,AgoraLord,1430,1430,2,1,0,0.000102,0.000933,6.863195,1.131633,0.005172,0,0,0.492142,4.507858,1,1,0,2,3.296362,0.5,3.470575,0.05885,3.470575,2.900327,0.429209
721,1086,49Terrapins,CherBoiBlue,1430,1500,0,0,1,0.000102,0.222218,3.786036,0.102477,2.111487,0,1,0.00229,5.99771,0,0,0,0,,0.400603,1.979441,0.05885,2.961709,2.349308,0.491916
721,1087,49Terrapins,SwarmLord2,1430,1533,1,0,0,0.000102,0.003699,5.849728,0.131269,0.019004,0,0,0.133929,4.866071,1,0,0,1,1.578979,0.355966,2.758882,0.05885,3.182268,2.033271,0.448612
721,1088,49Terrapins,SwarmLord3,1430,1562,1,0,0,0.000102,0.003468,5.850853,0.131299,0.017848,0,0,0.142602,4.857398,1,0,0,1,3.475686,0.318678,2.574637,0.05885,3.366513,2.811418,0.448612
721,1089,49Terrapins,WorkingAsIntended,1430,1596,1,0,0,0.000102,0.041392,5.666251,0.126302,0.207447,0,0,0.012269,4.987731,0,1,0,1,2.922624,0.277765,1.372481,0.05885,4.568669,2.584518,0.448612
729,730,Alexa,Deimos,1367,2155,0,0,0,0.023955,0.005359,4.72615,0.127924,0.145927,0,0,4.085976,0.914024,0,0,0,0,,0.010602,0.052384,0.05885,4.888766,2.349308,0.491916
729,732,Alexa,GPT,1367,1830,0,0,0,0.023955,8.3e-05,4.751216,0.128602,0.120182,0,0,4.982657,0.017343,0,0,0,0,,0.065056,0.32145,0.05885,4.6197,2.349308,0.491916
729,759,Alexa,BotTato,1367,1710,0,0,0,0.023955,0.006225,4.722034,0.127812,0.150154,0,0,3.968708,1.031292,0,0,0,0,,0.12191,0.602375,0.05885,4.338775,2.349308,0.491916
729,779,Alexa,oberon,1367,1472,43,4,2,0.023955,8.5e-05,47.751206,4.128602,2.120192,2,0,6.982231,0.017769,13,25,5,43,2.462304,0.353331,14.745862,5.05885,28.195288,2.458649,0.381991
729,797,Alexa,WickedBot,1367,1707,0,0,1,0.023955,0.043299,4.545873,0.123044,1.331083,0,1,1.780944,4.219056,0,0,0,0,,0.123771,0.61157,0.05885,4.32958,2.349308,0.491916
729,809,Alexa,PrimordialOrigin,1367,1258,34,6,10,0.023955,0.136344,38.103756,6.111077,10.785167,2,8,2.747196,12.252804,13,21,0,34,2.615674,0.651912,16.221195,0.05885,22.719955,2.604869,0.383057
729,813,Alexa,MewCombatMicro,1367,1511,0,0,0,0.023955,0.004268,4.73133,0.128064,0.140606,0,0,4.24381,0.75619,0,0,0,0,,0.303871,1.501473,0.05885,3.439677,2.349308,0.491916
729,827,Alexa,smokinggunbot,1367,1579,4,0,0,0.023955,8.2e-05,8.75122,0.128602,0.120178,0,0,4.982849,0.017151,0,4,0,4,2.352564,0.227871,1.125946,0.05885,7.815204,2.351703,0.411036
729,832,Alexa,muravev,1367,1632,1,0,0,0.023955,0.001014,5.746795,0.128482,0.124722,0,0,4.797012,0.202988,0,1,0,1,2.324347,0.178659,0.882779,0.05885,5.058371,2.339067,0.448612
729,836,Alexa,muravevTerran,1367,1477,9,0,0,0.023955,0.000366,13.749872,0.128566,0.121563,0,0,4.924702,0.075298,3,6,0,9,2.653297,0.346783,4.713506,0.05885,9.227644,2.611431,0.395447
729,858,Alexa,Crawler,1367,1562,8,0,0,0.023955,0.00261,12.739211,0.128277,0.132512,0,0,4.508773,0.491227,0,8,0,8,1.987418,0.245546,1.213279,0.05885,11.727871,2.042539,0.397274
729,876,Alexa,GenesisLotus,1367,1411,42,1,0,0.023955,0.009792,46.705086,1.127354,0.16756,0,0,3.549245,1.450755,11,31,0,42,2.359001,0.437015,13.159358,0.05885,33.781792,2.35868,0.382088
729,901,Alexa,clone,1367,1667,0,0,0,0.023955,0.006192,4.722192,0.127817,0.149991,0,0,3.973087,1.026913,0,0,0,0,,0.15098,0.746013,0.05885,4.195137,2.349308,0.491916
729,930,Alexa,SiriusBot,1367,1519,28,0,1,0.023955,8.3e-05,32.751219,0.128602,1.120179,1,0,5.982798,0.017202,3,24,1,28,2.281109,0.294219,4.453778,1.05885,27.487372,2.284439,0.384127
729,939,Alexa,RustyNikolaj,1367,1539,24,0,0,0.023955,0.000102,28.751126,0.1286,0.120274,0,0,4.978741,0.021259,0,23,1,24,2.201688,0.27089,1.338508,1.05885,26.602642,2.21003,0.385118
729,940,Alexa,Princess-Mika-Test,1367,1524,33,1,2,0.023955,0.032493,37.597218,1.124434,2.278348,0,2,2.121864,4.878136,6,26,1,33,2.289823,0.288277,7.424422,1.05885,29.516728,2.292306,0.38321
729,943,Alexa,puck,1367,1529,40,0,0,0.023955,8.3e-05,44.751216,0.128602,0.120182,0,0,4.982644,0.017356,10,30,0,40,2.322472,0.282408,11.395422,0.05885,33.545728,2.323402,0.382295
729,948,Alexa,titania,1367,1185,23,2,1,0.023955,0.000157,27.750864,2.128593,1.120543,1,0,5.967357,0.032643,13,10,0,23,2.357259,0.740328,16.658074,0.05885,11.283076,2.356792,0.385416
729,953,Alexa,ZeratulsRevengeTest,1367,1702,0,0,0,0.023955,0.000163,4.750839,0.128592,0.120569,0,0,4.966264,0.033736,0,0,0,0,,0.126926,0.627161,0.05885,4.313989,2.349308,0.491916
729,959,Alexa,ur_moms_a_ho,1367,1600,0,0,0,0.023955,0.022196,4.646145,0.125758,0.228097,0,0,2.595286,2.404714,0,0,0,0,,0.207304,1.024318,0.05885,3.916832,2.349308,0.491916
729,960,Alexa,BigDaddy,1367,1637,0,0,0,0.023955,0.006779,4.719401,0.127741,0.152858,0,0,3.89715,1.10285,0,0,0,0,,0.174474,0.862102,0.05885,4.079048,2.349308,0.491916
729,961,Alexa,AvocaDOS,1367,1751,0,0,0,0.023955,0.000833,4.747652,0.128506,0.123843,0,0,4.831889,0.168111,0,0,0,0,,0.098813,0.488251,0.05885,4.452899,2.349308,0.491916
729,962,Alexa,AvocaDEV,1367,1700,0,0,0,0.023955,0.057896,4.47651,0.121167,0.402323,0,0,1.463322,3.536678,0,0,0,0,,0.128207,0.633492,0.05885,4.307658,2.349308,0.491916
729,966,Alexa,ArgoBot,1367,1909,0,0,0,0.023955,8.5e-05,4.751207,0.128602,0.120191,0,0,4.982272,0.017728,0,0,0,0,,0.04229,0.20896,0.05885,4.73219,2.349308,0.491916
729,970,Alexa,TheLAW,1367,1576,3,0,0,0.023955,0.05452,7.492555,0.121601,0.385844,0,0,1.526288,3.473712,0,3,0,3,2.310152,0.230924,1.141031,0.05885,6.800119,2.322836,0.418169
729,971,Alexa,Nothing,1367,1570,2,0,0,0.023955,0.00831,6.712124,0.127544,0.160332,0,0,3.712184,1.287816,0,2,0,2,2.109017,0.237115,1.171621,0.05885,5.769529,2.209501,0.429209
729,977,Alexa,Siriusly,1367,1392,43,1,0,0.023955,0.001619,47.74392,1.128405,0.127675,0,0,4.683495,0.316505,16,25,2,43,2.548781,0.464084,18.293109,2.05885,27.648041,2.542328,0.381991
729,981,Alexa,KoB,1367,1499,28,1,1,0.023955,0.001616,32.743932,1.128405,1.127663,1,0,5.68395,0.31605,9,19,0,28,2.44907,0.318678,10.574637,0.05885,22.366513,2.444198,0.384127
729,998,Alexa,LordSuperKing,1367,1656,1,0,0,0.023955,0.000132,5.750984,0.128596,0.12042,0,0,4.972575,0.027425,0,1,0,1,1.98238,0.159277,0.787011,0.05885,5.154139,2.198771,0.448612
729,1007,Alexa,SharkGull,1367,1605,1,0,0,0.023955,0.000223,5.750553,0.128584,0.120863,0,0,4.953914,0.046086,0,1,0,1,1.934416,0.202614,1.001145,0.05885,4.940005,2.179093,0.448612
729,1008,Alexa,Creepy_canon,1367,1587,0,0,0,0.023955,0.074065,4.399682,0.119087,0.481231,0,0,1.221941,3.778059,0,0,0,0,,0.21987,1.086413,0.05885,3.854737,2.349308,0.491916
729,1023,Alexa,MY_SCRIPTING_SON,1367,1275,40,0,8,0.023955,0.333918,43.164963,0.085667,9.74937,0,8,0.334686,12.665314,0,40,0,40,2.189002,0.629389,3.109903,0.05885,41.831247,2.194563,0.382295
729,1026,Alexa,WildLupo,1367,1199,43,5,0,0.023955,0.018371,47.664319,5.12625,0.209431,0,0,2.829808,2.170192,37,6,0,43,2.660422,0.724538,40.580052,0.05885,7.361098,2.650358,0.381991
729,1029,Alexa,Chomppet,1367,1600,0,0,0,0.023955,0.022196,4.646145,0.125758,0.228097,0,0,2.595286,2.404714,0,0,0,0,,0.207304,1.024318,0.05885,3.916832,2.349308,0.491916
729,1030,Alexa,who,1367,1924,0,0,0,0.023955,8.3e-05,4.751216,0.128602,0.120181,0,0,4.982683,0.017317,0,0,0,0,,0.038927,0.192346,0.05885,4.748804,2.349308,0.491916
729,1032,Alexa,WaterLeak,1367,1607,0,0,0,0.023955,8.4e-05,4.751212,0.128602,0.120186,0,0,4.982473,0.017527,0,0,0,0,,0.20076,0.991985,0.05885,3.949165,2.349308,0.491916
729,1038,Alexa,PolyMorph,1367,1463,39,1,3,0.023955,0.001586,43.744076,1.128409,3.127515,3,0,7.689517,0.310483,4,34,1,39,2.757421,0.365257,5.804788,1.05885,37.136362,2.742914,0.382406
729,1042,Alexa,Creepy_duo_canon,1367,1386,27,0,1,0.023955,0.104041,31.257248,0.115232,1.62752,0,1,0.93577,5.06423,6,19,2,27,1.872063,0.472684,8.335603,2.05885,21.605547,1.896187,0.384349
729,1044,Alexa,DoopyBot,1367,1418,33,1,1,0.023955,0.009666,37.705685,1.12737,1.166945,1,0,4.562551,1.437449,7,26,0,33,2.585654,0.427128,9.110502,0.05885,28.830648,2.575789,0.38321
729,1045,Alexa,tito,1367,1801,0,0,0,0.023955,0.000837,4.747637,0.128505,0.123858,0,0,4.831277,0.168723,0,0,0,0,,0.075977,0.375414,0.05885,4.565736,2.349308,0.491916
729,1049,Alexa,TheCatSC2Bot,1367,970,45,3,1,0.023955,0.003084,49.736958,3.128216,1.134826,1,0,5.429712,0.570288,45,0,0,45,2.578417,0.907654,49.484852,0.05885,0.456298,2.571325,0.38181
729,1050,Alexa,onlyfans,1367,1517,28,0,0,0.023955,8.7e-05,32.7512,0.128602,0.120198,0,0,4.981982,0.018018,10,18,0,28,2.330471,0.296615,11.465619,0.05885,21.475531,2.331391,0.384127
729,1052,Alexa,Starlight,1367,1204,39,2,2,0.023955,9.3e-05,43.751171,2.128601,2.120228,2,0,6.980691,0.019309,29,9,1,39,2.997576,0.718757,32.551485,1.05885,10.389665,2.974532,0.382406
729,1054,Alexa,JimmyBotZ,1367,1724,8,0,0,0.023955,0.005286,12.726494,0.127933,0.145574,0,0,4.096089,0.903911,3,5,0,8,2.378076,0.113542,3.56103,0.05885,9.38012,2.373694,0.397274
729,1056,Alexa,bilisaur,1367,1600,0,0,0,0.023955,0.022196,4.646145,0.125758,0.228097,0,0,2.595286,2.404714,0,0,0,0,,0.207304,1.024318,0.05885,3.916832,2.349308,0.491916
729,1057,Alexa,DoopyBot-Test,1367,1238,24,4,4,0.023955,0.023755,28.638739,4.125558,4.235703,4,0,6.510499,2.489501,9,15,0,24,2.609541,0.677561,12.347928,0.05885,16.593222,2.594835,0.385118
729,1058,Alexa,JimmyBotP,1367,1711,11,0,1,0.023955,0.005341,15.726235,0.127926,1.145839,0,1,4.088495,1.911505,1,10,0,11,2.457811,0.121295,1.599337,0.05885,14.341813,2.445271,0.392657
729,1059,Alexa,NextProBot,1367,1600,0,0,0,0.023955,0.022196,4.646145,0.125758,0.228097,0,0,2.595286,2.404714,0,0,0,0,,0.207304,1.024318,0.05885,3.916832,2.349308,0.491916
729,1060,Alexa,WildFire,1367,1709,1,0,0,0.023955,0.00012,5.75104,0.128597,0.120363,0,0,4.975002,0.024998,0,1,0,1,1.717395,0.122527,0.605427,0.05885,5.335723,2.090058,0.448612
729,1065,Alexa,MindMatrix,1367,1514,19,0,0,0.023955,0.010709,23.700726,0.127235,0.172039,0,0,3.455284,1.544716,3,16,0,19,2.546113,0.300231,4.483484,0.05885,19.457666,2.532271,0.386896
729,1066,Alexa,CompetitiveBotTest,1367,1482,1,0,0,0.023955,0.003699,5.734034,0.128137,0.137829,0,0,4.331148,0.668852,1,0,0,1,1.244155,0.340292,2.681434,0.05885,3.259716,1.895906,0.448612
729,1067,Alexa,Hello_world,1367,1600,0,0,0,0.023955,0.022196,4.646145,0.125758,0.228097,0,0,2.595286,2.404714,0,0,0,0,,0.207304,1.024318,0.05885,3.916832,2.349308,0.491916
729,1078,Alexa,LoremIpsum,1367,1242,19,2,0,0.023955,0.000201,23.750658,2.128587,0.120755,0,0,4.95846,0.04154,14,5,0,19,2.804293,0.67251,17.322971,0.05885,6.618179,2.772292,0.386896
729,1079,Alexa,JimmyBotT,1367,1675,2,0,0,0.023955,0.000205,6.750639,0.128587,0.120774,0,0,4.957624,0.042376,0,1,1,2,2.740409,0.145171,0.717311,1.05885,5.223839,2.57686,0.429209
729,1080,Alexa,JimmyBot,1367,1675,2,0,0,0.023955,0.003888,6.73314,0.128113,0.138748,0,0,4.301858,0.698142,0,2,0,2,2.331784,0.145171,0.717311,0.05885,6.223839,2.339112,0.429209
729,1081,Alexa,ArtZerg,1367,1537,1,1,0,0.023955,0.000199,5.750665,1.128587,0.120748,0,0,4.958756,0.041244,0,1,0,1,1.673351,0.27317,1.349774,0.05885,4.591376,2.071989,0.448612
729,1082,Alexa,Dasyatis,1367,1573,9,0,0,0.023955,0.048918,13.519172,0.122321,0.358506,0,0,1.643612,3.356388,0,9,0,9,2.034644,0.234005,1.156255,0.05885,12.784895,2.07798,0.395447
729,1084,Alexa,ZippyZap,1367,1457,0,0,1,0.023955,0.84229,0.749378,0.020284,5.230338,0,1,0.138269,5.861731,0,0,0,0,,0.373301,1.844536,0.05885,3.096614,2.349308,0.491916
729,1085,Alexa,AgoraLord,1367,1430,3,0,0,0.023955,0.000933,7.747181,0.128493,0.124326,0,0,4.812637,0.187363,3,0,0,3,3.002572,0.410316,5.027435,0.05885,2.913715,2.790955,0.418169
729,1086,Alexa,CherBoiBlue,1367,1500,1,0,0,0.023955,0.222218,4.695718,0.100033,1.20425,0,0,0.486548,4.513452,1,0,0,1,3.054944,0.31743,2.568467,0.05885,3.372683,2.638804,0.448612
729,1087,Alexa,SwarmLord2,1367,1533,1,0,0,0.023955,0.003699,5.734034,0.128137,0.137829,0,0,4.331148,0.668852,0,1,0,1,2.235376,0.277765,1.372481,0.05885,4.568669,2.302566,0.448612
729,1088,Alexa,SwarmLord3,1367,1562,1,0,0,0.023955,0.003468,5.735133,0.128167,0.1367,0,0,4.367665,0.632335,0,1,0,1,2.008214,0.245546,1.213279,0.05885,4.727871,2.20937,0.448612
729,1089,Alexa,WorkingAsIntended,1367,1596,1,0,0,0.023955,0.041392,5.554934,0.123289,0.321776,0,0,1.832915,3.167085,0,1,0,1,1.806648,0.211113,1.043141,0.05885,4.898009,2.126675,0.448612
730,732,Deimos,GPT,2155,1830,59,0,0,0.005359,8.3e-05,63.84174,0.131052,0.027208,0,0,4.923392,0.076608,46,13,0,59,2.508569,0.866557,50.281786,0.05885,13.659364,2.504782,0.380876
730,759,Deimos,BotTato,2155,1710,41,0,0,0.005359,0.006225,45.812002,0.130247,0.057751,0,0,2.313062,2.686938,41,0,0,41,2.384861,0.928351,45.58712,0.05885,0.35403,2.383657,0.382189
730,779,Deimos,oberon,2155,1472,0,0,0,0.005359,8.5e-05,4.84173,0.131052,0.027218,0,0,4.921535,0.078465,0,0,0,0,,0.980766,4.846113,0.05885,0.095037,2.349308,0.491916
730,797,Deimos,WickedBot,2155,1707,35,2,1,0.005359,0.043299,39.632485,2.125388,1.242127,0,1,0.550655,5.449345,33,2,0,35,2.609827,0.929491,37.592754,0.05885,2.348396,2.599549,0.382913
730,809,Deimos,PrimordialOrigin,2155,1258,1,0,0,0.005359,0.136344,5.181944,0.113194,0.704862,0,0,0.189082,4.810918,1,0,0,1,2.159869,0.994311,5.913041,0.05885,0.028109,2.271588,0.448612
730,813,Deimos,MewCombatMicro,2155,1511,0,0,0,0.005359,0.004268,4.821475,0.130504,0.048021,0,0,2.783113,2.216887,0,0,0,0,,0.976041,4.822765,0.05885,0.118385,2.349308,0.491916
730,827,Deimos,smokinggunbot,2155,1579,0,0,0,0.005359,8.2e-05,4.841744,0.131052,0.027203,0,0,4.924233,0.075767,0,0,0,0,,0.964964,4.768033,0.05885,0.173117,2.349308,0.491916
730,832,Deimos,muravev,2155,1632,0,0,0,0.005359,0.001014,4.837235,0.13093,0.031835,0,0,4.204637,0.795363,0,0,0,0,,0.953052,4.709173,0.05885,0.231977,2.349308,0.491916
730,836,Deimos,muravevTerran,2155,1477,0,0,0,0.005359,0.000366,4.84037,0.131015,0.028615,0,0,4.680111,0.319889,0,0,0,0,,0.980216,4.843393,0.05885,0.097757,2.349308,0.491916
730,858,Deimos,Crawler,2155,1562,0,0,0,0.005359,0.00261,4.829506,0.130721,0.039773,0,0,3.36239,1.63761,0,0,0,0,,0.968126,4.783657,0.05885,0.157493,2.349308,0.491916
730,876,Deimos,GenesisLotus,2155,1411,1,0,0,0.005359,0.009792,5.794731,0.12978,0.075489,0,0,1.768508,3.231492,1,0,0,1,2.555676,0.986384,5.873872,0.05885,0.067278,2.433973,0.448612
730,901,Deimos,clone,2155,1667,20,0,0,0.005359,0.006192,24.812163,0.130252,0.057585,0,0,2.319723,2.680277,14,6,0,20,2.383037,0.943168,18.660337,0.05885,6.280813,2.380776,0.386474
730,930,Deimos,SiriusBot,2155,1519,0,0,0,0.005359,8.3e-05,4.841743,0.131052,0.027205,0,0,4.924011,0.075989,0,0,0,0,,0.97494,4.817326,0.05885,0.123824,2.349308,0.491916
730,939,Deimos,RustyNikolaj,2155,1539,0,0,0,0.005359,0.000102,4.841648,0.13105,0.027302,0,0,4.906348,0.093652,0,0,0,0,,0.971968,4.80264,0.05885,0.13851,2.349308,0.491916
730,940,Deimos,Princess-Mika-Test,2155,1524,1,0,0,0.005359,0.032493,5.684807,0.126805,0.188388,0,0,0.707853,4.292147,1,0,0,1,2.599722,0.974227,5.813803,0.05885,0.127347,2.452043,0.448612
730,943,Deimos,puck,2155,1529,0,0,0,0.005359,8.3e-05,4.841739,0.131052,0.027208,0,0,4.923336,0.076664,0,0,0,0,,0.973495,4.810183,0.05885,0.130967,2.349308,0.491916
730,948,Deimos,titania,2155,1185,0,0,0,0.005359,0.000157,4.841381,0.131043,0.027576,0,0,4.85731,0.14269,0,0,0,0,,0.996256,4.922649,0.05885,0.018501,2.349308,0.491916
730,953,Deimos,ZeratulsRevengeTest,2155,1702,19,0,0,0.005359,0.000163,23.841355,0.131042,0.027603,0,0,4.85264,0.14736,14,5,0,19,2.289401,0.931354,18.60196,0.05885,5.33919,2.293614,0.386896
730,959,Deimos,ur_moms_a_ho,2155,1600,0,0,0,0.005359,0.022196,4.734667,0.128154,0.137179,0,0,0.972373,4.027627,0,0,0,0,,0.96064,4.746664,0.05885,0.194486,2.349308,0.491916
730,960,Deimos,BigDaddy,2155,1637,3,0,0,0.005359,0.006779,7.809318,0.130175,0.060507,0,0,2.207458,2.792542,3,0,0,3,2.131211,0.951747,7.702726,0.05885,0.238424,2.201861,0.418169
730,961,Deimos,AvocaDOS,2155,1751,37,1,0,0.005359,0.000833,41.838108,1.130954,0.030938,0,0,4.327014,0.672986,34,2,1,37,2.47006,0.910976,38.501269,1.05885,2.439881,2.465544,0.382646
730,962,Deimos,AvocaDEV,2155,1700,2,0,0,0.005359,0.057896,6.5618,0.123475,0.314725,0,0,0.423577,4.576423,1,1,0,2,2.452219,0.932086,5.605579,0.05885,1.335571,2.409184,0.429209
730,966,Deimos,ArgoBot,2155,1909,56,0,3,0.005359,8.5e-05,60.841731,0.131052,3.027217,3,0,7.921713,0.078287,36,20,0,56,2.60976,0.804725,39.976265,0.05885,20.964885,2.603241,0.381038
730,970,Deimos,TheLAW,2155,1576,0,0,0,0.005359,0.05452,4.578151,0.123918,0.297931,0,0,0.447464,4.552536,0,0,0,0,,0.965543,4.770895,0.05885,0.170255,2.349308,0.491916
730,971,Deimos,Nothing,2155,1570,3,0,0,0.005359,0.00831,7.801903,0.129974,0.068123,0,0,1.960151,3.039849,3,0,0,3,2.605996,0.966674,7.776482,0.05885,0.164668,2.522845,0.418169
730,977,Deimos,Siriusly,2155,1392,0,0,0,0.005359,0.001619,4.834305,0.130851,0.034844,0,0,3.839956,1.160044,0,0,0,0,,0.987778,4.880757,0.05885,0.060393,2.349308,0.491916
730,981,Deimos,KoB,2155,1499,5,0,0,0.005359,0.001616,9.834317,0.130851,0.034832,0,0,3.841321,1.158679,5,0,0,5,2.396511,0.977604,9.83049,0.05885,0.11066,2.38597,0.406046
730,998,Deimos,LordSuperKing,2155,1656,9,0,0,0.005359,0.000132,13.841504,0.131046,0.02745,0,0,4.879691,0.120309,9,0,0,9,2.143609,0.946469,13.676645,0.05885,0.264505,2.171938,0.395447
730,1007,Deimos,SharkGull,2155,1605,0,0,0,0.005359,0.000223,4.841064,0.131034,0.027902,0,0,4.800367,0.199633,0,0,0,0,,0.959537,4.741215,0.05885,0.199935,2.349308,0.491916
730,1008,Deimos,Creepy_canon,2155,1587,0,0,0,0.005359,0.074065,4.483508,0.121356,0.395136,0,0,0.337347,4.662653,0,0,0,0,,0.963374,4.760173,0.05885,0.180977,2.349308,0.491916
730,1023,Deimos,MY_SCRIPTING_SON,2155,1275,1,0,0,0.005359,0.333918,4.225264,0.087299,1.687437,0,0,0.078972,4.921028,1,0,0,1,2.169054,0.99373,5.910169,0.05885,0.030981,2.275357,0.448612
730,1026,Deimos,WildLupo,2155,1199,0,0,0,0.005359,0.018371,4.753187,0.128655,0.118157,0,0,1.129101,3.870899,0,0,0,0,,0.995943,4.921102,0.05885,0.020048,2.349308,0.491916
730,1029,Deimos,Chomppet,2155,1600,0,0,0,0.005359,0.022196,4.734667,0.128154,0.137179,0,0,0.972373,4.027627,0,0,0,0,,0.96064,4.746664,0.05885,0.194486,2.349308,0.491916
730,1030,Deimos,who,2155,1924,63,0,0,0.005359,8.3e-05,67.84174,0.131052,0.027207,0,0,4.923505,0.076495,39,24,0,63,1.979507,0.790798,42.907452,0.05885,25.033698,1.987757,0.380684
730,1032,Deimos,WaterLeak,2155,1607,24,0,0,0.005359,8.4e-05,28.841735,0.131052,0.027213,0,0,4.922591,0.077409,22,2,0,24,2.056036,0.959087,26.738994,0.05885,2.202156,2.072608,0.385118
730,1038,Deimos,PolyMorph,2155,1463,0,0,0,0.005359,0.001586,4.834464,0.130855,0.034681,0,0,3.858114,1.141886,0,0,0,0,,0.98172,4.850823,0.05885,0.090327,2.349308,0.491916
730,1042,Deimos,Creepy_duo_canon,2155,1386,0,0,0,0.005359,0.104041,4.33836,0.117427,0.544212,0,0,0.244913,4.755087,0,0,0,0,,0.988188,4.882783,0.05885,0.058367,2.349308,0.491916
730,1044,Deimos,DoopyBot,2155,1418,0,0,0,0.005359,0.009666,4.795341,0.129796,0.074862,0,0,1.783344,3.216656,0,0,0,0,,0.985832,4.871145,0.05885,0.070005,2.349308,0.491916
730,1045,Deimos,tito,2155,1801,47,0,0,0.005359,0.000837,51.838092,0.130954,0.030954,0,0,4.324823,0.675177,40,7,0,47,2.390095,0.884708,44.371474,0.05885,7.569676,2.388885,0.381644
730,1049,Deimos,TheCatSC2Bot,2155,970,1,0,0,0.005359,0.003084,5.82721,0.130659,0.042131,0,0,3.173565,1.826435,1,0,0,1,2.494032,0.998911,5.935769,0.05885,0.005381,2.408683,0.448612
730,1050,Deimos,onlyfans,2155,1517,0,0,0,0.005359,8.7e-05,4.841724,0.131052,0.027224,0,0,4.92045,0.07955,0,0,0,0,,0.97522,4.818708,0.05885,0.122442,2.349308,0.491916
730,1052,Deimos,Starlight,2155,1204,0,0,0,0.005359,9.3e-05,4.841694,0.131051,0.027255,0,0,4.914822,0.085178,0,0,0,0,,0.995825,4.920519,0.05885,0.020631,2.349308,0.491916
730,1054,Deimos,JimmyBotZ,2155,1724,0,0,0,0.005359,0.005286,4.816546,0.13037,0.053083,0,0,2.516997,2.483003,0,0,0,0,,0.922802,4.559701,0.05885,0.381449,2.349308,0.491916
730,1056,Deimos,bilisaur,2155,1600,0,0,0,0.005359,0.022196,4.734667,0.128154,0.137179,0,0,0.972373,4.027627,0,0,0,0,,0.96064,4.746664,0.05885,0.194486,2.349308,0.491916
730,1057,Deimos,DoopyBot-Test,2155,1238,0,0,0,0.005359,0.023755,4.72712,0.12795,0.14493,0,0,0.920315,4.079685,0,0,0,0,,0.994927,4.916082,0.05885,0.025068,2.349308,0.491916
730,1058,Deimos,JimmyBotP,2155,1711,1,0,0,0.005359,0.005341,5.816283,0.130363,0.053353,0,0,2.50422,2.49578,1,0,0,1,2.398804,0.927967,5.585223,0.05885,0.355927,2.369614,0.448612
730,1059,Deimos,NextProBot,2155,1600,0,0,0,0.005359,0.022196,4.734667,0.128154,0.137179,0,0,0.972373,4.027627,0,0,0,0,,0.96064,4.746664,0.05885,0.194486,2.349308,0.491916
730,1060,Deimos,WildFire,2155,1709,17,0,1,0.005359,0.00012,21.84156,0.131047,1.027392,1,0,5.890156,0.109844,17,0,0,17,2.275291,0.928733,21.589007,0.05885,0.352143,2.281062,0.387873
730,1065,Deimos,MindMatrix,2155,1514,0,0,0,0.005359,0.010709,4.790287,0.12966,0.080053,0,0,1.667504,3.332496,0,0,0,0,,0.975634,4.820753,0.05885,0.120397,2.349308,0.491916
730,1066,Deimos,CompetitiveBotTest,2155,1482,0,0,0,0.005359,0.003699,4.824231,0.130578,0.045191,0,0,2.95798,2.04202,0,0,0,0,,0.97965,4.840596,0.05885,0.100554,2.349308,0.491916
730,1067,Deimos,Hello_world,2155,1600,0,0,0,0.005359,0.022196,4.734667,0.128154,0.137179,0,0,0.972373,4.027627,0,0,0,0,,0.96064,4.746664,0.05885,0.194486,2.349308,0.491916
730,1078,Deimos,LoremIpsum,2155,1242,0,0,0,0.005359,0.000201,4.841172,0.131037,0.027792,0,0,4.819506,0.180494,0,0,0,0,,0.994809,4.915501,0.05885,0.025649,2.349308,0.491916
730,1079,Deimos,JimmyBotT,2155,1675,0,0,0,0.005359,0.000205,4.841152,0.131036,0.027812,0,0,4.815977,0.184023,0,0,0,0,,0.940649,4.647888,0.05885,0.293262,2.349308,0.491916
730,1080,Deimos,JimmyBot,2155,1675,0,0,0,0.005359,0.003888,4.823319,0.130554,0.046127,0,0,2.897744,2.102256,0,0,0,0,,0.940649,4.647888,0.05885,0.293262,2.349308,0.491916
730,1081,Deimos,ArtZerg,2155,1537,0,0,0,0.005359,0.000199,4.841179,0.131037,0.027784,0,0,4.820755,0.179245,0,0,0,0,,0.97228,4.804182,0.05885,0.136968,2.349308,0.491916
730,1082,Deimos,Dasyatis,2155,1573,0,0,0,0.005359,0.048918,4.605275,0.124652,0.270073,0,0,0.493645,4.506355,0,0,0,0,,0.966113,4.773711,0.05885,0.167439,2.349308,0.491916
730,1084,Deimos,ZippyZap,2155,1457,0,0,0,0.005359,0.84229,0.763656,0.02067,4.215674,0,0,0.031609,4.968391,0,0,0,0,,0.982329,4.853836,0.05885,0.087314,2.349308,0.491916
730,1085,Deimos,AgoraLord,2155,1430,0,0,0,0.005359,0.000933,4.837627,0.130941,0.031431,0,0,4.258813,0.741187,0,0,0,0,,0.984834,4.866214,0.05885,0.074936,2.349308,0.491916
730,1086,Deimos,CherBoiBlue,2155,1500,0,0,0,0.005359,0.222218,3.766131,0.101939,1.13193,0,0,0.117734,4.882266,0,0,0,0,,0.977478,4.829865,0.05885,0.111285,2.349308,0.491916
730,1087,Deimos,SwarmLord2,2155,1533,0,0,0,0.005359,0.003699,4.824231,0.130578,0.045191,0,0,2.95798,2.04202,0,0,0,0,,0.972894,4.807215,0.05885,0.133935,2.349308,0.491916
730,1088,Deimos,SwarmLord3,2155,1562,0,0,0,0.005359,0.003468,4.82535,0.130609,0.044041,0,0,3.03546,1.96454,0,0,0,0,,0.968126,4.783657,0.05885,0.157493,2.349308,0.491916
730,1089,Deimos,WorkingAsIntended,2155,1596,0,0,0,0.005359,0.041392,4.641718,0.125638,0.232643,0,0,0.573116,4.426884,0,0,0,0,,0.961501,4.750921,0.05885,0.190229,2.349308,0.491916
732,759,GPT,BotTato,1830,1710,39,0,0,8.3e-05,0.006225,43.837523,0.130938,0.031539,0,0,0.066089,4.933911,24,15,0,39,2.581463,0.666139,27.291495,0.05885,16.649655,2.57321,0.382406
732,779,GPT,oberon,1830,1472,1,0,0,8.3e-05,8.5e-05,5.867409,0.131747,0.000844,0,0,2.469582,2.530418,1,0,0,1,2.088153,0.887036,5.382977,0.05885,0.558173,2.242166,0.448612
732,797,GPT,WickedBot,1830,1707,38,0,2,8.3e-05,0.043299,42.657054,0.126053,2.216892,0,2,0.00961,6.99039,30,8,0,38,2.390636,0.669969,33.310417,0.05885,9.630733,2.38913,0.382523
732,809,GPT,PrimordialOrigin,1830,1258,0,0,0,8.3e-05,0.136344,4.204124,0.113794,0.682082,0,0,0.003056,4.996944,0,0,0,0,,0.964177,4.764145,0.05885,0.177005,2.349308,0.491916
732,813,GPT,MewCombatMicro,1830,1511,0,0,0,8.3e-05,0.004268,4.847047,0.131196,0.021757,0,0,0.0958,4.9042,0,0,0,0,,0.862512,4.261801,0.05885,0.679349,2.349308,0.491916
732,827,GPT,smokinggunbot,1830,1579,3,0,0,8.3e-05,8.2e-05,7.867423,0.131748,0.000829,0,0,2.514008,2.485992,2,1,0,3,2.632554,0.809208,5.998418,0.05885,1.942732,2.5408,0.418169
732,832,GPT,muravev,1830,1632,0,0,0,8.3e-05,0.001014,4.86289,0.131625,0.005485,0,0,0.380024,4.619976,0,0,0,0,,0.757639,3.743609,0.05885,1.197541,2.349308,0.491916
732,836,GPT,muravevTerran,1830,1477,0,0,0,8.3e-05,0.000366,4.866042,0.13171,0.002248,0,0,0.927173,4.072827,0,0,0,0,,0.884119,4.368566,0.05885,0.572584,2.349308,0.491916
732,858,GPT,Crawler,1830,1562,1,0,0,8.3e-05,0.00261,5.85512,0.131415,0.013465,0,0,0.154795,4.845205,1,0,0,1,1.86408,0.823862,5.070823,0.05885,0.870327,2.150237,0.448612
732,876,GPT,GenesisLotus,1830,1411,0,0,0,8.3e-05,0.009792,4.820161,0.130468,0.049371,0,0,0.042218,4.957782,0,0,0,0,,0.917735,4.534664,0.05885,0.406486,2.349308,0.491916
732,901,GPT,clone,1830,1667,18,0,0,8.3e-05,0.006192,22.837685,0.130943,0.031372,0,0,0.066439,4.933561,6,12,0,18,2.097915,0.718757,9.551485,0.05885,13.389665,2.116506,0.38736
732,930,GPT,SiriusBot,1830,1519,2,0,0,8.3e-05,8.3e-05,6.867422,0.131747,0.00083,0,0,2.510288,2.489712,2,0,0,2,2.074006,0.856959,6.234364,0.05885,0.706786,2.189131,0.429209
732,939,GPT,RustyNikolaj,1830,1539,0,0,0,8.3e-05,0.000102,4.867327,0.131745,0.000928,0,0,2.245447,2.754553,0,0,0,0,,0.842259,4.161726,0.05885,0.779424,2.349308,0.491916
732,940,GPT,Princess-Mika-Test,1830,1524,1,0,0,8.3e-05,0.032493,5.709654,0.127477,0.162869,0,0,0.012798,4.987202,1,0,0,1,1.757858,0.853395,5.216751,0.05885,0.724399,2.106659,0.448612
732,943,GPT,puck,1830,1529,0,0,0,8.3e-05,8.3e-05,4.867419,0.131747,0.000834,0,0,2.499061,2.500939,0,0,0,0,,0.849757,4.198776,0.05885,0.742374,2.349308,0.491916
732,948,GPT,titania,1830,1185,0,0,0,8.3e-05,0.000157,4.867058,0.131738,0.001204,0,0,1.731336,3.268664,0,0,0,0,,0.976175,4.823428,0.05885,0.117722,2.349308,0.491916
732,953,GPT,ZeratulsRevengeTest,1830,1702,20,0,0,8.3e-05,0.000163,24.867033,0.131737,0.00123,0,0,1.693989,3.306011,20,0,0,20,2.098114,0.676302,23.341708,0.05885,1.599442,2.114958,0.386474
732,959,GPT,ur_moms_a_ho,1830,1600,0,0,0,8.3e-05,0.022196,4.759778,0.128834,0.111388,0,0,0.018713,4.981287,0,0,0,0,,0.789844,3.902739,0.05885,1.038411,2.349308,0.491916
732,960,GPT,BigDaddy,1830,1637,6,0,0,8.3e-05,0.006779,10.834826,0.130865,0.034309,0,0,0.060752,4.939248,5,1,0,6,1.968731,0.752315,8.717301,0.05885,2.223849,2.042286,0.402359
732,961,GPT,AvocaDOS,1830,1751,36,2,0,8.3e-05,0.000833,40.863768,2.131649,0.004584,0,0,0.454727,4.545273,35,1,0,36,2.159603,0.611771,38.02285,0.05885,2.9183,2.166887,0.382776
732,962,GPT,AvocaDEV,1830,1700,2,0,0,8.3e-05,0.057896,6.585995,0.12413,0.289875,0,0,0.007191,4.992809,2,0,0,2,2.269331,0.678817,5.354136,0.05885,1.587014,2.302775,0.429209
732,966,GPT,ArgoBot,1830,1909,57,0,0,8.3e-05,8.5e-05,61.86741,0.131747,0.000843,0,0,2.472465,2.527535,32,25,0,57,2.453666,0.388229,33.9183,0.05885,28.02285,2.451099,0.380982
732,970,GPT,TheLAW,1830,1576,3,0,0,8.3e-05,0.05452,7.602432,0.124575,0.272993,0,0,0.007635,4.992365,3,0,0,3,2.159576,0.81186,7.011522,0.05885,0.929628,2.221038,0.418169
732,971,GPT,Nothing,1830,1570,3,0,0,8.3e-05,0.00831,7.827371,0.130663,0.041965,0,0,0.049668,4.950332,3,0,0,3,2.275128,0.817079,7.037309,0.05885,0.903841,2.299158,0.418169
732,977,GPT,Siriusly,1830,1392,2,0,0,8.3e-05,0.001619,6.859944,0.131545,0.00851,0,0,0.244917,4.755083,2,0,0,2,2.071472,0.925624,6.573646,0.05885,0.367504,2.187656,0.429209
732,981,GPT,KoB,1830,1499,5,0,0,8.3e-05,0.001616,9.859956,0.131545,0.008498,0,0,0.245274,4.754726,4,1,0,5,1.956481,0.8705,8.301272,0.05885,1.639878,2.044198,0.406046
732,998,GPT,LordSuperKing,1830,1656,9,0,0,8.3e-05,0.000132,13.867182,0.131741,0.001077,0,0,1.934592,3.065408,8,1,0,9,2.281767,0.731378,11.613848,0.05885,2.327302,2.291069,0.395447
732,1007,GPT,SharkGull,1830,1605,0,0,0,8.3e-05,0.000223,4.86674,0.131729,0.001531,0,0,1.3614,3.6386,0,0,0,0,,0.785027,3.878935,0.05885,1.062215,2.349308,0.491916
732,1008,GPT,Creepy_canon,1830,1587,0,0,0,8.3e-05,0.074065,4.507288,0.122,0.370713,0,0,0.005623,4.994377,0,0,0,0,,0.801997,3.962786,0.05885,0.978364,2.349308,0.491916
732,1023,GPT,MY_SCRIPTING_SON,1830,1275,0,0,1,8.3e-05,0.333918,3.24237,0.087762,2.669868,0,1,0.001248,5.998752,0,0,0,0,,0.96064,4.746664,0.05885,0.194486,2.349308,0.491916
732,1026,GPT,WildLupo,1830,1199,0,0,0,8.3e-05,0.018371,4.778397,0.129338,0.092265,0,0,0.022591,4.977409,0,0,0,0,,0.974227,4.813803,0.05885,0.127347,2.349308,0.491916
732,1029,GPT,Chomppet,1830,1600,0,0,0,8.3e-05,0.022196,4.759778,0.128834,0.111388,0,0,0.018713,4.981287,0,0,0,0,,0.789844,3.902739,0.05885,1.038411,2.349308,0.491916
732,1030,GPT,who,1830,1924,58,1,0,8.3e-05,8.3e-05,62.867419,1.131747,0.000833,0,0,2.501877,2.498123,11,47,0,58,1.598995,0.36793,12.817997,0.05885,50.123153,1.617141,0.380929
732,1032,GPT,WaterLeak,1830,1607,23,0,0,8.3e-05,8.4e-05,27.867415,0.131747,0.000838,0,0,2.486782,2.513218,21,2,0,23,1.887129,0.783077,24.869303,0.05885,3.071847,1.914315,0.385416
732,1038,GPT,PolyMorph,1830,1463,0,0,0,8.3e-05,0.001586,4.860104,0.131549,0.008346,0,0,0.249734,4.750266,0,0,0,0,,0.892124,4.408118,0.05885,0.533032,2.349308,0.491916
732,1042,GPT,Creepy_duo_canon,1830,1386,0,0,0,8.3e-05,0.104041,4.36137,0.11805,0.52058,0,0,0.004004,4.995996,0,0,0,0,,0.927967,4.585223,0.05885,0.355927,2.349308,0.491916
732,1044,GPT,DoopyBot,1830,1418,0,0,0,8.3e-05,0.009666,4.820774,0.130485,0.048741,0,0,0.042764,4.957236,0,0,0,0,,0.914641,4.519377,0.05885,0.421773,2.349308,0.491916
732,1045,GPT,tito,1830,1801,46,0,0,8.3e-05,0.000837,50.863752,0.131648,0.004599,0,0,0.453176,4.546824,39,7,0,46,2.10798,0.541638,41.676313,0.05885,9.264837,2.115293,0.381725
732,1049,GPT,TheCatSC2Bot,1830,970,0,0,0,8.3e-05,0.003084,4.852812,0.131352,0.015836,0,0,0.131624,4.868376,0,0,0,0,,0.99297,4.906415,0.05885,0.034735,2.349308,0.491916
732,1050,GPT,onlyfans,1830,1517,1,0,0,8.3e-05,8.7e-05,5.867403,0.131747,0.00085,0,0,2.452144,2.547856,1,0,0,1,1.879465,0.858365,5.241308,0.05885,0.699842,2.156549,0.448612
732,1052,GPT,Starlight,1830,1204,0,0,0,8.3e-05,9.3e-05,4.867373,0.131746,0.000881,0,0,2.3654,2.6346,0,0,0,0,,0.973495,4.810183,0.05885,0.130967,2.349308,0.491916
732,1054,GPT,JimmyBotZ,1830,1724,0,0,0,8.3e-05,0.005286,4.842092,0.131062,0.026846,0,0,0.07764,4.92236,0,0,0,0,,0.647983,3.201781,0.05885,1.739369,2.349308,0.491916
732,1056,GPT,bilisaur,1830,1600,0,0,0,8.3e-05,0.022196,4.759778,0.128834,0.111388,0,0,0.018713,4.981287,0,0,0,0,,0.789844,3.902739,0.05885,1.038411,2.349308,0.491916
732,1057,GPT,DoopyBot-Test,1830,1238,0,0,0,8.3e-05,0.023755,4.752191,0.128629,0.11918,0,0,0.017489,4.982511,0,0,0,0,,0.967948,4.782777,0.05885,0.158373,2.349308,0.491916
732,1058,GPT,JimmyBotP,1830,1711,1,0,0,8.3e-05,0.005341,5.841827,0.131055,0.027118,0,0,0.076863,4.923137,1,0,0,1,1.796747,0.664858,4.285163,0.05885,1.655987,2.122613,0.448612
732,1059,GPT,NextProBot,1830,1600,0,0,0,8.3e-05,0.022196,4.759778,0.128834,0.111388,0,0,0.018713,4.981287,0,0,0,0,,0.789844,3.902739,0.05885,1.038411,2.349308,0.491916
732,1060,GPT,WildFire,1830,1709,18,0,0,8.3e-05,0.00012,22.867239,0.131743,0.001019,0,0,2.046161,2.953839,16,2,0,18,2.054916,0.667418,19.297815,0.05885,3.643335,2.076687,0.38736
732,1065,GPT,MindMatrix,1830,1514,0,0,0,8.3e-05,0.010709,4.815694,0.130347,0.053959,0,0,0.038628,4.961372,0,0,0,0,,0.860451,4.251618,0.05885,0.689532,2.349308,0.491916
732,1066,GPT,CompetitiveBotTest,1830,1482,0,0,0,8.3e-05,0.003699,4.849817,0.131271,0.018912,0,0,0.110213,4.889787,0,0,0,0,,0.881138,4.353834,0.05885,0.587316,2.349308,0.491916
732,1067,GPT,Hello_world,1830,1600,0,0,0,8.3e-05,0.022196,4.759778,0.128834,0.111388,0,0,0.018713,4.981287,0,0,0,0,,0.789844,3.902739,0.05885,1.038411,2.349308,0.491916
732,1078,GPT,LoremIpsum,1830,1242,0,0,0,8.3e-05,0.000201,4.866848,0.131732,0.00142,0,0,1.467622,3.532378,0,0,0,0,,0.967226,4.779209,0.05885,0.161941,2.349308,0.491916
732,1079,GPT,JimmyBotT,1830,1675,0,0,0,8.3e-05,0.000205,4.866828,0.131731,0.001441,0,0,1.446877,3.553123,0,0,0,0,,0.709355,3.505028,0.05885,1.436122,2.349308,0.491916
732,1080,GPT,JimmyBot,1830,1675,0,0,0,8.3e-05,0.003888,4.8489,0.131246,0.019853,0,0,0.104987,4.895013,0,0,0,0,,0.709355,3.505028,0.05885,1.436122,2.349308,0.491916
732,1081,GPT,ArtZerg,1830,1537,0,0,0,8.3e-05,0.000199,4.866855,0.131732,0.001413,0,0,1.475106,3.524894,0,0,0,0,,0.843782,4.169255,0.05885,0.771895,2.349308,0.491916
732,1082,GPT,Dasyatis,1830,1573,0,0,0,8.3e-05,0.048918,4.6297,0.125313,0.244987,0,0,0.008508,4.991492,0,0,0,0,,0.814484,4.024486,0.05885,0.916664,2.349308,0.491916
732,1084,GPT,ZippyZap,1830,1457,0,0,0,8.3e-05,0.84229,0.767706,0.02078,4.211514,0,0,0.000495,4.999505,0,0,0,0,,0.895403,4.424321,0.05885,0.516829,2.349308,0.491916
732,1085,GPT,AgoraLord,1830,1430,0,0,0,8.3e-05,0.000933,4.863285,0.131636,0.00508,0,0,0.410345,4.589655,0,0,0,0,,0.909091,4.491955,0.05885,0.449195,2.349308,0.491916
732,1086,GPT,CherBoiBlue,1830,1500,0,0,0,8.3e-05,0.222218,3.786106,0.102479,1.111415,0,0,0.001875,4.998125,0,0,0,0,,0.86985,4.298059,0.05885,0.643091,2.349308,0.491916
732,1087,GPT,SwarmLord2,1830,1533,0,0,0,8.3e-05,0.003699,4.849817,0.131271,0.018912,0,0,0.110213,4.889787,0,0,0,0,,0.846793,4.184133,0.05885,0.757017,2.349308,0.491916
732,1088,GPT,SwarmLord3,1830,1562,0,0,0,8.3e-05,0.003468,4.850942,0.131301,0.017756,0,0,0.117388,4.882612,0,0,0,0,,0.823862,4.070823,0.05885,0.870327,2.349308,0.491916
732,1089,GPT,WorkingAsIntended,1830,1596,0,0,0,8.3e-05,0.041392,4.666337,0.126305,0.207358,0,0,0.010052,4.989948,0,0,0,0,,0.793641,3.921498,0.05885,1.019652,2.349308,0.491916
759,779,BotTato,oberon,1710,1472,0,0,0,0.006225,8.5e-05,4.837513,0.130938,0.031549,0,0,4.932305,0.067695,0,0,0,0,,0.797386,3.940005,0.05885,1.001145,2.349308,0.491916
759,797,BotTato,WickedBot,1710,1707,26,0,1,0.006225,0.043299,30.628451,0.125279,1.24627,0,1,0.628474,5.371526,2,24,0,26,2.562345,0.504317,4.491907,0.05885,26.449243,2.551183,0.384586
759,809,BotTato,PrimordialOrigin,1710,1258,1,0,0,0.006225,0.136344,5.178302,0.113095,0.708603,0,0,0.21831,4.78169,1,0,0,1,2.325325,0.930985,5.600137,0.05885,0.341013,2.339469,0.448612
759,813,BotTato,MewCombatMicro,1710,1511,0,0,0,0.006225,0.004268,4.817276,0.13039,0.052334,0,0,2.966104,2.033896,0,0,0,0,,0.758695,3.748824,0.05885,1.192326,2.349308,0.491916
759,827,BotTato,smokinggunbot,1710,1579,19,0,0,0.006225,8.2e-05,23.837528,0.130938,0.031534,0,0,4.934638,0.065362,19,0,0,19,2.453166,0.680071,22.360331,0.05885,1.580819,2.445861,0.386896
759,832,BotTato,muravev,1710,1632,16,0,0,0.006225,0.001014,20.833023,0.130816,0.036161,0,0,4.29981,0.70019,15,1,0,16,2.673199,0.610402,18.01609,0.05885,2.92506,2.646499,0.388445
759,836,BotTato,muravevTerran,1710,1477,0,0,0,0.006225,0.000366,4.836155,0.130901,0.032944,0,0,4.722148,0.277852,0,0,0,0,,0.792696,3.916832,0.05885,1.024318,2.349308,0.491916
759,858,BotTato,Crawler,1710,1562,12,0,0,0.006225,0.00261,16.8253,0.130607,0.044092,0,0,3.522942,1.477058,12,0,0,12,2.376647,0.700977,15.463634,0.05885,1.477516,2.373722,0.391568
759,876,BotTato,GenesisLotus,1710,1411,2,0,0,0.006225,0.009792,6.790555,0.129667,0.079778,0,0,1.943265,3.056735,2,0,0,2,2.196236,0.848281,6.191484,0.05885,0.749666,2.260247,0.429209
759,901,BotTato,clone,1710,1667,20,0,0,0.006225,0.006192,24.807972,0.130138,0.061889,0,0,2.506697,2.493303,17,3,0,20,2.472684,0.561568,19.774791,0.05885,5.166359,2.464411,0.386474
759,930,BotTato,SiriusBot,1710,1519,11,0,0,0.006225,8.3e-05,15.837527,0.130938,0.031535,0,0,4.934446,0.065554,11,0,0,11,2.47301,0.750163,14.70667,0.05885,1.23448,2.458713,0.392657
759,939,BotTato,RustyNikolaj,1710,1539,6,0,0,0.006225,0.000102,10.837432,0.130936,0.031632,0,0,4.919169,0.080831,5,1,0,6,2.777209,0.727972,8.597016,0.05885,2.344134,2.694507,0.402359
759,940,BotTato,Princess-Mika-Test,1710,1524,8,0,1,0.006225,0.032493,12.680728,0.126694,1.192578,1,0,1.803873,4.196127,8,0,0,8,2.511187,0.74473,11.679825,0.05885,1.261325,2.48653,0.397274
759,943,BotTato,puck,1710,1529,2,0,0,0.006225,8.3e-05,6.837523,0.130938,0.031539,0,0,4.933862,0.066138,2,0,0,2,2.488243,0.73922,5.652598,0.05885,1.288552,2.430144,0.429209
759,948,BotTato,titania,1710,1185,0,0,0,0.006225,0.000157,4.837165,0.130929,0.031906,0,0,4.876675,0.123325,0,0,0,0,,0.953565,4.711705,0.05885,0.229445,2.349308,0.491916
759,953,BotTato,ZeratulsRevengeTest,1710,1702,15,0,1,0.006225,0.000163,19.837139,0.130928,1.031933,1,0,5.872622,0.127378,14,1,0,15,2.377548,0.511511,16.527452,0.05885,3.413698,2.375078,0.389085
759,959,BotTato,ur_moms_a_ho,1710,1600,0,0,0,0.006225,0.022196,4.730544,0.128043,0.141413,0,0,1.09512,3.90488,0,0,0,0,,0.653217,3.227644,0.05885,1.713506,2.349308,0.491916
759,960,BotTato,BigDaddy,1710,1637,19,0,0,0.006225,0.006779,23.80513,0.130061,0.064808,0,0,2.393464,2.606536,13,6,0,19,2.125522,0.603536,15.982163,0.05885,7.958987,2.141262,0.386896
759,961,BotTato,AvocaDOS,1710,1751,31,0,0,0.006225,0.000833,35.833894,0.13084,0.035266,0,0,4.4096,0.5904,10,21,0,31,2.477875,0.441269,12.180374,0.05885,23.760776,2.472178,0.383543
759,962,BotTato,AvocaDEV,1710,1700,3,0,0,0.006225,0.057896,7.557828,0.123368,0.318805,0,0,0.485396,4.514604,1,2,0,3,2.302341,0.514387,3.541664,0.05885,4.399486,2.317555,0.418169
759,966,BotTato,ArgoBot,1710,1909,38,0,0,0.006225,8.5e-05,42.837514,0.130938,0.031548,0,0,4.932459,0.067541,9,29,0,38,2.642385,0.241305,10.192326,0.05885,32.748824,2.631702,0.382523
759,970,BotTato,TheLAW,1710,1576,21,0,0,0.006225,0.05452,25.574164,0.12381,0.302026,0,0,0.512379,4.487621,18,3,0,21,2.404133,0.683816,21.378839,0.05885,4.562311,2.400621,0.38609
759,971,BotTato,Nothing,1710,1570,21,0,0,0.006225,0.00831,25.797722,0.129861,0.072418,0,0,2.141297,2.858703,9,12,0,21,2.523517,0.691236,12.415502,0.05885,13.525648,2.512356,0.38609
759,977,BotTato,Siriusly,1710,1392,1,0,0,0.006225,0.001619,5.830095,0.130737,0.039168,0,0,3.968057,1.031943,1,0,0,1,2.102914,0.861828,5.258421,0.05885,0.682729,2.248222,0.448612
759,981,BotTato,KoB,1710,1499,14,0,0,0.006225,0.001616,18.830107,0.130737,0.039156,0,0,3.969312,1.030688,13,1,0,14,2.541481,0.771114,16.810191,0.05885,2.130959,2.523587,0.389807
759,998,BotTato,LordSuperKing,1710,1656,11,0,0,0.006225,0.000132,15.837287,0.130932,0.031781,0,0,4.896083,0.103917,6,5,0,11,2.616981,0.577092,8.8515,0.05885,7.08965,2.586044,0.392657
759,1007,BotTato,SharkGull,1710,1605,5,0,0,0.006225,0.000223,9.836848,0.13092,0.032232,0,0,4.827185,0.172815,4,1,0,5,2.534306,0.646669,7.195288,0.05885,2.745862,2.492997,0.406046
759,1008,BotTato,Creepy_canon,1710,1587,0,0,0,0.006225,0.074065,4.479604,0.12125,0.399146,0,0,0.387647,4.612353,0,0,0,0,,0.669969,3.310417,0.05885,1.630733,2.349308,0.491916
759,1023,BotTato,MY_SCRIPTING_SON,1710,1275,1,0,1,0.006225,0.333918,4.222456,0.087223,2.690321,0,1,0.091503,5.908497,1,0,0,1,1.880991,0.924426,5.567728,0.05885,0.373422,2.157175,0.448612
759,1026,BotTato,WildLupo,1710,1199,0,0,0,0.006225,0.018371,4.749048,0.128543,0.122409,0,0,1.265416,3.734584,0,0,0,0,,0.949863,4.693414,0.05885,0.247736,2.349308,0.491916
759,1029,BotTato,Chomppet,1710,1600,0,0,0,0.006225,0.022196,4.730544,0.128043,0.141413,0,0,1.09512,3.90488,0,0,0,0,,0.653217,3.227644,0.05885,1.713506,2.349308,0.491916
759,1030,BotTato,who,1710,1924,42,0,0,0.006225,8.3e-05,46.837524,0.130938,0.031538,0,0,4.934009,0.065991,27,15,0,42,2.012543,0.225852,28.115969,0.05885,18.825181,2.023688,0.382088
759,1032,BotTato,WaterLeak,1710,1607,29,0,0,0.006225,8.4e-05,33.837519,0.130938,0.031543,0,0,4.933218,0.066782,26,3,0,29,2.544684,0.644034,29.182268,0.05885,4.758882,2.535457,0.383919
759,1038,BotTato,PolyMorph,1710,1463,3,0,0,0.006225,0.001586,7.830254,0.130741,0.039005,0,0,3.98474,1.01526,3,0,0,3,2.263357,0.805628,6.980727,0.05885,0.960423,2.2912,0.418169
759,1042,BotTato,Creepy_duo_canon,1710,1386,2,0,0,0.006225,0.104041,6.334582,0.117325,0.548093,0,0,0.282265,4.717735,2,0,0,2,2.063038,0.86589,6.27849,0.05885,0.66266,2.182749,0.429209
759,1044,BotTato,DoopyBot,1710,1418,5,0,0,0.006225,0.009666,9.791165,0.129683,0.079151,0,0,1.958678,3.041322,5,0,0,5,2.341952,0.843022,9.165498,0.05885,0.775652,2.343594,0.406046
759,1045,BotTato,tito,1710,1801,38,0,2,0.006225,0.000837,42.833879,0.13084,2.035281,1,1,5.40764,1.59236,5,33,0,38,2.553538,0.371955,6.837886,0.05885,36.103264,2.546094,0.382523
759,1049,BotTato,TheCatSC2Bot,1710,970,1,0,0,0.006225,0.003084,5.823006,0.130545,0.046448,0,0,3.34351,1.65649,1,0,0,1,1.80171,0.986071,5.872327,0.05885,0.068823,2.124649,0.448612
759,1050,BotTato,onlyfans,1710,1517,8,0,0,0.006225,8.7e-05,12.837507,0.130938,0.031555,0,0,4.931367,0.068633,7,1,0,8,2.392766,0.752315,10.717301,0.05885,2.223849,2.386146,0.397274
759,1052,BotTato,Starlight,1710,1204,1,0,0,0.006225,9.3e-05,5.837477,0.130937,0.031586,0,0,4.9265,0.0735,1,0,0,1,3.220475,0.948474,5.686553,0.05885,0.254597,2.706714,0.448612
759,1054,BotTato,JimmyBotZ,1710,1724,12,0,0,0.006225,0.005286,16.812352,0.130257,0.057391,0,0,2.703832,2.296168,12,0,0,12,2.469902,0.479863,14.371076,0.05885,2.570074,2.457001,0.391568
759,1056,BotTato,bilisaur,1710,1600,0,0,0,0.006225,0.022196,4.730544,0.128043,0.141413,0,0,1.09512,3.90488,0,0,0,0,,0.653217,3.227644,0.05885,1.713506,2.349308,0.491916
759,1057,BotTato,DoopyBot-Test,1710,1238,0,0,0,0.006225,0.023755,4.723003,0.127838,0.149158,0,0,1.038184,3.961816,0,0,0,0,,0.938025,4.634924,0.05885,0.306226,2.349308,0.491916
759,1058,BotTato,JimmyBotP,1710,1711,7,0,0,0.006225,0.005341,11.812089,0.13025,0.057661,0,0,2.691134,2.308866,5,2,0,7,2.234566,0.498561,7.463464,0.05885,4.477686,2.254115,0.399523
759,1059,BotTato,NextProBot,1710,1600,0,0,0,0.006225,0.022196,4.730544,0.128043,0.141413,0,0,1.09512,3.90488,0,0,0,0,,0.653217,3.227644,0.05885,1.713506,2.349308,0.491916
759,1060,BotTato,WildFire,1710,1709,17,1,0,0.006225,0.00012,21.837344,1.130933,0.031722,0,0,4.90515,0.09485,11,6,0,17,2.806658,0.501439,13.477686,0.05885,8.463464,2.771001,0.387873
759,1065,BotTato,MindMatrix,1710,1514,1,0,0,0.006225,0.010709,5.786116,0.129547,0.084337,0,0,1.837957,3.162043,1,0,0,1,2.409644,0.755519,4.733132,0.05885,1.208018,2.374062,0.448612
759,1066,BotTato,CompetitiveBotTest,1710,1482,0,0,0,0.006225,0.003699,4.82003,0.130465,0.049506,0,0,3.136203,1.863797,0,0,0,0,,0.787927,3.893264,0.05885,1.047886,2.349308,0.491916
759,1067,BotTato,Hello_world,1710,1600,0,0,0,0.006225,0.022196,4.730544,0.128043,0.141413,0,0,1.09512,3.90488,0,0,0,0,,0.653217,3.227644,0.05885,1.713506,2.349308,0.491916
759,1078,BotTato,LoremIpsum,1710,1242,0,0,0,0.006225,0.000201,4.836956,0.130923,0.032121,0,0,4.843836,0.156164,0,0,0,0,,0.936673,4.628242,0.05885,0.312908,2.349308,0.491916
759,1079,BotTato,JimmyBotT,1710,1675,5,0,0,0.006225,0.000205,9.836936,0.130922,0.032142,0,0,4.840768,0.159232,5,0,0,5,2.393076,0.550199,7.718618,0.05885,2.222532,2.383303,0.406046
759,1080,BotTato,JimmyBot,1710,1675,5,0,0,0.006225,0.003888,9.819119,0.13044,0.050441,0,0,3.077808,1.922192,5,0,0,5,2.309751,0.550199,7.718618,0.05885,2.222532,2.318584,0.406046
759,1081,BotTato,ArtZerg,1710,1537,4,0,0,0.006225,0.000199,8.836963,0.130923,0.032114,0,0,4.844923,0.155077,1,3,0,4,2.147043,0.730245,4.608252,0.05885,4.332898,2.200514,0.411036
759,1082,BotTato,Dasyatis,1710,1573,1,0,0,0.006225,0.048918,5.601264,0.124543,0.274192,0,0,0.564429,4.435571,1,0,0,1,2.360854,0.687538,4.39723,0.05885,1.54392,2.354045,0.448612
759,1084,BotTato,ZippyZap,1710,1457,0,0,0,0.006225,0.84229,0.762991,0.020652,4.216357,0,0,0.036681,4.963319,0,0,0,0,,0.810979,4.00717,0.05885,0.93398,2.349308,0.491916
759,1085,BotTato,AgoraLord,1710,1430,0,0,0,0.006225,0.000933,4.833415,0.130827,0.035758,0,0,4.348508,0.651492,0,0,0,0,,0.833662,4.119251,0.05885,0.821899,2.349308,0.491916
759,1086,BotTato,CherBoiBlue,1710,1500,0,0,0,0.006225,0.222218,3.762852,0.10185,1.135299,0,0,0.136245,4.863755,0,0,0,0,,0.770097,3.805163,0.05885,1.135987,2.349308,0.491916
759,1087,BotTato,SwarmLord2,1710,1533,0,0,0,0.006225,0.003699,4.82003,0.130465,0.049506,0,0,3.136203,1.863797,0,0,0,0,,0.734757,3.630545,0.05885,1.310605,2.349308,0.491916
759,1088,BotTato,SwarmLord3,1710,1562,0,0,0,0.006225,0.003468,4.821148,0.130495,0.048357,0,0,3.211011,1.788989,0,0,0,0,,0.700977,3.463634,0.05885,1.477516,2.349308,0.491916
759,1089,BotTato,WorkingAsIntended,1710,1596,0,0,0,0.006225,0.041392,4.637676,0.125529,0.236795,0,0,0.653643,4.346357,0,0,0,0,,0.658415,3.253325,0.05885,1.687825,2.349308,0.491916
779,797,oberon,WickedBot,1472,1707,1,0,0,8.5e-05,0.043299,5.657045,0.126053,0.216902,0,0,0.009846,4.990154,0,1,0,1,2.415021,0.205418,1.015002,0.05885,4.926148,2.376267,0.448612
779,809,oberon,PrimordialOrigin,1472,1258,51,5,5,8.5e-05,0.136344,55.204115,5.113794,5.682091,0,5,0.003131,9.996869,22,26,3,51,2.299936,0.774148,25.825181,3.05885,27.115969,2.30129,0.381349
779,813,oberon,MewCombatMicro,1472,1511,1,0,0,8.5e-05,0.004268,5.847037,0.131196,0.021768,0,0,0.098113,4.901887,1,0,0,1,2.059239,0.444109,3.194409,0.05885,2.746741,2.230304,0.448612
779,827,oberon,smokinggunbot,1472,1579,6,0,0,8.5e-05,8.2e-05,10.867413,0.131747,0.000839,0,0,2.544423,2.455577,1,5,0,6,2.565476,0.350705,2.732886,0.05885,8.208264,2.523697,0.402359
779,832,oberon,muravev,1472,1632,1,0,0,8.5e-05,0.001014,5.86288,0.131625,0.005495,0,0,0.388658,4.611342,0,1,0,1,2.477378,0.284747,1.406979,0.05885,4.534171,2.40185,0.448612
779,836,oberon,muravevTerran,1472,1477,9,0,0,8.5e-05,0.000366,13.866032,0.13171,0.002258,0,0,0.945693,4.054307,8,0,1,9,2.121297,0.492805,10.435023,1.05885,2.506127,2.152699,0.395447
779,858,oberon,Crawler,1472,1562,11,0,0,8.5e-05,0.00261,15.85511,0.131414,0.013475,0,0,0.158488,4.841512,6,5,0,11,2.455363,0.373301,7.844536,0.05885,8.096614,2.443105,0.392657
779,876,oberon,GenesisLotus,1472,1411,53,1,0,8.5e-05,0.009792,57.820151,1.130468,0.049381,0,0,0.043249,4.956751,26,27,0,53,2.184212,0.586895,28.899936,0.05885,29.041214,2.188571,0.381218
779,901,oberon,clone,1472,1667,1,0,0,8.5e-05,0.006192,5.837675,0.130942,0.031382,0,0,0.068054,4.931946,0,1,0,1,2.631169,0.245546,1.213279,0.05885,4.727871,2.464945,0.448612
779,930,oberon,SiriusBot,1472,1519,32,0,0,8.5e-05,8.3e-05,36.867412,0.131747,0.000841,0,0,2.540704,2.459296,2,30,0,32,2.548627,0.432771,4.138387,0.05885,32.802763,2.540059,0.383371
779,939,oberon,RustyNikolaj,1472,1539,28,1,0,8.5e-05,0.000102,32.867317,1.131745,0.000939,0,0,2.275587,2.724413,0,21,7,28,2.727829,0.404757,1.999965,7.05885,23.941185,2.709345,0.384127
779,940,oberon,Princess-Mika-Test,1472,1524,31,4,2,8.5e-05,0.032493,35.709645,4.127477,2.162878,0,2,0.013112,6.986888,2,27,2,31,2.83712,0.42572,4.103545,2.05885,29.837605,2.815503,0.383543
779,943,oberon,puck,1472,1529,39,9,0,8.5e-05,8.3e-05,43.867409,9.131747,0.000844,0,0,2.529479,2.470521,17,21,1,39,2.514557,0.418699,19.068852,1.05885,23.872298,2.508683,0.382406
779,948,oberon,titania,1472,1185,22,7,0,8.5e-05,0.000157,26.867048,7.131737,0.001214,0,0,1.758982,3.241018,15,3,4,22,3.264538,0.839175,19.146491,4.05885,3.794659,3.208405,0.385739
779,953,oberon,ZeratulsRevengeTest,1472,1702,1,0,0,8.5e-05,0.000163,5.867023,0.131737,0.001241,0,0,1.721353,3.278647,0,0,1,1,2.973487,0.210156,1.038411,1.05885,3.902739,2.605385,0.448612
779,959,oberon,ur_moms_a_ho,1472,1600,0,0,0,8.5e-05,0.022196,4.759769,0.128834,0.111398,0,0,0.019172,4.980828,0,0,0,0,,0.323698,1.599442,0.05885,3.341708,2.349308,0.491916
779,960,oberon,BigDaddy,1472,1637,0,0,0,8.5e-05,0.006779,4.834816,0.130865,0.034319,0,0,0.06223,4.93777,0,0,0,0,,0.278922,1.378194,0.05885,3.562956,2.349308,0.491916
779,961,oberon,AvocaDOS,1472,1751,1,0,0,8.5e-05,0.000833,5.863758,0.131648,0.004594,0,0,0.464887,4.535113,0,1,0,1,2.04122,0.167137,0.825851,0.05885,5.115299,2.222911,0.448612
779,962,oberon,AvocaDEV,1472,1700,1,0,0,8.5e-05,0.057896,5.585985,0.12413,0.289885,0,0,0.007367,4.992633,0,1,0,1,2.880882,0.212073,1.047886,0.05885,4.893264,2.567393,0.448612
779,966,oberon,ArgoBot,1472,1909,1,0,0,8.5e-05,8.5e-05,5.8674,0.131747,0.000853,0,0,2.502884,2.497116,0,1,0,1,2.346602,0.074774,0.369467,0.05885,5.571683,2.348198,0.448612
779,970,oberon,TheLAW,1472,1576,6,0,0,8.5e-05,0.05452,10.602423,0.124575,0.273003,0,0,0.007823,4.992177,0,6,0,6,2.081936,0.354648,1.752367,0.05885,9.188783,2.133612,0.402359
779,971,oberon,Nothing,1472,1570,3,0,0,8.5e-05,0.00831,7.827361,0.130663,0.041976,0,0,0.050879,4.949121,1,2,0,3,1.909965,0.362592,2.79162,0.05885,5.14953,2.052285,0.418169
779,977,oberon,Siriusly,1472,1392,50,7,0,8.5e-05,0.001619,54.859934,7.131545,0.008521,0,0,0.250648,4.749352,13,32,5,50,2.881577,0.613137,16.029601,5.05885,33.911549,2.866702,0.381418
779,981,oberon,KoB,1472,1499,27,4,0,8.5e-05,0.001616,31.859947,4.131545,0.008508,0,0,0.251013,4.748987,10,16,1,27,2.782749,0.461222,12.278967,1.05885,18.662183,2.760839,0.384349
779,998,oberon,LordSuperKing,1472,1656,1,0,0,8.5e-05,0.000132,5.867172,0.131741,0.001088,0,0,1.963534,3.036466,0,1,0,1,2.573375,0.257464,1.27217,0.05885,4.66898,2.441234,0.448612
779,1007,oberon,SharkGull,1472,1605,1,0,0,8.5e-05,0.000223,5.86673,0.131729,0.001541,0,0,1.385643,3.614357,0,1,0,1,3.079154,0.31743,1.568467,0.05885,4.372683,2.648736,0.448612
779,1008,oberon,Creepy_canon,1472,1587,0,0,0,8.5e-05,0.074065,4.507278,0.121999,0.370722,0,0,0.005761,4.994239,0,0,0,0,,0.340292,1.681434,0.05885,3.259716,2.349308,0.491916
779,1023,oberon,MY_SCRIPTING_SON,1472,1275,24,1,34,8.5e-05,0.333918,27.242364,1.087762,35.669875,0,34,0.001279,38.998721,4,17,3,24,2.904274,0.756581,7.738378,3.05885,18.202772,2.872913,0.385118
779,1026,oberon,WildLupo,1472,1199,48,7,0,8.5e-05,0.018371,52.778387,7.129338,0.092275,0,0,0.023145,4.976855,26,21,1,48,2.519982,0.827999,30.091269,1.05885,21.849881,2.51502,0.381565
779,1029,oberon,Chomppet,1472,1600,0,0,0,8.5e-05,0.022196,4.759769,0.128834,0.111398,0,0,0.019172,4.980828,0,0,0,0,,0.323698,1.599442,0.05885,3.341708,2.349308,0.491916
779,1030,oberon,who,1472,1924,0,0,0,8.5e-05,8.3e-05,4.867409,0.131747,0.000843,0,0,2.532295,2.467705,0,0,0,0,,0.069015,0.341013,0.05885,4.600137,2.349308,0.491916
779,1032,oberon,WaterLeak,1472,1607,0,0,0,8.5e-05,8.4e-05,4.867405,0.131747,0.000848,0,0,2.517202,2.482798,0,0,0,0,,0.31494,1.556168,0.05885,3.384982,2.349308,0.491916
779,1038,oberon,PolyMorph,1472,1463,51,2,0,8.5e-05,0.001586,55.860094,2.131549,0.008357,0,0,0.255572,4.744428,0,50,1,51,2.708477,0.512949,2.534559,1.05885,52.406591,2.698631,0.381349
779,1042,oberon,Creepy_duo_canon,1472,1386,29,2,4,8.5e-05,0.104041,33.361361,2.11805,4.520589,0,4,0.004102,8.995898,16,13,0,29,1.891587,0.621297,19.06992,0.05885,14.87123,1.913204,0.383919
779,1044,oberon,DoopyBot,1472,1418,34,1,2,8.5e-05,0.009666,38.820764,1.130485,2.048751,0,2,0.043808,6.956192,0,33,1,34,2.601562,0.577092,2.8515,1.05885,35.08965,2.59133,0.383057
779,1045,oberon,tito,1472,1801,0,0,0,8.5e-05,0.000837,4.863742,0.131648,0.00461,0,0,0.463305,4.536695,0,0,0,0,,0.130803,0.646318,0.05885,4.294832,2.349308,0.491916
779,1049,oberon,TheCatSC2Bot,1472,970,56,4,1,8.5e-05,0.003084,60.852802,4.131352,1.015846,0,1,0.134779,5.865221,55,0,1,56,2.162269,0.947337,59.680935,1.05885,0.260215,2.16695,0.381038
779,1050,oberon,onlyfans,1472,1517,32,0,0,8.5e-05,8.7e-05,36.867393,0.131747,0.00086,0,0,2.482558,2.517442,5,26,1,32,2.520113,0.4356,7.152363,1.05885,28.788787,2.51277,0.383371
779,1052,oberon,Starlight,1472,1204,44,8,0,8.5e-05,9.3e-05,48.867363,8.131746,0.000891,0,0,2.39575,2.60425,27,16,1,44,2.665968,0.823862,31.070823,1.05885,16.870327,2.65595,0.381898
779,1054,oberon,JimmyBotZ,1472,1724,9,0,0,8.5e-05,0.005286,13.842082,0.131062,0.026856,0,0,0.079522,4.920478,0,9,0,9,2.628714,0.189905,0.938348,0.05885,13.002802,2.590233,0.395447
779,1056,oberon,bilisaur,1472,1600,0,0,0,8.5e-05,0.022196,4.759769,0.128834,0.111398,0,0,0.019172,4.980828,0,0,0,0,,0.323698,1.599442,0.05885,3.341708,2.349308,0.491916
779,1057,oberon,DoopyBot-Test,1472,1238,29,3,1,8.5e-05,0.023755,33.752181,3.128628,1.11919,0,1,0.017918,5.982082,0,29,0,29,2.722145,0.793641,3.921498,0.05885,30.019652,2.704537,0.383919
779,1058,oberon,JimmyBotP,1472,1711,17,1,0,8.5e-05,0.005341,21.841818,1.131054,0.027128,0,0,0.078726,4.921274,4,13,0,17,2.439579,0.201685,4.996557,0.05885,16.944593,2.432541,0.387873
779,1059,oberon,NextProBot,1472,1600,0,0,0,8.5e-05,0.022196,4.759769,0.128834,0.111398,0,0,0.019172,4.980828,0,0,0,0,,0.323698,1.599442,0.05885,3.341708,2.349308,0.491916
779,1060,oberon,WildFire,1472,1709,1,0,0,8.5e-05,0.00012,5.867229,0.131742,0.001029,0,0,2.075642,2.924358,0,1,0,1,2.689886,0.203545,1.005748,0.05885,4.935402,2.489034,0.448612
779,1065,oberon,MindMatrix,1472,1514,19,0,0,8.5e-05,0.010709,23.815684,0.130347,0.053969,0,0,0.039572,4.960428,6,13,0,19,2.604814,0.43985,8.173364,0.05885,15.767786,2.586843,0.386896
779,1066,oberon,CompetitiveBotTest,1472,1482,1,0,0,8.5e-05,0.003699,5.849807,0.131271,0.018922,0,0,0.112867,4.887133,1,0,0,1,1.99061,0.485613,3.399486,0.05885,2.541664,2.202148,0.448612
779,1067,oberon,Hello_world,1472,1600,0,0,0,8.5e-05,0.022196,4.759769,0.128834,0.111398,0,0,0.019172,4.980828,0,0,0,0,,0.323698,1.599442,0.05885,3.341708,2.349308,0.491916
779,1078,oberon,LoremIpsum,1472,1242,15,6,0,8.5e-05,0.000201,19.866838,6.131732,0.001431,0,0,1.492981,3.507019,3,11,1,15,3.100761,0.789844,6.902739,1.05885,12.038411,3.035046,0.389085
779,1079,oberon,JimmyBotT,1472,1675,2,0,0,8.5e-05,0.000205,6.866818,0.131731,0.001451,0,0,1.472026,3.527974,1,1,0,2,2.329672,0.237115,2.171621,0.05885,4.769529,2.337883,0.429209
779,1080,oberon,JimmyBot,1472,1675,2,0,0,8.5e-05,0.003888,6.84889,0.131246,0.019864,0,0,0.107518,4.892482,0,2,0,2,2.562561,0.237115,1.171621,0.05885,5.769529,2.473384,0.429209
779,1081,oberon,ArtZerg,1472,1537,2,0,0,8.5e-05,0.000199,6.866845,0.131732,0.001423,0,0,1.500539,3.499461,2,0,0,2,2.497341,0.407534,4.013685,0.05885,2.927465,2.435437,0.429209
779,1082,oberon,Dasyatis,1472,1573,9,0,1,8.5e-05,0.048918,13.62969,0.125313,1.244997,0,1,0.008717,5.991283,4,5,0,9,2.063657,0.35861,5.771945,0.05885,8.169205,2.102997,0.395447
779,1084,oberon,ZippyZap,1472,1457,0,0,1,8.5e-05,0.84229,0.767705,0.02078,5.211516,0,1,0.000507,5.999493,0,0,0,0,,0.521573,2.577172,0.05885,2.363978,2.349308,0.491916
779,1085,oberon,AgoraLord,1472,1430,1,2,0,8.5e-05,0.000933,5.863275,2.131635,0.00509,0,0,0.419605,4.580395,0,1,0,1,2.834976,0.56015,2.767786,0.05885,3.173364,2.548559,0.448612
779,1086,oberon,CherBoiBlue,1472,1500,1,0,0,8.5e-05,0.222218,4.786098,0.102479,1.111423,0,0,0.001922,4.998078,0,1,0,1,2.975019,0.459792,2.2719,0.05885,3.66925,2.606014,0.448612
779,1087,oberon,SwarmLord2,1472,1533,1,0,0,8.5e-05,0.003699,5.849807,0.131271,0.018922,0,0,0.112867,4.887133,1,0,0,1,3.420346,0.413105,3.041214,0.05885,2.899936,2.788714,0.448612
779,1088,oberon,SwarmLord3,1472,1562,1,0,0,8.5e-05,0.003468,5.850933,0.131301,0.017766,0,0,0.12021,4.87979,0,1,0,1,2.862201,0.373301,1.844536,0.05885,4.096614,2.559728,0.448612
779,1089,oberon,WorkingAsIntended,1472,1596,1,0,0,8.5e-05,0.041392,5.666327,0.126304,0.207368,0,0,0.010299,4.989701,1,0,0,1,2.574138,0.328759,2.62445,0.05885,3.3167,2.441547,0.448612
797,809,WickedBot,PrimordialOrigin,1707,1258,1,0,1,0.043299,0.136344,5.022426,0.108876,1.868698,1,0,2.205131,3.794869,1,0,0,1,2.231089,0.929867,5.594614,0.05885,0.346536,2.300807,0.448612
797,813,WickedBot,MewCombatMicro,1707,1511,0,0,0,0.043299,0.004268,4.637562,0.125526,0.236912,0,0,4.551323,0.448677,0,0,0,0,,0.755519,3.733132,0.05885,1.208018,2.349308,0.491916
797,827,WickedBot,smokinggunbot,1707,1579,21,0,1,0.043299,8.2e-05,25.657059,0.126054,1.216888,1,0,5.990497,0.009503,21,0,0,21,2.443921,0.676302,24.341708,0.05885,1.599442,2.437859,0.38609
797,832,WickedBot,muravev,1707,1632,14,0,0,0.043299,0.001014,18.652721,0.125936,0.221342,0,0,4.885622,0.114378,13,1,0,14,3.0169,0.606288,15.995759,0.05885,2.945391,2.954737,0.389807
797,836,WickedBot,muravevTerran,1707,1477,0,0,0,0.043299,0.000366,4.655737,0.126018,0.218246,0,0,4.958059,0.041941,0,0,0,0,,0.789844,3.902739,0.05885,1.038411,2.349308,0.491916
797,858,WickedBot,Crawler,1707,1562,13,0,1,0.043299,0.00261,17.645287,0.125735,1.228978,1,0,5.715752,0.284248,13,0,0,13,2.248977,0.697345,16.445687,0.05885,1.495463,2.258966,0.390628
797,876,WickedBot,GenesisLotus,1707,1411,2,0,2,0.043299,0.009792,6.611839,0.12483,2.263332,1,1,5.077834,1.922166,2,0,0,2,2.461304,0.846045,6.180436,0.05885,0.760714,2.41447,0.429209
797,901,WickedBot,clone,1707,1667,26,0,0,0.043299,0.006192,30.628606,0.125283,0.246111,0,0,4.374464,0.625536,9,17,0,26,2.417688,0.557312,11.75376,0.05885,19.18739,2.414106,0.384586
797,930,WickedBot,SiriusBot,1707,1519,13,0,0,0.043299,8.3e-05,17.657057,0.126054,0.216889,0,0,4.990469,0.009531,13,0,0,13,2.225969,0.746913,16.690609,0.05885,1.250541,2.238249,0.390628
797,939,WickedBot,RustyNikolaj,1707,1539,5,0,0,0.043299,0.000102,9.656966,0.126051,0.216983,0,0,4.988216,0.011784,4,1,0,5,2.58889,0.724538,7.580052,0.05885,2.361098,2.535392,0.406046
797,940,WickedBot,Princess-Mika-Test,1707,1524,8,0,0,0.043299,0.032493,12.506108,0.121968,0.371924,0,0,2.856426,2.143574,7,0,1,8,2.625082,0.741434,10.663534,1.05885,1.277616,2.583077,0.397274
797,943,WickedBot,puck,1707,1529,6,0,0,0.043299,8.3e-05,10.657054,0.126053,0.216893,0,0,4.990383,0.009617,4,2,0,6,2.403134,0.735877,7.636081,0.05885,3.305069,2.392731,0.402359
797,948,WickedBot,titania,1707,1185,1,0,0,0.043299,0.000157,5.656709,0.126044,0.217246,0,0,4.981888,0.018112,1,0,0,1,2.09679,0.952794,5.707897,0.05885,0.233253,2.24571,0.448612
797,953,WickedBot,ZeratulsRevengeTest,1707,1702,15,0,0,0.043299,0.000163,19.656685,0.126043,0.217272,0,0,4.981279,0.018721,13,2,0,15,2.292039,0.507195,15.506127,0.05885,4.435023,2.297047,0.389085
797,959,WickedBot,ur_moms_a_ho,1707,1600,0,0,0,0.043299,0.022196,4.554066,0.123266,0.322668,0,0,3.305512,1.694488,0,0,0,0,,0.649295,3.208264,0.05885,1.732886,2.349308,0.491916
797,960,WickedBot,BigDaddy,1707,1637,22,0,2,0.043299,0.006779,26.62587,0.125209,2.248921,2,0,6.323152,0.676848,16,5,1,22,2.367752,0.599397,18.961709,1.05885,6.979441,2.366621,0.385739
797,961,WickedBot,AvocaDOS,1707,1751,38,1,1,0.043299,0.000833,42.653561,1.125959,1.22048,1,0,5.905574,0.094426,32,6,0,38,2.492479,0.437015,34.159358,0.05885,8.781792,2.48726,0.382523
797,962,WickedBot,AvocaDEV,1707,1700,6,0,0,0.043299,0.057896,10.387793,0.118765,0.493442,0,0,2.139366,2.860634,5,1,0,6,2.47886,0.510072,7.520344,0.05885,3.420806,2.453821,0.402359
797,966,WickedBot,ArgoBot,1707,1909,34,0,2,0.043299,8.5e-05,38.657046,0.126053,2.216901,2,0,6.990176,0.009824,0,34,0,34,2.711383,0.238158,1.176774,0.05885,37.764376,2.696696,0.383057
797,970,WickedBot,TheLAW,1707,1576,16,0,5,0.043299,0.05452,20.40352,0.119191,5.477289,2,3,4.213217,5.786783,11,5,0,16,2.284856,0.680071,14.360331,0.05885,6.580819,2.290169,0.388445
797,971,WickedBot,Nothing,1707,1570,20,0,1,0.043299,0.00831,24.618737,0.125016,1.256246,1,0,5.194872,0.805128,17,3,0,20,2.372743,0.687538,20.39723,0.05885,4.54392,2.371172,0.386474
797,977,WickedBot,Siriusly,1707,1392,3,0,1,0.043299,0.001619,7.649903,0.12586,1.224237,1,0,5.819798,0.180202,3,0,0,3,2.290286,0.859759,7.248196,0.05885,0.692954,2.309406,0.418169
797,981,WickedBot,KoB,1707,1499,10,0,0,0.043299,0.001616,14.649914,0.12586,0.224225,0,0,4.820064,0.179936,6,4,0,10,2.286889,0.768052,9.79506,0.05885,5.14609,2.294734,0.393932
797,998,WickedBot,LordSuperKing,1707,1656,13,0,0,0.043299,0.000132,17.656827,0.126047,0.217125,0,0,4.98479,0.01521,5,8,0,13,2.869866,0.572872,7.830648,0.05885,10.110502,2.818037,0.390628
797,1007,WickedBot,SharkGull,1707,1605,3,0,0,0.043299,0.000223,7.656405,0.126036,0.217559,0,0,4.974398,0.025602,3,0,0,3,2.622499,0.642713,6.175742,0.05885,1.765408,2.534002,0.418169
797,1008,WickedBot,Creepy_canon,1707,1587,0,0,0,0.043299,0.074065,4.312488,0.116727,0.570785,0,0,1.844632,3.155368,0,0,0,0,,0.666139,3.291495,0.05885,1.649655,2.349308,0.491916
797,1023,WickedBot,MY_SCRIPTING_SON,1707,1275,0,0,3,0.043299,0.333918,3.102239,0.083969,4.813793,0,3,0.573923,7.426077,0,0,0,0,,0.923211,4.561722,0.05885,0.379428,2.349308,0.491916
797,1026,WickedBot,WildLupo,1707,1199,1,0,0,0.043299,0.018371,5.57188,0.123748,0.304372,0,0,3.510521,1.489479,1,0,0,1,2.179287,0.949034,5.689319,0.05885,0.251831,2.279555,0.448612
797,1029,WickedBot,Chomppet,1707,1600,0,0,0,0.043299,0.022196,4.554066,0.123266,0.322668,0,0,3.305512,1.694488,0,0,0,0,,0.649295,3.208264,0.05885,1.732886,2.349308,0.491916
797,1030,WickedBot,who,1707,1924,37,0,2,0.043299,8.3e-05,41.657055,0.126053,2.216892,2,0,6.990404,0.009596,5,32,0,37,1.802208,0.222847,6.10112,0.05885,35.84003,1.822668,0.382646
797,1032,WickedBot,WaterLeak,1707,1607,19,2,2,0.043299,8.4e-05,23.65705,2.126053,2.216897,2,0,6.990288,0.009712,3,16,0,19,1.958681,0.640065,6.162657,0.05885,17.778493,1.986156,0.386896
797,1038,WickedBot,PolyMorph,1707,1463,4,0,0,0.043299,0.001586,8.650056,0.125864,0.22408,0,0,4.823324,0.176676,4,0,0,4,2.245464,0.802909,7.967295,0.05885,0.973855,2.272916,0.411036
797,1042,WickedBot,Creepy_duo_canon,1707,1386,1,0,0,0.043299,0.104041,5.172876,0.112948,0.714176,0,0,1.469346,3.530654,1,0,0,1,2.155245,0.863871,5.268519,0.05885,0.672631,2.269691,0.448612
797,1044,WickedBot,DoopyBot,1707,1418,6,0,0,0.043299,0.009666,10.612426,0.124845,0.262729,0,0,4.087537,0.912463,6,0,0,6,2.352082,0.840723,10.154139,0.05885,0.787011,2.351545,0.402359
797,1045,WickedBot,tito,1707,1801,34,0,0,0.043299,0.000837,38.653546,0.125958,0.220495,0,0,4.905225,0.094775,3,31,0,34,2.500176,0.36793,4.817997,0.05885,34.123153,2.494056,0.383057
797,1049,WickedBot,TheCatSC2Bot,1707,970,2,0,0,0.043299,0.003084,6.643079,0.125675,0.231246,0,0,4.667548,0.332452,2,0,0,2,2.069125,0.985832,6.871145,0.05885,0.070005,2.186291,0.429209
797,1050,WickedBot,onlyfans,1707,1517,7,0,2,0.043299,8.7e-05,11.657039,0.126053,2.216908,2,0,6.990016,0.009984,7,0,0,7,2.393149,0.749083,10.701332,0.05885,1.239818,2.38568,0.399523
797,1052,WickedBot,Starlight,1707,1204,1,0,1,0.043299,9.3e-05,5.65701,0.126052,1.216938,1,0,5.989299,0.010701,1,0,0,1,2.219203,0.947624,5.68235,0.05885,0.2588,2.295931,0.448612
797,1054,WickedBot,JimmyBotZ,1707,1724,13,0,0,0.043299,0.005286,17.632822,0.125398,0.241781,0,0,4.455973,0.544027,12,1,0,13,2.770332,0.475555,14.349786,0.05885,3.591364,2.728413,0.390628
797,1056,WickedBot,bilisaur,1707,1600,0,0,0,0.043299,0.022196,4.554066,0.123266,0.322668,0,0,3.305512,1.694488,0,0,0,0,,0.649295,3.208264,0.05885,1.732886,2.349308,0.491916
797,1057,WickedBot,DoopyBot-Test,1707,1238,2,0,0,0.043299,0.023755,6.546807,0.123069,0.330124,0,0,3.228675,1.771325,2,0,0,2,2.231006,0.937014,6.629925,0.05885,0.311225,2.280477,0.429209
797,1058,WickedBot,JimmyBotP,1707,1711,6,0,0,0.043299,0.005341,10.632569,0.125391,0.24204,0,0,4.450997,0.549003,5,1,0,6,2.277137,0.494244,7.442133,0.05885,3.499017,2.291086,0.402359
797,1059,WickedBot,NextProBot,1707,1600,0,0,0,0.043299,0.022196,4.554066,0.123266,0.322668,0,0,3.305512,1.694488,0,0,0,0,,0.649295,3.208264,0.05885,1.732886,2.349308,0.491916
797,1060,WickedBot,WildFire,1707,1709,18,0,1,0.043299,0.00012,22.656882,0.126049,1.217069,1,0,5.986139,0.013861,0,18,0,18,2.213135,0.497122,2.456353,0.05885,20.484797,2.223206,0.38736
797,1065,WickedBot,MindMatrix,1707,1514,3,0,0,0.043299,0.010709,7.607565,0.124714,0.267722,0,0,4.008544,0.991456,2,1,0,3,2.300406,0.752315,5.717301,0.05885,2.223849,2.316247,0.418169
797,1066,WickedBot,CompetitiveBotTest,1707,1482,0,0,0,0.043299,0.003699,4.640213,0.125598,0.234189,0,0,4.606437,0.393563,0,0,0,0,,0.785027,3.878935,0.05885,1.062215,2.349308,0.491916
797,1067,WickedBot,Hello_world,1707,1600,0,0,0,0.043299,0.022196,4.554066,0.123266,0.322668,0,0,3.305512,1.694488,0,0,0,0,,0.649295,3.208264,0.05885,1.732886,2.349308,0.491916
797,1078,WickedBot,LoremIpsum,1707,1242,0,0,0,0.043299,0.000201,4.656508,0.126039,0.217453,0,0,4.976932,0.023068,0,0,0,0,,0.935641,4.623143,0.05885,0.318007,2.349308,0.491916
797,1079,WickedBot,JimmyBotT,1707,1675,3,1,0,0.043299,0.000205,7.656489,1.126038,0.217473,0,0,4.976466,0.023534,3,0,0,3,2.457115,0.545922,5.697482,0.05885,2.243668,2.422192,0.418169
797,1080,WickedBot,JimmyBot,1707,1675,4,0,0,0.043299,0.003888,8.639336,0.125574,0.23509,0,0,4.588056,0.411944,3,1,0,4,2.164438,0.545922,5.697482,0.05885,3.243668,2.213311,0.411036
797,1081,WickedBot,ArtZerg,1707,1537,4,0,0,0.043299,0.000199,8.656515,0.126039,0.217447,0,0,4.977097,0.022903,0,4,0,4,1.920714,0.72683,3.591376,0.05885,5.349774,2.034019,0.411036
797,1082,WickedBot,Dasyatis,1707,1573,1,0,0,0.043299,0.048918,5.429609,0.119897,0.450494,0,0,2.347658,2.652342,1,0,0,1,2.573375,0.683816,4.378839,0.05885,1.562311,2.441234,0.448612
797,1084,WickedBot,ZippyZap,1707,1457,0,0,0,0.043299,0.84229,0.734527,0.019882,4.245592,0,0,0.244463,4.755537,0,0,0,0,,0.808318,3.994019,0.05885,0.947131,2.349308,0.491916
797,1085,WickedBot,AgoraLord,1707,1430,1,0,0,0.043299,0.000933,5.653099,0.125946,0.220955,0,0,4.894576,0.105424,1,0,0,1,2.095561,0.831254,5.10735,0.05885,0.8338,2.245205,0.448612
797,1086,WickedBot,CherBoiBlue,1707,1500,0,0,0,0.043299,0.222218,3.622474,0.09805,1.279475,0,0,0.815366,4.184634,0,0,0,0,,0.767025,3.789985,0.05885,1.151165,2.349308,0.491916
797,1087,WickedBot,SwarmLord2,1707,1533,0,0,0,0.043299,0.003699,4.640213,0.125598,0.234189,0,0,4.606437,0.393563,0,0,0,0,,0.731378,3.613848,0.05885,1.327302,2.349308,0.491916
797,1088,WickedBot,SwarmLord3,1707,1562,0,0,0,0.043299,0.003468,4.64129,0.125627,0.233083,0,0,4.629211,0.370789,0,0,0,0,,0.697345,3.445687,0.05885,1.495463,2.349308,0.491916
797,1089,WickedBot,WorkingAsIntended,1707,1596,0,0,0,0.043299,0.041392,4.464663,0.120846,0.414491,0,0,2.556291,2.443709,0,0,0,0,,0.65452,3.234081,0.05885,1.707069,2.349308,0.491916
809,813,PrimordialOrigin,MewCombatMicro,1258,1511,1,0,0,0.136344,0.004268,5.186528,0.113318,0.700155,0,0,4.848219,0.151781,1,0,0,1,1.95586,0.189021,1.93398,0.05885,4.00717,2.187891,0.448612
809,827,PrimordialOrigin,smokinggunbot,1258,1579,6,0,0,0.136344,8.2e-05,10.204128,0.113794,0.682078,0,0,4.996978,0.003022,0,6,0,6,2.534045,0.136129,0.672631,0.05885,10.268519,2.49834,0.402359
809,832,PrimordialOrigin,muravev,1258,1632,1,0,0,0.136344,0.001014,5.200213,0.113688,0.686099,0,0,4.963101,0.036899,0,1,0,1,2.761907,0.104059,0.514171,0.05885,5.426979,2.518582,0.448612
809,836,PrimordialOrigin,muravevTerran,1258,1477,8,0,1,0.136344,0.000366,12.202935,0.113762,1.683304,1,0,5.986604,0.013396,0,8,0,8,2.749621,0.220859,1.091299,0.05885,11.849851,2.688647,0.397274
809,858,PrimordialOrigin,Crawler,1258,1562,12,0,0,0.136344,0.00261,16.193501,0.113506,0.692992,0,0,4.906088,0.093912,0,12,0,12,1.838689,0.148052,0.731545,0.05885,16.209605,1.893312,0.391568
809,876,PrimordialOrigin,GenesisLotus,1258,1411,47,0,6,0.136344,0.009792,51.163306,0.112689,6.724005,5,1,9.664983,1.335017,34,11,2,47,2.423478,0.293025,35.447879,2.05885,14.493271,2.421277,0.381644
809,901,PrimordialOrigin,clone,1258,1667,0,0,0,0.136344,0.006192,4.178442,0.113099,0.708459,0,0,4.782806,0.217194,0,0,0,0,,0.086717,0.428483,0.05885,4.512667,2.349308,0.491916
809,930,PrimordialOrigin,SiriusBot,1258,1519,28,1,2,0.136344,8.3e-05,32.204127,1.113794,2.682079,2,0,6.996969,0.003031,5,23,0,28,2.208434,0.182062,5.899597,0.05885,27.041553,2.215313,0.384127
809,939,PrimordialOrigin,RustyNikolaj,1258,1539,28,1,0,0.136344,0.000102,32.204044,1.113792,0.682164,0,0,4.996252,0.003748,0,28,0,28,2.434331,0.165541,0.817962,0.05885,32.123188,2.43018,0.384127
809,940,PrimordialOrigin,Princess-Mika-Test,1258,1524,34,1,8,0.136344,0.032493,38.067858,1.110106,8.822036,5,3,9.037742,3.962258,6,28,0,34,2.480124,0.177815,6.878613,0.05885,32.062537,2.474818,0.383057
809,943,PrimordialOrigin,puck,1258,1529,34,7,8,0.136344,8.3e-05,38.204124,7.113794,8.682082,8,0,12.996942,0.003058,10,19,5,34,2.921413,0.173646,10.858013,5.05885,23.083137,2.898207,0.383057
809,948,PrimordialOrigin,titania,1258,1185,20,8,10,0.136344,0.000157,24.203813,8.113785,10.682402,10,0,14.994234,0.005766,17,1,2,20,2.787043,0.603536,19.982163,2.05885,2.958987,2.757692,0.386474
809,953,PrimordialOrigin,ZeratulsRevengeTest,1258,1702,1,0,0,0.136344,0.000163,5.20379,0.113785,0.682425,0,0,4.99404,0.00596,0,1,0,1,1.360977,0.072033,0.355927,0.05885,5.585223,1.943833,0.448612
809,959,PrimordialOrigin,ur_moms_a_ho,1258,1600,0,0,0,0.136344,0.022196,4.111152,0.111277,0.777571,0,0,4.299989,0.700011,0,0,0,0,,0.122527,0.605427,0.05885,4.335723,2.349308,0.491916
809,960,PrimordialOrigin,BigDaddy,1258,1637,0,0,0,0.136344,0.006779,4.175972,0.113032,0.710996,0,0,4.763176,0.236824,0,0,0,0,,0.101406,0.501062,0.05885,4.440088,2.349308,0.491916
809,961,PrimordialOrigin,AvocaDOS,1258,1751,0,0,0,0.136344,0.000833,4.20097,0.113709,0.685321,0,0,4.969622,0.030378,0,0,0,0,,0.055308,0.273286,0.05885,4.667864,2.349308,0.491916
809,962,PrimordialOrigin,AvocaDEV,1258,1700,1,0,0,0.136344,0.057896,4.96105,0.107215,0.931735,0,0,3.509673,1.490327,0,1,0,1,2.503892,0.072807,0.359748,0.05885,5.581402,2.412728,0.448612
809,966,PrimordialOrigin,ArgoBot,1258,1909,1,0,0,0.136344,8.5e-05,5.204116,0.113794,0.68209,0,0,4.996876,0.003124,0,1,0,1,1.769855,0.023035,0.113817,0.05885,5.827333,2.11158,0.448612
809,970,PrimordialOrigin,TheLAW,1258,1576,5,0,0,0.136344,0.05452,8.975248,0.107599,0.917154,0,0,3.571766,1.428234,0,5,0,5,2.023706,0.138172,0.682729,0.05885,9.258421,2.096412,0.406046
809,971,PrimordialOrigin,Nothing,1258,1570,4,0,0,0.136344,0.00831,8.169534,0.112858,0.717609,0,0,4.712751,0.287249,0,4,0,4,2.006885,0.142337,0.703307,0.05885,8.237843,2.097409,0.411036
809,977,PrimordialOrigin,Siriusly,1258,1392,46,5,4,0.136344,0.001619,50.197668,5.113619,4.688713,4,0,8.94133,0.05867,16,29,1,46,2.420899,0.316184,17.562311,1.05885,32.378839,2.41873,0.381725
809,981,PrimordialOrigin,KoB,1258,1499,24,4,2,0.136344,0.001616,28.197679,4.113619,2.688702,2,0,6.941419,0.058581,15,9,0,24,2.305824,0.199838,15.987429,0.05885,12.953721,2.308281,0.385118
809,998,PrimordialOrigin,LordSuperKing,1258,1656,1,0,0,0.136344,0.000132,5.203919,0.113788,0.682293,0,0,4.99516,0.00484,0,1,0,1,2.465554,0.091865,0.453919,0.05885,5.487231,2.396999,0.448612
809,1007,PrimordialOrigin,SharkGull,1258,1605,1,0,0,0.136344,0.000223,5.203538,0.113778,0.682684,0,0,4.991841,0.008159,0,1,0,1,1.793425,0.119466,0.590302,0.05885,5.350848,2.12125,0.448612
809,1008,PrimordialOrigin,Creepy_canon,1258,1587,0,0,0,0.136344,0.074065,3.893069,0.105374,1.001557,0,0,3.239974,1.760026,0,0,0,0,,0.130803,0.646318,0.05885,4.294832,2.349308,0.491916
809,1023,PrimordialOrigin,MY_SCRIPTING_SON,1258,1275,17,1,42,0.136344,0.333918,19.800525,1.075802,44.123673,6,36,7.449663,39.550337,1,16,0,17,2.246346,0.475555,3.349786,0.05885,18.591364,2.254373,0.387873
809,1026,PrimordialOrigin,WildLupo,1258,1199,34,2,20,0.136344,0.018371,38.127233,2.111713,20.761054,18,2,22.406291,2.593709,31,3,0,34,2.469053,0.584101,33.88613,0.05885,5.05502,2.464195,0.383057
809,1029,PrimordialOrigin,Chomppet,1258,1600,0,0,0,0.136344,0.022196,4.111152,0.111277,0.777571,0,0,4.299989,0.700011,0,0,0,0,,0.122527,0.605427,0.05885,4.335723,2.349308,0.491916
809,1030,PrimordialOrigin,who,1258,1924,1,0,0,0.136344,8.3e-05,5.204124,0.113794,0.682082,0,0,4.996949,0.003051,0,1,0,1,2.228939,0.021169,0.104601,0.05885,5.836549,2.299925,0.448612
809,1032,PrimordialOrigin,WaterLeak,1258,1607,0,0,0,0.136344,8.4e-05,4.20412,0.113794,0.682086,0,0,4.996912,0.003088,0,0,0,0,,0.118261,0.584344,0.05885,4.356806,2.349308,0.491916
809,1038,PrimordialOrigin,PolyMorph,1258,1463,26,1,24,0.136344,0.001586,30.197806,1.113623,24.688571,24,0,28.942507,0.057493,6,20,0,26,2.830265,0.235039,7.161362,0.05885,23.779788,2.805068,0.384586
809,1042,PrimordialOrigin,Creepy_duo_canon,1258,1386,30,2,3,0.136344,0.104041,33.767035,2.101963,4.131002,1,2,3.83595,4.16405,4,26,0,30,1.688343,0.323698,5.599442,0.05885,29.341708,1.718565,0.383725
809,1044,PrimordialOrigin,DoopyBot,1258,1418,19,8,13,0.136344,0.009666,23.163836,8.112703,13.723461,12,1,16.669009,1.330991,4,14,1,19,2.819675,0.284747,5.406979,1.05885,17.534171,2.786591,0.386896
809,1045,PrimordialOrigin,tito,1258,1801,0,0,0,0.136344,0.000837,4.200957,0.113708,0.685335,0,0,4.969508,0.030492,0,0,0,0,,0.042057,0.207811,0.05885,4.733339,2.349308,0.491916
809,1049,PrimordialOrigin,TheCatSC2Bot,1258,970,54,0,9,0.136344,0.003084,58.191508,0.113452,9.69504,9,0,13.889405,0.110595,54,0,0,54,2.24266,0.839951,58.150322,0.05885,0.790828,2.245426,0.381156
809,1050,PrimordialOrigin,onlyfans,1258,1517,30,1,2,0.136344,8.7e-05,34.20411,1.113793,2.682096,2,0,6.996825,0.003175,9,19,2,30,2.560708,0.183783,9.9081,2.05885,23.03305,2.551042,0.383725
809,1052,PrimordialOrigin,Starlight,1258,1204,38,1,11,0.136344,9.3e-05,42.204084,1.113793,11.682123,11,0,15.996597,0.003403,33,3,2,38,2.475906,0.577092,35.8515,2.05885,5.08965,2.471291,0.382523
809,1054,PrimordialOrigin,JimmyBotZ,1258,1724,6,1,2,0.136344,0.005286,10.182248,1.113202,2.70455,2,0,6.813377,0.186623,2,4,0,6,2.556282,0.064013,2.316299,0.05885,8.624851,2.516279,0.402359
809,1056,PrimordialOrigin,bilisaur,1258,1600,0,0,0,0.136344,0.022196,4.111152,0.111277,0.777571,0,0,4.299989,0.700011,0,0,0,0,,0.122527,0.605427,0.05885,4.335723,2.349308,0.491916
809,1057,PrimordialOrigin,DoopyBot-Test,1258,1238,26,4,8,0.136344,0.023755,30.104599,4.1111,8.784301,8,0,12.258126,0.741874,7,19,0,26,2.732869,0.528751,9.612636,0.05885,21.328514,2.712774,0.384586
809,1058,PrimordialOrigin,JimmyBotP,1258,1711,16,0,1,0.136344,0.005341,20.18202,0.113196,1.704784,1,0,5.811532,0.188468,1,15,0,16,2.421725,0.068646,1.33919,0.05885,19.60196,2.415755,0.388445
809,1059,PrimordialOrigin,NextProBot,1258,1600,0,0,0,0.136344,0.022196,4.111152,0.111277,0.777571,0,0,4.299989,0.700011,0,0,0,0,,0.122527,0.605427,0.05885,4.335723,2.349308,0.491916
809,1060,PrimordialOrigin,WildFire,1258,1709,2,0,0,0.136344,0.00012,6.203968,0.11379,0.682242,0,0,4.99559,0.00441,0,2,0,2,2.118529,0.069386,0.342845,0.05885,6.598305,2.215035,0.429209
809,1065,PrimordialOrigin,MindMatrix,1258,1514,16,0,4,0.136344,0.010709,20.159448,0.112585,4.727968,4,0,8.635871,0.364129,4,12,0,16,2.345007,0.186388,4.92097,0.05885,16.02018,2.345362,0.388445
809,1066,PrimordialOrigin,CompetitiveBotTest,1258,1482,1,0,0,0.136344,0.003699,5.188921,0.113382,0.697697,0,0,4.867922,0.132078,1,0,0,1,1.967112,0.215946,2.067023,0.05885,3.874127,2.192508,0.448612
809,1067,PrimordialOrigin,Hello_world,1258,1600,0,0,0,0.136344,0.022196,4.111152,0.111277,0.777571,0,0,4.299989,0.700011,0,0,0,0,,0.122527,0.605427,0.05885,4.335723,2.349308,0.491916
809,1078,PrimordialOrigin,LoremIpsum,1258,1242,9,6,5,0.136344,0.000201,13.203631,6.113781,5.682589,5,0,9.992651,0.007349,6,3,0,9,2.567281,0.52301,8.584269,0.05885,5.356881,2.537262,0.395447
809,1079,PrimordialOrigin,JimmyBotT,1258,1675,0,1,1,0.136344,0.000205,4.203614,1.11378,1.682606,1,0,5.992502,0.007498,0,0,0,0,,0.083139,0.410801,0.05885,4.530349,2.349308,0.491916
809,1080,PrimordialOrigin,JimmyBot,1258,1675,1,0,1,0.136344,0.003888,5.188129,0.113361,1.69851,1,0,5.861386,0.138614,0,1,0,1,2.371178,0.083139,0.410801,0.05885,5.530349,2.35828,0.448612
809,1081,PrimordialOrigin,ArtZerg,1258,1537,2,0,0,0.136344,0.000199,6.203637,0.113781,0.682583,0,0,4.992704,0.007296,0,2,0,2,1.710591,0.167137,0.825851,0.05885,6.115299,1.977688,0.429209
809,1082,PrimordialOrigin,Dasyatis,1258,1573,10,0,0,0.136344,0.048918,13.9988,0.108236,0.892964,0,0,3.679763,1.320237,0,10,0,10,2.028423,0.140241,0.692954,0.05885,14.248196,2.068752,0.393932
809,1084,PrimordialOrigin,ZippyZap,1258,1457,0,0,1,0.136344,0.84229,0.663089,0.017948,5.318963,0,1,0.696606,5.303394,0,0,0,0,,0.241305,1.192326,0.05885,3.748824,2.349308,0.491916
809,1085,PrimordialOrigin,AgoraLord,1258,1430,1,2,0,0.136344,0.000933,5.200553,2.113697,0.685749,0,0,4.966032,0.033968,1,0,0,1,2.291524,0.27089,2.338508,0.05885,3.602642,2.325601,0.448612
809,1086,PrimordialOrigin,CherBoiBlue,1258,1500,1,0,0,0.136344,0.222218,4.270164,0.088514,1.641322,0,0,1.901264,3.098736,1,0,0,1,2.326302,0.198919,1.982889,0.05885,3.958261,2.339869,0.448612
809,1087,PrimordialOrigin,SwarmLord2,1258,1533,1,0,0,0.136344,0.003699,5.188921,0.113382,0.697697,0,0,4.867922,0.132078,0,1,0,1,2.016235,0.170367,0.84181,0.05885,5.09934,2.212661,0.448612
809,1088,PrimordialOrigin,SwarmLord3,1258,1562,1,0,0,0.136344,0.003468,5.189893,0.113409,0.696698,0,0,4.875972,0.124028,0,1,0,1,2.769459,0.148052,0.731545,0.05885,5.209605,2.52168,0.448612
809,1089,PrimordialOrigin,WorkingAsIntended,1258,1596,1,0,0,0.136344,0.041392,5.030444,0.109093,0.860463,0,0,3.835584,1.164416,0,1,0,1,1.788421,0.125025,0.617766,0.05885,5.323384,2.119197,0.448612
813,827,MewCombatMicro,smokinggunbot,1511,1579,0,0,0,0.004268,8.2e-05,4.847051,0.131196,0.021753,0,0,4.905248,0.094752,0,0,0,0,,0.403371,1.993116,0.05885,2.948034,2.349308,0.491916
813,832,MewCombatMicro,muravev,1511,1632,0,0,0,0.004268,0.001014,4.842537,0.131074,0.026389,0,0,4.040474,0.959526,0,0,0,0,,0.332582,1.643335,0.05885,3.297815,2.349308,0.491916
813,836,MewCombatMicro,muravevTerran,1511,1477,0,0,0,0.004268,0.000366,4.845675,0.131159,0.023166,0,0,4.604863,0.395137,0,0,0,0,,0.548774,2.711576,0.05885,2.229574,2.349308,0.491916
813,858,MewCombatMicro,Crawler,1511,1562,0,0,0,0.004268,0.00261,4.834799,0.130864,0.034336,0,0,3.102826,1.897174,0,0,0,0,,0.427128,2.110502,0.05885,2.830648,2.349308,0.491916
813,876,MewCombatMicro,GenesisLotus,1511,1411,1,0,0,0.004268,0.009792,5.799986,0.129922,0.070091,0,0,1.517936,3.482064,0,1,0,1,2.005526,0.640065,3.162657,0.05885,2.778493,2.208267,0.448612
813,901,MewCombatMicro,clone,1511,1667,0,0,0,0.004268,0.006192,4.817437,0.130395,0.052168,0,0,2.040364,2.959636,0,0,0,0,,0.28946,1.430265,0.05885,3.510885,2.349308,0.491916
813,930,MewCombatMicro,SiriusBot,1511,1519,0,0,0,0.004268,8.3e-05,4.84705,0.131196,0.021754,0,0,4.904971,0.095029,0,0,0,0,,0.488489,2.413698,0.05885,2.527452,2.349308,0.491916
813,939,MewCombatMicro,RustyNikolaj,1511,1539,0,0,0,0.004268,0.000102,4.846955,0.131194,0.021852,0,0,4.882988,0.117012,0,0,0,0,,0.459792,2.2719,0.05885,2.66925,2.349308,0.491916
813,940,MewCombatMicro,Princess-Mika-Test,1511,1524,0,0,0,0.004268,0.032493,4.689942,0.126944,0.183114,0,0,0.580561,4.419439,0,0,0,0,,0.4813,2.378177,0.05885,2.562973,2.349308,0.491916
813,943,MewCombatMicro,puck,1511,1529,1,0,0,0.004268,8.3e-05,5.847046,0.131196,0.021758,0,0,4.90413,0.09587,0,1,0,1,1.862529,0.474119,2.342693,0.05885,3.598457,2.149601,0.448612
813,948,MewCombatMicro,titania,1511,1185,0,0,0,0.004268,0.000157,4.846688,0.131186,0.022126,0,0,4.822161,0.177839,0,0,0,0,,0.867221,4.285069,0.05885,0.656081,2.349308,0.491916
813,953,MewCombatMicro,ZeratulsRevengeTest,1511,1702,0,0,0,0.004268,0.000163,4.846662,0.131186,0.022152,0,0,4.816384,0.183616,0,0,0,0,,0.249837,1.23448,0.05885,3.70667,2.349308,0.491916
813,959,MewCombatMicro,ur_moms_a_ho,1511,1600,0,0,0,0.004268,0.022196,4.739857,0.128295,0.131849,0,0,0.806452,4.193548,0,0,0,0,,0.374649,1.851195,0.05885,3.089955,2.349308,0.491916
813,960,MewCombatMicro,BigDaddy,1511,1637,0,0,0,0.004268,0.006779,4.81459,0.130317,0.055093,0,0,1.931874,3.068126,0,0,0,0,,0.326224,1.611921,0.05885,3.329229,2.349308,0.491916
813,961,MewCombatMicro,AvocaDOS,1511,1751,0,0,0,0.004268,0.000833,4.843411,0.131098,0.025492,0,0,4.183204,0.816796,0,0,0,0,,0.20076,0.991985,0.05885,3.949165,2.349308,0.491916
813,962,MewCombatMicro,AvocaDEV,1511,1700,0,0,0,0.004268,0.057896,4.5668,0.123611,0.309589,0,0,0.343317,4.656683,0,0,0,0,,0.252,1.245172,0.05885,3.695978,2.349308,0.491916
813,966,MewCombatMicro,ArgoBot,1511,1909,0,0,0,0.004268,8.5e-05,4.847038,0.131196,0.021767,0,0,4.902108,0.097892,0,0,0,0,,0.091865,0.453919,0.05885,4.487231,2.349308,0.491916
813,970,MewCombatMicro,TheLAW,1511,1576,0,0,0,0.004268,0.05452,4.583169,0.124054,0.292777,0,0,0.363037,4.636963,0,0,0,0,,0.407534,2.013685,0.05885,2.927465,2.349308,0.491916
813,971,MewCombatMicro,Nothing,1511,1570,0,0,0,0.004268,0.00831,4.807167,0.130117,0.062717,0,0,1.696683,3.303317,0,0,0,0,,0.415899,2.05502,0.05885,2.88613,2.349308,0.491916
813,977,MewCombatMicro,Siriusly,1511,1392,1,0,0,0.004268,0.001619,5.839603,0.130995,0.029402,0,0,3.625137,1.374863,0,1,0,1,1.539015,0.664858,3.285163,0.05885,2.655987,2.016876,0.448612
813,981,MewCombatMicro,KoB,1511,1499,0,0,0,0.004268,0.001616,4.839615,0.130995,0.02939,0,0,3.626664,1.373336,0,0,0,0,,0.517263,2.555872,0.05885,2.385278,2.349308,0.491916
813,998,MewCombatMicro,LordSuperKing,1511,1656,0,0,0,0.004268,0.000132,4.84681,0.13119,0.022,0,0,4.849885,0.150115,0,0,0,0,,0.302655,1.495463,0.05885,3.445687,2.349308,0.491916
813,1007,MewCombatMicro,SharkGull,1511,1605,0,0,0,0.004268,0.000223,4.846371,0.131178,0.022452,0,0,4.751908,0.248092,0,0,0,0,,0.36793,1.817997,0.05885,3.123153,2.349308,0.491916
813,1008,MewCombatMicro,Creepy_canon,1511,1587,0,0,0,0.004268,0.074065,4.488423,0.121489,0.390088,0,0,0.272453,4.727547,0,0,0,0,,0.392339,1.938606,0.05885,3.002544,2.349308,0.491916
813,1023,MewCombatMicro,MY_SCRIPTING_SON,1511,1275,1,0,0,0.004268,0.333918,4.2288,0.087395,1.683806,0,0,0.063108,4.936892,0,1,0,1,1.819699,0.79552,3.930783,0.05885,2.010367,2.13203,0.448612
813,1026,MewCombatMicro,WildLupo,1511,1199,1,0,0,0.004268,0.018371,5.758397,0.128796,0.112806,0,0,0.942695,4.057305,0,1,0,1,2.243896,0.857663,4.237843,0.05885,1.703307,2.306062,0.448612
813,1029,MewCombatMicro,Chomppet,1511,1600,0,0,0,0.004268,0.022196,4.739857,0.128295,0.131849,0,0,0.806452,4.193548,0,0,0,0,,0.374649,1.851195,0.05885,3.089955,2.349308,0.491916
813,1030,MewCombatMicro,who,1511,1924,0,0,0,0.004268,8.3e-05,4.847047,0.131196,0.021757,0,0,4.904341,0.095659,0,0,0,0,,0.084911,0.419557,0.05885,4.521593,2.349308,0.491916
813,1032,MewCombatMicro,WaterLeak,1511,1607,0,0,0,0.004268,8.4e-05,4.847042,0.131196,0.021762,0,0,4.903202,0.096798,0,0,0,0,,0.365257,1.804788,0.05885,3.136362,2.349308,0.491916
813,1038,MewCombatMicro,PolyMorph,1511,1463,1,0,0,0.004268,0.001586,5.839763,0.130999,0.029239,0,0,3.645471,1.354529,0,1,0,1,2.122262,0.568641,2.809742,0.05885,3.131408,2.256159,0.448612
813,1042,MewCombatMicro,Creepy_duo_canon,1511,1386,1,0,0,0.004268,0.104041,5.343116,0.117556,0.539329,0,0,0.197049,4.802951,0,1,0,1,1.743969,0.67251,3.322971,0.05885,2.618179,2.10096,0.448612
813,1044,MewCombatMicro,DoopyBot,1511,1418,1,0,0,0.004268,0.009666,5.800597,0.129939,0.069464,0,0,1.531666,3.468334,0,1,0,1,2.438863,0.63073,3.116533,0.05885,2.824617,2.386049,0.448612
813,1045,MewCombatMicro,tito,1511,1801,0,0,0,0.004268,0.000837,4.843395,0.131097,0.025507,0,0,4.180632,0.819368,0,0,0,0,,0.158508,0.78321,0.05885,4.15794,2.349308,0.491916
813,1049,MewCombatMicro,TheCatSC2Bot,1511,970,1,0,0,0.004268,0.003084,5.832501,0.130802,0.036697,0,0,2.902741,2.097259,0,1,0,1,2.639057,0.957477,4.731035,0.05885,1.210115,2.468181,0.448612
813,1050,MewCombatMicro,onlyfans,1511,1517,1,0,0,0.004268,8.7e-05,5.847031,0.131196,0.021774,0,0,4.900536,0.099464,0,1,0,1,1.791759,0.491366,2.427914,0.05885,3.513236,2.120567,0.448612
813,1052,MewCombatMicro,Starlight,1511,1204,1,0,0,0.004268,9.3e-05,5.847001,0.131195,0.021805,0,0,4.89353,0.10647,0,1,0,1,2.122262,0.854113,4.220302,0.05885,1.720848,2.256159,0.448612
813,1054,MewCombatMicro,JimmyBotZ,1511,1724,0,0,0,0.004268,0.005286,4.821826,0.130513,0.047661,0,0,2.233679,2.766321,0,0,0,0,,0.22686,1.12095,0.05885,3.8202,2.349308,0.491916
813,1056,MewCombatMicro,bilisaur,1511,1600,0,0,0,0.004268,0.022196,4.739857,0.128295,0.131849,0,0,0.806452,4.193548,0,0,0,0,,0.374649,1.851195,0.05885,3.089955,2.349308,0.491916
813,1057,MewCombatMicro,DoopyBot-Test,1511,1238,0,0,1,0.004268,0.023755,4.732301,0.12809,1.139609,0,1,0.761596,5.238404,0,0,0,0,,0.827999,4.091269,0.05885,0.849881,2.349308,0.491916
813,1058,MewCombatMicro,JimmyBotP,1511,1711,0,0,0,0.004268,0.005341,4.821562,0.130506,0.047931,0,0,2.221054,2.778946,0,0,0,0,,0.240253,1.187126,0.05885,3.754024,2.349308,0.491916
813,1059,MewCombatMicro,NextProBot,1511,1600,0,0,0,0.004268,0.022196,4.739857,0.128295,0.131849,0,0,0.806452,4.193548,0,0,0,0,,0.374649,1.851195,0.05885,3.089955,2.349308,0.491916
813,1060,MewCombatMicro,WildFire,1511,1709,0,0,0,0.004268,0.00012,4.846867,0.131191,0.021942,0,0,4.862869,0.137131,0,0,0,0,,0.242361,1.197541,0.05885,3.743609,2.349308,0.491916
813,1065,MewCombatMicro,MindMatrix,1511,1514,0,0,0,0.004268,0.010709,4.795538,0.129802,0.07466,0,0,1.424932,3.575068,0,0,0,0,,0.495683,2.449243,0.05885,2.491907,2.349308,0.491916
813,1066,MewCombatMicro,CompetitiveBotTest,1511,1482,0,0,0,0.004268,0.003699,4.829518,0.130722,0.03976,0,0,2.678571,2.321429,0,0,0,0,,0.541638,2.676313,0.05885,2.264837,2.349308,0.491916
813,1067,MewCombatMicro,Hello_world,1511,1600,0,0,0,0.004268,0.022196,4.739857,0.128295,0.131849,0,0,0.806452,4.193548,0,0,0,0,,0.374649,1.851195,0.05885,3.089955,2.349308,0.491916
813,1078,MewCombatMicro,LoremIpsum,1511,1242,0,0,0,0.004268,0.000201,4.846478,0.131181,0.022341,0,0,4.775475,0.224525,0,0,0,0,,0.824695,4.074943,0.05885,0.866207,2.349308,0.491916
813,1079,MewCombatMicro,JimmyBotT,1511,1675,0,0,0,0.004268,0.000205,4.846458,0.13118,0.022362,0,0,4.771127,0.228873,0,0,0,0,,0.280081,1.383922,0.05885,3.557228,2.349308,0.491916
813,1080,MewCombatMicro,JimmyBot,1511,1675,0,0,0,0.004268,0.003888,4.828606,0.130697,0.040697,0,0,2.616734,2.383266,0,0,0,0,,0.280081,1.383922,0.05885,3.557228,2.349308,0.491916
813,1081,MewCombatMicro,ArtZerg,1511,1537,0,0,0,0.004268,0.000199,4.846485,0.131181,0.022334,0,0,4.777015,0.222985,0,0,0,0,,0.462653,2.286036,0.05885,2.655114,2.349308,0.491916
813,1082,MewCombatMicro,Dasyatis,1511,1573,0,0,0,0.004268,0.048918,4.610323,0.124789,0.264889,0,0,0.401273,4.598727,0,0,0,0,,0.41171,2.034321,0.05885,2.906829,2.349308,0.491916
813,1084,MewCombatMicro,ZippyZap,1511,1457,0,0,0,0.004268,0.84229,0.764493,0.020693,4.214814,0,0,0.025211,4.974789,0,0,0,0,,0.577092,2.8515,0.05885,2.08965,2.349308,0.491916
813,1085,MewCombatMicro,AgoraLord,1511,1430,0,0,0,0.004268,0.000933,4.84293,0.131085,0.025985,0,0,4.103448,0.896552,0,0,0,0,,0.614501,3.036343,0.05885,1.904807,2.349308,0.491916
813,1086,MewCombatMicro,CherBoiBlue,1511,1500,0,0,0,0.004268,0.222218,3.770259,0.10205,1.12769,0,0,0.094232,4.905768,0,0,0,0,,0.515825,2.548769,0.05885,2.392381,2.349308,0.491916
813,1087,MewCombatMicro,SwarmLord2,1511,1533,0,0,0,0.004268,0.003699,4.829518,0.130722,0.03976,0,0,2.678571,2.321429,0,0,0,0,,0.468382,2.314344,0.05885,2.626806,2.349308,0.491916
813,1088,MewCombatMicro,SwarmLord3,1511,1562,0,0,0,0.004268,0.003468,4.830639,0.130752,0.038609,0,0,2.758621,2.241379,0,0,0,0,,0.427128,2.110502,0.05885,2.830648,2.349308,0.491916
813,1089,MewCombatMicro,WorkingAsIntended,1511,1596,0,0,0,0.004268,0.041392,4.646806,0.125776,0.227418,0,0,0.467416,4.532584,0,0,0,0,,0.380059,1.877927,0.05885,3.063223,2.349308,0.491916
827,832,smokinggunbot,muravev,1579,1632,41,0,0,8.2e-05,0.001014,45.862895,0.131625,0.00548,0,0,0.376107,4.623893,1,40,0,41,2.733288,0.424313,3.096594,0.05885,42.844556,2.720281,0.382189
827,836,smokinggunbot,muravevTerran,1579,1477,1,0,0,8.2e-05,0.000366,5.866046,0.13171,0.002243,0,0,0.918739,4.081261,0,1,0,1,2.607124,0.642713,3.175742,0.05885,2.765408,2.45508,0.448612
827,858,smokinggunbot,Crawler,1579,1562,36,1,0,8.2e-05,0.00261,40.855125,1.131415,0.013461,0,0,0.153123,4.846877,33,3,0,36,2.72722,0.524445,35.591364,0.05885,5.349786,2.71271,0.382776
827,876,smokinggunbot,GenesisLotus,1579,1411,11,0,1,8.2e-05,0.009792,15.820165,0.130468,1.049366,0,1,0.041752,5.958248,11,0,0,11,1.868229,0.724538,14.580052,0.05885,1.361098,1.92383,0.392657
827,901,smokinggunbot,clone,1579,1667,38,0,1,8.2e-05,0.006192,42.83769,0.130943,1.031368,0,1,0.065709,5.934291,7,30,1,38,2.307216,0.375998,8.857864,1.05885,33.083286,2.30875,0.382523
827,930,smokinggunbot,SiriusBot,1579,1519,31,0,0,8.2e-05,8.3e-05,35.867427,0.131748,0.000826,0,0,2.49628,2.50372,24,7,0,31,2.144107,0.585499,26.893037,0.05885,9.048113,2.1532,0.383543
827,939,smokinggunbot,RustyNikolaj,1579,1539,18,1,0,8.2e-05,0.000102,22.867331,1.131745,0.000924,0,0,2.231592,2.768408,15,2,1,18,3.263353,0.557312,17.75376,1.05885,4.18739,3.195757,0.38736
827,940,smokinggunbot,Princess-Mika-Test,1579,1524,20,0,0,8.2e-05,0.032493,24.709659,0.127477,0.162864,0,0,0.012655,4.987345,15,5,0,20,2.224932,0.578497,17.858439,0.05885,7.082711,2.233272,0.386474
827,943,smokinggunbot,puck,1579,1529,14,0,0,8.2e-05,8.3e-05,18.867423,0.131748,0.000829,0,0,2.485052,2.514948,12,2,0,14,2.444155,0.571463,14.823685,0.05885,4.117465,2.435323,0.389807
827,948,smokinggunbot,titania,1579,1185,5,0,0,8.2e-05,0.000157,9.867063,0.131738,0.001199,0,0,1.718674,3.281326,5,0,0,5,2.887606,0.906196,9.47765,0.05885,0.4635,2.767406,0.406046
827,953,smokinggunbot,ZeratulsRevengeTest,1579,1702,6,0,0,8.2e-05,0.000163,10.867037,0.131737,0.001226,0,0,1.68146,3.31854,3,3,0,6,2.407884,0.330031,4.630733,0.05885,6.310417,2.396563,0.402359
827,959,smokinggunbot,ur_moms_a_ho,1579,1600,0,0,0,8.2e-05,0.022196,4.759783,0.128834,0.111383,0,0,0.018505,4.981495,0,0,0,0,,0.469815,2.321428,0.05885,2.619722,2.349308,0.491916
827,960,smokinggunbot,BigDaddy,1579,1637,54,0,0,8.2e-05,0.006779,58.83483,0.130865,0.034304,0,0,0.060083,4.939917,44,10,0,54,2.87641,0.417298,46.061933,0.05885,12.879217,2.862742,0.381156
827,961,smokinggunbot,AvocaDOS,1579,1751,21,0,0,8.2e-05,0.000833,25.863772,0.131649,0.004579,0,0,0.450115,4.549885,6,15,0,21,2.366542,0.27089,7.338508,0.05885,18.602642,2.365438,0.38609
827,962,smokinggunbot,AvocaDEV,1579,1700,7,0,0,8.2e-05,0.057896,11.585999,0.12413,0.289871,0,0,0.00711,4.99289,4,3,0,7,2.644768,0.332582,5.643335,0.05885,6.297815,2.594432,0.399523
827,966,smokinggunbot,ArgoBot,1579,1909,0,0,0,8.2e-05,8.5e-05,4.867414,0.131747,0.000838,0,0,2.458459,2.541541,0,0,0,0,,0.13015,0.643091,0.05885,4.298059,2.349308,0.491916
827,970,smokinggunbot,TheLAW,1579,1576,51,0,0,8.2e-05,0.05452,55.602436,0.124575,0.272989,0,0,0.00755,4.99245,36,15,0,51,1.988168,0.504317,38.491907,0.05885,17.449243,1.998067,0.381349
827,971,smokinggunbot,Nothing,1579,1570,52,0,0,8.2e-05,0.00831,56.827376,0.130664,0.041961,0,0,0.04912,4.95088,40,12,0,52,2.609546,0.512949,42.534559,0.05885,14.406591,2.602546,0.381282
827,977,smokinggunbot,Siriusly,1579,1392,11,0,0,8.2e-05,0.001619,15.859949,0.131545,0.008506,0,0,0.24232,4.75768,10,1,0,11,1.831033,0.745823,13.685224,0.05885,2.255926,1.890933,0.392657
827,981,smokinggunbot,KoB,1579,1499,24,0,0,8.2e-05,0.001616,28.859961,0.131546,0.008493,0,0,0.242673,4.757327,15,9,0,24,2.531542,0.613137,18.029601,0.05885,10.911549,2.521244,0.385118
827,998,smokinggunbot,LordSuperKing,1579,1656,23,0,0,8.2e-05,0.000132,27.867186,0.131741,0.001073,0,0,1.921317,3.078683,0,23,0,23,2.611573,0.390967,1.931829,0.05885,26.009321,2.596146,0.385416
827,1007,smokinggunbot,SharkGull,1579,1605,17,0,0,8.2e-05,0.000223,21.866744,0.131729,0.001526,0,0,1.350325,3.649675,14,3,0,17,2.471161,0.462653,16.286036,0.05885,5.655114,2.461661,0.387873
827,1008,smokinggunbot,Creepy_canon,1579,1587,0,0,0,8.2e-05,0.074065,4.507292,0.122,0.370708,0,0,0.00556,4.99444,0,0,0,0,,0.488489,2.413698,0.05885,2.527452,2.349308,0.491916
827,1023,smokinggunbot,MY_SCRIPTING_SON,1579,1275,7,0,1,8.2e-05,0.333918,10.242373,0.087762,2.669865,0,1,0.001234,5.998766,7,0,0,7,2.885896,0.851948,11.209605,0.05885,0.731545,2.794479,0.399523
827,1026,smokinggunbot,WildLupo,1579,1199,5,0,0,8.2e-05,0.018371,9.778401,0.129338,0.092261,0,0,0.02234,4.97766,4,1,0,5,2.810669,0.899117,8.442674,0.05885,1.498476,2.707648,0.406046
827,1029,smokinggunbot,Chomppet,1579,1600,0,0,0,8.2e-05,0.022196,4.759783,0.128834,0.111383,0,0,0.018505,4.981495,0,0,0,0,,0.469815,2.321428,0.05885,2.619722,2.349308,0.491916
827,1030,smokinggunbot,who,1579,1924,0,0,0,8.2e-05,8.3e-05,4.867424,0.131748,0.000829,0,0,2.487869,2.512131,0,0,0,0,,0.120683,0.596312,0.05885,4.344838,2.349308,0.491916
827,1032,smokinggunbot,WaterLeak,1579,1607,33,1,0,8.2e-05,8.4e-05,37.867419,1.131747,0.000834,0,0,2.472775,2.527225,10,23,0,33,2.188252,0.459792,12.2719,0.05885,25.66925,2.194975,0.38321
827,1038,smokinggunbot,PolyMorph,1579,1463,14,1,0,8.2e-05,0.001586,18.860109,1.13155,0.008342,0,0,0.247089,4.752911,10,4,0,14,2.674346,0.660999,13.266096,0.05885,5.675054,2.64408,0.389807
827,1042,smokinggunbot,Creepy_duo_canon,1579,1386,3,0,3,8.2e-05,0.104041,7.361374,0.11805,3.520576,0,3,0.003959,7.996041,3,0,0,3,2.767659,0.752315,6.717301,0.05885,1.223849,2.632139,0.418169
827,1044,smokinggunbot,DoopyBot,1579,1418,16,1,0,8.2e-05,0.009666,20.820779,1.130485,0.048736,0,0,0.042291,4.957709,13,3,0,16,2.522277,0.716424,16.539957,0.05885,4.401193,2.508018,0.388445
827,1045,smokinggunbot,tito,1579,1801,14,0,0,8.2e-05,0.000837,18.863757,0.131648,0.004595,0,0,0.448579,4.551421,0,14,0,14,2.434049,0.217902,1.076686,0.05885,17.864464,2.426159,0.389807
827,1049,smokinggunbot,TheCatSC2Bot,1579,970,6,0,0,8.2e-05,0.003084,10.852817,0.131352,0.015831,0,0,0.130195,4.869805,6,0,0,6,2.336024,0.970849,10.797111,0.05885,0.144039,2.338592,0.402359
827,1050,smokinggunbot,onlyfans,1579,1517,25,0,0,8.2e-05,8.7e-05,29.867408,0.131747,0.000845,0,0,2.438142,2.561858,15,10,0,25,2.535817,0.58829,17.906829,0.05885,12.034321,2.525676,0.384842
827,1052,smokinggunbot,Starlight,1579,1204,6,0,0,8.2e-05,9.3e-05,10.867377,0.131746,0.000877,0,0,2.351436,2.648564,4,2,0,6,2.78674,0.896477,8.429625,0.05885,2.511525,2.702196,0.402359
827,1054,smokinggunbot,JimmyBotZ,1579,1724,38,0,0,8.2e-05,0.005286,42.842096,0.131062,0.026842,0,0,0.076788,4.923212,6,32,0,38,2.396583,0.302655,7.495463,0.05885,35.445687,2.39486,0.382523
827,1056,smokinggunbot,bilisaur,1579,1600,0,0,0,8.2e-05,0.022196,4.759783,0.128834,0.111383,0,0,0.018505,4.981495,0,0,0,0,,0.469815,2.321428,0.05885,2.619722,2.349308,0.491916
827,1057,smokinggunbot,DoopyBot-Test,1579,1238,8,0,1,8.2e-05,0.023755,12.752196,0.128629,1.119176,0,1,0.017295,5.982705,5,3,0,8,2.82396,0.876852,9.332659,0.05885,3.608491,2.751663,0.397274
827,1058,smokinggunbot,JimmyBotP,1579,1711,19,0,0,8.2e-05,0.005341,23.841832,0.131055,0.027113,0,0,0.076019,4.923981,7,12,0,19,2.337473,0.318678,8.574637,0.05885,15.366513,2.338305,0.386896
827,1059,smokinggunbot,NextProBot,1579,1600,0,0,0,8.2e-05,0.022196,4.759783,0.128834,0.111383,0,0,0.018505,4.981495,0,0,0,0,,0.469815,2.321428,0.05885,2.619722,2.349308,0.491916
827,1060,smokinggunbot,WildFire,1579,1709,16,0,0,8.2e-05,0.00012,20.867243,0.131743,0.001014,0,0,2.032628,2.967372,8,8,0,16,2.37375,0.321183,9.587014,0.05885,11.354136,2.371735,0.388445
827,1065,smokinggunbot,MindMatrix,1579,1514,8,0,0,8.2e-05,0.010709,12.815698,0.130347,0.053954,0,0,0.038201,4.961799,5,3,0,8,2.240156,0.592466,7.927465,0.05885,5.013685,2.256782,0.397274
827,1066,smokinggunbot,CompetitiveBotTest,1579,1482,0,0,0,8.2e-05,0.003699,4.849822,0.131271,0.018907,0,0,0.109012,4.890988,0,0,0,0,,0.636077,3.142951,0.05885,1.798199,2.349308,0.491916
827,1067,smokinggunbot,Hello_world,1579,1600,0,0,0,8.2e-05,0.022196,4.759783,0.128834,0.111383,0,0,0.018505,4.981495,0,0,0,0,,0.469815,2.321428,0.05885,2.619722,2.349308,0.491916
827,1078,smokinggunbot,LoremIpsum,1579,1242,2,0,0,8.2e-05,0.000201,6.866852,0.131732,0.001416,0,0,1.456029,3.543971,1,1,0,2,3.131285,0.874344,5.320266,0.05885,1.620884,2.804281,0.429209
827,1079,smokinggunbot,JimmyBotT,1579,1675,18,0,0,8.2e-05,0.000205,22.866832,0.131732,0.001436,0,0,1.435381,3.564619,9,9,0,18,2.503071,0.365257,10.804788,0.05885,12.136362,2.4917,0.38736
827,1080,smokinggunbot,JimmyBot,1579,1675,18,0,0,8.2e-05,0.003888,22.848905,0.131246,0.019849,0,0,0.103841,4.896159,8,10,0,18,2.201278,0.365257,9.804788,0.05885,13.136362,2.212225,0.38736
827,1081,smokinggunbot,ArtZerg,1579,1537,17,0,0,8.2e-05,0.000199,21.866859,0.131732,0.001408,0,0,1.463479,3.536521,13,4,0,17,2.059231,0.56015,15.767786,0.05885,6.173364,2.081847,0.387873
827,1082,smokinggunbot,Dasyatis,1579,1573,10,0,0,8.2e-05,0.048918,14.629704,0.125313,0.244983,0,0,0.008413,4.991587,8,2,0,10,2.342121,0.508634,10.513236,0.05885,4.427914,2.343025,0.393932
827,1084,smokinggunbot,ZippyZap,1579,1457,0,0,0,8.2e-05,0.84229,0.767707,0.02078,4.211513,0,0,0.000489,4.999511,0,0,0,0,,0.668695,3.304122,0.05885,1.637028,2.349308,0.491916
827,1085,smokinggunbot,AgoraLord,1579,1430,0,1,0,8.2e-05,0.000933,4.863289,1.131636,0.005075,0,0,0.406143,4.593857,0,0,0,0,,0.702183,3.46959,0.05885,1.47156,2.349308,0.491916
827,1086,smokinggunbot,CherBoiBlue,1579,1500,0,0,0,8.2e-05,0.222218,3.786109,0.102479,1.111411,0,0,0.001855,4.998145,0,0,0,0,,0.611771,3.02285,0.05885,1.9183,2.349308,0.491916
827,1087,smokinggunbot,SwarmLord2,1579,1533,0,0,0,8.2e-05,0.003699,4.849822,0.131271,0.018907,0,0,0.109012,4.890988,0,0,0,0,,0.565815,2.795778,0.05885,2.145372,2.349308,0.491916
827,1088,smokinggunbot,SwarmLord3,1579,1562,0,0,0,8.2e-05,0.003468,4.850947,0.131302,0.017751,0,0,0.11611,4.88389,0,0,0,0,,0.524445,2.591364,0.05885,2.349786,2.349308,0.491916
827,1089,smokinggunbot,WorkingAsIntended,1579,1596,1,0,0,8.2e-05,0.041392,5.666341,0.126305,0.207354,0,0,0.00994,4.99006,1,0,0,1,3.803992,0.475555,3.349786,0.05885,2.591364,2.94611,0.448612
832,836,muravev,muravevTerran,1632,1477,2,0,0,0.001014,0.000366,6.861515,0.131588,0.006898,0,0,3.672873,1.327127,2,0,0,2,2.938471,0.709355,5.505028,0.05885,1.436122,2.692097,0.429209
832,858,muravev,Crawler,1632,1562,36,0,0,0.001014,0.00261,40.850603,0.131292,0.018105,0,0,1.398722,3.601278,33,3,0,36,2.596343,0.599397,35.961709,0.05885,4.979441,2.586858,0.382776
832,876,muravev,GenesisLotus,1632,1411,4,0,0,0.001014,0.009792,8.815676,0.130347,0.053977,0,0,0.469061,4.530939,4,0,0,4,2.967502,0.781115,7.859608,0.05885,1.081542,2.804074,0.411036
832,901,muravev,clone,1632,1667,32,0,0,0.001014,0.006192,36.833184,0.130821,0.035995,0,0,0.703423,4.296577,15,17,0,32,2.523426,0.449801,17.222532,0.05885,19.718618,2.515941,0.383371
832,930,muravev,SiriusBot,1632,1519,22,0,0,0.001014,8.3e-05,26.862894,0.131625,0.005481,0,0,4.622856,0.377144,17,5,0,22,2.698338,0.657119,20.246922,0.05885,6.694228,2.676931,0.385739
832,939,muravev,RustyNikolaj,1632,1539,16,0,0,0.001014,0.000102,20.862798,0.131622,0.005579,0,0,4.541712,0.458288,14,2,0,16,2.864644,0.63073,17.116533,0.05885,3.824617,2.822162,0.388445
832,940,muravev,Princess-Mika-Test,1632,1524,15,0,0,0.001014,0.032493,19.705273,0.127359,0.167369,0,0,0.151263,4.848737,9,6,0,15,2.740201,0.650605,12.214735,0.05885,7.726415,2.706018,0.389085
832,943,muravev,puck,1632,1529,9,0,0,0.001014,8.3e-05,13.86289,0.131625,0.005485,0,0,4.619712,0.380288,7,2,0,9,2.424094,0.644034,10.182268,0.05885,3.758882,2.413794,0.395447
832,948,muravev,titania,1632,1185,1,0,0,0.001014,0.000157,5.86253,0.131615,0.005855,0,0,4.327896,0.672104,1,0,0,1,2.296567,0.929113,5.590885,0.05885,0.350265,2.32767,0.448612
832,953,muravev,ZeratulsRevengeTest,1632,1702,6,0,0,0.001014,0.000163,10.862504,0.131614,0.005881,0,0,4.308365,0.691635,2,4,0,6,2.050027,0.400603,3.979441,0.05885,6.961709,2.10787,0.402359
832,959,muravev,ur_moms_a_ho,1632,1600,0,0,0,0.001014,0.022196,4.75535,0.128714,0.115936,0,0,0.218372,4.781628,0,0,0,0,,0.545922,2.697482,0.05885,2.243668,2.349308,0.491916
832,960,muravev,BigDaddy,1632,1637,42,0,0,0.001014,0.006779,46.830328,0.130743,0.038929,0,0,0.650398,4.349602,14,28,0,42,2.405714,0.492805,16.435023,0.05885,30.506127,2.403848,0.382088
832,961,muravev,AvocaDOS,1632,1751,13,0,0,0.001014,0.000833,17.859243,0.131526,0.009231,0,0,2.743928,2.256072,0,13,0,13,2.384846,0.335142,1.655987,0.05885,16.285163,2.381307,0.390628
832,962,muravev,AvocaDEV,1632,1700,8,0,0,0.001014,0.057896,12.581728,0.124015,0.294257,0,0,0.086035,4.913965,2,6,0,8,2.562991,0.403371,3.993116,0.05885,8.948034,2.530444,0.397274
832,966,muravev,ArgoBot,1632,1909,0,0,0,0.001014,8.5e-05,4.862881,0.131625,0.005494,0,0,4.612168,0.387832,0,0,0,0,,0.168746,0.8338,0.05885,4.10735,2.349308,0.491916
832,970,muravev,TheLAW,1632,1576,43,0,1,0.001014,0.05452,47.59815,0.124459,1.277391,0,1,0.091266,5.908734,4,39,0,43,2.470188,0.5799,6.865372,0.05885,41.075778,2.466277,0.381991
832,971,muravev,Nothing,1632,1570,39,0,6,0.001014,0.00831,43.82288,0.130542,6.046578,1,5,1.543577,9.456423,32,7,0,39,2.668119,0.58829,34.906829,0.05885,9.034321,2.656786,0.382406
832,977,muravev,Siriusly,1632,1392,0,0,0,0.001014,0.001619,4.855423,0.131423,0.013154,0,0,1.925282,3.074718,0,0,0,0,,0.79924,3.949165,0.05885,0.991985,2.349308,0.491916
832,981,muravev,KoB,1632,1499,14,4,0,0.001014,0.001616,18.855435,4.131423,0.013142,0,0,1.927097,3.072903,5,8,1,14,2.875696,0.68257,8.372683,1.05885,9.568467,2.826681,0.389807
832,998,muravev,LordSuperKing,1632,1656,24,0,0,0.001014,0.000132,28.862653,0.131618,0.005728,0,0,4.423457,0.576543,6,18,0,24,2.705438,0.465516,8.300185,0.05885,20.640965,2.685313,0.385118
832,1007,muravev,SharkGull,1632,1605,18,0,0,0.001014,0.000223,22.862212,0.131606,0.006181,0,0,4.098876,0.901124,0,18,0,18,2.199607,0.538778,2.662183,0.05885,20.278967,2.210678,0.38736
832,1008,muravev,Creepy_canon,1632,1587,0,0,0,0.001014,0.074065,4.503094,0.121886,0.37502,0,0,0.067507,4.932493,0,0,0,0,,0.5644,2.788787,0.05885,2.152363,2.349308,0.491916
832,1023,muravev,MY_SCRIPTING_SON,1632,1275,0,0,1,0.001014,0.333918,3.239354,0.08768,2.672966,0,1,0.015132,5.984868,0,0,0,0,,0.886458,4.38012,0.05885,0.56103,2.349308,0.491916
832,1026,muravev,WildLupo,1632,1199,0,0,1,0.001014,0.018371,4.773951,0.129217,1.096831,0,1,0.261458,5.738542,0,0,0,0,,0.923618,4.563734,0.05885,0.377416,2.349308,0.491916
832,1029,muravev,Chomppet,1632,1600,0,0,0,0.001014,0.022196,4.75535,0.128714,0.115936,0,0,0.218372,4.781628,0,0,0,0,,0.545922,2.697482,0.05885,2.243668,2.349308,0.491916
832,1030,muravev,who,1632,1924,0,0,0,0.001014,8.3e-05,4.862891,0.131625,0.005484,0,0,4.620503,0.379497,0,0,0,0,,0.156978,0.775652,0.05885,4.165498,2.349308,0.491916
832,1032,muravev,WaterLeak,1632,1607,29,0,0,0.001014,8.4e-05,33.862886,0.131625,0.005489,0,0,4.616247,0.383753,23,6,0,29,2.338486,0.535916,25.648041,0.05885,8.293109,2.338997,0.383919
832,1038,muravev,PolyMorph,1632,1463,5,0,0,0.001014,0.001586,9.855583,0.131427,0.01299,0,0,1.949602,3.050398,5,0,0,5,2.652199,0.725686,8.585722,0.05885,1.355428,2.584564,0.406046
832,1042,muravev,Creepy_duo_canon,1632,1386,3,0,0,0.001014,0.104041,7.357312,0.11794,0.524748,0,0,0.048245,4.951755,3,0,0,3,2.189782,0.804725,6.976265,0.05885,0.964885,2.241458,0.418169
832,1044,muravev,DoopyBot,1632,1418,13,1,0,0.001014,0.009666,17.816289,1.130363,0.053347,0,0,0.474597,4.525403,13,0,0,13,2.387385,0.774148,16.825181,0.05885,1.115969,2.383594,0.390628
832,1045,muravev,tito,1632,1801,7,0,0,0.001014,0.000837,11.859227,0.131526,0.009247,0,0,2.739274,2.260726,0,7,0,7,2.09866,0.274314,1.355428,0.05885,10.585722,2.141363,0.399523
832,1049,muravev,TheCatSC2Bot,1632,970,1,0,0,0.001014,0.003084,5.848297,0.13123,0.020473,0,0,1.236882,3.763118,1,0,0,1,2.873565,0.978348,5.834165,0.05885,0.106985,2.564391,0.448612
832,1050,muravev,onlyfans,1632,1517,22,0,0,0.001014,8.7e-05,26.862875,0.131624,0.005501,0,0,4.606311,0.393689,18,4,0,22,2.973063,0.659708,21.259716,0.05885,5.681434,2.934807,0.385739
832,1052,muravev,Starlight,1632,1204,1,0,0,0.001014,9.3e-05,5.862844,0.131624,0.005532,0,0,4.580357,0.419643,1,0,0,1,2.307573,0.921562,5.553578,0.05885,0.387572,2.332186,0.448612
832,1054,muravev,JimmyBotZ,1632,1724,39,0,0,0.001014,0.005286,43.837587,0.13094,0.031473,0,0,0.804501,4.195499,12,27,0,39,2.216194,0.370611,13.831247,0.05885,30.109903,2.220926,0.382406
832,1056,muravev,bilisaur,1632,1600,0,0,0,0.001014,0.022196,4.75535,0.128714,0.115936,0,0,0.218372,4.781628,0,0,0,0,,0.545922,2.697482,0.05885,2.243668,2.349308,0.491916
832,1057,muravev,DoopyBot-Test,1632,1238,4,0,0,0.001014,0.023755,8.74777,0.128509,0.123721,0,0,0.20463,4.79537,4,0,0,4,2.56113,0.906196,8.47765,0.05885,0.4635,2.505132,0.411036
832,1058,muravev,JimmyBotP,1632,1711,20,0,0,0.001014,0.005341,24.837323,0.130933,0.031744,0,0,0.797624,4.202376,12,8,0,20,2.306245,0.388229,13.9183,0.05885,11.02285,2.309133,0.386474
832,1059,muravev,NextProBot,1632,1600,0,0,0,0.001014,0.022196,4.75535,0.128714,0.115936,0,0,0.218372,4.781628,0,0,0,0,,0.545922,2.697482,0.05885,2.243668,2.349308,0.491916
832,1060,muravev,WildFire,1632,1709,18,0,0,0.001014,0.00012,22.86271,0.13162,0.00567,0,0,4.469291,0.530709,7,11,0,18,2.479697,0.390967,8.931829,0.05885,14.009321,2.470054,0.38736
832,1065,muravev,MindMatrix,1632,1514,6,0,0,0.001014,0.010709,10.811213,0.130226,0.058561,0,0,0.432342,4.567658,4,2,0,6,2.507604,0.663574,7.278819,0.05885,3.662331,2.47701,0.402359
832,1066,muravev,CompetitiveBotTest,1632,1482,0,0,0,0.001014,0.003699,4.845305,0.131149,0.023546,0,0,1.075395,3.924605,0,0,0,0,,0.703385,3.475531,0.05885,1.465619,2.349308,0.491916
832,1067,muravev,Hello_world,1632,1600,0,0,0,0.001014,0.022196,4.75535,0.128714,0.115936,0,0,0.218372,4.781628,0,0,0,0,,0.545922,2.697482,0.05885,2.243668,2.349308,0.491916
832,1078,muravev,LoremIpsum,1632,1242,0,0,0,0.001014,0.000201,4.86232,0.131609,0.006071,0,0,4.173688,0.826312,0,0,0,0,,0.90422,4.467887,0.05885,0.473263,2.349308,0.491916
832,1079,muravev,JimmyBotT,1632,1675,19,0,0,0.001014,0.000205,23.8623,0.131609,0.006091,0,0,4.159736,0.840264,14,5,0,19,2.449332,0.438432,16.166359,0.05885,7.774791,2.442297,0.386896
832,1080,muravev,JimmyBot,1632,1675,19,0,0,0.001014,0.003888,23.844389,0.131124,0.024487,0,0,1.034082,3.965918,12,7,0,19,2.197016,0.438432,14.166359,0.05885,9.774791,2.207727,0.386896
832,1081,muravev,ArtZerg,1632,1537,18,1,0,0.001014,0.000199,22.862327,1.13161,0.006064,0,0,4.178648,0.821352,14,4,0,18,2.062717,0.633408,17.129762,0.05885,5.811388,2.083911,0.38736
832,1082,muravev,Dasyatis,1632,1573,6,0,1,0.001014,0.048918,10.625393,0.125196,1.249411,0,1,0.101505,5.898495,4,1,1,6,2.782564,0.584101,6.88613,1.05885,3.05502,2.698827,0.402359
832,1084,muravev,ZippyZap,1632,1457,0,0,0,0.001014,0.84229,0.766992,0.02076,4.212248,0,0,0.00601,4.99399,0,0,0,0,,0.732507,3.619428,0.05885,1.321722,2.349308,0.491916
832,1085,muravev,AgoraLord,1632,1430,1,0,0,0.001014,0.000933,5.85876,0.131513,0.009727,0,0,2.604126,2.395874,1,0,0,1,3.310908,0.761842,4.764376,0.05885,1.176774,2.743816,0.448612
832,1086,muravev,CherBoiBlue,1632,1500,0,0,0,0.001014,0.222218,3.782583,0.102384,1.115033,0,0,0.022704,4.977296,0,0,0,0,,0.681322,3.366513,0.05885,1.574637,2.349308,0.491916
832,1087,muravev,SwarmLord2,1632,1533,0,0,0,0.001014,0.003699,4.845305,0.131149,0.023546,0,0,1.075395,3.924605,0,0,0,0,,0.638738,3.156099,0.05885,1.785051,2.349308,0.491916
832,1088,muravev,SwarmLord3,1632,1562,0,0,0,0.001014,0.003468,4.846429,0.131179,0.022391,0,0,1.130873,3.869127,0,0,0,0,,0.599397,2.961709,0.05885,1.979441,2.349308,0.491916
832,1089,muravev,WorkingAsIntended,1632,1596,0,0,0,0.001014,0.041392,4.661995,0.126187,0.211817,0,0,0.119521,4.880479,0,0,0,0,,0.551624,2.725655,0.05885,2.215495,2.349308,0.491916
836,858,muravevTerran,Crawler,1477,1562,4,0,0,0.000366,0.00261,8.853747,0.131377,0.014876,0,0,0.615342,4.384658,1,3,0,4,2.260099,0.380059,2.877927,0.05885,6.063223,2.283683,0.411036
836,876,muravevTerran,GenesisLotus,1477,1411,10,0,0,0.000366,0.009792,14.818797,0.130431,0.050772,0,0,0.180289,4.819711,2,8,0,10,2.455076,0.593855,4.934329,0.05885,10.006821,2.441783,0.393932
836,901,muravevTerran,clone,1477,1667,2,0,0,0.000366,0.006192,6.836316,0.130906,0.032778,0,0,0.279261,4.720739,1,1,0,2,2.517618,0.250917,2.239818,0.05885,4.701332,2.447235,0.429209
836,930,muravevTerran,SiriusBot,1477,1519,4,0,0,0.000366,8.3e-05,8.866045,0.13171,0.002245,0,0,4.079027,0.920973,2,2,0,4,2.365188,0.43985,4.173364,0.05885,4.767786,2.36099,0.411036
836,939,muravevTerran,RustyNikolaj,1477,1539,8,0,0,0.000366,0.000102,12.86595,0.131708,0.002343,0,0,3.908501,1.091499,0,7,1,8,2.860702,0.41171,2.034321,1.05885,9.906829,2.782809,0.397274
836,940,muravevTerran,Princess-Mika-Test,1477,1524,5,0,0,0.000366,0.032493,9.708322,0.127441,0.164237,0,0,0.055733,4.944267,2,3,0,5,2.921766,0.432771,4.138387,0.05885,5.802763,2.793938,0.406046
836,943,muravevTerran,puck,1477,1529,7,1,0,0.000366,8.3e-05,11.866041,1.13171,0.002248,0,0,4.07226,0.92774,5,2,0,7,2.662697,0.42572,7.103545,0.05885,4.837605,2.609306,0.399523
836,948,muravevTerran,titania,1477,1185,0,0,0,0.000366,0.000157,4.865681,0.1317,0.002618,0,0,3.497024,1.502976,0,0,0,0,,0.843022,4.165498,0.05885,0.775652,2.349308,0.491916
836,953,muravevTerran,ZeratulsRevengeTest,1477,1702,1,0,0,0.000366,0.000163,5.865656,0.1317,0.002645,0,0,3.461929,1.538071,0,1,0,1,2.241773,0.214973,1.062215,0.05885,4.878935,2.30519,0.448612
836,959,muravevTerran,ur_moms_a_ho,1477,1600,0,0,0,0.000366,0.022196,4.758432,0.128797,0.112771,0,0,0.081169,4.918831,0,0,0,0,,0.330031,1.630733,0.05885,3.310417,2.349308,0.491916
836,960,muravevTerran,BigDaddy,1477,1637,1,0,0,0.000366,0.006779,5.833458,0.130828,0.035714,0,0,0.256303,4.743697,0,1,0,1,1.65058,0.284747,1.406979,0.05885,4.534171,2.062646,0.448612
836,961,muravevTerran,AvocaDOS,1477,1751,0,0,0,0.000366,0.000833,4.862392,0.131611,0.005997,0,0,1.526491,3.473509,0,0,0,0,,0.171182,0.845838,0.05885,4.095312,2.349308,0.491916
836,962,muravevTerran,AvocaDEV,1477,1700,0,0,0,0.000366,0.057896,4.584697,0.124095,0.291208,0,0,0.031433,4.968567,0,0,0,0,,0.216923,1.071847,0.05885,3.869303,2.349308,0.491916
836,966,muravevTerran,ArgoBot,1477,1909,0,0,0,0.000366,8.5e-05,4.866033,0.13171,0.002257,0,0,4.056075,0.943925,0,0,0,0,,0.076789,0.379428,0.05885,4.561722,2.349308,0.491916
836,970,muravevTerran,TheLAW,1477,1576,2,0,0,0.000366,0.05452,6.60113,0.12454,0.27433,0,0,0.033366,4.966634,0,2,0,2,1.981166,0.361262,1.785051,0.05885,5.156099,2.135114,0.429209
836,971,muravevTerran,Nothing,1477,1570,3,0,0,0.000366,0.00831,7.826006,0.130626,0.043368,0,0,0.211067,4.788933,0,3,0,3,2.259468,0.36927,1.824617,0.05885,6.116533,2.28857,0.418169
836,977,muravevTerran,Siriusly,1477,1392,9,0,0,0.000366,0.001619,13.858569,0.131508,0.009923,0,0,0.92254,4.07746,7,2,0,9,2.393126,0.619941,10.063223,0.05885,3.877927,2.387091,0.395447
836,981,muravevTerran,KoB,1477,1499,8,0,0,0.000366,0.001616,12.858582,0.131508,0.00991,0,0,0.923694,4.076306,7,1,0,8,2.833269,0.468382,9.314344,0.05885,3.626806,2.759554,0.397274
836,998,muravevTerran,LordSuperKing,1477,1656,1,0,0,0.000366,0.000132,5.865805,0.131704,0.002492,0,0,3.674541,1.325459,0,1,0,1,2.605648,0.263005,1.299548,0.05885,4.641602,2.454475,0.448612
836,1007,muravevTerran,SharkGull,1477,1605,2,0,0,0.000366,0.000223,6.865363,0.131692,0.002945,0,0,3.108614,1.891386,0,2,0,2,1.993188,0.323698,1.599442,0.05885,5.341708,2.142109,0.429209
836,1008,muravevTerran,Creepy_canon,1477,1587,0,0,0,0.000366,0.074065,4.506012,0.121965,0.372022,0,0,0.024605,4.975395,0,0,0,0,,0.346783,1.713506,0.05885,3.227644,2.349308,0.491916
836,1023,muravevTerran,MY_SCRIPTING_SON,1477,1275,7,0,2,0.000366,0.333918,10.241453,0.087737,3.67081,0,2,0.005478,6.994522,2,5,0,7,2.661481,0.761842,5.764376,0.05885,6.176774,2.608297,0.399523
836,1026,muravevTerran,WildLupo,1477,1199,9,0,0,0.000366,0.018371,13.777045,0.129301,0.093654,0,0,0.097737,4.902263,9,0,0,9,2.692186,0.83206,13.111332,0.05885,0.829818,2.644964,0.395447
836,1029,muravevTerran,Chomppet,1477,1600,0,0,0,0.000366,0.022196,4.758432,0.128797,0.112771,0,0,0.081169,4.918831,0,0,0,0,,0.330031,1.630733,0.05885,3.310417,2.349308,0.491916
836,1030,muravevTerran,who,1477,1924,0,0,0,0.000366,8.3e-05,4.866042,0.13171,0.002247,0,0,4.073961,0.926039,0,0,0,0,,0.070887,0.350265,0.05885,4.590885,2.349308,0.491916
836,1032,muravevTerran,WaterLeak,1477,1607,1,0,0,0.000366,8.4e-05,5.866037,0.13171,0.002253,0,0,4.064815,0.935185,0,1,0,1,1.695616,0.321183,1.587014,0.05885,4.354136,2.081123,0.448612
836,1038,muravevTerran,PolyMorph,1477,1463,9,0,0,0.000366,0.001586,13.858729,0.131512,0.009759,0,0,0.938058,4.061942,6,2,1,9,3.068792,0.520137,8.570074,1.05885,4.371076,2.969703,0.395447
836,1042,muravevTerran,Creepy_duo_canon,1477,1386,5,0,4,0.000366,0.104041,9.360136,0.118017,4.521847,0,4,0.01754,8.98246,5,0,0,5,2.074247,0.628045,8.103264,0.05885,1.837886,2.135667,0.406046
836,1044,muravevTerran,DoopyBot,1477,1418,9,0,0,0.000366,0.009666,13.81941,0.130448,0.050142,0,0,0.182554,4.817446,3,6,0,9,2.686213,0.584101,5.88613,0.05885,8.05502,2.639814,0.395447
836,1045,muravevTerran,tito,1477,1801,0,0,0,0.000366,0.000837,4.862376,0.131611,0.006013,0,0,1.522509,3.477491,0,0,0,0,,0.13411,0.66266,0.05885,4.27849,2.349308,0.491916
836,1049,muravevTerran,TheCatSC2Bot,1477,970,10,0,0,0.000366,0.003084,14.851439,0.131315,0.017246,0,0,0.530784,4.469216,10,0,0,10,2.424812,0.948755,14.687939,0.05885,0.253211,2.415323,0.393932
836,1050,muravevTerran,onlyfans,1477,1517,7,0,0,0.000366,8.7e-05,11.866026,0.13171,0.002264,0,0,4.043561,0.956439,5,2,0,7,2.749359,0.442688,7.18739,0.05885,4.75376,2.681203,0.399523
836,1052,muravevTerran,Starlight,1477,1204,10,0,0,0.000366,9.3e-05,14.865996,0.131709,0.002296,0,0,3.988652,1.011348,10,0,0,10,2.44397,0.827999,14.091269,0.05885,0.849881,2.432073,0.393932
836,1054,muravevTerran,JimmyBotZ,1477,1724,2,0,0,0.000366,0.005286,6.840722,0.131025,0.028253,0,0,0.323985,4.676015,1,1,0,2,2.685673,0.194372,1.960423,0.05885,4.980727,2.545013,0.429209
836,1056,muravevTerran,bilisaur,1477,1600,0,0,0,0.000366,0.022196,4.758432,0.128797,0.112771,0,0,0.081169,4.918831,0,0,0,0,,0.330031,1.630733,0.05885,3.310417,2.349308,0.491916
836,1057,muravevTerran,DoopyBot-Test,1477,1238,8,0,0,0.000366,0.023755,12.750847,0.128592,0.120561,0,0,0.075924,4.924076,8,0,0,8,2.878893,0.798315,11.944593,0.05885,0.996557,2.79823,0.397274
836,1058,muravevTerran,JimmyBotP,1477,1711,2,0,0,0.000366,0.005341,6.840458,0.131018,0.028525,0,0,0.320902,4.679098,0,2,0,2,2.026516,0.206359,1.019652,0.05885,5.921498,2.1615,0.429209
836,1059,muravevTerran,NextProBot,1477,1600,0,0,0,0.000366,0.022196,4.758432,0.128797,0.112771,0,0,0.081169,4.918831,0,0,0,0,,0.330031,1.630733,0.05885,3.310417,2.349308,0.491916
836,1060,muravevTerran,WildFire,1477,1709,1,0,0,0.000366,0.00012,5.865862,0.131705,0.002433,0,0,3.763265,1.236735,0,1,0,1,1.720979,0.208251,1.029,0.05885,4.91215,2.091529,0.448612
836,1065,muravevTerran,MindMatrix,1477,1514,10,0,0,0.000366,0.010709,14.814331,0.13031,0.055358,0,0,0.165351,4.834649,3,7,0,10,2.506742,0.446953,5.208462,0.05885,9.732688,2.486956,0.393932
836,1066,muravevTerran,CompetitiveBotTest,1477,1482,0,0,0,0.000366,0.003699,4.848445,0.131234,0.020321,0,0,0.45045,4.54955,0,0,0,0,,0.492805,2.435023,0.05885,2.506127,2.349308,0.491916
836,1067,muravevTerran,Hello_world,1477,1600,0,0,0,0.000366,0.022196,4.758432,0.128797,0.112771,0,0,0.081169,4.918831,0,0,0,0,,0.330031,1.630733,0.05885,3.310417,2.349308,0.491916
836,1078,muravevTerran,LoremIpsum,1477,1242,7,3,0,0.000366,0.000201,11.865471,3.131695,0.002834,0,0,3.23014,1.76986,7,0,0,7,2.644898,0.794582,10.926148,0.05885,1.015002,2.59454,0.399523
836,1079,muravevTerran,JimmyBotT,1477,1675,2,0,0,0.000366,0.000205,6.865451,0.131694,0.002855,0,0,3.207101,1.792899,0,2,0,2,1.619371,0.242361,1.197541,0.05885,5.743609,1.924613,0.429209
836,1080,muravevTerran,JimmyBot,1477,1675,2,0,0,0.000366,0.003888,6.847529,0.131209,0.021262,0,0,0.430512,4.569488,0,2,0,2,1.843399,0.242361,1.197541,0.05885,5.743609,2.054958,0.429209
836,1081,muravevTerran,ArtZerg,1477,1537,2,0,0,0.000366,0.000199,6.865478,0.131695,0.002827,0,0,3.238372,1.761628,0,2,0,2,2.017085,0.414501,2.048113,0.05885,4.893037,2.156013,0.429209
836,1082,muravevTerran,Dasyatis,1477,1573,5,0,0,0.000366,0.048918,9.62839,0.125278,0.246332,0,0,0.037159,4.962841,1,1,3,5,3.184438,0.365257,2.804788,3.05885,4.136362,2.997956,0.406046
836,1084,muravevTerran,ZippyZap,1477,1457,0,0,1,0.000366,0.84229,0.767489,0.020774,5.211737,0,1,0.002173,5.997827,0,0,0,0,,0.528751,2.612636,0.05885,2.328514,2.349308,0.491916
836,1085,muravevTerran,AgoraLord,1477,1430,3,0,0,0.000366,0.000933,7.861909,0.131598,0.006493,0,0,1.409953,3.590047,2,1,0,3,3.25681,0.567229,4.802763,0.05885,3.138387,2.962835,0.418169
836,1086,muravevTerran,CherBoiBlue,1477,1500,1,0,0,0.000366,0.222218,4.785035,0.10245,1.112515,0,0,0.008228,4.991772,1,0,0,1,2.745988,0.466949,3.307263,0.05885,2.633887,2.512051,0.448612
836,1087,muravevTerran,SwarmLord2,1477,1533,1,0,0,0.000366,0.003699,5.848445,0.131234,0.020321,0,0,0.45045,4.54955,1,0,0,1,3.29101,0.4201,3.075778,0.05885,2.865372,2.735653,0.448612
836,1088,muravevTerran,SwarmLord3,1477,1562,1,0,0,0.000366,0.003468,5.84957,0.131264,0.019166,0,0,0.477612,4.522388,0,1,0,1,2.770086,0.380059,1.877927,0.05885,4.063223,2.521937,0.448612
836,1089,muravevTerran,WorkingAsIntended,1477,1596,1,0,0,0.000366,0.041392,5.665017,0.126269,0.208714,0,0,0.043856,4.956144,0,1,0,1,1.997418,0.335142,1.655987,0.05885,4.285163,2.204941,0.448612
858,876,Crawler,GenesisLotus,1562,1411,17,0,0,0.00261,0.009792,21.807982,0.130139,0.06188,0,0,1.052244,3.947756,17,0,0,17,1.600107,0.704585,20.481458,0.05885,1.459692,1.658518,0.387873
858,901,Crawler,clone,1562,1667,30,0,0,0.00261,0.006192,34.825462,0.130612,0.043927,0,0,1.48264,3.51736,7,23,0,30,2.500373,0.353331,8.745862,0.05885,26.195288,2.493465,0.383725
858,930,Crawler,SiriusBot,1562,1519,17,4,0,0.00261,8.3e-05,21.855124,4.131415,0.013462,0,0,4.846435,0.153565,16,1,0,17,1.904696,0.561568,18.774791,0.05885,3.166359,1.93936,0.387873
858,939,Crawler,RustyNikolaj,1562,1539,10,7,0,0.00261,0.000102,14.855028,7.131412,0.01356,0,0,4.811432,0.188568,3,5,2,10,2.649601,0.533051,5.633887,2.05885,7.307263,2.61186,0.393932
858,940,Crawler,Princess-Mika-Test,1562,1524,19,1,0,0.00261,0.032493,23.697754,1.127155,0.175091,0,0,0.371747,4.628253,17,2,0,19,2.072698,0.554469,19.739716,0.05885,4.201434,2.092153,0.386896
858,943,Crawler,puck,1562,1529,14,0,0,0.00261,8.3e-05,18.85512,0.131415,0.013466,0,0,4.845092,0.154908,7,7,0,14,2.41416,0.547349,9.704531,0.05885,9.236619,2.408121,0.389807
858,948,Crawler,titania,1562,1185,6,0,0,0.00261,0.000157,10.854761,0.131405,0.013834,0,0,4.715574,0.284426,6,0,0,6,1.732381,0.89754,10.43488,0.05885,0.50627,1.851617,0.402359
858,953,Crawler,ZeratulsRevengeTest,1562,1702,5,0,0,0.00261,0.000163,9.854735,0.131404,0.013861,0,0,4.706545,0.293455,0,5,0,5,1.530804,0.308764,1.525648,0.05885,8.415502,1.713574,0.406046
858,959,Crawler,ur_moms_a_ho,1562,1600,0,0,0,0.00261,0.022196,4.747752,0.128508,0.12374,0,0,0.526061,4.473939,0,0,0,0,,0.445531,2.201434,0.05885,2.739716,2.349308,0.491916
858,960,Crawler,BigDaddy,1562,1637,37,0,0,0.00261,0.006779,41.822609,0.130535,0.046856,0,0,1.389879,3.610121,5,32,0,37,1.72999,0.393712,6.945391,0.05885,34.995759,1.753151,0.382646
858,961,Crawler,AvocaDOS,1562,1751,14,2,0,0.00261,0.000833,18.851478,2.131316,0.017206,0,0,3.78977,1.21023,1,12,1,14,2.059252,0.252,2.245172,1.05885,15.695978,2.086261,0.389807
858,962,Crawler,AvocaDEV,1562,1700,2,5,0,0.00261,0.057896,6.574407,5.123816,0.301776,0,0,0.21567,4.78433,0,1,1,2,2.193108,0.311226,1.537816,1.05885,4.403334,2.258427,0.429209
858,966,Crawler,ArgoBot,1562,1909,0,0,0,0.00261,8.5e-05,4.855111,0.131414,0.013474,0,0,4.841866,0.158134,0,0,0,0,,0.119466,0.590302,0.05885,4.350848,2.349308,0.491916
858,970,Crawler,TheLAW,1562,1576,38,0,0,0.00261,0.05452,42.590803,0.12426,0.284937,0,0,0.228418,4.771582,15,23,0,38,1.910027,0.479863,17.371076,0.05885,25.570074,1.926038,0.382523
858,971,Crawler,Nothing,1562,1570,37,0,0,0.00261,0.00831,41.815174,0.130333,0.054493,0,0,1.194972,3.805028,24,13,0,37,2.353974,0.488489,26.413698,0.05885,15.527452,2.353799,0.382646
858,977,Crawler,Siriusly,1562,1392,11,1,0,0.00261,0.001619,15.847665,1.131213,0.021123,0,0,3.085892,1.914108,11,0,0,11,1.895312,0.72683,14.591376,0.05885,1.349774,1.947783,0.392657
858,981,Crawler,KoB,1562,1499,21,0,0,0.00261,0.001616,25.847677,0.131213,0.02111,0,0,3.087703,1.912297,21,0,0,21,1.56907,0.589684,23.913715,0.05885,2.027435,1.619057,0.38609
858,998,Crawler,LordSuperKing,1562,1656,18,0,0,0.00261,0.000132,22.854884,0.131408,0.013708,0,0,4.759083,0.240917,3,15,0,18,2.33744,0.36793,4.817997,0.05885,18.123153,2.338317,0.38736
858,1007,Crawler,SharkGull,1562,1605,15,0,0,0.00261,0.000223,19.854443,0.131396,0.014161,0,0,4.60665,0.39335,14,1,0,15,1.826849,0.438432,16.166359,0.05885,3.774791,1.872539,0.389085
858,1008,Crawler,Creepy_canon,1562,1587,1,0,0,0.00261,0.074065,5.495899,0.121691,0.38241,0,0,0.170191,4.829809,1,0,0,1,1.669592,0.464084,3.293109,0.05885,2.648041,2.070446,0.448612
858,1023,Crawler,MY_SCRIPTING_SON,1562,1275,9,0,3,0.00261,0.333918,12.234178,0.08754,4.678282,0,3,0.038777,7.961223,9,0,0,9,1.430002,0.839175,13.146491,0.05885,0.794659,1.556611,0.395447
858,1026,Crawler,WildLupo,1562,1199,12,0,0,0.00261,0.018371,16.766323,0.129011,0.104666,0,0,0.621961,4.378039,12,0,0,12,1.568677,0.889888,16.397069,0.05885,0.544081,1.652184,0.391568
858,1029,Crawler,Chomppet,1562,1600,0,0,0,0.00261,0.022196,4.747752,0.128508,0.12374,0,0,0.526061,4.473939,0,0,0,0,,0.445531,2.201434,0.05885,2.739716,2.349308,0.491916
858,1030,Crawler,who,1562,1924,0,0,0,0.00261,8.3e-05,4.855121,0.131415,0.013465,0,0,4.84543,0.15457,0,0,0,0,,0.110677,0.546874,0.05885,4.394276,2.349308,0.491916
858,1032,Crawler,WaterLeak,1562,1607,24,0,0,0.00261,8.4e-05,28.855116,0.131414,0.01347,0,0,4.843611,0.156389,2,22,0,24,1.724411,0.4356,4.152363,0.05885,24.788787,1.759724,0.385118
858,1038,Crawler,PolyMorph,1562,1463,16,0,0,0.00261,0.001586,20.847824,0.131217,0.020959,0,0,3.110044,1.889956,16,0,0,16,2.10358,0.638738,19.156099,0.05885,1.785051,2.123837,0.388445
858,1042,Crawler,Creepy_duo_canon,1562,1386,10,0,1,0.00261,0.104041,14.35035,0.117752,1.531898,0,1,0.122356,5.877644,7,3,0,10,1.711175,0.733634,10.624994,0.05885,4.316156,1.791376,0.393932
858,1044,Crawler,DoopyBot,1562,1418,18,0,1,0.00261,0.009666,22.808594,0.130155,1.061251,0,1,1.063048,4.936952,16,2,0,18,1.878786,0.696129,19.439677,0.05885,3.501473,1.913583,0.38736
858,1045,Crawler,tito,1562,1801,5,1,0,0.00261,0.000837,9.851463,1.131316,0.017221,0,0,3.786319,1.213681,5,0,0,5,1.747817,0.201685,5.996557,0.05885,3.944593,1.882128,0.406046
858,1049,Crawler,TheCatSC2Bot,1562,970,12,0,0,0.00261,0.003084,16.840551,0.13102,0.028429,0,0,2.291828,2.708172,12,0,0,12,1.53759,0.967948,16.782777,0.05885,0.158373,1.624423,0.391568
858,1050,Crawler,onlyfans,1562,1517,21,0,0,0.00261,8.7e-05,25.855104,0.131414,0.013481,0,0,4.839357,0.160643,7,14,0,21,2.388426,0.5644,9.788787,0.05885,16.152363,2.38592,0.38609
858,1052,Crawler,Starlight,1562,1204,7,4,0,0.00261,9.3e-05,11.855074,4.131413,0.013513,0,0,4.828193,0.171807,6,0,1,7,1.851676,0.887036,10.382977,1.05885,0.558173,1.936456,0.399523
858,1054,Crawler,JimmyBotZ,1562,1724,37,1,0,0.00261,0.005286,41.829857,1.130731,0.039412,0,0,1.65262,3.34738,13,24,0,37,2.224688,0.282408,14.395422,0.05885,27.545728,2.229349,0.382646
858,1056,Crawler,bilisaur,1562,1600,0,0,0,0.00261,0.022196,4.747752,0.128508,0.12374,0,0,0.526061,4.473939,0,0,0,0,,0.445531,2.201434,0.05885,2.739716,2.349308,0.491916
858,1057,Crawler,DoopyBot-Test,1562,1238,12,0,0,0.00261,0.023755,16.740184,0.128304,0.131513,0,0,0.494961,4.505039,12,0,0,12,2.058337,0.86589,16.27849,0.05885,0.66266,2.089463,0.391568
858,1058,Crawler,JimmyBotP,1562,1711,22,0,0,0.00261,0.005341,26.829594,0.130724,0.039683,0,0,1.64133,3.35867,13,9,0,22,1.898289,0.297817,14.47156,0.05885,12.46959,1.925951,0.385739
858,1059,Crawler,NextProBot,1562,1600,0,0,0,0.00261,0.022196,4.747752,0.128508,0.12374,0,0,0.526061,4.473939,0,0,0,0,,0.445531,2.201434,0.05885,2.739716,2.349308,0.491916
858,1060,Crawler,WildFire,1562,1709,15,0,0,0.00261,0.00012,19.854941,0.13141,0.01365,0,0,4.779565,0.220435,0,15,0,15,1.879561,0.300231,1.483484,0.05885,18.457666,1.920641,0.389085
858,1065,Crawler,MindMatrix,1562,1514,8,0,0,0.00261,0.010709,12.803526,0.130018,0.066456,0,0,0.979745,4.020255,8,0,0,8,2.100299,0.568641,10.809742,0.05885,2.131408,2.138227,0.397274
858,1066,Crawler,CompetitiveBotTest,1562,1482,0,0,0,0.00261,0.003699,4.837563,0.130939,0.031498,0,0,2.06831,2.93169,0,0,0,0,,0.613137,3.029601,0.05885,1.911549,2.349308,0.491916
858,1067,Crawler,Hello_world,1562,1600,0,0,0,0.00261,0.022196,4.747752,0.128508,0.12374,0,0,0.526061,4.473939,0,0,0,0,,0.445531,2.201434,0.05885,2.739716,2.349308,0.491916
858,1078,Crawler,LoremIpsum,1562,1242,5,0,0,0.00261,0.000201,9.854551,0.131399,0.01405,0,0,4.642978,0.357022,5,0,0,5,1.62202,0.863193,9.265167,0.05885,0.675983,1.784422,0.406046
858,1079,Crawler,JimmyBotT,1562,1675,14,1,0,0.00261,0.000205,18.854531,1.131399,0.014071,0,0,4.636259,0.363741,1,13,0,14,2.312011,0.342881,2.694228,0.05885,16.246922,2.315484,0.389807
858,1080,Crawler,JimmyBot,1562,1675,14,0,1,0.00261,0.003888,18.836649,0.130915,1.032437,0,1,2.008372,3.991628,4,10,0,14,2.209449,0.342881,5.694228,0.05885,13.246922,2.222472,0.389807
858,1081,Crawler,ArtZerg,1562,1537,6,9,0,0.00261,0.000199,10.854558,9.131399,0.014043,0,0,4.64536,0.35464,1,5,0,6,2.543693,0.535916,3.648041,0.05885,7.293109,2.506123,0.402359
858,1082,Crawler,Dasyatis,1562,1573,5,1,0,0.00261,0.048918,9.618002,1.124996,0.257002,0,0,0.253249,4.746751,3,2,0,5,1.933762,0.484175,5.392381,0.05885,4.548769,2.026552,0.406046
858,1084,Crawler,ZippyZap,1562,1457,0,0,0,0.00261,0.84229,0.765766,0.020727,4.213506,0,0,0.015445,4.984555,0,0,0,0,,0.646669,3.195288,0.05885,1.745862,2.349308,0.491916
858,1085,Crawler,AgoraLord,1562,1430,0,1,0,0.00261,0.000933,4.850997,1.131303,0.0177,0,0,3.683686,1.316314,0,0,0,0,,0.681322,3.366513,0.05885,1.574637,2.349308,0.491916
858,1086,Crawler,CherBoiBlue,1562,1500,0,0,0,0.00261,0.222218,3.776539,0.10222,1.12124,0,0,0.058042,4.941958,0,0,0,0,,0.58829,2.906829,0.05885,2.034321,2.349308,0.491916
858,1087,Crawler,SwarmLord2,1562,1533,1,0,0,0.00261,0.003699,5.837563,0.130939,0.031498,0,0,2.06831,2.93169,1,0,0,1,1.654411,0.541638,3.676313,0.05885,2.264837,2.064218,0.448612
858,1088,Crawler,SwarmLord3,1562,1562,0,0,0,0.00261,0.003468,4.838686,0.13097,0.030345,0,0,2.146989,2.853011,0,0,0,0,,0.5,2.470575,0.05885,2.470575,2.349308,0.491916
858,1089,Crawler,WorkingAsIntended,1562,1596,0,0,0,0.00261,0.041392,4.654546,0.125986,0.219468,0,0,0.296566,4.703434,0,0,0,0,,0.451226,2.229574,0.05885,2.711576,2.349308,0.491916
876,901,GenesisLotus,clone,1411,1667,5,0,0,0.009792,0.006192,9.790716,0.129671,0.079613,0,0,3.063096,1.936904,0,5,0,5,2.186547,0.186388,0.92097,0.05885,9.02018,2.222891,0.406046
876,930,GenesisLotus,SiriusBot,1411,1519,26,0,0,0.009792,8.3e-05,30.820164,0.130468,0.049368,0,0,4.958125,0.041875,8,18,0,26,2.290439,0.349395,9.726415,0.05885,21.214735,2.293523,0.384586
876,939,GenesisLotus,RustyNikolaj,1411,1539,26,1,0,0.009792,0.000102,30.82007,1.130466,0.049465,0,0,4.948309,0.051691,5,21,0,26,2.318613,0.323698,6.599442,0.05885,24.341708,2.320221,0.384586
876,940,GenesisLotus,Princess-Mika-Test,1411,1524,35,1,1,0.009792,0.032493,39.663928,1.126239,1.209833,0,1,1.157822,4.842178,14,21,0,35,2.233161,0.342881,15.694228,0.05885,24.246922,2.237743,0.382913
876,943,GenesisLotus,puck,1411,1529,47,0,0,0.009792,8.3e-05,51.820161,0.130468,0.049371,0,0,4.95775,0.04225,46,1,0,47,2.277978,0.336426,47.662331,0.05885,4.278819,2.280094,0.381644
876,948,GenesisLotus,titania,1411,1185,28,1,0,0.009792,0.000157,32.819804,1.130459,0.049737,0,0,4.920888,0.079112,22,6,0,28,2.511603,0.785997,25.883727,0.05885,7.057423,2.503678,0.384127
876,953,GenesisLotus,ZeratulsRevengeTest,1411,1702,2,0,0,0.009792,0.000163,6.819778,0.130458,0.049764,0,0,4.918263,0.081737,0,2,0,2,1.466705,0.157741,0.779424,0.05885,6.161726,1.835789,0.429209
876,959,GenesisLotus,ur_moms_a_ho,1411,1600,0,0,0,0.009792,0.022196,4.713566,0.127583,0.158851,0,0,1.530533,3.469467,0,0,0,0,,0.252,1.245172,0.05885,3.695978,2.349308,0.491916
876,960,GenesisLotus,BigDaddy,1411,1637,8,0,0,0.009792,0.006779,12.787884,0.129595,0.082521,0,0,2.954512,2.045488,0,8,0,8,1.674028,0.214003,1.057423,0.05885,11.883727,1.776883,0.397274
876,961,GenesisLotus,AvocaDOS,1411,1751,5,0,0,0.009792,0.000833,9.816545,0.13037,0.053085,0,0,4.607794,0.392206,0,5,0,5,2.004001,0.123771,0.61157,0.05885,9.32958,2.081107,0.406046
876,962,GenesisLotus,AvocaDEV,1411,1700,2,0,0,0.009792,0.057896,6.541469,0.122925,0.335606,0,0,0.72329,4.27671,0,2,0,2,2.121741,0.159277,0.787011,0.05885,6.154139,2.216904,0.429209
876,966,GenesisLotus,ArgoBot,1411,1909,0,0,0,0.009792,8.5e-05,4.820152,0.130468,0.04938,0,0,4.95685,0.04315,0,0,0,0,,0.053824,0.26595,0.05885,4.6752,2.349308,0.491916
876,970,GenesisLotus,TheLAW,1411,1576,4,0,3,0.009792,0.05452,8.557747,0.123365,3.318888,3,0,3.761267,4.238733,0,4,0,4,1.864677,0.278922,1.378194,0.05885,7.562956,1.992796,0.411036
876,971,GenesisLotus,Nothing,1411,1570,11,0,0,0.009792,0.00831,15.780502,0.129395,0.090103,0,0,2.704568,2.295432,4,7,0,11,2.105858,0.285921,5.412779,0.05885,10.528371,2.133995,0.392657
876,977,GenesisLotus,Siriusly,1411,1392,51,1,0,0.009792,0.001619,55.812759,1.130268,0.056973,0,0,4.29063,0.70937,22,29,0,51,2.325226,0.527316,24.605547,0.05885,31.335603,2.325886,0.381349
876,981,GenesisLotus,KoB,1411,1499,32,1,0,0.009792,0.001616,36.812771,1.130268,0.056961,0,0,4.291562,0.708438,10,22,0,32,2.052787,0.375998,11.857864,0.05885,25.083286,2.065534,0.383371
876,998,GenesisLotus,LordSuperKing,1411,1656,1,0,0,0.009792,0.000132,5.819926,0.130462,0.049612,0,0,4.933433,0.066567,0,1,0,1,2.225704,0.196181,0.969362,0.05885,4.971788,2.298598,0.448612
876,1007,GenesisLotus,SharkGull,1411,1605,1,0,0,0.009792,0.000223,5.819488,0.13045,0.050061,0,0,4.888735,0.111265,0,1,0,1,2.129421,0.246614,1.218556,0.05885,4.722594,2.259097,0.448612
876,1008,GenesisLotus,Creepy_canon,1411,1587,1,0,0,0.009792,0.074065,5.463526,0.120815,0.415659,0,0,0.583829,4.416171,0,1,0,1,1.8453,0.266366,1.316156,0.05885,4.624994,2.142533,0.448612
876,1023,GenesisLotus,MY_SCRIPTING_SON,1411,1275,39,0,16,0.009792,0.333918,42.21089,0.08691,17.7022,0,16,0.14244,20.85756,4,35,0,39,2.102859,0.6863,7.391113,0.05885,36.550037,2.11162,0.382406
876,1026,GenesisLotus,WildLupo,1411,1199,48,0,3,0.009792,0.018371,52.732003,0.128082,3.139915,0,3,1.738394,6.261606,48,0,0,48,2.266696,0.772129,51.815204,0.05885,1.125946,2.269098,0.381565
876,1029,GenesisLotus,Chomppet,1411,1600,0,0,0,0.009792,0.022196,4.713566,0.127583,0.158851,0,0,1.530533,3.469467,0,0,0,0,,0.252,1.245172,0.05885,3.695978,2.349308,0.491916
876,1030,GenesisLotus,who,1411,1924,1,0,0,0.009792,8.3e-05,5.820161,0.130468,0.04937,0,0,4.957845,0.042155,0,1,0,1,2.042518,0.049592,0.245041,0.05885,5.696109,2.223444,0.448612
876,1032,GenesisLotus,WaterLeak,1411,1607,6,0,0,0.009792,8.4e-05,10.820157,0.130468,0.049375,0,0,4.957337,0.042663,0,5,1,6,2.171646,0.244481,1.208018,1.05885,8.733132,2.205983,0.402359
876,1038,GenesisLotus,PolyMorph,1411,1463,51,0,1,0.009792,0.001586,55.812917,0.130272,1.056811,0,1,4.303014,1.696986,40,11,0,51,2.52243,0.42572,42.103545,0.05885,13.837605,2.517684,0.381349
876,1042,GenesisLotus,Creepy_duo_canon,1411,1386,30,3,1,0.009792,0.104041,34.319025,3.116904,1.564071,0,1,0.430087,5.569913,2,28,0,30,1.489968,0.535916,4.648041,0.05885,30.293109,1.529261,0.383725
876,1044,GenesisLotus,DoopyBot,1411,1418,37,2,2,0.009792,0.009666,41.773969,2.129218,2.096813,2,0,4.516194,2.483806,15,22,0,37,2.522652,0.489928,17.420806,0.05885,24.520344,2.51617,0.382646
876,1045,GenesisLotus,tito,1411,1801,4,0,0,0.009792,0.000837,8.81653,0.13037,0.0531,0,0,4.606433,0.393567,0,4,0,4,2.102779,0.09578,0.473263,0.05885,8.467887,2.167952,0.411036
876,1049,GenesisLotus,TheCatSC2Bot,1411,970,55,0,0,0.009792,0.003084,59.805696,0.130077,0.064227,0,0,3.802386,1.197614,55,0,0,55,2.125912,0.926804,59.579477,0.05885,0.361673,2.131602,0.381096
876,1050,GenesisLotus,onlyfans,1411,1517,29,1,2,0.009792,8.7e-05,33.820145,1.130468,2.049387,2,0,6.956148,0.043852,1,28,0,29,2.652873,0.352017,2.739369,0.05885,31.201781,2.638537,0.383919
876,1052,GenesisLotus,Starlight,1411,1204,45,0,0,0.009792,9.3e-05,49.820115,0.130467,0.049418,0,0,4.953022,0.046978,43,2,0,45,2.295364,0.767025,46.789985,0.05885,3.151165,2.297034,0.38181
876,1054,GenesisLotus,JimmyBotZ,1411,1724,12,0,0,0.009792,0.005286,16.79508,0.129789,0.075131,0,0,3.247003,1.752997,5,7,0,12,2.509079,0.141635,5.699842,0.05885,11.241308,2.491987,0.391568
876,1056,GenesisLotus,bilisaur,1411,1600,0,0,0,0.009792,0.022196,4.713566,0.127583,0.158851,0,0,1.530533,3.469467,0,0,0,0,,0.252,1.245172,0.05885,3.695978,2.349308,0.491916
876,1057,GenesisLotus,DoopyBot-Test,1411,1238,37,0,2,0.009792,0.023755,41.706052,0.12738,2.166568,0,2,1.45942,5.54058,30,6,1,37,2.379668,0.730245,33.608252,1.05885,7.332898,2.378533,0.382646
876,1058,GenesisLotus,JimmyBotP,1411,1711,16,2,0,0.009792,0.005341,20.794818,2.129782,0.0754,0,0,3.235349,1.764651,11,5,0,16,2.188988,0.15098,11.746013,0.05885,9.195137,2.202204,0.388445
876,1059,GenesisLotus,NextProBot,1411,1600,0,0,0,0.009792,0.022196,4.713566,0.127583,0.158851,0,0,1.530533,3.469467,0,0,0,0,,0.252,1.245172,0.05885,3.695978,2.349308,0.491916
876,1060,GenesisLotus,WildFire,1411,1709,2,0,0,0.009792,0.00012,6.819983,0.130463,0.049554,0,0,4.939281,0.060719,1,1,0,2,2.042959,0.152461,1.753334,0.05885,5.187816,2.171067,0.429209
876,1065,GenesisLotus,MindMatrix,1411,1514,19,0,0,0.009792,0.010709,23.768938,0.129082,0.10198,0,0,2.388092,2.611908,8,10,1,19,2.300495,0.355966,9.758882,1.05885,13.182268,2.303928,0.386896
876,1066,GenesisLotus,CompetitiveBotTest,1411,1482,0,0,0,0.009792,0.003699,4.80273,0.129996,0.067274,0,0,3.628958,1.371042,0,0,0,0,,0.399222,1.972615,0.05885,2.968535,2.349308,0.491916
876,1067,GenesisLotus,Hello_world,1411,1600,0,0,0,0.009792,0.022196,4.713566,0.127583,0.158851,0,0,1.530533,3.469467,0,0,0,0,,0.252,1.245172,0.05885,3.695978,2.349308,0.491916
876,1078,GenesisLotus,LoremIpsum,1411,1242,16,5,0,0.009792,0.000201,20.819595,5.130453,0.049952,0,0,4.899579,0.100421,16,0,0,16,2.57865,0.725686,19.585722,0.05885,1.355428,2.559744,0.388445
876,1079,GenesisLotus,JimmyBotT,1411,1675,0,1,1,0.009792,0.000205,4.819576,1.130452,1.049972,1,0,5.897583,0.102417,0,0,0,0,,0.179505,0.88696,0.05885,4.05419,2.349308,0.491916
876,1080,GenesisLotus,JimmyBot,1411,1675,2,0,0,0.009792,0.003888,6.801822,0.129972,0.068206,0,0,3.579006,1.420994,1,1,0,2,1.918725,0.179505,1.88696,0.05885,5.05419,2.098785,0.429209
876,1081,GenesisLotus,ArtZerg,1411,1537,2,0,0,0.009792,0.000199,6.819602,0.130453,0.049945,0,0,4.900286,0.099714,0,2,0,2,1.745598,0.326224,1.611921,0.05885,5.329229,1.998055,0.429209
876,1082,GenesisLotus,Dasyatis,1411,1573,10,0,0,0.009792,0.048918,14.58475,0.124096,0.291154,0,0,0.833901,4.166099,0,10,0,10,2.011195,0.282408,1.395422,0.05885,13.545728,2.053689,0.393932
876,1084,GenesisLotus,ZippyZap,1411,1457,0,0,1,0.009792,0.84229,0.760253,0.020578,5.21917,0,1,0.057457,5.942543,0,0,0,0,,0.434185,2.145372,0.05885,2.795778,2.349308,0.491916
876,1085,GenesisLotus,AgoraLord,1411,1430,3,1,0,0.009792,0.000933,7.816067,1.130357,0.053575,0,0,4.565188,0.434812,2,1,0,3,2.698485,0.472684,4.335603,0.05885,3.605547,2.585373,0.418169
876,1086,GenesisLotus,CherBoiBlue,1411,1500,1,0,0,0.009792,0.222218,4.749346,0.101484,1.149169,0,0,0.211017,4.788983,0,1,0,1,2.704042,0.374649,1.851195,0.05885,4.089955,2.494842,0.448612
876,1087,GenesisLotus,SwarmLord2,1411,1533,1,0,0,0.009792,0.003699,5.80273,0.129996,0.067274,0,0,3.628958,1.371042,0,1,0,1,1.7613,0.331305,1.637028,0.05885,4.304122,2.108071,0.448612
876,1088,GenesisLotus,SwarmLord3,1411,1562,1,0,0,0.009792,0.003468,5.803844,0.130027,0.066129,0,0,3.692235,1.307765,0,1,0,1,1.960095,0.295415,1.459692,0.05885,4.481458,2.189629,0.448612
876,1089,GenesisLotus,WorkingAsIntended,1411,1596,1,0,0,0.009792,0.041392,5.621031,0.125078,0.25389,0,0,0.956523,4.043477,0,1,0,1,2.10657,0.256365,1.26674,0.05885,4.67441,2.249722,0.448612
901,930,clone,SiriusBot,1667,1519,23,0,0,0.006192,8.3e-05,27.837688,0.130943,0.031369,0,0,4.934098,0.065902,16,6,1,23,2.22295,0.700977,19.463634,1.05885,7.477516,2.230383,0.385416
901,939,clone,RustyNikolaj,1667,1539,10,1,0,0.006192,0.000102,14.837594,1.13094,0.031466,0,0,4.918742,0.081258,8,2,0,10,2.727661,0.676302,11.341708,0.05885,3.599442,2.68011,0.393932
901,940,clone,Princess-Mika-Test,1667,1524,9,0,0,0.006192,0.032493,13.680884,0.126698,0.192417,0,0,0.800265,4.199735,7,2,0,9,2.692747,0.69491,10.433653,0.05885,3.507497,2.645448,0.395447
901,943,clone,puck,1667,1529,7,0,0,0.006192,8.3e-05,11.837685,0.130943,0.031373,0,0,4.933511,0.066489,6,1,0,7,2.131922,0.688774,9.403334,0.05885,2.537816,2.168958,0.399523
901,948,clone,titania,1667,1185,0,0,0,0.006192,0.000157,4.837327,0.130933,0.03174,0,0,4.876029,0.123971,0,0,0,0,,0.941289,4.651048,0.05885,0.290102,2.349308,0.491916
901,953,clone,ZeratulsRevengeTest,1667,1702,8,0,0,0.006192,0.000163,12.837301,0.130932,0.031767,0,0,4.871955,0.128045,1,7,0,8,2.541611,0.449801,3.222532,0.05885,9.718618,2.51232,0.397274
901,959,clone,ur_moms_a_ho,1667,1600,0,0,0,0.006192,0.022196,4.730702,0.128047,0.141251,0,0,1.090545,3.909455,0,0,0,0,,0.595243,2.941185,0.05885,1.999965,2.349308,0.491916
901,960,clone,BigDaddy,1667,1637,39,0,0,0.006192,0.006779,43.805291,0.130066,0.064643,0,0,2.386779,2.613221,14,25,0,39,2.003192,0.543066,16.683373,0.05885,27.257777,2.015496,0.382406
901,961,clone,AvocaDOS,1667,1751,27,0,0,0.006192,0.000833,31.834056,0.130844,0.035099,0,0,4.406805,0.593195,13,14,0,27,2.224727,0.381416,14.884633,0.05885,17.056517,2.231024,0.384349
901,962,clone,AvocaDEV,1667,1700,7,0,0,0.006192,0.057896,11.55798,0.123372,0.318648,0,0,0.483053,4.516947,5,2,0,7,2.314717,0.452651,7.236619,0.05885,4.704531,2.32061,0.399523
901,966,clone,ArgoBot,1667,1909,18,0,0,0.006192,8.5e-05,22.837676,0.130942,0.031381,0,0,4.932101,0.067899,5,13,0,18,2.32457,0.198919,5.982889,0.05885,16.958261,2.326399,0.38736
901,970,clone,TheLAW,1667,1576,37,0,1,0.006192,0.05452,41.574317,0.123814,1.301869,0,1,0.50992,5.49008,25,12,0,37,2.006204,0.628045,28.103264,0.05885,13.837886,2.019035,0.382646
901,971,clone,Nothing,1667,1570,42,0,0,0.006192,0.00831,46.797882,0.129865,0.072253,0,0,2.13474,2.86526,26,16,0,42,2.317609,0.636077,29.142951,0.05885,17.798199,2.318658,0.382088
901,977,clone,Siriusly,1667,1392,4,0,0,0.006192,0.001619,8.830256,0.130742,0.039002,0,0,3.963663,1.036337,4,0,0,4,2.191004,0.829633,8.09934,0.05885,0.84181,2.232854,0.411036
901,981,clone,KoB,1667,1499,17,0,0,0.006192,0.001616,21.830268,0.130742,0.03899,0,0,3.964921,1.035079,12,3,2,17,2.212753,0.724538,15.580052,2.05885,4.361098,2.223399,0.387873
901,998,clone,LordSuperKing,1667,1656,21,0,0,0.006192,0.000132,25.837449,0.130936,0.031614,0,0,4.895537,0.104463,13,8,0,21,2.189418,0.515825,15.548769,0.05885,10.392381,2.199661,0.38609
901,1007,clone,SharkGull,1667,1605,17,0,0,0.006192,0.000223,21.83701,0.130924,0.032065,0,0,4.826289,0.173711,7,10,0,17,2.003373,0.58829,9.906829,0.05885,12.034321,2.030343,0.387873
901,1008,clone,Creepy_canon,1667,1587,0,0,0,0.006192,0.074065,4.479754,0.121254,0.398992,0,0,0.385735,4.614265,0,0,0,0,,0.613137,3.029601,0.05885,1.911549,2.349308,0.491916
901,1023,clone,MY_SCRIPTING_SON,1667,1275,0,0,0,0.006192,0.333918,3.222564,0.087226,1.690211,0,0,0.091023,4.908977,0,0,0,0,,0.905213,4.472791,0.05885,0.468359,2.349308,0.491916
901,1026,clone,WildLupo,1667,1199,0,0,0,0.006192,0.018371,4.749207,0.128548,0.122245,0,0,1.260359,3.739641,0,0,0,0,,0.936673,4.628242,0.05885,0.312908,2.349308,0.491916
901,1029,clone,Chomppet,1667,1600,0,0,0,0.006192,0.022196,4.730702,0.128047,0.141251,0,0,1.090545,3.909455,0,0,0,0,,0.595243,2.941185,0.05885,1.999965,2.349308,0.491916
901,1030,clone,who,1667,1924,19,0,0,0.006192,8.3e-05,23.837686,0.130943,0.031372,0,0,4.933659,0.066341,6,12,1,19,2.26995,0.185516,6.916664,1.05885,16.024486,2.275532,0.386896
901,1032,clone,WaterLeak,1667,1607,26,2,0,0.006192,8.4e-05,30.837681,2.130942,0.031377,0,0,4.932864,0.067136,13,13,0,26,2.517304,0.585499,15.893037,0.05885,15.048113,2.508503,0.384586
901,1038,clone,PolyMorph,1667,1463,4,0,0,0.006192,0.001586,8.830415,0.130746,0.038839,0,0,3.980398,1.019602,4,0,0,4,2.793192,0.763925,7.774667,0.05885,1.166483,2.675845,0.411036
901,1042,clone,Creepy_duo_canon,1667,1386,0,1,0,0.006192,0.104041,4.334727,1.117329,0.547944,0,0,0.280841,4.719159,0,0,0,0,,0.834459,4.123188,0.05885,0.817962,2.349308,0.491916
901,1044,clone,DoopyBot,1667,1418,9,0,0,0.006192,0.009666,13.791326,0.129688,0.078987,0,0,1.952299,3.047701,6,3,0,9,2.469634,0.807424,9.989604,0.05885,3.951546,2.453063,0.395447
901,1045,clone,tito,1667,1801,16,0,1,0.006192,0.000837,20.834041,0.130844,1.035115,1,0,5.404837,0.595163,5,10,1,16,2.01113,0.316184,6.562311,1.05885,13.378839,2.039008,0.388445
901,1049,clone,TheCatSC2Bot,1667,970,0,0,0,0.006192,0.003084,4.823168,0.13055,0.046282,0,0,3.33757,1.66243,0,0,0,0,,0.982229,4.853341,0.05885,0.087809,2.349308,0.491916
901,1050,clone,onlyfans,1667,1517,17,0,0,0.006192,8.7e-05,21.837669,0.130942,0.031388,0,0,4.931003,0.068997,17,0,0,17,2.518297,0.703385,20.475531,0.05885,1.465619,2.505122,0.387873
901,1052,clone,Starlight,1667,1204,0,0,0,0.006192,9.3e-05,4.837639,0.130941,0.031419,0,0,4.926111,0.073889,0,0,0,0,,0.934944,4.6197,0.05885,0.32145,2.349308,0.491916
901,1054,clone,JimmyBotZ,1667,1724,30,0,1,0.006192,0.005286,34.812513,0.130261,1.057226,0,1,2.697177,3.302823,16,14,0,30,2.370127,0.418699,18.068852,0.05885,16.872298,2.369175,0.383725
901,1056,clone,bilisaur,1667,1600,0,0,0,0.006192,0.022196,4.730702,0.128047,0.141251,0,0,1.090545,3.909455,0,0,0,0,,0.595243,2.941185,0.05885,1.999965,2.349308,0.491916
901,1057,clone,DoopyBot-Test,1667,1238,4,0,0,0.006192,0.023755,8.723161,0.127843,0.148996,0,0,1.033784,3.966216,3,1,0,4,2.374948,0.921977,7.555629,0.05885,1.385521,2.368169,0.411036
901,1058,clone,JimmyBotP,1667,1711,12,1,0,0.006192,0.005341,16.81225,1.130254,0.057496,0,0,2.684475,2.315525,9,3,0,12,2.171564,0.437015,11.159358,0.05885,5.781792,2.190578,0.391568
901,1059,clone,NextProBot,1667,1600,0,0,0,0.006192,0.022196,4.730702,0.128047,0.141251,0,0,1.090545,3.909455,0,0,0,0,,0.595243,2.941185,0.05885,1.999965,2.349308,0.491916
901,1060,clone,WildFire,1667,1709,12,0,0,0.006192,0.00012,16.837506,0.130938,0.031556,0,0,4.90465,0.09535,11,0,1,12,3.058264,0.43985,13.173364,1.05885,2.767786,2.982424,0.391568
901,1065,clone,MindMatrix,1667,1514,6,0,0,0.006192,0.010709,10.786276,0.129551,0.084173,0,0,1.831734,3.168266,3,3,0,6,2.697507,0.706975,6.493271,0.05885,4.447879,2.630209,0.402359
901,1066,clone,CompetitiveBotTest,1667,1482,0,0,0,0.006192,0.003699,4.820191,0.130469,0.04934,0,0,3.129935,1.870065,0,0,0,0,,0.743635,3.67441,0.05885,1.26674,2.349308,0.491916
901,1067,clone,Hello_world,1667,1600,0,0,0,0.006192,0.022196,4.730702,0.128047,0.141251,0,0,1.090545,3.909455,0,0,0,0,,0.595243,2.941185,0.05885,1.999965,2.349308,0.491916
901,1078,clone,LoremIpsum,1667,1242,0,0,0,0.006192,0.000201,4.837118,0.130927,0.031955,0,0,4.843024,0.156976,0,0,0,0,,0.920305,4.547364,0.05885,0.393786,2.349308,0.491916
901,1079,clone,JimmyBotT,1667,1675,18,0,0,0.006192,0.000205,22.837098,0.130927,0.031975,0,0,4.83994,0.16006,11,7,0,18,2.245559,0.488489,13.413698,0.05885,9.527452,2.253232,0.38736
901,1080,clone,JimmyBot,1667,1675,18,0,0,0.006192,0.003888,22.81928,0.130444,0.050276,0,0,3.071464,1.928536,11,7,0,18,2.184046,0.488489,13.413698,0.05885,9.527452,2.196268,0.38736
901,1081,clone,ArtZerg,1667,1537,18,0,0,0.006192,0.000199,22.837125,0.130927,0.031948,0,0,4.844116,0.155884,10,8,0,18,1.969776,0.678817,13.354136,0.05885,9.587014,1.997844,0.38736
901,1082,clone,Dasyatis,1667,1573,8,0,0,0.006192,0.048918,12.601418,0.124548,0.274034,0,0,0.561751,4.438249,2,5,1,8,2.37361,0.63207,5.123153,1.05885,6.817997,2.369908,0.397274
901,1084,clone,ZippyZap,1667,1457,0,0,0,0.006192,0.84229,0.763017,0.020653,4.216331,0,0,0.036486,4.963514,0,0,0,0,,0.770097,3.805163,0.05885,1.135987,2.349308,0.491916
901,1085,clone,AgoraLord,1667,1430,1,0,0,0.006192,0.000933,5.833577,0.130831,0.035592,0,0,4.345466,0.654534,1,0,0,1,1.671473,0.796455,4.935402,0.05885,1.005748,2.071218,0.448612
901,1086,clone,CherBoiBlue,1667,1500,0,0,0,0.006192,0.222218,3.762978,0.101853,1.135169,0,0,0.135537,4.864463,0,0,0,0,,0.723388,3.574368,0.05885,1.366782,2.349308,0.491916
901,1087,clone,SwarmLord2,1667,1533,0,0,0,0.006192,0.003699,4.820191,0.130469,0.04934,0,0,3.129935,1.870065,0,0,0,0,,0.683816,3.378839,0.05885,1.562311,2.349308,0.491916
901,1088,clone,SwarmLord3,1667,1562,0,0,0,0.006192,0.003468,4.821309,0.130499,0.048191,0,0,3.204851,1.795149,0,0,0,0,,0.646669,3.195288,0.05885,1.745862,2.349308,0.491916
901,1089,clone,WorkingAsIntended,1667,1596,1,0,0,0.006192,0.041392,5.637832,0.125533,0.236635,0,0,0.650604,4.349396,1,0,0,1,1.796747,0.600778,3.968535,0.05885,1.972615,2.122613,0.448612
930,939,SiriusBot,RustyNikolaj,1519,1539,27,0,0,8.3e-05,0.000102,31.86733,0.131745,0.000925,0,0,2.23527,2.76473,17,10,0,27,2.662949,0.471249,19.328514,0.05885,12.612636,2.647095,0.384349
930,940,SiriusBot,Princess-Mika-Test,1519,1524,26,0,2,8.3e-05,0.032493,30.709658,0.127477,2.162865,0,2,0.012693,6.987307,15,11,0,26,2.602653,0.492805,17.435023,0.05885,13.506127,2.58938,0.384586
930,943,SiriusBot,puck,1519,1529,28,2,0,8.3e-05,8.3e-05,32.867422,2.131747,0.000831,0,0,2.488772,2.511228,21,7,0,28,2.490724,0.485613,23.399486,0.05885,9.541664,2.483819,0.384127
930,948,SiriusBot,titania,1519,1185,17,1,0,8.3e-05,0.000157,21.867062,1.131738,0.001201,0,0,1.722032,3.277968,17,0,0,17,2.435404,0.872435,21.31083,0.05885,0.63032,2.428692,0.387873
930,953,SiriusBot,ZeratulsRevengeTest,1519,1702,3,0,0,8.3e-05,0.000163,7.867036,0.131737,0.001227,0,0,1.684783,3.315217,0,3,0,3,1.486593,0.258566,1.277616,0.05885,6.663534,1.76606,0.418169
930,959,SiriusBot,ur_moms_a_ho,1519,1600,0,0,0,8.3e-05,0.022196,4.759782,0.128834,0.111384,0,0,0.01856,4.98144,0,0,0,0,,0.385499,1.904807,0.05885,3.036343,2.349308,0.491916
930,960,SiriusBot,BigDaddy,1519,1637,28,0,1,8.3e-05,0.006779,32.834829,0.130865,1.034306,0,1,0.06026,5.93974,4,24,0,28,2.139373,0.336426,5.662331,0.05885,27.278819,2.149624,0.384127
930,961,SiriusBot,AvocaDOS,1519,1751,14,0,0,8.3e-05,0.000833,18.863771,0.131649,0.00458,0,0,0.451336,4.548664,0,13,1,14,2.146296,0.208251,1.029,1.05885,16.91215,2.1652,0.389807
930,962,SiriusBot,AvocaDEV,1519,1700,5,0,0,8.3e-05,0.057896,9.585998,0.12413,0.289872,0,0,0.007132,4.992868,0,5,0,5,2.418358,0.26078,1.288552,0.05885,8.652598,2.40294,0.406046
930,966,SiriusBot,ArgoBot,1519,1909,1,0,0,8.3e-05,8.5e-05,5.867413,0.131747,0.00084,0,0,2.462179,2.537821,0,1,0,1,1.771557,0.09578,0.473263,0.05885,5.467887,2.112279,0.448612
930,970,SiriusBot,TheLAW,1519,1576,29,0,0,8.3e-05,0.05452,33.602435,0.124575,0.27299,0,0,0.007573,4.992427,6,23,0,29,2.129951,0.418699,8.068852,0.05885,25.872298,2.14031,0.383919
930,971,SiriusBot,Nothing,1519,1570,30,0,0,8.3e-05,0.00831,34.827375,0.130664,0.041962,0,0,0.049265,4.950735,5,25,0,30,2.314122,0.427128,7.110502,0.05885,27.830648,2.315731,0.383725
930,977,SiriusBot,Siriusly,1519,1392,35,0,0,8.3e-05,0.001619,39.859948,0.131545,0.008507,0,0,0.243007,4.756993,23,11,1,35,2.33332,0.67504,26.335475,1.05885,12.605675,2.333951,0.382913
930,981,SiriusBot,KoB,1519,1499,27,4,0,8.3e-05,0.001616,31.85996,4.131546,0.008495,0,0,0.243361,4.756639,15,10,2,27,2.372889,0.528751,17.612636,2.05885,12.328514,2.371697,0.384349
930,998,SiriusBot,LordSuperKing,1519,1656,15,0,0,8.3e-05,0.000132,19.867185,0.131741,0.001074,0,0,1.92484,3.07516,2,13,0,15,2.535456,0.312462,3.54392,0.05885,16.39723,2.519177,0.389085
930,1007,SiriusBot,SharkGull,1519,1605,8,0,0,8.3e-05,0.000223,12.866743,0.131729,0.001528,0,0,1.353261,3.646739,0,8,0,8,2.032001,0.378703,1.87123,0.05885,11.06992,2.080332,0.397274
930,1008,SiriusBot,Creepy_canon,1519,1587,0,0,0,8.3e-05,0.074065,4.507291,0.122,0.37071,0,0,0.005577,4.994423,0,0,0,0,,0.403371,1.993116,0.05885,2.948034,2.349308,0.491916
930,1023,SiriusBot,MY_SCRIPTING_SON,1519,1275,15,0,14,8.3e-05,0.333918,18.242372,0.087762,15.669866,0,14,0.001238,18.998762,9,6,0,15,2.289263,0.802909,12.967295,0.05885,6.973855,2.294514,0.389085
930,1026,SiriusBot,WildLupo,1519,1199,28,0,1,8.3e-05,0.018371,32.7784,0.129338,1.092262,0,1,0.022406,5.977594,26,2,0,28,2.270747,0.863193,30.265167,0.05885,2.675983,2.274584,0.384127
930,1029,SiriusBot,Chomppet,1519,1600,0,0,0,8.3e-05,0.022196,4.759782,0.128834,0.111384,0,0,0.01856,4.98144,0,0,0,0,,0.385499,1.904807,0.05885,3.036343,2.349308,0.491916
930,1030,SiriusBot,who,1519,1924,0,0,0,8.3e-05,8.3e-05,4.867423,0.131748,0.00083,0,0,2.491589,2.508411,0,0,0,0,,0.088558,0.437579,0.05885,4.503571,2.349308,0.491916
930,1032,SiriusBot,WaterLeak,1519,1607,12,3,0,8.3e-05,8.4e-05,16.867418,3.131747,0.000835,0,0,2.476495,2.523505,2,9,1,12,1.941043,0.375998,3.857864,1.05885,12.083286,1.984717,0.391568
930,1038,SiriusBot,PolyMorph,1519,1463,29,0,0,8.3e-05,0.001586,33.860108,0.13155,0.008343,0,0,0.247789,4.752211,23,6,0,29,2.499582,0.5799,25.865372,0.05885,8.075778,2.492485,0.383919
930,1042,SiriusBot,Creepy_duo_canon,1519,1386,18,0,1,8.3e-05,0.104041,22.361373,0.11805,1.520577,0,1,0.003971,5.996029,6,12,0,18,1.694193,0.68257,9.372683,0.05885,13.568467,1.742641,0.38736
930,1044,SiriusBot,DoopyBot,1519,1418,24,0,1,8.3e-05,0.009666,28.820778,0.130485,1.048737,0,1,0.042416,5.957584,20,4,0,24,2.384913,0.64139,23.169205,0.05885,5.771945,2.382901,0.385118
930,1045,SiriusBot,tito,1519,1801,7,0,0,8.3e-05,0.000837,11.863756,0.131648,0.004596,0,0,0.449795,4.550205,0,7,0,7,2.078921,0.164747,0.81404,0.05885,11.12711,2.124986,0.399523
930,1049,SiriusBot,TheCatSC2Bot,1519,970,30,1,0,8.3e-05,0.003084,34.852816,1.131352,0.015832,0,0,0.130573,4.869427,30,0,0,30,2.208558,0.959313,34.740107,0.05885,0.201043,2.214994,0.383725
930,1050,SiriusBot,onlyfans,1519,1517,15,3,0,8.3e-05,8.7e-05,19.867406,3.131747,0.000847,0,0,2.44186,2.55814,9,6,0,15,2.523376,0.502878,11.484797,0.05885,8.456353,2.508154,0.389085
930,1052,SiriusBot,Starlight,1519,1204,26,0,0,8.3e-05,9.3e-05,30.867376,0.131746,0.000878,0,0,2.355144,2.644856,22,2,2,26,2.485703,0.859759,26.248196,2.05885,2.692954,2.478557,0.384586
930,1054,SiriusBot,JimmyBotZ,1519,1724,24,0,0,8.3e-05,0.005286,28.842095,0.131062,0.026843,0,0,0.077014,4.922986,11,13,0,24,2.337505,0.235039,12.161362,0.05885,16.779788,2.338172,0.385118
930,1056,SiriusBot,bilisaur,1519,1600,0,0,0,8.3e-05,0.022196,4.759782,0.128834,0.111384,0,0,0.01856,4.98144,0,0,0,0,,0.385499,1.904807,0.05885,3.036343,2.349308,0.491916
930,1057,SiriusBot,DoopyBot-Test,1519,1238,24,1,0,8.3e-05,0.023755,28.752194,1.128629,0.119177,0,0,0.017346,4.982654,17,7,0,24,2.541962,0.834459,21.123188,0.05885,7.817962,2.531075,0.385118
930,1058,SiriusBot,JimmyBotP,1519,1711,16,0,0,8.3e-05,0.005341,20.841831,0.131055,0.027114,0,0,0.076242,4.923758,5,10,1,16,2.162509,0.248759,6.229157,1.05885,13.711993,2.177908,0.388445
930,1059,SiriusBot,NextProBot,1519,1600,0,0,0,8.3e-05,0.022196,4.759782,0.128834,0.111384,0,0,0.01856,4.98144,0,0,0,0,,0.385499,1.904807,0.05885,3.036343,2.349308,0.491916
930,1060,SiriusBot,WildFire,1519,1709,11,0,0,8.3e-05,0.00012,15.867242,0.131743,0.001015,0,0,2.036219,2.963781,5,6,0,11,2.10608,0.250917,6.239818,0.05885,9.701332,2.134191,0.392657
930,1065,SiriusBot,MindMatrix,1519,1514,17,0,0,8.3e-05,0.010709,21.815697,0.130347,0.053956,0,0,0.038314,4.961686,10,7,0,17,2.555999,0.507195,12.506127,0.05885,9.435023,2.539885,0.387873
930,1066,SiriusBot,CompetitiveBotTest,1519,1482,1,0,0,8.3e-05,0.003699,5.84982,0.131271,0.018909,0,0,0.109329,4.890671,0,0,1,1,3.092405,0.553047,2.732688,1.05885,2.208462,2.654173,0.448612
930,1067,SiriusBot,Hello_world,1519,1600,0,0,0,8.3e-05,0.022196,4.759782,0.128834,0.111384,0,0,0.01856,4.98144,0,0,0,0,,0.385499,1.904807,0.05885,3.036343,2.349308,0.491916
930,1078,SiriusBot,LoremIpsum,1519,1242,13,0,0,8.3e-05,0.000201,17.866851,0.131732,0.001417,0,0,1.459103,3.540897,13,0,0,13,2.328255,0.831254,17.10735,0.05885,0.8338,2.330351,0.390628
930,1079,SiriusBot,JimmyBotT,1519,1675,9,0,0,8.3e-05,0.000205,13.866831,0.131731,0.001437,0,0,1.438429,3.561571,2,7,0,9,2.015058,0.28946,3.430265,0.05885,10.510885,2.061091,0.395447
930,1080,SiriusBot,JimmyBot,1519,1675,9,0,0,8.3e-05,0.003888,13.848904,0.131246,0.01985,0,0,0.104145,4.895855,4,5,0,9,2.229773,0.28946,5.430265,0.05885,8.510885,2.246235,0.395447
930,1081,SiriusBot,ArtZerg,1519,1537,9,0,0,8.3e-05,0.000199,13.866858,0.131732,0.00141,0,0,1.466561,3.533439,2,7,0,9,1.950365,0.474119,4.342693,0.05885,9.598457,2.005308,0.395447
930,1082,SiriusBot,Dasyatis,1519,1573,9,0,0,8.3e-05,0.048918,13.629703,0.125313,0.244984,0,0,0.008438,4.991562,1,8,0,9,2.298046,0.422908,3.08965,0.05885,10.8515,2.305106,0.395447
930,1084,SiriusBot,ZippyZap,1519,1457,0,0,0,8.3e-05,0.84229,0.767707,0.02078,4.211514,0,0,0.000491,4.999509,0,0,0,0,,0.58829,2.906829,0.05885,2.034321,2.349308,0.491916
930,1085,SiriusBot,AgoraLord,1519,1430,4,0,0,8.3e-05,0.000933,8.863288,0.131636,0.005076,0,0,0.407255,4.592745,3,1,0,4,2.743971,0.625351,6.089955,0.05885,2.851195,2.639637,0.411036
930,1086,SiriusBot,CherBoiBlue,1519,1500,0,0,1,8.3e-05,0.222218,3.786108,0.102479,2.111412,0,1,0.00186,5.99814,0,0,0,0,,0.527316,2.605547,0.05885,2.335603,2.349308,0.491916
930,1087,SiriusBot,SwarmLord2,1519,1533,0,0,0,8.3e-05,0.003699,4.84982,0.131271,0.018909,0,0,0.109329,4.890671,0,0,0,0,,0.479863,2.371076,0.05885,2.570074,2.349308,0.491916
930,1088,SiriusBot,SwarmLord3,1519,1562,1,0,0,8.3e-05,0.003468,5.850946,0.131302,0.017753,0,0,0.116448,4.883552,0,1,0,1,2.290513,0.438432,2.166359,0.05885,3.774791,2.325186,0.448612
930,1089,SiriusBot,WorkingAsIntended,1519,1596,0,1,1,8.3e-05,0.041392,4.66634,1.126305,1.207355,0,1,0.00997,5.99003,0,0,0,0,,0.390967,1.931829,0.05885,3.009321,2.349308,0.491916
939,940,RustyNikolaj,Princess-Mika-Test,1539,1524,23,0,0,0.000102,0.032493,27.709565,0.127475,0.16296,0,0,0.01569,4.98431,17,6,0,23,2.693946,0.521573,19.577172,0.05885,8.363978,2.673674,0.385416
939,943,RustyNikolaj,puck,1539,1529,21,3,0,0.000102,8.3e-05,25.867326,3.131745,0.000929,0,0,2.753623,2.246377,10,7,4,21,2.862394,0.514387,12.541664,4.05885,9.399486,2.829523,0.38609
939,948,RustyNikolaj,titania,1539,1185,13,0,0,0.000102,0.000157,17.866966,0.131735,0.001298,0,0,1.969274,3.030726,13,0,0,13,2.843089,0.884708,17.371474,0.05885,0.569676,2.793926,0.390628
939,953,RustyNikolaj,ZeratulsRevengeTest,1539,1702,1,0,0,0.000102,0.000163,5.866941,0.131734,0.001325,0,0,1.929825,3.070175,0,1,0,1,2.783776,0.281243,1.389665,0.05885,4.551485,2.527554,0.448612
939,959,RustyNikolaj,ur_moms_a_ho,1539,1600,0,0,0,0.000102,0.022196,4.759688,0.128831,0.11148,0,0,0.022936,4.977064,0,0,0,0,,0.413105,2.041214,0.05885,2.899936,2.349308,0.491916
939,960,RustyNikolaj,BigDaddy,1539,1637,15,0,0,0.000102,0.006779,19.834734,0.130863,0.034403,0,0,0.074322,4.925678,3,12,0,15,1.798212,0.362592,4.79162,0.05885,15.14953,1.846406,0.389085
939,961,RustyNikolaj,AvocaDOS,1539,1751,6,0,0,0.000102,0.000833,10.863676,0.131646,0.004678,0,0,0.546556,4.453444,2,4,0,6,2.466851,0.227871,3.125946,0.05885,7.815204,2.444133,0.402359
939,962,RustyNikolaj,AvocaDEV,1539,1700,2,0,0,0.000102,0.057896,6.585908,0.124128,0.289964,0,0,0.008818,4.991182,0,2,0,2,2.405585,0.283576,1.401193,0.05885,5.539957,2.382051,0.429209
939,966,RustyNikolaj,ArgoBot,1539,1909,0,0,0,0.000102,8.5e-05,4.867318,0.131745,0.000938,0,0,2.727273,2.272727,0,0,0,0,,0.106225,0.524875,0.05885,4.416275,2.349308,0.491916
939,970,RustyNikolaj,TheLAW,1539,1576,14,0,1,0.000102,0.05452,18.602345,0.124573,1.273082,0,1,0.009363,5.990637,5,9,0,14,2.30821,0.446953,7.208462,0.05885,11.732688,2.312037,0.389807
939,971,RustyNikolaj,Nothing,1539,1570,15,1,1,0.000102,0.00831,19.82728,1.130661,1.042059,0,1,0.060793,5.939207,6,9,0,15,2.631037,0.455505,8.250721,0.05885,11.690429,2.6064,0.389085
939,977,RustyNikolaj,Siriusly,1539,1392,29,1,0,0.000102,0.001619,33.859853,1.131543,0.008605,0,0,0.297146,4.702854,19,7,3,29,2.509356,0.699769,22.457666,3.05885,8.483484,2.501798,0.383919
939,981,RustyNikolaj,KoB,1539,1499,21,2,0,0.000102,0.001616,25.859865,2.131543,0.008592,0,0,0.297575,4.702425,16,4,1,21,2.75355,0.557312,18.75376,1.05885,6.18739,2.727652,0.38609
939,998,RustyNikolaj,LordSuperKing,1539,1656,8,0,0,0.000102,0.000132,12.86709,0.131738,0.001172,0,0,2.181818,2.818182,0,8,0,8,2.533398,0.337712,1.668687,0.05885,11.272463,2.505358,0.397274
939,1007,RustyNikolaj,SharkGull,1539,1605,5,0,0,0.000102,0.000223,9.866648,0.131727,0.001626,0,0,1.572963,3.427037,1,4,0,5,2.254542,0.406145,3.006821,0.05885,6.934329,2.275703,0.406046
939,1008,RustyNikolaj,Creepy_canon,1539,1587,0,0,0,0.000102,0.074065,4.507202,0.121997,0.3708,0,0,0.006896,4.993104,0,0,0,0,,0.431359,2.131408,0.05885,2.809742,2.349308,0.491916
939,1023,RustyNikolaj,MY_SCRIPTING_SON,1539,1275,12,10,7,0.000102,0.333918,15.242309,10.08776,8.669931,0,7,0.001531,11.998469,11,1,0,12,2.730597,0.820495,15.05419,0.05885,1.88696,2.689809,0.391568
939,1026,RustyNikolaj,WildLupo,1539,1199,27,3,0,0.000102,0.018371,31.778307,3.129335,0.092358,0,0,0.027684,4.972316,26,0,1,27,2.522938,0.876229,30.32958,1.05885,0.61157,2.514161,0.384349
939,1029,RustyNikolaj,Chomppet,1539,1600,0,0,0,0.000102,0.022196,4.759688,0.128831,0.11148,0,0,0.022936,4.977064,0,0,0,0,,0.413105,2.041214,0.05885,2.899936,2.349308,0.491916
939,1030,RustyNikolaj,who,1539,1924,0,0,0,0.000102,8.3e-05,4.867327,0.131745,0.000928,0,0,2.75641,2.24359,0,0,0,0,,0.098302,0.485724,0.05885,4.455426,2.349308,0.491916
939,1032,RustyNikolaj,WaterLeak,1539,1607,10,1,0,0.000102,8.4e-05,14.867322,1.131745,0.000933,0,0,2.741465,2.258535,6,4,0,10,2.368819,0.403371,7.993116,0.05885,6.948034,2.366367,0.393932
939,1038,RustyNikolaj,PolyMorph,1539,1463,21,5,0,0.000102,0.001586,25.860012,5.131547,0.008441,0,0,0.302926,4.697074,5,14,2,21,3.308891,0.607661,8.002544,2.05885,15.938606,3.247415,0.38609
939,1042,RustyNikolaj,Creepy_duo_canon,1539,1386,26,0,0,0.000102,0.104041,30.361287,0.118048,0.520665,0,0,0.004911,4.995089,3,23,0,26,1.596044,0.706975,6.493271,0.05885,24.447879,1.635508,0.384586
939,1044,RustyNikolaj,DoopyBot,1539,1418,16,8,0,0.000102,0.009666,20.820683,8.130482,0.048834,0,0,0.052358,4.947642,11,5,0,16,2.65649,0.667418,14.297815,0.05885,6.643335,2.631167,0.388445
939,1045,RustyNikolaj,tito,1539,1801,2,0,0,0.000102,0.000837,6.86366,0.131646,0.004694,0,0,0.544729,4.455271,0,2,0,2,2.31789,0.181207,0.89537,0.05885,6.04578,2.331029,0.429209
939,1049,RustyNikolaj,TheCatSC2Bot,1539,970,30,0,0,0.000102,0.003084,34.852721,0.13135,0.01593,0,0,0.160509,4.839491,30,0,0,30,2.134128,0.963576,34.761174,0.05885,0.179976,2.143967,0.383725
939,1050,RustyNikolaj,onlyfans,1539,1517,15,4,0,0.000102,8.7e-05,19.867311,4.131744,0.000945,0,0,2.707101,2.292899,9,0,6,15,3.222383,0.531618,11.626806,6.05885,2.314344,3.146032,0.389085
939,1052,RustyNikolaj,Starlight,1539,1204,30,0,0,0.000102,9.3e-05,34.867281,0.131744,0.000976,0,0,2.620614,2.379386,14,3,13,30,3.207572,0.873074,18.313989,13.05885,3.627161,3.168329,0.383725
939,1054,RustyNikolaj,JimmyBotZ,1539,1724,15,0,0,0.000102,0.005286,19.842,0.131059,0.02694,0,0,0.094909,4.905091,3,12,0,15,2.63758,0.256365,4.26674,0.05885,15.67441,2.61237,0.389085
939,1056,RustyNikolaj,bilisaur,1539,1600,0,0,0,0.000102,0.022196,4.759688,0.128831,0.11148,0,0,0.022936,4.977064,0,0,0,0,,0.413105,2.041214,0.05885,2.899936,2.349308,0.491916
939,1057,RustyNikolaj,DoopyBot-Test,1539,1238,15,6,0,0.000102,0.023755,19.752101,6.128626,0.119273,0,0,0.021437,4.978563,5,7,3,15,2.999351,0.849757,9.198776,3.05885,7.742374,2.942504,0.389085
939,1058,RustyNikolaj,JimmyBotP,1539,1711,15,0,0,0.000102,0.005341,19.841736,0.131052,0.027212,0,0,0.093962,4.906038,3,12,0,15,2.530166,0.27089,4.338508,0.05885,15.602642,2.51435,0.389085
939,1059,RustyNikolaj,NextProBot,1539,1600,0,0,0,0.000102,0.022196,4.759688,0.128831,0.11148,0,0,0.022936,4.977064,0,0,0,0,,0.413105,2.041214,0.05885,2.899936,2.349308,0.491916
939,1060,RustyNikolaj,WildFire,1539,1709,5,3,0,0.000102,0.00012,9.867147,3.13174,0.001113,0,0,2.296961,2.703039,2,1,2,5,3.339774,0.27317,3.349774,2.05885,4.591376,3.118606,0.406046
939,1065,RustyNikolaj,MindMatrix,1539,1514,17,1,0,0.000102,0.010709,21.815603,1.130345,0.054052,0,0,0.047304,4.952696,8,9,0,17,2.91451,0.535916,10.648041,0.05885,11.293109,2.870445,0.387873
939,1066,RustyNikolaj,CompetitiveBotTest,1539,1482,1,0,0,0.000102,0.003699,5.849725,0.131268,0.019006,0,0,0.134529,4.865471,1,0,0,1,1.702928,0.581301,3.872298,0.05885,2.068852,2.084123,0.448612
939,1067,RustyNikolaj,Hello_world,1539,1600,0,0,0,0.000102,0.022196,4.759688,0.128831,0.11148,0,0,0.022936,4.977064,0,0,0,0,,0.413105,2.041214,0.05885,2.899936,2.349308,0.491916
939,1078,RustyNikolaj,LoremIpsum,1539,1242,15,1,0,0.000102,0.000201,19.866756,1.131729,0.001515,0,0,1.688034,3.311966,15,0,0,15,2.854495,0.846793,19.184133,0.05885,0.757017,2.810316,0.389085
939,1079,RustyNikolaj,JimmyBotT,1539,1675,4,1,0,0.000102,0.000205,8.866736,1.131729,0.001535,0,0,1.665642,3.334358,2,0,2,4,2.432116,0.3137,3.550037,2.05885,3.391113,2.410224,0.411036
939,1080,RustyNikolaj,JimmyBot,1539,1675,5,0,0,0.000102,0.003888,9.848809,0.131244,0.019948,0,0,0.12818,4.87182,2,3,0,5,2.702093,0.3137,3.550037,0.05885,6.391113,2.623318,0.406046
939,1081,RustyNikolaj,ArtZerg,1539,1537,5,0,0,0.000102,0.000199,9.866763,0.13173,0.001508,0,0,1.696102,3.303898,0,4,1,5,2.177515,0.502878,2.484797,1.05885,6.456353,2.215876,0.406046
939,1082,RustyNikolaj,Dasyatis,1539,1573,12,0,1,0.000102,0.048918,16.629612,0.125311,1.245077,0,1,0.010433,5.989567,5,5,2,12,2.531984,0.451226,7.229574,2.05885,7.711576,2.512442,0.391568
939,1084,RustyNikolaj,ZippyZap,1539,1457,0,0,1,0.000102,0.84229,0.767692,0.020779,5.211529,0,1,0.000607,5.999393,0,0,0,0,,0.615864,3.043077,0.05885,1.898073,2.349308,0.491916
939,1085,RustyNikolaj,AgoraLord,1539,1430,3,0,0,0.000102,0.000933,7.863193,0.131633,0.005174,0,0,0.494186,4.505814,2,0,1,3,2.895997,0.651912,5.221195,1.05885,1.719955,2.718903,0.418169
939,1086,RustyNikolaj,CherBoiBlue,1539,1500,0,0,0,0.000102,0.222218,3.786034,0.102477,1.111488,0,0,0.0023,4.9977,0,0,0,0,,0.555891,2.746741,0.05885,2.194409,2.349308,0.491916
939,1087,RustyNikolaj,SwarmLord2,1539,1533,0,0,0,0.000102,0.003699,4.849725,0.131268,0.019006,0,0,0.134529,4.865471,0,0,0,0,,0.508634,2.513236,0.05885,2.427914,2.349308,0.491916
939,1088,RustyNikolaj,SwarmLord3,1539,1562,1,0,0,0.000102,0.003468,5.850851,0.131299,0.01785,0,0,0.143241,4.856759,0,0,1,1,3.133754,0.466949,2.307263,1.05885,2.633887,2.671136,0.448612
939,1089,RustyNikolaj,WorkingAsIntended,1539,1596,1,0,0,0.000102,0.041392,5.666249,0.126302,0.207449,0,0,0.012325,4.987675,1,0,0,1,3.201933,0.418699,3.068852,0.05885,2.872298,2.699108,0.448612
940,943,Princess-Mika-Test,puck,1524,1529,30,3,2,0.032493,8.3e-05,34.709654,3.127477,2.162869,2,0,6.987193,0.012807,7,22,1,30,2.515344,0.492805,9.435023,1.05885,24.506127,2.507752,0.383725
940,948,Princess-Mika-Test,titania,1524,1185,24,0,2,0.032493,0.000157,28.709306,0.127468,2.163227,2,0,6.975893,0.024107,22,2,0,24,2.505611,0.875604,26.326489,0.05885,2.614661,2.496779,0.385118
940,953,Princess-Mika-Test,ZeratulsRevengeTest,1524,1702,0,0,0,0.032493,0.000163,4.709281,0.127467,0.163252,0,0,4.975084,0.024916,0,0,0,0,,0.264123,1.305069,0.05885,3.636081,2.349308,0.491916
940,959,Princess-Mika-Test,ur_moms_a_ho,1524,1600,0,0,0,0.032493,0.022196,4.605503,0.124658,0.269839,0,0,2.970709,2.029291,0,0,0,0,,0.392339,1.938606,0.05885,3.002544,2.349308,0.491916
940,960,Princess-Mika-Test,BigDaddy,1524,1637,16,0,0,0.032493,0.006779,20.678118,0.126624,0.195259,0,0,4.136917,0.863083,0,16,0,16,1.812685,0.342881,1.694228,0.05885,19.246922,1.856922,0.388445
940,961,Princess-Mika-Test,AvocaDOS,1524,1751,5,0,0,0.032493,0.000833,9.706121,0.127382,0.166497,0,0,4.874958,0.125042,3,2,0,5,2.248232,0.213037,4.052646,0.05885,5.888504,2.270802,0.406046
940,962,Princess-Mika-Test,AvocaDEV,1524,1700,2,0,0,0.032493,0.057896,6.437352,0.120107,0.442541,0,0,1.79739,3.20261,2,0,0,2,2.489774,0.266366,3.316156,0.05885,3.624994,2.431034,0.429209
940,966,Princess-Mika-Test,ArgoBot,1524,1909,0,0,0,0.032493,8.5e-05,4.709646,0.127477,0.162878,0,0,4.986918,0.013082,0,0,0,0,,0.098302,0.485724,0.05885,4.455426,2.349308,0.491916
940,970,Princess-Mika-Test,TheLAW,1524,1576,21,0,0,0.032493,0.05452,25.453256,0.120537,0.426206,0,0,1.867142,3.132858,6,15,0,21,2.150567,0.42572,8.103545,0.05885,17.837605,2.1633,0.38609
940,971,Princess-Mika-Test,Nothing,1524,1570,20,0,0,0.032493,0.00831,24.670905,0.126428,0.202667,0,0,3.981656,1.018344,6,14,0,20,2.103114,0.434185,8.145372,0.05885,16.795778,2.119622,0.386474
940,977,Princess-Mika-Test,Siriusly,1524,1392,32,0,1,0.032493,0.001619,36.702422,0.127281,1.170296,1,0,5.762715,0.237285,24,8,0,32,1.952886,0.681322,27.366513,0.05885,9.574637,1.969928,0.383371
940,981,Princess-Mika-Test,KoB,1524,1499,24,1,2,0.032493,0.001616,28.702434,1.127282,2.170284,2,0,6.763061,0.236939,12,12,0,24,2.396005,0.535916,14.648041,0.05885,14.293109,2.393366,0.385118
940,998,Princess-Mika-Test,LordSuperKing,1524,1656,9,0,0,0.032493,0.000132,13.709425,0.127471,0.163104,0,0,4.979752,0.020248,0,9,0,9,2.388625,0.318678,1.574637,0.05885,12.366513,2.38321,0.395447
940,1007,Princess-Mika-Test,SharkGull,1524,1605,7,0,0,0.032493,0.000223,11.708997,0.127459,0.163543,0,0,4.965941,0.034059,0,7,0,7,1.93053,0.385499,1.904807,0.05885,10.036343,2.001876,0.399523
940,1008,Princess-Mika-Test,Creepy_canon,1524,1587,0,0,0,0.032493,0.074065,4.361196,0.118045,0.520759,0,0,1.524659,3.475341,0,0,0,0,,0.410316,2.027435,0.05885,2.913715,2.349308,0.491916
940,1023,Princess-Mika-Test,MY_SCRIPTING_SON,1524,1275,24,0,20,0.032493,0.333918,27.137277,0.084917,21.777805,1,19,1.443396,23.556604,20,4,0,24,2.100659,0.807424,23.989604,0.05885,4.951546,2.11471,0.385118
940,1026,Princess-Mika-Test,WildLupo,1524,1199,35,0,3,0.032493,0.018371,39.623518,0.125146,3.251337,2,1,5.194094,2.805906,35,0,0,35,2.432401,0.866557,39.281786,0.05885,0.659364,2.429123,0.382913
940,1029,Princess-Mika-Test,Chomppet,1524,1600,0,0,0,0.032493,0.022196,4.605503,0.124658,0.269839,0,0,2.970709,2.029291,0,0,0,0,,0.392339,1.938606,0.05885,3.002544,2.349308,0.491916
940,1030,Princess-Mika-Test,who,1524,1924,1,0,0,0.032493,8.3e-05,5.709655,0.127477,0.162868,0,0,4.987221,0.012779,0,1,0,1,1.788421,0.090909,0.449195,0.05885,5.491955,2.119197,0.448612
940,1032,Princess-Mika-Test,WaterLeak,1524,1607,11,0,0,0.032493,8.4e-05,15.70965,0.127477,0.162873,0,0,4.987067,0.012933,0,11,0,11,1.75932,0.382775,1.891349,0.05885,14.049801,1.827509,0.392657
940,1038,Princess-Mika-Test,PolyMorph,1524,1463,35,0,1,0.032493,0.001586,39.702577,0.127286,1.170138,1,0,5.767304,0.232696,29,6,0,35,2.491732,0.586895,31.899936,0.05885,8.041214,2.486113,0.382913
940,1042,Princess-Mika-Test,Creepy_duo_canon,1524,1386,24,0,2,0.032493,0.104041,28.220007,0.114224,2.665769,0,2,1.189922,5.810078,13,11,0,24,1.939615,0.688774,16.403334,0.05885,12.537816,1.962767,0.385118
940,1044,Princess-Mika-Test,DoopyBot,1524,1418,27,0,2,0.032493,0.009666,31.664522,0.126256,2.209223,2,0,5.853664,1.146336,20,7,0,27,2.391787,0.647983,23.201781,0.05885,8.739369,2.38964,0.384349
940,1045,Princess-Mika-Test,tito,1524,1801,5,0,0,0.032493,0.000837,9.706107,0.127381,0.166512,0,0,4.874499,0.125501,0,5,0,5,2.182588,0.168746,0.8338,0.05885,9.10735,2.219816,0.406046
940,1049,Princess-Mika-Test,TheCatSC2Bot,1524,970,41,0,2,0.032493,0.003084,45.695521,0.127095,2.177384,2,0,6.566574,0.433426,41,0,0,41,2.101355,0.960421,45.745586,0.05885,0.195564,2.109754,0.382189
940,1050,Princess-Mika-Test,onlyfans,1524,1517,30,0,1,0.032493,8.7e-05,34.709639,0.127477,1.162884,1,0,5.986704,0.013296,5,24,1,30,2.469548,0.510072,7.520344,1.05885,26.420806,2.464051,0.383725
940,1052,Princess-Mika-Test,Starlight,1524,1204,33,0,2,0.032493,9.3e-05,37.70961,0.127476,2.162914,2,0,6.98575,0.01425,32,1,0,33,2.280769,0.863193,36.265167,0.05885,1.675983,2.28363,0.38321
940,1054,Princess-Mika-Test,JimmyBotZ,1524,1724,19,0,1,0.032493,0.005286,23.685148,0.126814,1.188038,1,0,5.30037,0.69963,3,16,0,19,1.984102,0.240253,4.187126,0.05885,19.754024,2.009788,0.386896
940,1056,Princess-Mika-Test,bilisaur,1524,1600,0,0,0,0.032493,0.022196,4.605503,0.124658,0.269839,0,0,2.970709,2.029291,0,0,0,0,,0.392339,1.938606,0.05885,3.002544,2.349308,0.491916
940,1057,Princess-Mika-Test,DoopyBot-Test,1524,1238,20,3,2,0.032493,0.023755,24.598161,3.124459,2.277379,1,1,3.888388,3.111612,18,2,0,20,2.688305,0.838397,22.142645,0.05885,2.798505,2.665574,0.386474
940,1058,Princess-Mika-Test,JimmyBotP,1524,1711,22,0,0,0.032493,0.005341,26.684892,0.126807,0.188301,0,0,4.294196,0.705804,8,13,1,22,2.318471,0.254177,9.255926,1.05885,16.685224,2.320363,0.385739
940,1059,Princess-Mika-Test,NextProBot,1524,1600,0,0,0,0.032493,0.022196,4.605503,0.124658,0.269839,0,0,2.970709,2.029291,0,0,0,0,,0.392339,1.938606,0.05885,3.002544,2.349308,0.491916
940,1060,Princess-Mika-Test,WildFire,1524,1709,11,0,0,0.032493,0.00012,15.70948,0.127472,0.163047,0,0,4.981546,0.018454,0,11,0,11,1.93313,0.256365,1.26674,0.05885,14.67441,1.98123,0.392657
940,1065,Princess-Mika-Test,MindMatrix,1524,1514,13,0,1,0.032493,0.010709,17.659606,0.126122,1.214272,1,0,4.760564,1.239436,7,6,0,13,2.407461,0.514387,9.541664,0.05885,8.399486,2.401671,0.390628
940,1066,Princess-Mika-Test,CompetitiveBotTest,1524,1482,1,0,0,0.032493,0.003699,5.692623,0.127016,0.180361,0,0,4.488935,0.511065,1,0,0,1,1.34025,0.56015,3.767786,0.05885,2.173364,1.93533,0.448612
940,1067,Princess-Mika-Test,Hello_world,1524,1600,0,0,0,0.032493,0.022196,4.605503,0.124658,0.269839,0,0,2.970709,2.029291,0,0,0,0,,0.392339,1.938606,0.05885,3.002544,2.349308,0.491916
940,1078,Princess-Mika-Test,LoremIpsum,1524,1242,14,0,0,0.032493,0.000201,18.709102,0.127462,0.163436,0,0,4.969308,0.030692,14,0,0,14,2.351434,0.835253,18.12711,0.05885,0.81404,2.351236,0.389807
940,1079,Princess-Mika-Test,JimmyBotT,1524,1675,7,0,0,0.032493,0.000205,11.709083,0.127462,0.163456,0,0,4.968689,0.031311,3,4,0,7,2.56266,0.295415,4.459692,0.05885,7.481458,2.526312,0.399523
940,1080,Princess-Mika-Test,JimmyBot,1524,1675,4,0,0,0.032493,0.003888,8.691736,0.126992,0.181272,0,0,4.465702,0.534298,1,3,0,4,2.189433,0.295415,2.459692,0.05885,6.481458,2.231698,0.411036
940,1081,Princess-Mika-Test,ArtZerg,1524,1537,7,0,0,0.032493,0.000199,11.709109,0.127462,0.163429,0,0,4.969527,0.030473,1,6,0,7,1.731018,0.4813,3.378177,0.05885,8.562973,1.836354,0.399523
940,1082,Princess-Mika-Test,Dasyatis,1524,1573,6,0,2,0.032493,0.048918,10.47964,0.121251,2.399108,0,2,1.995614,5.004386,2,4,0,6,2.371599,0.429947,4.124433,0.05885,6.816717,2.367291,0.402359
940,1084,Princess-Mika-Test,ZippyZap,1524,1457,0,0,0,0.032493,0.84229,0.742823,0.020106,4.237071,0,0,0.185721,4.814279,0,0,0,0,,0.595243,2.941185,0.05885,1.999965,2.349308,0.491916
940,1085,Princess-Mika-Test,AgoraLord,1524,1430,2,0,0,0.032493,0.000933,6.705654,0.127369,0.166977,0,0,4.860496,0.139504,2,0,0,2,2.588456,0.63207,5.123153,0.05885,1.817997,2.48845,0.429209
940,1086,Princess-Mika-Test,CherBoiBlue,1524,1500,1,0,0,0.032493,0.222218,4.663389,0.099158,1.237453,0,0,0.637841,4.362159,1,0,0,1,2.598235,0.534484,3.640965,0.05885,2.300185,2.451433,0.448612
940,1087,Princess-Mika-Test,SwarmLord2,1524,1533,1,0,0,0.032493,0.003699,5.692623,0.127016,0.180361,0,0,4.488935,0.511065,1,0,0,1,1.814825,0.487051,3.406591,0.05885,2.534559,2.13003,0.448612
940,1088,Princess-Mika-Test,SwarmLord3,1524,1562,0,0,0,0.032493,0.003468,4.693712,0.127046,0.179242,0,0,4.517796,0.482204,0,0,0,0,,0.445531,2.201434,0.05885,2.739716,2.349308,0.491916
940,1089,Princess-Mika-Test,WorkingAsIntended,1524,1596,2,0,0,0.032493,0.041392,6.51509,0.122211,0.362699,0,0,2.198899,2.801101,1,1,0,2,2.206251,0.397842,2.965797,0.05885,3.975353,2.266074,0.429209
943,948,puck,titania,1529,1185,26,4,0,8.3e-05,0.000157,30.867058,4.131738,0.001204,0,0,1.732187,3.267813,25,0,1,26,2.788112,0.878705,29.341813,1.05885,0.599337,2.765123,0.384586
943,953,puck,ZeratulsRevengeTest,1529,1702,4,0,0,8.3e-05,0.000163,8.867032,0.131737,0.001231,0,0,1.694831,3.305169,0,4,0,4,1.613696,0.269755,1.332898,0.05885,7.608252,1.808165,0.411036
943,959,puck,ur_moms_a_ho,1529,1600,0,0,0,8.3e-05,0.022196,4.759778,0.128834,0.111388,0,0,0.018727,4.981273,0,0,0,0,,0.399222,1.972615,0.05885,2.968535,2.349308,0.491916
943,960,puck,BigDaddy,1529,1637,10,0,0,8.3e-05,0.006779,14.834825,0.130865,0.034309,0,0,0.060797,4.939203,2,8,0,10,1.907109,0.349395,3.726415,0.05885,11.214735,1.962685,0.393932
943,961,puck,AvocaDOS,1529,1751,2,0,0,8.3e-05,0.000833,6.863767,0.131649,0.004584,0,0,0.455038,4.544962,1,1,0,2,2.292804,0.217902,2.076686,0.05885,4.864464,2.316433,0.429209
943,962,puck,AvocaDEV,1529,1700,1,0,0,8.3e-05,0.057896,5.585995,0.12413,0.289875,0,0,0.007196,4.992804,0,1,0,1,2.111425,0.272028,1.344134,0.05885,4.597016,2.251713,0.448612
943,966,puck,ArgoBot,1529,1909,0,0,0,8.3e-05,8.5e-05,4.867409,0.131747,0.000843,0,0,2.473404,2.526596,0,0,0,0,,0.100883,0.498476,0.05885,4.442674,2.349308,0.491916
943,970,puck,TheLAW,1529,1576,13,0,1,8.3e-05,0.05452,17.602432,0.124575,1.272993,0,1,0.007641,5.992359,0,13,0,13,2.323814,0.432771,2.138387,0.05885,15.802763,2.326352,0.390628
943,971,puck,Nothing,1529,1570,10,1,0,8.3e-05,0.00831,14.827371,1.130663,0.041966,0,0,0.049705,4.950295,1,9,0,10,2.10384,0.441269,3.180374,0.05885,11.760776,2.13469,0.393932
943,977,puck,Siriusly,1529,1392,42,3,0,8.3e-05,0.001619,46.859944,3.131545,0.008511,0,0,0.245092,4.754908,28,12,2,42,2.71128,0.687538,31.39723,2.05885,13.54392,2.699301,0.382088
943,981,puck,KoB,1529,1499,28,0,0,8.3e-05,0.001616,32.859956,0.131545,0.008498,0,0,0.245449,4.754551,16,12,0,28,2.192327,0.543066,18.683373,0.05885,14.257777,2.199992,0.384127
943,998,puck,LordSuperKing,1529,1656,4,0,0,8.3e-05,0.000132,8.867181,0.131741,0.001078,0,0,1.935484,3.064516,0,4,0,4,2.591286,0.32496,1.605675,0.05885,7.335475,2.527316,0.411036
943,1007,puck,SharkGull,1529,1605,6,0,0,8.3e-05,0.000223,10.86674,0.131729,0.001531,0,0,1.362144,3.637856,6,0,0,6,1.689052,0.392339,7.938606,0.05885,3.002544,1.816662,0.402359
943,1008,puck,Creepy_canon,1529,1587,0,0,0,8.3e-05,0.074065,4.507287,0.122,0.370713,0,0,0.005627,4.994373,0,0,0,0,,0.417298,2.061933,0.05885,2.879217,2.349308,0.491916
943,1023,puck,MY_SCRIPTING_SON,1529,1275,12,0,35,8.3e-05,0.333918,15.24237,0.087762,36.669868,0,35,0.001249,39.998751,4,8,0,12,2.072812,0.81186,8.011522,0.05885,8.929628,2.10239,0.391568
943,1026,puck,WildLupo,1529,1199,38,7,2,8.3e-05,0.018371,42.778397,7.129338,2.092266,0,2,0.022608,6.977392,32,3,3,38,3.00314,0.86985,36.298059,3.05885,3.643091,2.979308,0.382523
943,1029,puck,Chomppet,1529,1600,0,0,0,8.3e-05,0.022196,4.759778,0.128834,0.111388,0,0,0.018727,4.981273,0,0,0,0,,0.399222,1.972615,0.05885,2.968535,2.349308,0.491916
943,1030,puck,who,1529,1924,0,0,0,8.3e-05,8.3e-05,4.867419,0.131747,0.000833,0,0,2.502816,2.497184,0,0,0,0,,0.093316,0.461088,0.05885,4.480062,2.349308,0.491916
943,1032,puck,WaterLeak,1529,1607,5,0,0,8.3e-05,8.4e-05,9.867414,0.131747,0.000839,0,0,2.487722,2.512278,0,5,0,5,1.799261,0.389598,1.92506,0.05885,8.01609,1.922085,0.406046
943,1038,puck,PolyMorph,1529,1463,36,15,0,8.3e-05,0.001586,40.860104,15.131549,0.008347,0,0,0.249913,4.750087,23,12,1,36,2.529666,0.593855,25.934329,1.05885,14.006821,2.522741,0.382776
943,1042,puck,Creepy_duo_canon,1529,1386,27,1,2,8.3e-05,0.104041,31.361369,1.11805,2.52058,0,2,0.004007,6.995993,23,4,0,27,2.210614,0.69491,26.433653,0.05885,5.507497,2.217625,0.384349
943,1044,puck,DoopyBot,1529,1418,33,2,1,8.3e-05,0.009666,37.820774,2.130485,1.048741,0,1,0.042796,5.957204,12,20,1,33,2.221225,0.65452,15.234081,1.05885,21.707069,2.226571,0.38321
943,1045,puck,tito,1529,1801,6,0,0,8.3e-05,0.000837,10.863752,0.131648,0.0046,0,0,0.453486,4.546514,0,6,0,6,2.289475,0.172822,0.853939,0.05885,10.087211,2.301039,0.402359
943,1049,puck,TheCatSC2Bot,1529,970,49,1,0,8.3e-05,0.003084,53.852812,1.131352,0.015836,0,0,0.13172,4.86828,48,0,1,49,2.364703,0.961501,52.750921,1.05885,0.190229,2.364264,0.38149
943,1050,puck,onlyfans,1529,1517,25,4,0,8.3e-05,8.7e-05,29.867403,4.131747,0.00085,0,0,2.453083,2.546917,16,9,0,25,2.778015,0.517263,18.555872,0.05885,11.385278,2.754705,0.384842
943,1052,puck,Starlight,1529,1204,41,2,0,8.3e-05,9.3e-05,45.867372,2.131746,0.000882,0,0,2.366337,2.633663,33,6,2,41,2.649097,0.866557,37.281786,2.05885,6.659364,2.638943,0.382189
943,1054,puck,JimmyBotZ,1529,1724,14,1,0,8.3e-05,0.005286,18.842092,1.131062,0.026847,0,0,0.077698,4.922302,4,10,0,14,2.482442,0.245546,5.213279,0.05885,13.727871,2.470045,0.389807
943,1056,puck,bilisaur,1529,1600,0,0,0,8.3e-05,0.022196,4.759778,0.128834,0.111388,0,0,0.018727,4.981273,0,0,0,0,,0.399222,1.972615,0.05885,2.968535,2.349308,0.491916
943,1057,puck,DoopyBot-Test,1529,1238,34,0,0,8.3e-05,0.023755,38.752191,0.128629,0.119181,0,0,0.017502,4.982498,15,19,0,34,2.37507,0.842259,19.161726,0.05885,19.779424,2.374025,0.383057
943,1058,puck,JimmyBotP,1529,1711,20,1,0,8.3e-05,0.005341,24.841827,1.131055,0.027118,0,0,0.07692,4.92308,5,15,0,20,2.668871,0.259672,6.283076,0.05885,18.658074,2.647443,0.386474
943,1059,puck,NextProBot,1529,1600,0,0,0,8.3e-05,0.022196,4.759778,0.128834,0.111388,0,0,0.018727,4.981273,0,0,0,0,,0.399222,1.972615,0.05885,2.968535,2.349308,0.491916
943,1060,puck,WildFire,1529,1709,2,0,0,8.3e-05,0.00012,6.867238,0.131743,0.001019,0,0,2.047069,2.952931,0,2,0,2,1.832549,0.261891,1.294043,0.05885,5.647107,2.048646,0.429209
943,1065,puck,MindMatrix,1529,1514,16,0,0,8.3e-05,0.010709,20.815693,0.130347,0.053959,0,0,0.038657,4.961343,15,1,0,16,1.673643,0.521573,17.577172,0.05885,3.363978,1.729342,0.388445
943,1066,puck,CompetitiveBotTest,1529,1482,1,0,0,8.3e-05,0.003699,5.849817,0.131271,0.018912,0,0,0.110294,4.889706,1,0,0,1,1.7613,0.567229,3.802763,0.05885,2.138387,2.108071,0.448612
943,1067,puck,Hello_world,1529,1600,0,0,0,8.3e-05,0.022196,4.759778,0.128834,0.111388,0,0,0.018727,4.981273,0,0,0,0,,0.399222,1.972615,0.05885,2.968535,2.349308,0.491916
943,1078,puck,LoremIpsum,1529,1242,17,0,0,8.3e-05,0.000201,21.866847,0.131732,0.001421,0,0,1.468401,3.531599,17,0,0,17,1.599861,0.839175,21.146491,0.05885,0.794659,1.658291,0.387873
943,1079,puck,JimmyBotT,1529,1675,6,1,0,8.3e-05,0.000205,10.866828,1.131731,0.001441,0,0,1.44765,3.55235,2,4,0,6,2.502259,0.301441,3.489467,0.05885,7.451683,2.472697,0.402359
943,1080,puck,JimmyBot,1529,1675,6,1,0,8.3e-05,0.003888,10.8489,1.131246,0.019854,0,0,0.105064,4.894936,0,6,0,6,2.420972,0.301441,1.489467,0.05885,9.451683,2.407122,0.402359
943,1081,puck,ArtZerg,1529,1537,7,0,0,8.3e-05,0.000199,11.866855,0.131732,0.001413,0,0,1.475888,3.524112,6,1,0,7,1.764327,0.488489,8.413698,0.05885,3.527452,1.863988,0.399523
943,1082,puck,Dasyatis,1529,1573,7,0,0,8.3e-05,0.048918,11.6297,0.125313,0.244987,0,0,0.008514,4.991486,0,7,0,7,2.127412,0.437015,2.159358,0.05885,9.781792,2.165215,0.399523
943,1084,puck,ZippyZap,1529,1457,0,0,1,8.3e-05,0.84229,0.767706,0.02078,5.211514,0,1,0.000495,5.999505,0,0,0,0,,0.602158,2.975353,0.05885,1.965797,2.349308,0.491916
943,1085,puck,AgoraLord,1529,1430,3,0,0,8.3e-05,0.000933,7.863285,0.131636,0.00508,0,0,0.410628,4.589372,2,1,0,3,3.023717,0.638738,5.156099,0.05885,2.785051,2.80525,0.418169
943,1086,puck,CherBoiBlue,1529,1500,1,0,0,8.3e-05,0.222218,4.786106,0.102479,1.111415,0,0,0.001877,4.998123,1,0,0,1,2.7638,0.541638,3.676313,0.05885,2.264837,2.519358,0.448612
943,1087,puck,SwarmLord2,1529,1533,1,0,0,8.3e-05,0.003699,5.849817,0.131271,0.018912,0,0,0.110294,4.889706,1,0,0,1,1.678964,0.494244,3.442133,0.05885,2.499017,2.074291,0.448612
943,1088,puck,SwarmLord3,1529,1562,1,0,0,8.3e-05,0.003468,5.850942,0.131301,0.017756,0,0,0.117474,4.882526,1,0,0,1,2.414126,0.452651,3.236619,0.05885,2.704531,2.375901,0.448612
943,1089,puck,WorkingAsIntended,1529,1596,1,0,0,8.3e-05,0.041392,5.666337,0.126305,0.207359,0,0,0.010059,4.989941,0,1,0,1,1.98238,0.404757,1.999965,0.05885,3.941185,2.198771,0.448612
948,953,titania,ZeratulsRevengeTest,1185,1702,1,0,0,0.000157,0.000163,5.866672,0.131727,0.001601,0,0,2.458544,2.541456,0,1,0,1,1.396245,0.048518,0.239734,0.05885,5.701416,1.958302,0.448612
948,959,titania,ur_moms_a_ho,1185,1600,0,0,0,0.000157,0.022196,4.759426,0.128824,0.11175,0,0,0.035211,4.964789,0,0,0,0,,0.084021,0.415158,0.05885,4.525992,2.349308,0.491916
948,960,titania,BigDaddy,1185,1637,1,0,0,0.000157,0.006779,5.834468,0.130856,0.034677,0,0,0.113472,4.886528,0,1,0,1,1.621366,0.069015,0.341013,0.05885,5.600137,2.050661,0.448612
948,961,titania,AvocaDOS,1185,1751,0,0,0,0.000157,0.000833,4.863408,0.131639,0.004954,0,0,0.794351,4.205649,0,0,0,0,,0.037035,0.182995,0.05885,4.758155,2.349308,0.491916
948,962,titania,AvocaDEV,1185,1700,1,0,0,0.000157,0.057896,5.585655,0.124121,0.290224,0,0,0.013558,4.986442,0,1,0,1,1.648659,0.049052,0.242373,0.05885,5.698777,2.061858,0.448612
948,966,titania,ArgoBot,1185,1909,1,0,0,0.000157,8.5e-05,5.867049,0.131737,0.001213,0,0,3.243647,1.756353,0,1,0,1,1.813195,0.015252,0.075362,0.05885,5.865788,2.129361,0.448612
948,970,titania,TheLAW,1185,1576,5,0,0,0.000157,0.05452,9.602091,0.124566,0.273343,0,0,0.014395,4.985605,0,5,0,5,1.889379,0.095282,0.470805,0.05885,9.470345,1.99208,0.406046
948,971,titania,Nothing,1185,1570,2,0,0,0.000157,0.00831,6.827014,0.130654,0.042332,0,0,0.092951,4.907049,0,2,0,2,1.850132,0.098302,0.485724,0.05885,6.455426,2.058876,0.429209
948,977,titania,Siriusly,1185,1392,30,1,0,0.000157,0.001619,34.859585,1.131535,0.00888,0,0,0.443116,4.556884,4,25,1,30,2.438392,0.232975,5.151165,1.05885,28.789985,2.434319,0.383725
948,981,titania,KoB,1185,1499,2,4,0,0.000157,0.001616,6.859597,4.131536,0.008868,0,0,0.443735,4.556265,0,2,0,2,2.087026,0.140937,0.696391,0.05885,6.244759,2.196706,0.429209
948,998,titania,LordSuperKing,1185,1656,1,0,0,0.000157,0.000132,5.866821,0.131731,0.001448,0,0,2.718447,2.281553,0,1,0,1,2.35802,0.06231,0.307884,0.05885,5.633266,2.352882,0.448612
948,1007,titania,SharkGull,1185,1605,0,0,0,0.000157,0.000223,4.86638,0.131719,0.001901,0,0,2.069825,2.930175,0,0,0,0,,0.081832,0.404343,0.05885,4.536807,2.349308,0.491916
948,1008,titania,Creepy_canon,1185,1587,0,0,0,0.000157,0.074065,4.506954,0.121991,0.371055,0,0,0.010604,4.989396,0,0,0,0,,0.089962,0.444516,0.05885,4.496634,2.349308,0.491916
948,1023,titania,MY_SCRIPTING_SON,1185,1275,34,1,1,0.000157,0.333918,37.24213,1.087755,2.670114,0,1,0.002356,5.997644,0,34,0,34,2.430441,0.373301,1.844536,0.05885,37.096614,2.42715,0.383057
948,1026,titania,WildLupo,1185,1199,28,5,0,0.000157,0.018371,32.778043,5.129328,0.092629,0,0,0.04248,4.95752,4,24,0,28,2.93284,0.479863,6.371076,0.05885,26.570074,2.904345,0.384127
948,1029,titania,Chomppet,1185,1600,0,0,0,0.000157,0.022196,4.759426,0.128824,0.11175,0,0,0.035211,4.964789,0,0,0,0,,0.084021,0.415158,0.05885,4.525992,2.349308,0.491916
948,1030,titania,who,1185,1924,0,0,0,0.000157,8.3e-05,4.867059,0.131738,0.001203,0,0,3.270363,1.729637,0,0,0,0,,0.014008,0.069215,0.05885,4.871935,2.349308,0.491916
948,1032,titania,WaterLeak,1185,1607,1,0,0,0.000157,8.4e-05,5.867054,0.131738,0.001208,0,0,3.256677,1.743323,0,1,0,1,1.61343,0.080971,0.40009,0.05885,5.54106,2.047405,0.448612
948,1038,titania,PolyMorph,1185,1463,31,1,0,0.000157,0.001586,35.859744,1.13154,0.008716,0,0,0.451462,4.548538,0,30,1,31,2.778012,0.16794,0.829818,1.05885,34.111332,2.759014,0.383543
948,1042,titania,Creepy_duo_canon,1185,1386,11,0,1,0.000157,0.104041,15.361047,0.118041,1.520912,0,1,0.007554,5.992446,3,8,0,11,2.39345,0.239204,4.181942,0.05885,11.759208,2.388348,0.392657
948,1044,titania,DoopyBot,1185,1418,19,1,0,0.000157,0.009666,23.820417,1.130475,0.049107,0,0,0.080127,4.919873,3,16,0,19,2.421516,0.207304,4.024318,0.05885,19.916832,2.416437,0.386896
948,1045,titania,tito,1185,1801,1,0,0,0.000157,0.000837,5.863392,0.131638,0.004969,0,0,0.791843,4.208157,0,1,0,1,2.275214,0.028032,0.13851,0.05885,5.80264,2.31891,0.448612
948,1049,titania,TheCatSC2Bot,1185,970,5,29,0,0.000157,0.003084,9.852453,29.131342,0.016205,0,0,0.242823,4.757177,1,0,4,5,3.622803,0.775153,4.830147,4.05885,1.111003,3.338435,0.406046
948,1050,titania,onlyfans,1185,1517,19,2,0,0.000157,8.7e-05,23.867043,2.131737,0.00122,0,0,3.225076,1.774924,0,18,1,19,2.670351,0.128852,0.636678,1.05885,22.304472,2.64777,0.386896
948,1052,titania,Starlight,1185,1204,26,2,0,0.000157,9.3e-05,30.867012,2.131736,0.001251,0,0,3.144737,1.855263,0,22,4,26,3.1841,0.472684,2.335603,4.05885,24.605547,3.140364,0.384586
948,1054,titania,JimmyBotZ,1185,1724,7,0,0,0.000157,0.005286,11.841733,0.131052,0.027215,0,0,0.144587,4.855413,0,7,0,7,2.48752,0.042995,0.212443,0.05885,11.728707,2.463973,0.399523
948,1056,titania,bilisaur,1185,1600,0,0,0,0.000157,0.022196,4.759426,0.128824,0.11175,0,0,0.035211,4.964789,0,0,0,0,,0.084021,0.415158,0.05885,4.525992,2.349308,0.491916
948,1057,titania,DoopyBot-Test,1185,1238,18,0,1,0.000157,0.023755,22.751839,0.128619,1.119542,0,1,0.032916,5.967084,1,17,0,18,2.499399,0.424313,3.096594,0.05885,19.844556,2.4883,0.38736
948,1058,titania,JimmyBotP,1185,1711,7,3,0,0.000157,0.005341,11.841469,3.131045,0.027486,0,0,0.143159,4.856841,2,5,0,7,2.595117,0.046181,2.228189,0.05885,9.712961,2.553239,0.399523
948,1059,titania,NextProBot,1185,1600,0,0,0,0.000157,0.022196,4.759426,0.128824,0.11175,0,0,0.035211,4.964789,0,0,0,0,,0.084021,0.415158,0.05885,4.525992,2.349308,0.491916
948,1060,titania,WildFire,1185,1709,2,0,0,0.000157,0.00012,6.866878,0.131733,0.001389,0,0,2.833436,2.166564,0,2,0,2,1.691014,0.046691,0.230707,0.05885,6.710443,1.966297,0.429209
948,1065,titania,MindMatrix,1185,1514,1,0,0,0.000157,0.010709,5.815337,0.130338,0.054325,0,0,0.072431,4.927569,0,1,0,1,1.745716,0.130803,0.646318,0.05885,5.294832,2.101677,0.448612
948,1066,titania,CompetitiveBotTest,1185,1482,1,0,0,0.000157,0.003699,5.849458,0.131261,0.019281,0,0,0.204082,4.795918,1,0,0,1,1.7492,0.153207,1.757017,0.05885,4.184133,2.103106,0.448612
948,1067,titania,Hello_world,1185,1600,0,0,0,0.000157,0.022196,4.759426,0.128824,0.11175,0,0,0.035211,4.964789,0,0,0,0,,0.084021,0.415158,0.05885,4.525992,2.349308,0.491916
948,1078,titania,LoremIpsum,1185,1242,0,0,0,0.000157,0.000201,4.866487,0.131722,0.00179,0,0,2.197933,2.802067,0,0,0,0,,0.418699,2.068852,0.05885,2.872298,2.349308,0.491916
948,1079,titania,JimmyBotT,1185,1675,0,0,0,0.000157,0.000205,4.866468,0.131722,0.001811,0,0,2.173216,2.826784,0,0,0,0,,0.056218,0.277779,0.05885,4.663371,2.349308,0.491916
948,1080,titania,JimmyBot,1185,1675,0,0,0,0.000157,0.003888,4.848541,0.131236,0.020222,0,0,0.194582,4.805418,0,0,0,0,,0.056218,0.277779,0.05885,4.663371,2.349308,0.491916
948,1081,titania,ArtZerg,1185,1537,0,0,0,0.000157,0.000199,4.866494,0.131722,0.001783,0,0,2.206815,2.793185,0,0,0,0,,0.116472,0.575504,0.05885,4.365646,2.349308,0.491916
948,1082,titania,Dasyatis,1185,1573,0,0,0,0.000157,0.048918,4.629357,0.125304,0.245339,0,0,0.016038,4.983962,0,0,0,0,,0.096782,0.478212,0.05885,4.462938,2.349308,0.491916
948,1084,titania,ZippyZap,1185,1457,0,0,0,0.000157,0.84229,0.767649,0.020778,4.211573,0,0,0.000934,4.999066,0,0,0,0,,0.172822,0.853939,0.05885,4.087211,2.349308,0.491916
948,1085,titania,AgoraLord,1185,1430,0,0,0,0.000157,0.000933,4.862925,0.131626,0.005449,0,0,0.722087,4.277913,0,0,0,0,,0.196181,0.969362,0.05885,3.971788,2.349308,0.491916
948,1086,titania,CherBoiBlue,1185,1500,0,0,0,0.000157,0.222218,3.785825,0.102472,1.111703,0,0,0.003539,4.996461,0,0,0,0,,0.140241,0.692954,0.05885,4.248196,2.349308,0.491916
948,1087,titania,SwarmLord2,1185,1533,0,0,0,0.000157,0.003699,4.849458,0.131261,0.019281,0,0,0.204082,4.795918,0,0,0,0,,0.118862,0.587316,0.05885,4.353834,2.349308,0.491916
948,1088,titania,SwarmLord3,1185,1562,0,0,0,0.000157,0.003468,4.850583,0.131292,0.018125,0,0,0.217096,4.782904,0,0,0,0,,0.10246,0.50627,0.05885,4.43488,2.349308,0.491916
948,1089,titania,WorkingAsIntended,1185,1596,0,0,0,0.000157,0.041392,4.665991,0.126295,0.207713,0,0,0.018944,4.981056,0,0,0,0,,0.08581,0.423999,0.05885,4.517151,2.349308,0.491916
953,959,ZeratulsRevengeTest,ur_moms_a_ho,1702,1600,0,0,0,0.000163,0.022196,4.759401,0.128824,0.111776,0,0,0.03639,4.96361,0,0,0,0,,0.642713,3.175742,0.05885,1.765408,2.349308,0.491916
953,960,ZeratulsRevengeTest,BigDaddy,1702,1637,9,0,0,0.000163,0.006779,13.834442,0.130855,0.034703,0,0,0.117209,4.882791,8,1,0,9,2.012708,0.592466,10.927465,0.05885,3.013685,2.059065,0.395447
953,961,ZeratulsRevengeTest,AvocaDOS,1702,1751,18,0,0,0.000163,0.000833,22.863382,0.131638,0.00498,0,0,0.816764,4.183236,6,10,2,18,2.483306,0.429947,8.124433,2.05885,12.816717,2.473397,0.38736
953,962,ZeratulsRevengeTest,AvocaDEV,1702,1700,4,0,0,0.000163,0.057896,8.585631,0.12412,0.290249,0,0,0.014014,4.985986,4,0,0,4,2.090212,0.502878,6.484797,0.05885,2.456353,2.158708,0.411036
953,966,ZeratulsRevengeTest,ArgoBot,1702,1909,20,0,0,0.000163,8.5e-05,24.867024,0.131737,0.00124,0,0,3.28125,1.71875,6,14,0,20,2.06924,0.232975,7.151165,0.05885,17.789985,2.08802,0.386474
953,970,ZeratulsRevengeTest,TheLAW,1702,1576,4,0,3,0.000163,0.05452,8.602067,0.124565,3.273368,0,3,0.014879,7.985121,4,0,0,4,1.964227,0.673776,7.329229,0.05885,1.611921,2.066028,0.411036
953,971,ZeratulsRevengeTest,Nothing,1702,1570,7,0,0,0.000163,0.00831,11.826988,0.130653,0.042359,0,0,0.096026,4.903974,7,0,0,7,1.664427,0.681322,10.366513,0.05885,1.574637,1.781108,0.399523
953,977,ZeratulsRevengeTest,Siriusly,1702,1392,1,0,0,0.000163,0.001619,5.859559,0.131535,0.008907,0,0,0.456694,4.543306,0,0,1,1,2.66026,0.856252,4.23087,1.05885,0.71028,2.47688,0.448612
953,981,ZeratulsRevengeTest,KoB,1702,1499,1,0,0,0.000163,0.001616,5.859571,0.131535,0.008894,0,0,0.457331,4.542669,1,0,0,1,1.597365,0.762885,4.769529,0.05885,1.171621,2.040815,0.448612
953,998,ZeratulsRevengeTest,LordSuperKing,1702,1656,7,0,0,0.000163,0.000132,11.866795,0.131731,0.001474,0,0,2.759527,2.240473,6,0,1,7,1.871917,0.565815,8.795778,1.05885,2.145372,1.953249,0.399523
953,1007,ZeratulsRevengeTest,SharkGull,1702,1605,4,0,0,0.000163,0.000223,8.866354,0.131719,0.001928,0,0,2.110169,2.889831,4,0,0,4,1.5779,0.636077,7.142951,0.05885,1.798199,1.781832,0.411036
953,1008,ZeratulsRevengeTest,Creepy_canon,1702,1587,0,0,0,0.000163,0.074065,4.50693,0.12199,0.37108,0,0,0.010961,4.989039,0,0,0,0,,0.659708,3.259716,0.05885,1.681434,2.349308,0.491916
953,1023,ZeratulsRevengeTest,MY_SCRIPTING_SON,1702,1275,0,0,1,0.000163,0.333918,3.242113,0.087755,2.670132,0,1,0.002435,5.997565,0,0,0,0,,0.921145,4.551517,0.05885,0.389633,2.349308,0.491916
953,1026,ZeratulsRevengeTest,WildLupo,1702,1199,1,0,0,0.000163,0.018371,5.778018,0.129328,0.092655,0,0,0.0439,4.9561,1,0,0,1,1.444563,0.947624,5.68235,0.05885,0.2588,1.978126,0.448612
953,1029,ZeratulsRevengeTest,Chomppet,1702,1600,0,0,0,0.000163,0.022196,4.759401,0.128824,0.111776,0,0,0.03639,4.96361,0,0,0,0,,0.642713,3.175742,0.05885,1.765408,2.349308,0.491916
953,1030,ZeratulsRevengeTest,who,1702,1924,20,0,0,0.000163,8.3e-05,24.867033,0.131737,0.00123,0,0,3.307692,1.692308,6,14,0,20,1.803565,0.217902,7.076686,0.05885,17.864464,1.840159,0.386474
953,1032,ZeratulsRevengeTest,WaterLeak,1702,1607,8,0,0,0.000163,8.4e-05,12.867028,0.131737,0.001235,0,0,3.294147,1.705853,0,8,0,8,1.841067,0.633408,3.129762,0.05885,9.811388,1.91848,0.397274
953,1038,ZeratulsRevengeTest,PolyMorph,1702,1463,2,0,0,0.000163,0.001586,6.859719,0.131539,0.008742,0,0,0.465271,4.534729,2,0,0,2,1.889738,0.798315,5.944593,0.05885,0.996557,2.081919,0.429209
953,1042,ZeratulsRevengeTest,Creepy_duo_canon,1702,1386,1,0,0,0.000163,0.104041,5.361024,0.118041,0.520936,0,0,0.007808,4.992192,0,1,0,1,2.055405,0.860451,4.251618,0.05885,1.689532,2.228731,0.448612
953,1044,ZeratulsRevengeTest,DoopyBot,1702,1418,2,0,0,0.000163,0.009666,6.820392,0.130475,0.049134,0,0,0.082785,4.917215,1,1,0,2,2.026449,0.836831,5.134907,0.05885,1.806243,2.161461,0.429209
953,1045,ZeratulsRevengeTest,tito,1702,1801,18,0,0,0.000163,0.000837,22.863366,0.131638,0.004996,0,0,0.814199,4.185801,16,2,0,18,1.738684,0.361262,17.785051,0.05885,5.156099,1.783841,0.38736
953,1049,ZeratulsRevengeTest,TheCatSC2Bot,1702,970,1,0,0,0.000163,0.003084,5.852427,0.131342,0.016231,0,0,0.250602,4.749398,1,0,0,1,1.398717,0.985425,5.86913,0.05885,0.07202,1.959317,0.448612
953,1050,ZeratulsRevengeTest,onlyfans,1702,1517,3,0,0,0.000163,8.7e-05,7.867017,0.131737,0.001247,0,0,3.262863,1.737137,1,2,0,3,2.332998,0.743635,4.67441,0.05885,3.26674,2.338282,0.418169
953,1052,ZeratulsRevengeTest,Starlight,1702,1204,1,0,0,0.000163,9.3e-05,5.866986,0.131736,0.001278,0,0,3.183271,1.816729,1,0,0,1,1.888584,0.946176,5.6752,0.05885,0.26595,2.16029,0.448612
953,1054,ZeratulsRevengeTest,JimmyBotZ,1702,1724,5,0,0,0.000163,0.005286,9.841708,0.131051,0.027241,0,0,0.149317,4.850683,5,0,0,5,1.557592,0.468382,7.314344,0.05885,2.626806,1.734379,0.406046
953,1056,ZeratulsRevengeTest,bilisaur,1702,1600,0,0,0,0.000163,0.022196,4.759401,0.128824,0.111776,0,0,0.03639,4.96361,0,0,0,0,,0.642713,3.175742,0.05885,1.765408,2.349308,0.491916
953,1057,ZeratulsRevengeTest,DoopyBot-Test,1702,1238,2,0,0,0.000163,0.023755,6.751814,0.128618,0.119568,0,0,0.034019,4.965981,2,0,0,2,1.932136,0.935293,6.621425,0.05885,0.319725,2.106588,0.429209
953,1058,ZeratulsRevengeTest,JimmyBotP,1702,1711,5,0,0,0.000163,0.005341,9.841443,0.131044,0.027512,0,0,0.147844,4.852156,4,1,0,5,1.755846,0.487051,6.406591,0.05885,3.534559,1.888364,0.406046
953,1059,ZeratulsRevengeTest,NextProBot,1702,1600,0,0,0,0.000163,0.022196,4.759401,0.128824,0.111776,0,0,0.03639,4.96361,0,0,0,0,,0.642713,3.175742,0.05885,1.765408,2.349308,0.491916
953,1060,ZeratulsRevengeTest,WildFire,1702,1709,13,0,0,0.000163,0.00012,17.866853,0.131732,0.001415,0,0,2.874065,2.125935,0,13,0,13,1.86873,0.489928,2.420806,0.05885,15.520344,1.916579,0.390628
953,1065,ZeratulsRevengeTest,MindMatrix,1702,1514,0,0,0,0.000163,0.010709,4.815312,0.130337,0.054351,0,0,0.074838,4.925162,0,0,0,0,,0.746913,3.690609,0.05885,1.250541,2.349308,0.491916
953,1066,ZeratulsRevengeTest,CompetitiveBotTest,1702,1482,0,0,0,0.000163,0.003699,4.849432,0.131261,0.019307,0,0,0.210674,4.789326,0,0,0,0,,0.78013,3.854737,0.05885,1.086413,2.349308,0.491916
953,1067,ZeratulsRevengeTest,Hello_world,1702,1600,0,0,0,0.000163,0.022196,4.759401,0.128824,0.111776,0,0,0.03639,4.96361,0,0,0,0,,0.642713,3.175742,0.05885,1.765408,2.349308,0.491916
953,1078,ZeratulsRevengeTest,LoremIpsum,1702,1242,0,0,0,0.000163,0.000201,4.866462,0.131721,0.001817,0,0,2.238866,2.761134,0,0,0,0,,0.933886,4.614471,0.05885,0.326679,2.349308,0.491916
953,1079,ZeratulsRevengeTest,JimmyBotT,1702,1675,3,0,0,0.000163,0.000205,7.866442,0.131721,0.001837,0,0,2.214052,2.785948,2,1,0,3,2.483691,0.538778,4.662183,0.05885,3.278967,2.440159,0.418169
953,1080,ZeratulsRevengeTest,JimmyBot,1702,1675,4,0,0,0.000163,0.003888,8.848516,0.131236,0.020249,0,0,0.20088,4.79912,3,1,0,4,1.848038,0.538778,5.662183,0.05885,3.278967,1.980556,0.411036
953,1081,ZeratulsRevengeTest,ArtZerg,1702,1537,4,0,0,0.000163,0.000199,8.866469,0.131722,0.00181,0,0,2.24778,2.75222,4,0,0,4,1.517731,0.721078,7.562956,0.05885,1.378194,1.73757,0.411036
953,1082,ZeratulsRevengeTest,Dasyatis,1702,1573,0,0,1,0.000163,0.048918,4.629333,0.125303,1.245364,0,1,0.016577,5.983423,0,0,0,0,,0.677561,3.347928,0.05885,1.593222,2.349308,0.491916
953,1084,ZeratulsRevengeTest,ZippyZap,1702,1457,0,0,0,0.000163,0.84229,0.767645,0.020778,4.211577,0,0,0.000966,4.999034,0,0,0,0,,0.803819,3.971788,0.05885,0.969362,2.349308,0.491916
953,1085,ZeratulsRevengeTest,AgoraLord,1702,1430,0,0,0,0.000163,0.000933,4.862899,0.131625,0.005476,0,0,0.742821,4.257179,0,0,0,0,,0.827178,4.087211,0.05885,0.853939,2.349308,0.491916
953,1086,ZeratulsRevengeTest,CherBoiBlue,1702,1500,0,0,0,0.000163,0.222218,3.785805,0.102471,1.111723,0,0,0.003659,4.996341,0,0,0,0,,0.761842,3.764376,0.05885,1.176774,2.349308,0.491916
953,1087,ZeratulsRevengeTest,SwarmLord2,1702,1533,0,0,0,0.000163,0.003699,4.849432,0.131261,0.019307,0,0,0.210674,4.789326,0,0,0,0,,0.725686,3.585722,0.05885,1.355428,2.349308,0.491916
953,1088,ZeratulsRevengeTest,SwarmLord3,1702,1562,0,0,0,0.000163,0.003468,4.850558,0.131291,0.018151,0,0,0.22409,4.77591,0,0,0,0,,0.691236,3.415502,0.05885,1.525648,2.349308,0.491916
953,1089,ZeratulsRevengeTest,WorkingAsIntended,1702,1596,1,0,0,0.000163,0.041392,5.665967,0.126295,0.207739,0,0,0.01958,4.98042,1,0,0,1,1.597365,0.647983,4.201781,0.05885,1.739369,2.040815,0.448612
959,960,ur_moms_a_ho,BigDaddy,1600,1637,0,0,0,0.022196,0.006779,4.727906,0.127971,0.144123,0,0,3.830198,1.169802,0,0,0,0,,0.446953,2.208462,0.05885,2.732688,2.349308,0.491916
959,961,ur_moms_a_ho,AvocaDOS,1600,1751,0,0,0,0.022196,0.000833,4.756208,0.128737,0.115055,0,0,4.819048,0.180952,0,0,0,0,,0.295415,1.459692,0.05885,3.481458,2.349308,0.491916
959,962,ur_moms_a_ho,AvocaDEV,1600,1700,0,0,0,0.022196,0.057896,4.484578,0.121385,0.394037,0,0,1.385648,3.614352,0,0,0,0,,0.359935,1.778493,0.05885,3.162657,2.349308,0.491916
959,966,ur_moms_a_ho,ArgoBot,1600,1909,0,0,0,0.022196,8.5e-05,4.75977,0.128834,0.111397,0,0,4.980872,0.019128,0,0,0,0,,0.144458,0.713788,0.05885,4.227362,2.349308,0.491916
959,970,ur_moms_a_ho,TheLAW,1600,1576,0,0,0,0.022196,0.05452,4.500652,0.12182,0.377528,0,0,1.446639,3.553361,0,0,0,0,,0.534484,2.640965,0.05885,2.300185,2.349308,0.491916
959,971,ur_moms_a_ho,Nothing,1600,1570,0,0,0,0.022196,0.00831,4.720617,0.127774,0.15161,0,0,3.637927,1.362073,0,0,0,0,,0.543066,2.683373,0.05885,2.257777,2.349308,0.491916
959,977,ur_moms_a_ho,Siriusly,1600,1392,0,0,0,0.022196,0.001619,4.752469,0.128636,0.118895,0,0,4.660118,0.339882,0,0,0,0,,0.768052,3.79506,0.05885,1.14609,2.349308,0.491916
959,981,ur_moms_a_ho,KoB,1600,1499,0,0,0,0.022196,0.001616,4.752481,0.128636,0.118882,0,0,4.660603,0.339397,0,0,0,0,,0.64139,3.169205,0.05885,1.771945,2.349308,0.491916
959,998,ur_moms_a_ho,LordSuperKing,1600,1656,0,0,0,0.022196,0.000132,4.759546,0.128828,0.111626,0,0,4.970414,0.029586,0,0,0,0,,0.4201,2.075778,0.05885,2.865372,2.349308,0.491916
959,1007,ur_moms_a_ho,SharkGull,1600,1605,0,0,0,0.022196,0.000223,4.759115,0.128816,0.11207,0,0,4.950298,0.049702,0,0,0,0,,0.492805,2.435023,0.05885,2.506127,2.349308,0.491916
959,1008,ur_moms_a_ho,Creepy_canon,1600,1587,0,0,0,0.022196,0.074065,4.407611,0.119302,0.473087,0,0,1.152903,3.847097,0,0,0,0,,0.5187,2.562973,0.05885,2.378177,2.349308,0.491916
959,1023,ur_moms_a_ho,MY_SCRIPTING_SON,1600,1275,0,0,0,0.022196,0.333918,3.170667,0.085821,1.743512,0,0,0.311642,4.688358,0,0,0,0,,0.866557,4.281786,0.05885,0.659364,2.349308,0.491916
959,1026,ur_moms_a_ho,WildLupo,1600,1199,0,0,0,0.022196,0.018371,4.672725,0.126478,0.200797,0,0,2.735707,2.264293,0,0,0,0,,0.909566,4.4943,0.05885,0.44685,2.349308,0.491916
959,1029,ur_moms_a_ho,Chomppet,1600,1600,0,0,0,0.022196,0.022196,4.654519,0.125985,0.219497,0,0,2.5,2.5,0,0,0,0,,0.5,2.470575,0.05885,2.470575,2.349308,0.491916
959,1030,ur_moms_a_ho,who,1600,1924,0,0,0,0.022196,8.3e-05,4.759779,0.128834,0.111387,0,0,4.981315,0.018685,0,0,0,0,,0.13411,0.66266,0.05885,4.27849,2.349308,0.491916
959,1032,ur_moms_a_ho,WaterLeak,1600,1607,0,0,0,0.022196,8.4e-05,4.759774,0.128834,0.111392,0,0,4.981089,0.018911,0,0,0,0,,0.489928,2.420806,0.05885,2.520344,2.349308,0.491916
959,1038,ur_moms_a_ho,PolyMorph,1600,1463,0,0,0,0.022196,0.001586,4.752626,0.12864,0.118734,0,0,4.666552,0.333448,0,0,0,0,,0.687538,3.39723,0.05885,1.54392,2.349308,0.491916
959,1042,ur_moms_a_ho,Creepy_duo_canon,1600,1386,0,0,0,0.022196,0.104041,4.26492,0.115439,0.61964,0,0,0.879138,4.120862,0,0,0,0,,0.774148,3.825181,0.05885,1.115969,2.349308,0.491916
959,1044,ur_moms_a_ho,DoopyBot,1600,1418,0,0,0,0.022196,0.009666,4.714165,0.127599,0.158235,0,0,3.483191,1.516809,0,0,0,0,,0.740328,3.658074,0.05885,1.283076,2.349308,0.491916
959,1045,ur_moms_a_ho,tito,1600,1801,0,0,0,0.022196,0.000837,4.756193,0.128737,0.11507,0,0,4.818392,0.181608,0,0,0,0,,0.239204,1.181942,0.05885,3.759208,2.349308,0.491916
959,1049,ur_moms_a_ho,TheCatSC2Bot,1600,970,0,0,0,0.022196,0.003084,4.745495,0.128447,0.126058,0,0,4.390031,0.609969,0,0,0,0,,0.974082,4.813087,0.05885,0.128063,2.349308,0.491916
959,1050,ur_moms_a_ho,onlyfans,1600,1517,0,0,0,0.022196,8.7e-05,4.759763,0.128833,0.111404,0,0,4.98056,0.01944,0,0,0,0,,0.617225,3.049801,0.05885,1.891349,2.349308,0.491916
959,1052,ur_moms_a_ho,Starlight,1600,1204,0,0,0,0.022196,9.3e-05,4.759733,0.128833,0.111434,0,0,4.979167,0.020833,0,0,0,0,,0.90717,4.482463,0.05885,0.458687,2.349308,0.491916
959,1054,ur_moms_a_ho,JimmyBotZ,1600,1724,0,0,0,0.022196,0.005286,4.735012,0.128164,0.136825,0,0,4.038233,0.961767,0,0,0,0,,0.328759,1.62445,0.05885,3.3167,2.349308,0.491916
959,1056,ur_moms_a_ho,bilisaur,1600,1600,0,0,0,0.022196,0.022196,4.654519,0.125985,0.219497,0,0,2.5,2.5,0,0,0,0,,0.5,2.470575,0.05885,2.470575,2.349308,0.491916
959,1057,ur_moms_a_ho,DoopyBot-Test,1600,1238,0,0,0,0.022196,0.023755,4.647099,0.125784,0.227117,0,0,2.415199,2.584801,0,0,0,0,,0.889323,4.394276,0.05885,0.546874,2.349308,0.491916
959,1058,ur_moms_a_ho,JimmyBotP,1600,1711,0,0,0,0.022196,0.005341,4.734753,0.128157,0.13709,0,0,4.030268,0.969732,0,0,0,0,,0.34548,1.707069,0.05885,3.234081,2.349308,0.491916
959,1059,ur_moms_a_ho,NextProBot,1600,1600,0,0,0,0.022196,0.022196,4.654519,0.125985,0.219497,0,0,2.5,2.5,0,0,0,0,,0.5,2.470575,0.05885,2.470575,2.349308,0.491916
959,1060,ur_moms_a_ho,WildFire,1600,1709,0,0,0,0.022196,0.00012,4.759602,0.128829,0.111568,0,0,4.973031,0.026969,0,0,0,0,,0.348088,1.719955,0.05885,3.221195,2.349308,0.491916
959,1065,ur_moms_a_ho,MindMatrix,1600,1514,0,0,0,0.022196,0.010709,4.709197,0.127465,0.163338,0,0,3.372708,1.627292,0,0,0,0,,0.621297,3.06992,0.05885,1.87123,2.349308,0.491916
959,1066,ur_moms_a_ho,CompetitiveBotTest,1600,1482,0,0,0,0.022196,0.003699,4.742566,0.128368,0.129066,0,0,4.285714,0.714286,0,0,0,0,,0.663574,3.278819,0.05885,1.662331,2.349308,0.491916
959,1067,ur_moms_a_ho,Hello_world,1600,1600,0,0,0,0.022196,0.022196,4.654519,0.125985,0.219497,0,0,2.5,2.5,0,0,0,0,,0.5,2.470575,0.05885,2.470575,2.349308,0.491916
959,1078,ur_moms_a_ho,LoremIpsum,1600,1242,0,0,0,0.022196,0.000201,4.75922,0.128819,0.111961,0,0,4.955197,0.044803,0,0,0,0,,0.887036,4.382977,0.05885,0.558173,2.349308,0.491916
959,1079,ur_moms_a_ho,JimmyBotT,1600,1675,0,0,0,0.022196,0.000205,4.759201,0.128818,0.111981,0,0,4.954296,0.045704,0,0,0,0,,0.393712,1.945391,0.05885,2.995759,2.349308,0.491916
959,1080,ur_moms_a_ho,JimmyBot,1600,1675,0,0,0,0.022196,0.003888,4.74167,0.128344,0.129987,0,0,4.254777,0.745223,0,0,0,0,,0.393712,1.945391,0.05885,2.995759,2.349308,0.491916
959,1081,ur_moms_a_ho,ArtZerg,1600,1537,0,0,0,0.022196,0.000199,4.759227,0.128819,0.111954,0,0,4.955516,0.044484,0,0,0,0,,0.589684,2.913715,0.05885,2.027435,2.349308,0.491916
959,1082,ur_moms_a_ho,Dasyatis,1600,1573,0,0,0,0.022196,0.048918,4.527317,0.122542,0.350142,0,0,1.560591,3.439409,0,0,0,0,,0.538778,2.662183,0.05885,2.278967,2.349308,0.491916
959,1084,ur_moms_a_ho,ZippyZap,1600,1457,0,0,0,0.022196,0.84229,0.750729,0.02032,4.228951,0,0,0.128377,4.871623,0,0,0,0,,0.69491,3.433653,0.05885,1.507497,2.349308,0.491916
959,1085,ur_moms_a_ho,AgoraLord,1600,1430,0,0,0,0.022196,0.000933,4.755736,0.128724,0.11554,0,0,4.798387,0.201613,0,0,0,0,,0.72683,3.591376,0.05885,1.349774,2.349308,0.491916
959,1086,ur_moms_a_ho,CherBoiBlue,1600,1500,0,0,0,0.022196,0.222218,3.702378,0.100213,1.197409,0,0,0.454065,4.545935,0,0,0,0,,0.640065,3.162657,0.05885,1.778493,2.349308,0.491916
959,1087,ur_moms_a_ho,SwarmLord2,1600,1533,0,0,0,0.022196,0.003699,4.742566,0.128368,0.129066,0,0,4.285714,0.714286,0,0,0,0,,0.595243,2.941185,0.05885,1.999965,2.349308,0.491916
959,1088,ur_moms_a_ho,SwarmLord3,1600,1562,0,0,0,0.022196,0.003468,4.743666,0.128398,0.127936,0,0,4.324324,0.675676,0,0,0,0,,0.554469,2.739716,0.05885,2.201434,2.349308,0.491916
959,1089,ur_moms_a_ho,WorkingAsIntended,1600,1596,0,0,0,0.022196,0.041392,4.563143,0.123512,0.313345,0,0,1.745304,3.254696,0,0,0,0,,0.505756,2.499017,0.05885,2.442133,2.349308,0.491916
960,961,BigDaddy,AvocaDOS,1637,1751,27,0,0,0.006779,0.000833,31.831199,0.130767,0.038034,0,0,4.452578,0.547422,10,14,3,27,2.184675,0.341585,11.687825,3.05885,17.253325,2.192997,0.384349
960,962,BigDaddy,AvocaDEV,1637,1700,8,0,0,0.006779,0.057896,12.555286,0.123299,0.321415,0,0,0.524078,4.475922,3,5,0,8,2.061681,0.410316,5.027435,0.05885,7.913715,2.105491,0.397274
960,966,BigDaddy,ArgoBot,1637,1909,2,0,1,0.006779,8.5e-05,6.834817,0.130865,1.034318,1,0,5.937911,0.062089,0,2,0,2,2.548067,0.172822,0.853939,0.05885,6.087211,2.464951,0.429209
960,970,BigDaddy,TheLAW,1637,1576,54,0,0,0.006779,0.05452,58.571613,0.123741,0.304646,0,0,0.552948,4.447052,24,30,0,54,1.948723,0.586895,26.899936,0.05885,32.041214,1.95911,0.381156
960,971,BigDaddy,Nothing,1637,1570,54,0,0,0.006779,0.00831,58.795046,0.129788,0.075165,0,0,2.246282,2.753718,11,43,0,54,2.061701,0.595243,13.941185,0.05885,44.999965,2.069159,0.381156
960,977,BigDaddy,Siriusly,1637,1392,5,0,0,0.006779,0.001619,9.827401,0.130664,0.041934,0,0,4.036153,0.963847,5,0,0,5,1.948287,0.803819,8.971788,0.05885,0.969362,2.037834,0.406046
960,981,BigDaddy,KoB,1637,1499,25,0,0,0.006779,0.001616,29.827413,0.130665,0.041922,0,0,4.037344,0.962656,16,9,0,25,1.79231,0.688774,19.403334,0.05885,10.537816,1.822595,0.384842
960,998,BigDaddy,LordSuperKing,1637,1656,24,0,0,0.006779,0.000132,28.83459,0.130859,0.034551,0,0,4.904416,0.095584,7,17,0,24,2.192144,0.472684,9.335603,0.05885,19.605547,2.201025,0.385118
960,1007,BigDaddy,SharkGull,1637,1605,17,0,0,0.006779,0.000223,21.834151,0.130847,0.035002,0,0,4.840863,0.159137,16,1,0,17,1.912046,0.545922,18.697482,0.05885,3.243668,1.946137,0.387873
960,1008,BigDaddy,Creepy_canon,1637,1587,0,0,0,0.006779,0.074065,4.477106,0.121183,0.401711,0,0,0.419263,4.580737,0,0,0,0,,0.571463,2.823685,0.05885,2.117465,2.349308,0.491916
960,1023,BigDaddy,MY_SCRIPTING_SON,1637,1275,2,0,0,0.006779,0.333918,5.220659,0.087174,1.692167,0,0,0.099487,4.900513,2,0,0,2,1.514779,0.889323,6.394276,0.05885,0.546874,1.863759,0.429209
960,1026,BigDaddy,WildLupo,1637,1199,0,0,0,0.006779,0.018371,4.7464,0.128472,0.125128,0,0,1.347703,3.652297,0,0,0,0,,0.925624,4.573646,0.05885,0.367504,2.349308,0.491916
960,1029,BigDaddy,Chomppet,1637,1600,0,0,0,0.006779,0.022196,4.727906,0.127971,0.144123,0,0,1.169802,3.830198,0,0,0,0,,0.553047,2.732688,0.05885,2.208462,2.349308,0.491916
960,1030,BigDaddy,who,1637,1924,3,0,0,0.006779,8.3e-05,7.834826,0.130865,0.034308,0,0,4.939338,0.060662,1,2,0,3,1.539034,0.160825,1.794659,0.05885,6.146491,1.801513,0.418169
960,1032,BigDaddy,WaterLeak,1637,1607,32,0,2,0.006779,8.4e-05,36.834821,0.130865,2.034313,2,0,6.93861,0.06139,9,23,0,32,1.907651,0.543066,11.683373,0.05885,25.257777,1.926638,0.383371
960,1038,BigDaddy,PolyMorph,1637,1463,8,0,0,0.006779,0.001586,12.82756,0.130669,0.041771,0,0,4.051998,0.948002,8,0,0,8,1.989774,0.731378,11.613848,0.05885,1.327302,2.044536,0.397274
960,1042,BigDaddy,Creepy_duo_canon,1637,1386,2,0,0,0.006779,0.104041,6.332165,0.11726,0.550575,0,0,0.305856,4.694144,0,2,0,2,1.587688,0.809208,3.998418,0.05885,2.942732,1.906179,0.429209
960,1044,BigDaddy,DoopyBot,1637,1418,18,0,0,0.006779,0.009666,22.788494,0.129611,0.081895,0,0,2.061165,2.938835,18,0,0,18,1.693816,0.779141,21.849851,0.05885,1.091299,1.742292,0.38736
960,1045,BigDaddy,tito,1637,1801,17,0,0,0.006779,0.000837,21.831184,0.130767,0.03805,0,0,4.450744,0.549256,14,3,0,17,1.875805,0.280081,15.383922,0.05885,6.557228,1.912721,0.387873
960,1049,BigDaddy,TheCatSC2Bot,1637,970,0,0,0,0.006779,0.003084,4.820317,0.130472,0.049211,0,0,3.43658,1.56342,0,0,0,0,,0.97895,4.837137,0.05885,0.104013,2.349308,0.491916
960,1050,BigDaddy,onlyfans,1637,1517,25,0,0,0.006779,8.7e-05,29.83481,0.130865,0.034325,0,0,4.936906,0.063094,24,1,0,25,1.575597,0.666139,27.291495,0.05885,2.649655,1.617666,0.384842
960,1052,BigDaddy,Starlight,1637,1204,1,0,0,0.006779,9.3e-05,5.83478,0.130864,0.034356,0,0,4.932427,0.067573,1,0,0,1,2.006871,0.923618,5.563734,0.05885,0.377416,2.208819,0.448612
960,1054,BigDaddy,JimmyBotZ,1637,1724,37,0,0,0.006779,0.005286,41.809668,0.130184,0.060147,0,0,2.809293,2.190707,24,13,0,37,2.115136,0.37735,25.864542,0.05885,16.076608,2.123894,0.382646
960,1056,BigDaddy,bilisaur,1637,1600,0,0,0,0.006779,0.022196,4.727906,0.127971,0.144123,0,0,1.169802,3.830198,0,0,0,0,,0.553047,2.732688,0.05885,2.208462,2.349308,0.491916
960,1057,BigDaddy,DoopyBot-Test,1637,1238,4,0,0,0.006779,0.023755,8.72037,0.127767,0.151863,0,0,1.110087,3.889913,4,0,0,4,1.705957,0.908614,8.489598,0.05885,0.451552,1.876036,0.411036
960,1058,BigDaddy,JimmyBotP,1637,1711,18,0,0,0.006779,0.005341,22.809406,0.130177,0.060417,0,0,2.796704,2.203296,12,6,0,18,1.755958,0.395087,13.952185,0.05885,8.988965,1.799838,0.38736
960,1059,BigDaddy,NextProBot,1637,1600,0,0,0,0.006779,0.022196,4.727906,0.127971,0.144123,0,0,1.169802,3.830198,0,0,0,0,,0.553047,2.732688,0.05885,2.208462,2.349308,0.491916
960,1060,BigDaddy,WildFire,1637,1709,15,0,1,0.006779,0.00012,19.834647,0.13086,1.034493,1,0,5.912768,0.087232,3,11,1,15,2.149648,0.397842,4.965797,1.05885,13.975353,2.167109,0.389085
960,1065,BigDaddy,MindMatrix,1637,1514,6,0,0,0.006779,0.010709,10.783447,0.129475,0.087079,0,0,1.938153,3.061847,6,0,0,6,1.691608,0.669969,9.310417,0.05885,1.630733,1.818724,0.402359
960,1066,BigDaddy,CompetitiveBotTest,1637,1482,0,0,0,0.006779,0.003699,4.817342,0.130392,0.052266,0,0,3.234771,1.765229,0,0,0,0,,0.709355,3.505028,0.05885,1.436122,2.349308,0.491916
960,1067,BigDaddy,Hello_world,1637,1600,0,0,0,0.006779,0.022196,4.727906,0.127971,0.144123,0,0,1.169802,3.830198,0,0,0,0,,0.553047,2.732688,0.05885,2.208462,2.349308,0.491916
960,1078,BigDaddy,LoremIpsum,1637,1242,0,0,0,0.006779,0.000201,4.834259,0.13085,0.034892,0,0,4.856235,0.143765,0,0,0,0,,0.906684,4.480062,0.05885,0.461088,2.349308,0.491916
960,1079,BigDaddy,JimmyBotT,1637,1675,18,0,0,0.006779,0.000205,22.834239,0.130849,0.034912,0,0,4.853403,0.146597,15,3,0,18,1.604632,0.445531,17.201434,0.05885,5.739716,1.659704,0.38736
960,1080,BigDaddy,JimmyBot,1637,1675,18,0,0,0.006779,0.003888,22.816431,0.130367,0.053201,0,0,3.177669,1.822331,11,7,0,18,1.95032,0.445531,13.201434,0.05885,9.739716,1.979827,0.38736
960,1081,BigDaddy,ArtZerg,1637,1537,18,0,0,0.006779,0.000199,22.834265,0.13085,0.034884,0,0,4.857238,0.142762,18,0,0,18,1.638774,0.640065,21.162657,0.05885,1.778493,1.691321,0.38736
960,1082,BigDaddy,Dasyatis,1637,1573,6,0,1,0.006779,0.048918,10.598699,0.124474,1.276827,0,1,0.60856,5.39144,3,3,0,6,2.136805,0.591076,5.920593,0.05885,5.020557,2.177877,0.402359
960,1084,BigDaddy,ZippyZap,1637,1457,0,0,0,0.006779,0.84229,0.762566,0.020641,4.216794,0,0,0.03992,4.96008,0,0,0,0,,0.738109,3.647107,0.05885,1.294043,2.349308,0.491916
960,1085,BigDaddy,AgoraLord,1637,1430,1,0,0,0.006779,0.000933,5.83072,0.130754,0.038526,0,0,4.395324,0.604676,1,0,0,1,1.545433,0.767025,4.789985,0.05885,1.151165,2.019508,0.448612
960,1086,BigDaddy,CherBoiBlue,1637,1500,0,0,0,0.006779,0.222218,3.760753,0.101793,1.137454,0,0,0.148015,4.851985,0,0,0,0,,0.687538,3.39723,0.05885,1.54392,2.349308,0.491916
960,1087,BigDaddy,SwarmLord2,1637,1533,0,0,0,0.006779,0.003699,4.817342,0.130392,0.052266,0,0,3.234771,1.765229,0,0,0,0,,0.645352,3.188783,0.05885,1.752367,2.349308,0.491916
960,1088,BigDaddy,SwarmLord3,1637,1562,0,0,0,0.006779,0.003468,4.81846,0.130422,0.051118,0,0,3.307758,1.692242,0,0,0,0,,0.606288,2.995759,0.05885,1.945391,2.349308,0.491916
960,1089,BigDaddy,WorkingAsIntended,1637,1596,1,0,0,0.006779,0.041392,5.63509,0.125459,0.239451,0,0,0.703643,4.296357,0,1,0,1,2.199444,0.558731,2.760776,0.05885,3.180374,2.287825,0.448612
961,962,AvocaDOS,AvocaDEV,1751,1700,5,0,1,0.000833,0.057896,9.582555,0.124037,1.293408,0,1,0.070956,5.929044,3,2,0,5,2.138289,0.572872,5.830648,0.05885,4.110502,2.185409,0.406046
961,966,AvocaDOS,ArgoBot,1751,1909,38,0,0,0.000833,8.5e-05,42.863759,0.131648,0.004593,0,0,4.536085,0.463915,14,24,0,38,2.552045,0.287098,15.418594,0.05885,27.522556,2.544656,0.382523
961,970,AvocaDOS,TheLAW,1751,1576,19,0,1,0.000833,0.05452,23.59898,0.124482,1.276539,0,1,0.075284,5.924716,13,6,0,19,2.305997,0.732507,16.619428,0.05885,7.321722,2.309044,0.386896
961,971,AvocaDOS,Nothing,1751,1570,20,0,1,0.000833,0.00831,24.82375,0.130565,1.045684,0,1,0.455741,5.544259,16,4,0,20,2.405536,0.73922,19.652598,0.05885,5.288552,2.401766,0.386474
961,977,AvocaDOS,Siriusly,1751,1392,6,0,0,0.000833,0.001619,10.856299,0.131446,0.012255,0,0,1.699314,3.300686,5,0,1,6,2.176317,0.887611,9.38582,1.05885,0.55533,2.209751,0.402359
961,981,AvocaDOS,KoB,1751,1499,14,0,0,0.000833,0.001616,18.856311,0.131447,0.012242,0,0,1.701034,3.298966,6,8,0,14,2.096607,0.810095,10.002802,0.05885,8.938348,2.120137,0.389807
961,998,AvocaDOS,LordSuperKing,1751,1656,14,0,0,0.000833,0.000132,18.863531,0.131642,0.004827,0,0,4.315844,0.684156,11,3,0,14,2.374884,0.633408,14.129762,0.05885,4.811388,2.372503,0.389807
961,1007,AvocaDOS,SharkGull,1751,1605,0,0,0,0.000833,0.000223,4.863089,0.13163,0.005281,0,0,3.945127,1.054873,0,0,0,0,,0.698559,3.451683,0.05885,1.489467,2.349308,0.491916
961,1008,AvocaDOS,Creepy_canon,1751,1587,0,0,0,0.000833,0.074065,4.503907,0.121908,0.374185,0,0,0.055638,4.944362,0,0,0,0,,0.719919,3.557228,0.05885,1.383922,2.349308,0.491916
961,1023,AvocaDOS,MY_SCRIPTING_SON,1751,1275,0,0,0,0.000833,0.333918,3.239938,0.087696,1.672366,0,0,0.012449,4.987551,0,0,0,0,,0.93935,4.641471,0.05885,0.299679,2.349308,0.491916
961,1026,AvocaDOS,WildLupo,1751,1199,0,0,0,0.000833,0.018371,4.774812,0.129241,0.095947,0,0,0.21699,4.78301,0,0,0,0,,0.959981,4.743412,0.05885,0.197738,2.349308,0.491916
961,1029,AvocaDOS,Chomppet,1751,1600,0,0,0,0.000833,0.022196,4.756208,0.128737,0.115055,0,0,0.180952,4.819048,0,0,0,0,,0.704585,3.481458,0.05885,1.459692,2.349308,0.491916
961,1030,AvocaDOS,who,1751,1924,35,3,0,0.000833,8.3e-05,39.863768,3.131649,0.004583,0,0,4.545893,0.454107,6,29,0,35,2.187986,0.269755,7.332898,0.05885,32.608252,2.19435,0.382913
961,1032,AvocaDOS,WaterLeak,1751,1607,15,15,0,0.000833,8.4e-05,19.863763,15.131648,0.004588,0,0,4.540883,0.459117,7,5,3,15,2.702822,0.696129,10.439677,3.05885,6.501473,2.671907,0.389085
961,1038,AvocaDOS,PolyMorph,1751,1463,4,0,0,0.000833,0.001586,8.856459,0.131451,0.012091,0,0,1.722379,3.277621,4,0,0,4,2.159618,0.839951,8.150322,0.05885,0.790828,2.209765,0.411036
961,1042,AvocaDOS,Creepy_duo_canon,1751,1386,1,1,0,0.000833,0.104041,5.358098,1.117962,0.52394,0,0,0.039735,4.960265,0,1,0,1,1.83098,0.891011,4.402619,0.05885,1.538531,2.136658,0.448612
961,1044,AvocaDOS,DoopyBot,1751,1418,9,0,0,0.000833,0.009666,13.817158,0.130387,0.052455,0,0,0.396914,4.603086,9,0,0,9,2.047374,0.871793,13.307658,0.05885,0.633492,2.088957,0.395447
961,1045,AvocaDOS,tito,1751,1801,36,0,1,0.000833,0.000837,40.860104,0.131549,1.008347,1,0,3.495303,2.504697,13,23,0,36,2.430902,0.428537,15.117465,0.05885,25.823685,2.427769,0.382776
961,1049,AvocaDOS,TheCatSC2Bot,1751,970,0,0,0,0.000833,0.003084,4.849172,0.131254,0.019574,0,0,1.063758,3.936242,0,0,0,0,,0.988967,4.886636,0.05885,0.054514,2.349308,0.491916
961,1050,AvocaDOS,onlyfans,1751,1517,9,0,0,0.000833,8.7e-05,13.863752,0.131648,0.0046,0,0,4.529196,0.470804,9,0,0,9,2.332821,0.793641,12.921498,0.05885,1.019652,2.335091,0.395447
961,1052,AvocaDOS,Starlight,1751,1204,1,0,0,0.000833,9.3e-05,5.863721,0.131647,0.004631,0,0,4.49871,0.50129,0,1,0,1,3.780319,0.958861,4.737875,0.05885,1.203275,2.936397,0.448612
961,1054,AvocaDOS,JimmyBotZ,1751,1724,14,0,0,0.000833,0.005286,18.83846,0.130964,0.030577,0,0,0.680945,4.319055,14,0,0,14,2.182645,0.538778,16.662183,0.05885,2.278967,2.198164,0.389807
961,1056,AvocaDOS,bilisaur,1751,1600,0,0,0,0.000833,0.022196,4.756208,0.128737,0.115055,0,0,0.180952,4.819048,0,0,0,0,,0.704585,3.481458,0.05885,1.459692,2.349308,0.491916
961,1057,AvocaDOS,DoopyBot-Test,1751,1238,1,0,0,0.000833,0.023755,5.748626,0.128532,0.122842,0,0,0.169481,4.830519,1,0,0,1,2.064328,0.950408,5.696109,0.05885,0.245041,2.232392,0.448612
961,1058,AvocaDOS,JimmyBotP,1751,1711,3,0,0,0.000833,0.005341,7.838195,0.130956,0.030848,0,0,0.674955,4.325045,3,0,0,3,2.05368,0.557312,5.75376,0.05885,2.18739,2.149445,0.418169
961,1059,AvocaDOS,NextProBot,1751,1600,0,0,0,0.000833,0.022196,4.756208,0.128737,0.115055,0,0,0.180952,4.819048,0,0,0,0,,0.704585,3.481458,0.05885,1.459692,2.349308,0.491916
961,1060,AvocaDOS,WildFire,1751,1709,15,4,0,0.000833,0.00012,19.863588,4.131644,0.004769,0,0,4.369012,0.630988,9,1,5,15,2.795068,0.56015,11.767786,5.05885,3.173364,2.756086,0.389085
961,1065,AvocaDOS,MindMatrix,1751,1514,2,0,0,0.000833,0.010709,6.812081,0.13025,0.057669,0,0,0.361025,4.638975,2,0,0,2,2.07922,0.796455,5.935402,0.05885,1.005748,2.192164,0.429209
961,1066,AvocaDOS,CompetitiveBotTest,1751,1482,0,0,0,0.000833,0.003699,4.846179,0.131172,0.022648,0,0,0.919352,4.080648,0,0,0,0,,0.824695,4.074943,0.05885,0.866207,2.349308,0.491916
961,1067,AvocaDOS,Hello_world,1751,1600,0,0,0,0.000833,0.022196,4.756208,0.128737,0.115055,0,0,0.180952,4.819048,0,0,0,0,,0.704585,3.481458,0.05885,1.459692,2.349308,0.491916
961,1078,AvocaDOS,LoremIpsum,1751,1242,0,0,0,0.000833,0.000201,4.863197,0.131633,0.00517,0,0,4.029682,0.970318,0,0,0,0,,0.949312,4.690691,0.05885,0.250459,2.349308,0.491916
961,1079,AvocaDOS,JimmyBotT,1751,1675,0,0,0,0.000833,0.000205,4.863177,0.131633,0.00519,0,0,4.013873,0.986127,0,0,0,0,,0.607661,3.002544,0.05885,1.938606,2.349308,0.491916
961,1080,AvocaDOS,JimmyBot,1751,1675,0,0,0,0.000833,0.003888,4.845263,0.131148,0.023589,0,0,0.882685,4.117315,0,0,0,0,,0.607661,3.002544,0.05885,1.938606,2.349308,0.491916
961,1081,AvocaDOS,ArtZerg,1751,1537,0,0,0,0.000833,0.000199,4.863204,0.131633,0.005163,0,0,4.035305,0.964695,0,0,0,0,,0.774148,3.825181,0.05885,1.115969,2.349308,0.491916
961,1082,AvocaDOS,Dasyatis,1751,1573,0,0,0,0.000833,0.048918,4.626227,0.125219,0.248554,0,0,0.083761,4.916239,0,0,0,0,,0.735877,3.636081,0.05885,1.305069,2.349308,0.491916
961,1084,AvocaDOS,ZippyZap,1751,1457,0,0,0,0.000833,0.84229,0.76713,0.020764,4.212106,0,0,0.004943,4.995057,0,0,0,0,,0.84454,4.172996,0.05885,0.768154,2.349308,0.491916
961,1085,AvocaDOS,AgoraLord,1751,1430,0,0,0,0.000833,0.000933,4.859637,0.131537,0.008826,0,0,2.359628,2.640372,0,0,0,0,,0.863871,4.268519,0.05885,0.672631,2.349308,0.491916
961,1086,AvocaDOS,CherBoiBlue,1751,1500,0,0,0,0.000833,0.222218,3.783266,0.102402,1.114332,0,0,0.018683,4.981317,0,0,0,0,,0.809208,3.998418,0.05885,0.942732,2.349308,0.491916
961,1087,AvocaDOS,SwarmLord2,1751,1533,0,0,0,0.000833,0.003699,4.846179,0.131172,0.022648,0,0,0.919352,4.080648,0,0,0,0,,0.778148,3.844948,0.05885,1.096202,2.349308,0.491916
961,1088,AvocaDOS,SwarmLord3,1751,1562,0,0,0,0.000833,0.003468,4.847304,0.131203,0.021493,0,0,0.968767,4.031233,0,0,0,0,,0.748,3.695978,0.05885,1.245172,2.349308,0.491916
961,1089,AvocaDOS,WorkingAsIntended,1751,1596,0,0,0,0.000833,0.041392,4.662837,0.12621,0.210954,0,0,0.09869,4.90131,0,0,0,0,,0.709355,3.505028,0.05885,1.436122,2.349308,0.491916
962,966,AvocaDEV,ArgoBot,1700,1909,2,0,0,0.057896,8.5e-05,6.585986,0.12413,0.289884,0,0,4.99265,0.00735,1,1,0,2,2.204499,0.230924,2.141031,0.05885,4.800119,2.265054,0.429209
962,970,AvocaDEV,TheLAW,1700,1576,7,0,1,0.057896,0.05452,11.336329,0.117372,1.546299,0,1,2.575094,3.424906,5,2,0,7,2.186155,0.671241,8.3167,0.05885,3.62445,2.213951,0.399523
962,971,AvocaDEV,Nothing,1700,1570,8,0,0,0.057896,0.00831,12.548263,0.123109,0.328629,0,0,4.372393,0.627607,4,4,0,8,2.249917,0.678817,7.354136,0.05885,5.587014,2.265056,0.397274
962,977,AvocaDEV,Siriusly,1700,1392,1,0,0,0.057896,0.001619,5.578953,0.123939,0.297108,0,0,4.863997,0.136003,1,0,0,1,2.198335,0.854829,5.223839,0.05885,0.717311,2.28737,0.448612
962,981,AvocaDEV,KoB,1700,1499,4,0,0,0.057896,0.001616,8.578964,0.12394,0.297096,0,0,4.8642,0.1358,4,0,0,4,1.997554,0.760796,7.759208,0.05885,1.181942,2.090545,0.411036
962,998,AvocaDEV,LordSuperKing,1700,1656,5,0,1,0.057896,0.000132,9.585771,0.124124,1.290105,1,0,5.988616,0.011384,4,1,0,5,2.532091,0.562985,6.781792,0.05885,3.159358,2.491276,0.406046
962,1007,AvocaDEV,SharkGull,1700,1605,0,0,0,0.057896,0.000223,4.585355,0.124113,0.290532,0,0,4.980828,0.019172,0,0,0,0,,0.633408,3.129762,0.05885,1.811388,2.349308,0.491916
962,1008,AvocaDEV,Creepy_canon,1700,1587,0,0,0,0.057896,0.074065,4.246686,0.114946,0.638368,0,0,2.193683,2.806317,0,0,0,0,,0.657119,3.246922,0.05885,1.694228,2.349308,0.491916
962,1023,AvocaDEV,MY_SCRIPTING_SON,1700,1275,1,0,0,0.057896,0.333918,4.054903,0.082688,1.862409,0,0,0.738825,4.261175,1,0,0,1,2.032088,0.920305,5.547364,0.05885,0.393786,2.219165,0.448612
962,1026,AvocaDEV,WildLupo,1700,1199,1,0,0,0.057896,0.018371,5.50212,0.12186,0.37602,0,0,3.79561,1.20439,1,0,0,1,2.138889,0.947049,5.679512,0.05885,0.261638,2.262981,0.448612
962,1029,AvocaDEV,Chomppet,1700,1600,0,0,0,0.057896,0.022196,4.484578,0.121385,0.394037,0,0,3.614352,1.385648,0,0,0,0,,0.640065,3.162657,0.05885,1.778493,2.349308,0.491916
962,1030,AvocaDEV,who,1700,1924,2,0,0,0.057896,8.3e-05,6.585995,0.12413,0.289875,0,0,4.99282,0.00718,1,1,0,2,2.615488,0.215946,2.067023,0.05885,4.874127,2.504178,0.429209
962,1032,AvocaDEV,WaterLeak,1700,1607,4,2,1,0.057896,8.4e-05,8.585991,2.12413,1.289879,1,0,5.992733,0.007267,3,1,0,4,2.4228,0.63073,6.116533,0.05885,2.824617,2.403371,0.411036
962,1038,AvocaDEV,PolyMorph,1700,1463,1,0,0,0.057896,0.001586,5.579103,0.123944,0.296953,0,0,4.866683,0.133317,1,0,0,1,2.157559,0.796455,4.935402,0.05885,1.005748,2.270641,0.448612
962,1042,AvocaDEV,Creepy_duo_canon,1700,1386,1,0,0,0.057896,0.104041,5.109204,0.111225,0.779571,0,0,1.787614,3.212386,0,1,0,1,1.701105,0.859063,4.244759,0.05885,1.696391,2.083375,0.448612
962,1044,AvocaDEV,DoopyBot,1700,1418,2,1,1,0.057896,0.009666,6.542047,1.122941,1.335012,1,0,5.284688,0.715312,1,1,0,2,2.412071,0.835253,5.12711,0.05885,1.81404,2.385825,0.429209
962,1045,AvocaDEV,tito,1700,1801,3,0,0,0.057896,0.000837,7.58254,0.124037,0.293423,0,0,4.928781,0.071219,1,2,0,3,2.594633,0.35861,2.771945,0.05885,5.169205,2.515163,0.418169
962,1049,AvocaDEV,TheCatSC2Bot,1700,970,1,0,0,0.057896,0.003084,5.572233,0.123758,0.30401,0,0,4.747132,0.252868,1,0,0,1,2.33602,0.985258,5.868309,0.05885,0.072841,2.343856,0.448612
962,1050,AvocaDEV,onlyfans,1700,1517,2,0,2,0.057896,8.7e-05,6.58598,0.12413,2.28989,2,0,6.992529,0.007471,2,0,0,2,2.42913,0.741434,5.663534,0.05885,1.277616,2.395751,0.429209
962,1052,AvocaDEV,Starlight,1700,1204,0,0,1,0.057896,9.3e-05,4.585951,0.124129,1.28992,1,0,5.991992,0.008008,0,0,0,0,,0.945587,4.672288,0.05885,0.268862,2.349308,0.491916
962,1054,AvocaDEV,JimmyBotZ,1700,1724,4,0,1,0.057896,0.005286,8.562132,0.123484,1.314384,1,0,5.581665,0.418335,4,0,0,4,2.331586,0.465516,6.300185,0.05885,2.640965,2.336271,0.411036
962,1056,AvocaDEV,bilisaur,1700,1600,0,0,0,0.057896,0.022196,4.484578,0.121385,0.394037,0,0,3.614352,1.385648,0,0,0,0,,0.640065,3.162657,0.05885,1.778493,2.349308,0.491916
962,1057,AvocaDEV,DoopyBot-Test,1700,1238,4,0,0,0.057896,0.023755,8.477429,0.121191,0.401379,0,0,3.545356,1.454644,3,1,0,4,2.218245,0.934593,7.617965,0.05885,1.323185,2.252893,0.411036
962,1058,AvocaDEV,JimmyBotP,1700,1711,1,0,0,0.057896,0.005341,5.561883,0.123477,0.314639,0,0,4.57773,0.42227,1,0,0,1,2.171337,0.484175,3.392381,0.05885,2.548769,2.276293,0.448612
962,1059,AvocaDEV,NextProBot,1700,1600,0,0,0,0.057896,0.022196,4.484578,0.121385,0.394037,0,0,3.614352,1.385648,0,0,0,0,,0.640065,3.162657,0.05885,1.778493,2.349308,0.491916
962,1060,AvocaDEV,WildFire,1700,1709,2,2,0,0.057896,0.00012,6.585825,2.124125,0.290049,0,0,4.989626,0.010374,0,0,2,2,3.801308,0.487051,2.406591,2.05885,2.534559,3.194116,0.429209
962,1065,AvocaDEV,MindMatrix,1700,1514,3,0,0,0.057896,0.010709,7.53726,0.122811,0.339929,0,0,4.219504,0.780496,3,0,0,3,2.647425,0.74473,6.679825,0.05885,1.261325,2.550853,0.418169
962,1066,AvocaDEV,CompetitiveBotTest,1700,1482,0,0,0,0.057896,0.003699,4.569411,0.123681,0.306908,0,0,4.699709,0.300291,0,0,0,0,,0.778148,3.844948,0.05885,1.096202,2.349308,0.491916
962,1067,AvocaDEV,Hello_world,1700,1600,0,0,0,0.057896,0.022196,4.484578,0.121385,0.394037,0,0,3.614352,1.385648,0,0,0,0,,0.640065,3.162657,0.05885,1.778493,2.349308,0.491916
962,1078,AvocaDEV,LoremIpsum,1700,1242,0,0,0,0.057896,0.000201,4.585457,0.124115,0.290428,0,0,4.982728,0.017272,0,0,0,0,,0.933172,4.610941,0.05885,0.330209,2.349308,0.491916
962,1079,AvocaDEV,JimmyBotT,1700,1675,0,0,0,0.057896,0.000205,4.585438,0.124115,0.290447,0,0,4.982379,0.017621,0,0,0,0,,0.535916,2.648041,0.05885,2.293109,2.349308,0.491916
962,1080,AvocaDEV,JimmyBot,1700,1675,0,0,0,0.057896,0.003888,4.568547,0.123658,0.307795,0,0,4.685386,0.314614,0,0,0,0,,0.535916,2.648041,0.05885,2.293109,2.349308,0.491916
962,1081,AvocaDEV,ArtZerg,1700,1537,0,0,0,0.057896,0.000199,4.585463,0.124116,0.290421,0,0,4.982852,0.017148,0,0,0,0,,0.718757,3.551485,0.05885,1.389665,2.349308,0.491916
962,1082,AvocaDEV,Dasyatis,1700,1573,0,0,0,0.057896,0.048918,4.36202,0.118068,0.519912,0,0,2.710139,2.289861,0,0,0,0,,0.67504,3.335475,0.05885,1.605675,2.349308,0.491916
962,1084,AvocaDEV,ZippyZap,1700,1457,0,0,0,0.057896,0.84229,0.723319,0.019578,4.257103,0,0,0.321581,4.678419,0,0,0,0,,0.801997,3.962786,0.05885,0.978364,2.349308,0.491916
962,1085,AvocaDEV,AgoraLord,1700,1430,0,0,0,0.057896,0.000933,4.5821,0.124025,0.293875,0,0,4.920736,0.079264,0,0,0,0,,0.825526,4.079048,0.05885,0.862102,2.349308,0.491916
962,1086,AvocaDEV,CherBoiBlue,1700,1500,0,0,0,0.057896,0.222218,3.567201,0.096554,1.336245,0,0,1.033443,3.966557,0,0,0,0,,0.759747,3.754024,0.05885,1.187126,2.349308,0.491916
962,1087,AvocaDEV,SwarmLord2,1700,1533,0,0,0,0.057896,0.003699,4.569411,0.123681,0.306908,0,0,4.699709,0.300291,0,0,0,0,,0.723388,3.574368,0.05885,1.366782,2.349308,0.491916
962,1088,AvocaDEV,SwarmLord3,1700,1562,0,0,0,0.057896,0.003468,4.570471,0.12371,0.305819,0,0,4.717416,0.282584,0,0,0,0,,0.688774,3.403334,0.05885,1.537816,2.349308,0.491916
962,1089,AvocaDEV,WorkingAsIntended,1700,1596,0,0,0,0.057896,0.041392,4.396539,0.119002,0.484459,0,0,2.915576,2.084424,0,0,0,0,,0.645352,3.188783,0.05885,1.752367,2.349308,0.491916
966,970,ArgoBot,TheLAW,1909,1576,1,0,0,8.5e-05,0.05452,5.602424,0.124575,0.273002,0,0,0.007805,4.992195,1,0,0,1,2.38968,0.871793,5.307658,0.05885,0.633492,2.365871,0.448612
966,971,ArgoBot,Nothing,1909,1570,1,0,0,8.5e-05,0.00831,5.827362,0.130663,0.041975,0,0,0.050763,4.949237,1,0,0,1,2.305581,0.875604,5.326489,0.05885,0.614661,2.331368,0.448612
966,977,ArgoBot,Siriusly,1909,1392,1,0,0,8.5e-05,0.001619,5.859935,0.131545,0.00852,0,0,0.250099,4.749901,1,0,0,1,2.502255,0.951482,5.701416,0.05885,0.239734,2.412056,0.448612
966,981,ArgoBot,KoB,1909,1499,4,0,0,8.5e-05,0.001616,8.859947,0.131545,0.008507,0,0,0.250463,4.749537,2,2,0,4,2.071483,0.913738,6.514915,0.05885,2.426235,2.144929,0.411036
966,998,ArgoBot,LordSuperKing,1909,1656,9,0,0,8.5e-05,0.000132,13.867173,0.131741,0.001087,0,0,1.960784,3.039216,9,0,0,9,2.523235,0.810979,13.00717,0.05885,0.93398,2.499282,0.395447
966,1007,ArgoBot,SharkGull,1909,1605,0,0,0,8.5e-05,0.000223,4.866731,0.131729,0.00154,0,0,1.383333,3.616667,0,0,0,0,,0.851948,4.209605,0.05885,0.731545,2.349308,0.491916
966,1008,ArgoBot,Creepy_canon,1909,1587,0,0,0,8.5e-05,0.074065,4.507279,0.121999,0.370721,0,0,0.005748,4.994252,0,0,0,0,,0.864547,4.271856,0.05885,0.669294,2.349308,0.491916
966,1023,ArgoBot,MY_SCRIPTING_SON,1909,1275,1,0,0,8.5e-05,0.333918,4.242364,0.087762,1.669874,0,0,0.001276,4.998724,1,0,0,1,2.307573,0.974657,5.815928,0.05885,0.125222,2.332186,0.448612
966,1026,ArgoBot,WildLupo,1909,1199,0,0,0,8.5e-05,0.018371,4.778388,0.129338,0.092274,0,0,0.023092,4.976908,0,0,0,0,,0.983489,4.859567,0.05885,0.081583,2.349308,0.491916
966,1029,ArgoBot,Chomppet,1909,1600,0,0,0,8.5e-05,0.022196,4.75977,0.128834,0.111397,0,0,0.019128,4.980872,0,0,0,0,,0.855542,4.227362,0.05885,0.713788,2.349308,0.491916
966,1030,ArgoBot,who,1909,1924,59,1,0,8.5e-05,8.3e-05,63.86741,1.131747,0.000842,0,0,2.529412,2.470588,32,27,0,59,2.158351,0.478427,34.363978,0.05885,29.577172,2.162892,0.380876
966,1032,ArgoBot,WaterLeak,1909,1607,24,0,0,8.5e-05,8.4e-05,28.867405,0.131747,0.000847,0,0,2.514318,2.485682,14,10,0,24,2.16671,0.85049,18.2024,0.05885,10.73875,2.177029,0.385118
966,1038,ArgoBot,PolyMorph,1909,1463,1,0,0,8.5e-05,0.001586,5.860095,0.131549,0.008356,0,0,0.255013,4.744987,1,0,0,1,2.285439,0.928733,5.589007,0.05885,0.352143,2.323105,0.448612
966,1042,ArgoBot,Creepy_duo_canon,1909,1386,0,0,0,8.5e-05,0.104041,4.361362,0.11805,0.520589,0,0,0.004093,4.995907,0,0,0,0,,0.953052,4.709173,0.05885,0.231977,2.349308,0.491916
966,1044,ArgoBot,DoopyBot,1909,1418,0,0,0,8.5e-05,0.009666,4.820765,0.130485,0.04875,0,0,0.043708,4.956292,0,0,0,0,,0.944087,4.664876,0.05885,0.276274,2.349308,0.491916
966,1045,ArgoBot,tito,1909,1801,46,1,0,8.5e-05,0.000837,50.863743,1.131648,0.004609,0,0,0.462336,4.537664,20,26,0,46,2.38373,0.650605,23.214735,0.05885,27.726415,2.382687,0.381725
966,1049,ArgoBot,TheCatSC2Bot,1909,970,1,0,0,8.5e-05,0.003084,5.852803,0.131352,0.015845,0,0,0.134477,4.865523,1,0,0,1,2.145931,0.995527,5.919051,0.05885,0.022099,2.26587,0.448612
966,1050,ArgoBot,onlyfans,1909,1517,0,0,0,8.5e-05,8.7e-05,4.867394,0.131747,0.000859,0,0,2.479675,2.520325,0,0,0,0,,0.905213,4.472791,0.05885,0.468359,2.349308,0.491916
966,1052,ArgoBot,Starlight,1909,1204,0,0,0,8.5e-05,9.3e-05,4.867364,0.131746,0.000891,0,0,2.392871,2.607129,0,0,0,0,,0.983015,4.857226,0.05885,0.083924,2.349308,0.491916
966,1054,ArgoBot,JimmyBotZ,1909,1724,0,0,0,8.5e-05,0.005286,4.842083,0.131062,0.026856,0,0,0.079342,4.920658,0,0,0,0,,0.743635,3.67441,0.05885,1.26674,2.349308,0.491916
966,1056,ArgoBot,bilisaur,1909,1600,0,0,0,8.5e-05,0.022196,4.75977,0.128834,0.111397,0,0,0.019128,4.980872,0,0,0,0,,0.855542,4.227362,0.05885,0.713788,2.349308,0.491916
966,1057,ArgoBot,DoopyBot-Test,1909,1238,0,0,0,8.5e-05,0.023755,4.752182,0.128628,0.119189,0,0,0.017877,4.982123,0,0,0,0,,0.979419,4.839456,0.05885,0.101694,2.349308,0.491916
966,1058,ArgoBot,JimmyBotP,1909,1711,1,0,0,8.5e-05,0.005341,5.841818,0.131054,0.027127,0,0,0.078548,4.921452,1,0,0,1,2.161022,0.757639,4.743609,0.05885,1.197541,2.272061,0.448612
966,1059,ArgoBot,NextProBot,1909,1600,0,0,0,8.5e-05,0.022196,4.75977,0.128834,0.111397,0,0,0.019128,4.980872,0,0,0,0,,0.855542,4.227362,0.05885,0.713788,2.349308,0.491916
966,1060,ArgoBot,WildFire,1909,1709,18,0,0,8.5e-05,0.00012,22.86723,0.131742,0.001028,0,0,2.072842,2.927158,12,6,0,18,2.1401,0.759747,15.754024,0.05885,7.187126,2.155572,0.38736
966,1065,ArgoBot,MindMatrix,1909,1514,0,0,0,8.5e-05,0.010709,4.815685,0.130347,0.053968,0,0,0.039482,4.960518,0,0,0,0,,0.906684,4.480062,0.05885,0.461088,2.349308,0.491916
966,1066,ArgoBot,CompetitiveBotTest,1909,1482,0,0,0,8.5e-05,0.003699,4.849808,0.131271,0.018921,0,0,0.112613,4.887387,0,0,0,0,,0.921145,4.551517,0.05885,0.389633,2.349308,0.491916
966,1067,ArgoBot,Hello_world,1909,1600,0,0,0,8.5e-05,0.022196,4.75977,0.128834,0.111397,0,0,0.019128,4.980872,0,0,0,0,,0.855542,4.227362,0.05885,0.713788,2.349308,0.491916
966,1078,ArgoBot,LoremIpsum,1909,1242,0,0,0,8.5e-05,0.000201,4.866839,0.131732,0.00143,0,0,1.490566,3.509434,0,0,0,0,,0.97895,4.837137,0.05885,0.104013,2.349308,0.491916
966,1079,ArgoBot,JimmyBotT,1909,1675,0,0,0,8.5e-05,0.000205,4.866819,0.131731,0.00145,0,0,1.469631,3.530369,0,0,0,0,,0.793641,3.921498,0.05885,1.019652,2.349308,0.491916
966,1080,ArgoBot,JimmyBot,1909,1675,0,0,0,8.5e-05,0.003888,4.848891,0.131246,0.019863,0,0,0.107275,4.892725,0,0,0,0,,0.793641,3.921498,0.05885,1.019652,2.349308,0.491916
966,1081,ArgoBot,ArtZerg,1909,1537,0,0,0,8.5e-05,0.000199,4.866846,0.131732,0.001422,0,0,1.498117,3.501883,0,0,0,0,,0.894863,4.421651,0.05885,0.519499,2.349308,0.491916
966,1082,ArgoBot,Dasyatis,1909,1573,0,0,0,8.5e-05,0.048918,4.629691,0.125313,0.244996,0,0,0.008697,4.991303,0,0,0,0,,0.87371,4.317134,0.05885,0.624016,2.349308,0.491916
966,1084,ArgoBot,ZippyZap,1909,1457,0,0,0,8.5e-05,0.84229,0.767705,0.02078,4.211516,0,0,0.000506,4.999494,0,0,0,0,,0.930985,4.600137,0.05885,0.341013,2.349308,0.491916
966,1085,ArgoBot,AgoraLord,1909,1430,0,0,0,8.5e-05,0.000933,4.863276,0.131635,0.005089,0,0,0.418719,4.581281,0,0,0,0,,0.940327,4.646296,0.05885,0.294854,2.349308,0.491916
966,1086,ArgoBot,CherBoiBlue,1909,1500,0,0,0,8.5e-05,0.222218,3.786099,0.102479,1.111422,0,0,0.001917,4.998083,0,0,0,0,,0.913283,4.512667,0.05885,0.428483,2.349308,0.491916
966,1087,ArgoBot,SwarmLord2,1909,1533,0,0,0,8.5e-05,0.003699,4.849808,0.131271,0.018921,0,0,0.112613,4.887387,0,0,0,0,,0.89701,4.432259,0.05885,0.508891,2.349308,0.491916
966,1088,ArgoBot,SwarmLord3,1909,1562,0,0,0,8.5e-05,0.003468,4.850933,0.131301,0.017765,0,0,0.11994,4.88006,0,0,0,0,,0.880534,4.350848,0.05885,0.590302,2.349308,0.491916
966,1089,ArgoBot,WorkingAsIntended,1909,1596,0,0,0,8.5e-05,0.041392,4.666328,0.126304,0.207367,0,0,0.010275,4.989725,0,0,0,0,,0.858365,4.241308,0.05885,0.699842,2.349308,0.491916
970,971,TheLAW,Nothing,1576,1570,52,0,0,0.05452,0.00831,56.564565,0.12355,0.311885,0,0,4.338663,0.661337,19,33,0,52,2.214779,0.508634,21.513236,0.05885,35.427914,2.218398,0.381282
970,977,TheLAW,Siriusly,1576,1392,5,0,0,0.05452,0.001619,9.595365,0.124384,0.280252,0,0,4.855817,0.144183,2,3,0,5,2.087527,0.742536,5.66898,0.05885,4.27217,2.145982,0.406046
970,981,TheLAW,KoB,1576,1499,22,0,4,0.05452,0.001616,26.595376,0.124384,4.28024,4,0,8.856031,0.143969,14,8,0,22,1.906449,0.609033,17.009321,0.05885,9.931829,1.933611,0.385739
970,998,TheLAW,LordSuperKing,1576,1656,19,0,6,0.05452,0.000132,23.602208,0.124569,6.273223,6,0,10.987913,0.012087,1,18,0,19,2.485962,0.386863,2.911549,0.05885,21.029601,2.476351,0.386896
970,1007,TheLAW,SharkGull,1576,1605,18,0,1,0.05452,0.000223,22.60179,0.124558,1.273652,1,0,5.979646,0.020354,18,0,0,18,2.120621,0.458362,20.264837,0.05885,2.676313,2.137533,0.38736
970,1008,TheLAW,Creepy_canon,1576,1587,0,0,0,0.05452,0.074065,4.261907,0.115358,0.622735,0,0,2.119987,2.880013,0,0,0,0,,0.484175,2.392381,0.05885,2.548769,2.349308,0.491916
970,1023,TheLAW,MY_SCRIPTING_SON,1576,1275,6,0,0,0.05452,0.333918,9.065853,0.082984,1.851163,0,0,0.701782,4.298218,5,1,0,6,1.926785,0.849757,9.198776,0.05885,1.742374,2.008448,0.402359
970,1026,TheLAW,WildLupo,1576,1199,2,0,0,0.05452,0.018371,6.518257,0.122297,0.359447,0,0,3.739816,1.260184,2,0,0,2,1.916833,0.89754,6.43488,0.05885,0.50627,2.097684,0.429209
970,1029,TheLAW,Chomppet,1576,1600,0,0,0,0.05452,0.022196,4.500652,0.12182,0.377528,0,0,3.553361,1.446639,0,0,0,0,,0.465516,2.300185,0.05885,2.640965,2.349308,0.491916
970,1030,TheLAW,who,1576,1924,0,0,0,0.05452,8.3e-05,4.602433,0.124575,0.272992,0,0,4.992376,0.007624,0,0,0,0,,0.118862,0.587316,0.05885,4.353834,2.349308,0.491916
970,1032,TheLAW,WaterLeak,1576,1607,34,0,0,0.05452,8.4e-05,38.602428,0.124575,0.272997,0,0,4.992284,0.007716,3,31,0,34,1.739784,0.455505,5.250721,0.05885,33.690429,1.764508,0.383057
970,1038,TheLAW,PolyMorph,1576,1463,9,0,0,0.05452,0.001586,13.595516,0.124388,0.280096,0,0,4.858659,0.141341,9,0,0,9,2.157455,0.657119,12.246922,0.05885,1.694228,2.183877,0.395447
970,1042,TheLAW,Creepy_duo_canon,1576,1386,3,0,0,0.05452,0.104041,7.123933,0.111623,0.764444,0,0,1.719203,3.280797,0,3,0,3,1.606819,0.749083,3.701332,0.05885,4.239818,1.84734,0.418169
970,1044,TheLAW,DoopyBot,1576,1418,19,0,0,0.05452,0.009666,23.558327,0.123381,0.318292,0,0,4.247056,0.752944,19,0,0,19,1.8774,0.712902,22.522556,0.05885,1.418594,1.910592,0.386896
970,1045,TheLAW,tito,1576,1801,11,0,1,0.05452,0.000837,15.598965,0.124481,1.276554,1,0,5.924437,0.075563,4,7,0,11,2.134224,0.214973,5.062215,0.05885,10.878935,2.159083,0.392657
970,1049,TheLAW,TheCatSC2Bot,1576,970,5,0,0,0.05452,0.003084,9.588621,0.124201,0.287178,0,0,4.732309,0.267691,5,0,0,5,1.805338,0.970356,9.794676,0.05885,0.146474,1.926805,0.406046
970,1050,TheLAW,onlyfans,1576,1517,28,0,0,0.05452,8.7e-05,32.602417,0.124575,0.273008,0,0,4.992067,0.007933,27,1,0,28,1.898451,0.584101,29.88613,0.05885,3.05502,1.920467,0.384127
970,1052,TheLAW,Starlight,1576,1204,3,0,0,0.05452,9.3e-05,7.602388,0.124574,0.273038,0,0,4.991497,0.008503,3,0,0,3,2.174068,0.894863,7.421651,0.05885,0.519499,2.230835,0.418169
970,1054,TheLAW,JimmyBotZ,1576,1724,39,0,0,0.05452,0.005286,43.578484,0.123927,0.297589,0,0,4.558045,0.441955,33,6,0,39,2.042748,0.299023,34.477516,0.05885,9.463634,2.053646,0.382406
970,1056,TheLAW,bilisaur,1576,1600,0,0,0,0.05452,0.022196,4.500652,0.12182,0.377528,0,0,3.553361,1.446639,0,0,0,0,,0.465516,2.300185,0.05885,2.640965,2.349308,0.491916
970,1057,TheLAW,DoopyBot-Test,1576,1238,5,0,0,0.05452,0.023755,9.493478,0.121626,0.384897,0,0,3.482604,1.517396,5,0,0,5,2.125938,0.874975,9.323384,0.05885,0.617766,2.175816,0.406046
970,1058,TheLAW,JimmyBotP,1576,1711,21,0,0,0.05452,0.005341,25.578234,0.12392,0.297846,0,0,4.55391,0.44609,15,6,0,21,2.053246,0.31494,16.556168,0.05885,9.384982,2.072213,0.38609
970,1059,TheLAW,NextProBot,1576,1600,0,0,0,0.05452,0.022196,4.500652,0.12182,0.377528,0,0,3.553361,1.446639,0,0,0,0,,0.465516,2.300185,0.05885,2.640965,2.349308,0.491916
970,1060,TheLAW,WildFire,1576,1709,18,0,0,0.05452,0.00012,22.602262,0.12457,0.273168,0,0,4.988985,0.011015,2,16,0,18,1.911405,0.31743,3.568467,0.05885,19.372683,1.943789,0.38736
970,1065,TheLAW,MindMatrix,1576,1514,5,0,1,0.05452,0.010709,9.553523,0.123251,1.323226,1,0,5.1791,0.8209,3,2,0,5,1.987159,0.58829,5.906829,0.05885,4.034321,2.068026,0.406046
970,1066,TheLAW,CompetitiveBotTest,1576,1482,0,0,0,0.05452,0.003699,4.585789,0.124124,0.290087,0,0,4.682292,0.317708,0,0,0,0,,0.63207,3.123153,0.05885,1.817997,2.349308,0.491916
970,1067,TheLAW,Hello_world,1576,1600,0,0,0,0.05452,0.022196,4.500652,0.12182,0.377528,0,0,3.553361,1.446639,0,0,0,0,,0.465516,2.300185,0.05885,2.640965,2.349308,0.491916
970,1078,TheLAW,LoremIpsum,1576,1242,0,0,0,0.05452,0.000201,4.601892,0.12456,0.273547,0,0,4.981663,0.018337,0,0,0,0,,0.872435,4.31083,0.05885,0.63032,2.349308,0.491916
970,1079,TheLAW,JimmyBotT,1576,1675,20,0,0,0.05452,0.000205,24.601873,0.12456,0.273567,0,0,4.981292,0.018708,11,9,0,20,1.828842,0.361262,12.785051,0.05885,12.156099,1.863742,0.386474
970,1080,TheLAW,JimmyBot,1576,1675,20,0,0,0.05452,0.003888,24.584922,0.124101,0.290977,0,0,4.667197,0.332803,13,7,0,20,1.824416,0.361262,14.785051,0.05885,10.156099,1.859612,0.386474
970,1081,TheLAW,ArtZerg,1576,1537,19,0,1,0.05452,0.000199,23.601899,0.124561,1.273541,1,0,5.981794,0.018206,19,0,0,19,1.904957,0.555891,21.746741,0.05885,2.194409,1.936211,0.386896
970,1082,TheLAW,Dasyatis,1576,1573,4,0,4,0.05452,0.048918,8.377655,0.118491,4.503854,3,1,5.635387,3.364613,0,4,0,4,2.517196,0.504317,2.491907,0.05885,6.449243,2.472812,0.411036
970,1084,TheLAW,ZippyZap,1576,1457,0,0,0,0.05452,0.84229,0.725912,0.019648,4.25444,0,0,0.303965,4.696035,0,0,0,0,,0.664858,3.285163,0.05885,1.655987,2.349308,0.491916
970,1085,TheLAW,AgoraLord,1576,1430,1,0,0,0.05452,0.000933,5.598523,0.124469,0.277008,0,0,4.915909,0.084091,1,0,0,1,2.376764,0.698559,4.451683,0.05885,1.489467,2.360572,0.448612
970,1086,TheLAW,CherBoiBlue,1576,1500,0,0,0,0.05452,0.222218,3.579987,0.0969,1.323113,0,0,0.985043,4.014957,0,0,0,0,,0.607661,3.002544,0.05885,1.938606,2.349308,0.491916
970,1087,TheLAW,SwarmLord2,1576,1533,0,0,0,0.05452,0.003699,4.585789,0.124124,0.290087,0,0,4.682292,0.317708,0,0,0,0,,0.561568,2.774791,0.05885,2.166359,2.349308,0.491916
970,1088,TheLAW,SwarmLord3,1576,1562,0,0,0,0.05452,0.003468,4.586853,0.124153,0.288994,0,0,4.700961,0.299039,0,0,0,0,,0.520137,2.570074,0.05885,2.371076,2.349308,0.491916
970,1089,TheLAW,WorkingAsIntended,1576,1596,1,0,0,0.05452,0.041392,5.412297,0.119429,0.468274,0,0,2.84219,2.15781,0,1,0,1,2.273156,0.471249,2.328514,0.05885,3.612636,2.318066,0.448612
971,977,Nothing,Siriusly,1570,1392,8,0,0,0.00831,0.001619,12.819958,0.130463,0.049579,0,0,4.184806,0.815194,6,2,0,8,2.092732,0.735877,9.636081,0.05885,3.305069,2.131812,0.397274
971,981,Nothing,KoB,1570,1499,25,0,0,0.00831,0.001616,29.81997,0.130463,0.049567,0,0,4.185851,0.814149,13,12,0,25,2.058183,0.600778,15.968535,0.05885,13.972615,2.074012,0.384842
971,998,Nothing,LordSuperKing,1570,1656,25,0,0,0.00831,0.000132,29.827136,0.130657,0.042207,0,0,4.921754,0.078246,13,12,0,25,2.189289,0.378703,14.87123,0.05885,15.06992,2.197989,0.384842
971,1007,Nothing,SharkGull,1570,1605,17,0,0,0.00831,0.000223,21.826698,0.130645,0.042657,0,0,4.869421,0.130579,3,14,0,17,2.280913,0.449801,5.222532,0.05885,16.718618,2.286246,0.387873
971,1008,Nothing,Creepy_canon,1570,1587,0,0,0,0.00831,0.074065,4.470203,0.120996,0.408801,0,0,0.504419,4.495581,0,0,0,0,,0.475555,2.349786,0.05885,2.591364,2.349308,0.491916
971,1023,Nothing,MY_SCRIPTING_SON,1570,1275,6,0,0,0.00831,0.333918,9.215693,0.08704,1.697267,0,0,0.121416,4.878584,6,0,0,6,1.804143,0.845294,10.176724,0.05885,0.764426,1.909509,0.402359
971,1026,Nothing,WildLupo,1570,1199,1,0,0,0.00831,0.018371,5.739082,0.128274,0.132645,0,0,1.557325,3.442675,1,0,0,1,2.09433,0.89432,5.418969,0.05885,0.522181,2.2447,0.448612
971,1029,Nothing,Chomppet,1570,1600,0,0,0,0.00831,0.022196,4.720617,0.127774,0.15161,0,0,1.362073,3.637927,0,0,0,0,,0.456934,2.257777,0.05885,2.683373,2.349308,0.491916
971,1030,Nothing,who,1570,1924,3,0,0,0.00831,8.3e-05,7.827372,0.130663,0.041965,0,0,4.950405,0.049595,1,2,0,3,1.556902,0.115292,1.569676,0.05885,6.371474,1.813593,0.418169
971,1032,Nothing,WaterLeak,1570,1607,33,0,0,0.00831,8.4e-05,37.827367,0.130663,0.04197,0,0,4.949809,0.050191,30,3,0,33,2.192092,0.446953,32.208462,0.05885,5.732688,2.198654,0.38321
971,1038,Nothing,PolyMorph,1570,1463,9,0,0,0.00831,0.001586,13.820117,0.130467,0.049416,0,0,4.198693,0.801307,9,0,0,9,2.052106,0.649295,12.208264,0.05885,1.732886,2.093037,0.395447
971,1042,Nothing,Creepy_duo_canon,1570,1386,4,0,0,0.00831,0.104041,8.325486,0.117079,0.557435,0,0,0.369838,4.630162,2,2,0,4,1.539834,0.742536,5.66898,0.05885,3.27217,1.75383,0.411036
971,1044,Nothing,DoopyBot,1570,1418,20,0,0,0.00831,0.009666,24.781111,0.129411,0.089478,0,0,2.311525,2.688475,20,0,0,20,1.923574,0.705781,23.487372,0.05885,1.453778,1.952122,0.386474
971,1045,Nothing,tito,1570,1801,14,0,0,0.00831,0.000837,18.823735,0.130565,0.0457,0,0,4.5427,0.4573,4,10,0,14,2.207432,0.209202,5.033698,0.05885,13.907452,2.220643,0.389807
971,1049,Nothing,TheCatSC2Bot,1570,970,4,0,0,0.00831,0.003084,8.812885,0.130271,0.056844,0,0,3.6467,1.3533,4,0,0,4,1.896324,0.969347,8.789687,0.05885,0.151463,2.016077,0.411036
971,1050,Nothing,onlyfans,1570,1517,25,0,0,0.00831,8.7e-05,29.827356,0.130663,0.041981,0,0,4.948413,0.051587,25,0,0,25,2.335294,0.575687,27.844556,0.05885,2.096594,2.336056,0.384842
971,1052,Nothing,Starlight,1570,1204,2,0,0,0.00831,9.3e-05,6.827325,0.130662,0.042012,0,0,4.944741,0.055259,2,0,0,2,2.644664,0.891569,6.405375,0.05885,0.535775,2.521153,0.429209
971,1054,Nothing,JimmyBotZ,1570,1724,39,0,0,0.00831,0.005286,43.802253,0.129984,0.067764,0,0,3.05603,1.94397,23,16,0,39,2.251538,0.291834,24.441994,0.05885,19.499156,2.255014,0.382406
971,1056,Nothing,bilisaur,1570,1600,0,0,0,0.00831,0.022196,4.720617,0.127774,0.15161,0,0,1.362073,3.637927,0,0,0,0,,0.456934,2.257777,0.05885,2.683373,2.349308,0.491916
971,1057,Nothing,DoopyBot-Test,1570,1238,5,0,0,0.00831,0.023755,9.713092,0.12757,0.159338,0,0,1.295863,3.704137,5,0,0,5,2.216241,0.871148,9.304472,0.05885,0.636678,2.245954,0.406046
971,1058,Nothing,JimmyBotP,1570,1711,20,0,0,0.00831,0.005341,24.80199,0.129976,0.068033,0,0,3.043871,1.956129,5,14,1,20,2.063012,0.307537,6.519585,1.05885,17.421565,2.082209,0.386474
971,1059,Nothing,NextProBot,1570,1600,0,0,0,0.00831,0.022196,4.720617,0.127774,0.15161,0,0,1.362073,3.637927,0,0,0,0,,0.456934,2.257777,0.05885,2.683373,2.349308,0.491916
971,1060,Nothing,WildFire,1570,1709,17,0,0,0.00831,0.00012,21.827193,0.130659,0.042149,0,0,4.928613,0.071387,14,3,0,17,2.25391,0.309994,15.531726,0.05885,6.409424,2.261347,0.387873
971,1065,Nothing,MindMatrix,1570,1514,7,0,0,0.00831,0.010709,11.776072,0.129275,0.094653,0,0,2.184679,2.815321,2,5,0,7,2.153801,0.5799,4.865372,0.05885,7.075778,2.187109,0.399523
971,1066,Nothing,CompetitiveBotTest,1570,1482,0,0,0,0.00831,0.003699,4.809914,0.130191,0.059895,0,0,3.459858,1.540142,0,0,0,0,,0.624002,3.083286,0.05885,1.857864,2.349308,0.491916
971,1067,Nothing,Hello_world,1570,1600,0,0,0,0.00831,0.022196,4.720617,0.127774,0.15161,0,0,1.362073,3.637927,0,0,0,0,,0.456934,2.257777,0.05885,2.683373,2.349308,0.491916
971,1078,Nothing,LoremIpsum,1570,1242,1,0,0,0.00831,0.000201,5.826805,0.130648,0.042547,0,0,4.882102,0.117898,1,0,0,1,2.436241,0.868541,5.291591,0.05885,0.649559,2.384973,0.448612
971,1079,Nothing,JimmyBotT,1570,1675,19,0,0,0.00831,0.000205,23.826785,0.130648,0.042567,0,0,4.879767,0.120233,10,9,0,19,2.10585,0.353331,11.745862,0.05885,12.195288,2.122973,0.386896
971,1080,Nothing,JimmyBot,1570,1675,18,0,0,0.00831,0.003888,22.809005,0.130166,0.060828,0,0,3.406451,1.593549,6,12,0,18,2.223079,0.353331,7.745862,0.05885,15.195288,2.232414,0.38736
971,1081,Nothing,ArtZerg,1570,1537,19,0,0,0.00831,0.000199,23.826812,0.130648,0.04254,0,0,4.882929,0.117071,13,6,0,19,1.979714,0.547349,15.704531,0.05885,8.236619,2.00571,0.386896
971,1082,Nothing,Dasyatis,1570,1573,7,0,1,0.00831,0.048918,11.591608,0.124282,1.28411,0,1,0.72607,5.27393,2,5,0,7,2.104899,0.495683,4.449243,0.05885,7.491907,2.146538,0.399523
971,1084,Nothing,ZippyZap,1570,1457,0,0,0,0.00831,0.84229,0.76139,0.020609,4.218002,0,0,0.04885,4.95115,0,0,0,0,,0.657119,3.246922,0.05885,1.694228,2.349308,0.491916
971,1085,Nothing,AgoraLord,1570,1430,1,0,0,0.00831,0.000933,5.823271,0.130552,0.046176,0,0,4.495507,0.504493,1,0,0,1,2.078191,0.691236,4.415502,0.05885,1.525648,2.238079,0.448612
971,1086,Nothing,CherBoiBlue,1570,1500,0,0,0,0.00831,0.222218,3.754955,0.101636,1.143409,0,0,0.180246,4.819754,0,0,0,0,,0.599397,2.961709,0.05885,1.979441,2.349308,0.491916
971,1087,Nothing,SwarmLord2,1570,1533,0,0,0,0.00831,0.003699,4.809914,0.130191,0.059895,0,0,3.459858,1.540142,0,0,0,0,,0.553047,2.732688,0.05885,2.208462,2.349308,0.491916
971,1088,Nothing,SwarmLord3,1570,1562,0,0,0,0.00831,0.003468,4.81103,0.130221,0.058748,0,0,3.527774,1.472226,0,0,0,0,,0.511511,2.527452,0.05885,2.413698,2.349308,0.491916
971,1089,Nothing,WorkingAsIntended,1570,1596,1,0,0,0.00831,0.041392,5.627944,0.125265,0.246791,0,0,0.836018,4.163982,1,0,0,1,2.156403,0.462653,3.286036,0.05885,2.655114,2.270166,0.448612
977,981,Siriusly,KoB,1392,1499,26,5,0,0.001619,0.001616,30.852494,5.131343,0.016163,0,0,2.501916,2.498084,13,13,0,26,2.359907,0.350705,14.732886,0.05885,16.208264,2.359352,0.384586
977,998,Siriusly,LordSuperKing,1392,1656,1,0,0,0.001619,0.000132,5.859708,0.131539,0.008754,0,0,4.622726,0.377274,1,0,0,1,1.99606,0.179505,1.88696,0.05885,4.05419,2.204384,0.448612
977,1007,Siriusly,SharkGull,1392,1605,1,0,0,0.001619,0.000223,5.859267,0.131527,0.009207,0,0,4.394985,0.605015,0,1,0,1,2.420368,0.22686,1.12095,0.05885,4.8202,2.378461,0.448612
977,1008,Siriusly,Creepy_canon,1392,1587,0,0,0,0.001619,0.074065,4.500366,0.121812,0.377821,0,0,0.106948,4.893052,0,0,0,0,,0.245546,1.213279,0.05885,3.727871,2.349308,0.491916
977,1023,Siriusly,MY_SCRIPTING_SON,1392,1275,30,5,19,0.001619,0.333918,33.237391,5.087627,20.674982,0,19,0.024123,23.975877,8,21,1,30,2.245547,0.662288,11.272463,1.05885,22.668687,2.250292,0.383725
977,1026,Siriusly,WildLupo,1392,1199,52,0,1,0.001619,0.018371,56.771059,0.129139,1.099802,0,1,0.404914,5.595086,44,7,1,52,2.545163,0.752315,47.717301,1.05885,8.223849,2.539895,0.381282
977,1029,Siriusly,Chomppet,1392,1600,0,0,0,0.001619,0.022196,4.752469,0.128636,0.118895,0,0,0.339882,4.660118,0,0,0,0,,0.231948,1.14609,0.05885,3.79506,2.349308,0.491916
977,1030,Siriusly,who,1392,1924,0,0,0,0.001619,8.3e-05,4.859945,0.131545,0.00851,0,0,4.755433,0.244567,0,0,0,0,,0.044684,0.220788,0.05885,4.720362,2.349308,0.491916
977,1032,Siriusly,WaterLeak,1392,1607,0,2,0,0.001619,8.4e-05,4.85994,2.131545,0.008515,0,0,4.752609,0.247391,0,0,0,0,,0.224847,1.111003,0.05885,3.830147,2.349308,0.491916
977,1038,Siriusly,PolyMorph,1392,1463,53,0,1,0.001619,0.001586,57.852641,0.131347,1.016011,1,0,3.525617,2.474383,37,16,0,53,2.510221,0.399222,38.972615,0.05885,18.968535,2.505972,0.381218
977,1042,Siriusly,Creepy_duo_canon,1392,1386,26,5,4,0.001619,0.104041,30.354672,5.117869,4.527459,0,4,0.076606,8.923394,5,18,3,26,1.914352,0.508634,7.513236,3.05885,20.427914,1.937139,0.384586
977,1044,Siriusly,DoopyBot,1392,1418,30,7,0,0.001619,0.009666,34.813372,7.130284,0.056344,0,0,0.717293,4.282707,9,21,0,30,2.334295,0.462653,11.286036,0.05885,23.655114,2.334981,0.383725
977,1045,Siriusly,tito,1392,1801,3,0,0,0.001619,0.000837,7.856284,0.131446,0.01227,0,0,3.296467,1.703533,0,3,0,3,2.200856,0.086717,0.428483,0.05885,7.512667,2.248945,0.418169
977,1049,Siriusly,TheCatSC2Bot,1392,970,56,0,0,0.001619,0.003084,60.84536,0.13115,0.023489,0,0,1.721135,3.278865,54,0,2,56,2.412243,0.919029,58.54106,2.05885,0.40009,2.410668,0.381038
977,1050,Siriusly,onlyfans,1392,1517,24,5,0,0.001619,8.7e-05,28.859929,5.131545,0.008527,0,0,4.746009,0.253991,10,14,0,24,2.343561,0.32749,11.618179,0.05885,17.322971,2.343885,0.385118
977,1052,Siriusly,Starlight,1392,1204,43,6,0,0.001619,9.3e-05,47.859898,6.131544,0.008558,0,0,4.728722,0.271278,34,6,3,43,2.731321,0.746913,37.690609,3.05885,7.250541,2.718964,0.381991
977,1054,Siriusly,JimmyBotZ,1392,1724,11,0,0,0.001619,0.005286,15.834656,0.130861,0.034483,0,0,1.172202,3.827798,5,6,0,11,2.280908,0.128852,5.636678,0.05885,10.304472,2.288813,0.392657
977,1056,Siriusly,bilisaur,1392,1600,0,0,0,0.001619,0.022196,4.752469,0.128636,0.118895,0,0,0.339882,4.660118,0,0,0,0,,0.231948,1.14609,0.05885,3.79506,2.349308,0.491916
977,1057,Siriusly,DoopyBot-Test,1392,1238,33,4,2,0.001619,0.023755,37.744894,4.128431,2.126675,0,2,0.319004,6.680996,16,17,0,33,2.495003,0.708166,19.499156,0.05885,18.441994,2.488922,0.38321
977,1058,Siriusly,JimmyBotP,1392,1711,18,0,0,0.001619,0.005341,22.834392,0.130853,0.034754,0,0,1.163054,3.836946,10,8,0,18,2.207392,0.137488,10.679349,0.05885,12.261801,2.217887,0.38736
977,1059,Siriusly,NextProBot,1392,1600,0,0,0,0.001619,0.022196,4.752469,0.128636,0.118895,0,0,0.339882,4.660118,0,0,0,0,,0.231948,1.14609,0.05885,3.79506,2.349308,0.491916
977,1060,Siriusly,WildFire,1392,1709,2,0,0,0.001619,0.00012,6.859765,0.13154,0.008695,0,0,4.653957,0.346043,0,1,1,2,2.83528,0.138859,0.686123,1.05885,5.255027,2.632058,0.429209
977,1065,Siriusly,MindMatrix,1392,1514,18,0,0,0.001619,0.010709,22.808299,0.130147,0.061554,0,0,0.656566,4.343434,13,5,0,18,2.420388,0.331305,14.637028,0.05885,8.304122,2.415131,0.38736
977,1066,Siriusly,CompetitiveBotTest,1392,1482,1,0,0,0.001619,0.003699,5.84237,0.131069,0.026561,0,0,1.521995,3.478005,1,0,0,1,1.068153,0.373301,2.844536,0.05885,3.096614,1.823699,0.448612
977,1067,Siriusly,Hello_world,1392,1600,0,0,0,0.001619,0.022196,4.752469,0.128636,0.118895,0,0,0.339882,4.660118,0,0,0,0,,0.231948,1.14609,0.05885,3.79506,2.349308,0.491916
977,1078,Siriusly,LoremIpsum,1392,1242,19,2,0,0.001619,0.000201,23.859374,2.13153,0.009096,0,0,4.448521,0.551479,12,6,1,19,2.673762,0.703385,15.475531,1.05885,7.465619,2.650941,0.386896
977,1079,Siriusly,JimmyBotT,1392,1675,2,0,0,0.001619,0.000205,6.859354,0.131529,0.009116,0,0,4.438586,0.561414,2,0,0,2,2.416063,0.163957,2.810134,0.05885,4.131016,2.388148,0.429209
977,1080,Siriusly,JimmyBot,1392,1675,2,0,0,0.001619,0.003888,6.841454,0.131045,0.027501,0,0,1.469951,3.530049,0,2,0,2,2.55333,0.163957,0.810134,0.05885,6.131016,2.468013,0.429209
977,1081,Siriusly,ArtZerg,1392,1537,2,0,0,0.001619,0.000199,6.859381,0.13153,0.009089,0,0,4.452048,0.547952,0,2,0,2,1.459534,0.302655,1.495463,0.05885,5.445687,1.831616,0.429209
977,1082,Siriusly,Dasyatis,1392,1573,10,0,0,0.001619,0.048918,14.622591,0.125121,0.252289,0,0,0.160165,4.839835,1,6,3,10,2.423314,0.26078,2.288552,3.05885,9.652598,2.414013,0.393932
977,1084,Siriusly,ZippyZap,1392,1457,0,0,1,0.001619,0.84229,0.766527,0.020748,5.212725,0,1,0.009591,5.990409,0,0,0,0,,0.407534,2.013685,0.05885,2.927465,2.349308,0.491916
977,1085,Siriusly,AgoraLord,1392,1430,2,1,0,0.001619,0.000933,6.855817,1.131433,0.01275,0,0,3.172405,1.827595,2,0,0,2,2.925362,0.445531,4.201434,0.05885,2.739716,2.68447,0.429209
977,1086,Siriusly,CherBoiBlue,1392,1500,1,0,0,0.001619,0.222218,4.780292,0.102322,1.117386,0,0,0.036161,4.963839,1,0,0,1,2.60269,0.349395,2.726415,0.05885,3.214735,2.453261,0.448612
977,1087,Siriusly,SwarmLord2,1392,1533,0,0,0,0.001619,0.003699,4.84237,0.131069,0.026561,0,0,1.521995,3.478005,0,0,0,0,,0.307537,1.519585,0.05885,3.421565,2.349308,0.491916
977,1088,Siriusly,SwarmLord3,1392,1562,1,0,0,0.001619,0.003468,5.843493,0.1311,0.025407,0,0,1.591171,3.408829,0,1,0,1,3.78237,0.27317,1.349774,0.05885,4.591376,2.937239,0.448612
977,1089,Siriusly,WorkingAsIntended,1392,1596,1,0,0,0.001619,0.041392,5.659171,0.126111,0.214718,0,0,0.188192,4.811808,0,1,0,1,1.658228,0.236075,1.166483,0.05885,4.774667,2.065784,0.448612
981,998,KoB,LordSuperKing,1499,1656,9,0,0,0.001616,0.000132,13.85972,0.131539,0.008741,0,0,4.622191,0.377809,1,8,0,9,2.393818,0.288277,2.424422,0.05885,11.516728,2.387688,0.395447
981,1007,KoB,SharkGull,1499,1605,1,0,0,0.001616,0.000223,5.859279,0.131527,0.009194,0,0,4.394169,0.605831,0,1,0,1,1.991976,0.352017,1.739369,0.05885,4.201781,2.202708,0.448612
981,1008,KoB,Creepy_canon,1499,1587,1,0,0,0.001616,0.074065,5.500377,0.121813,0.37781,0,0,0.106787,4.893213,1,0,0,1,2.208274,0.375998,2.857864,0.05885,3.083286,2.291447,0.448612
981,1023,KoB,MY_SCRIPTING_SON,1499,1275,10,1,20,0.001616,0.333918,13.237399,1.087627,21.674973,0,20,0.024087,24.975913,10,0,0,10,2.081182,0.784054,13.874127,0.05885,1.067023,2.11488,0.393932
981,1026,KoB,WildLupo,1499,1199,28,2,0,0.001616,0.018371,32.771071,2.12914,0.099789,0,0,0.404344,4.595656,28,0,0,28,2.445469,0.84902,32.195137,0.05885,0.746013,2.440774,0.384127
981,1029,KoB,Chomppet,1499,1600,0,0,0,0.001616,0.022196,4.752481,0.128636,0.118882,0,0,0.339397,4.660603,0,0,0,0,,0.35861,1.771945,0.05885,3.169205,2.349308,0.491916
981,1030,KoB,who,1499,1924,5,0,0,0.001616,8.3e-05,9.859957,0.131545,0.008497,0,0,4.755076,0.244924,0,4,1,5,2.041729,0.079695,0.393786,1.05885,8.547364,2.11041,0.406046
981,1032,KoB,WaterLeak,1499,1607,19,0,0,0.001616,8.4e-05,23.859952,0.131545,0.008503,0,0,4.752248,0.247752,0,19,0,19,1.760776,0.349395,1.726415,0.05885,22.214735,1.80217,0.386896
981,1038,KoB,PolyMorph,1499,1463,32,0,0,0.001616,0.001586,36.852653,0.131348,0.015999,0,0,2.523701,2.476299,27,5,0,32,2.495373,0.551624,29.725655,0.05885,7.215495,2.489094,0.383371
981,1042,KoB,Creepy_duo_canon,1499,1386,22,0,5,0.001616,0.104041,26.354683,0.117869,5.527448,0,5,0.076491,9.923509,15,7,0,22,2.193404,0.657119,18.246922,0.05885,8.694228,2.202966,0.385739
981,1044,KoB,DoopyBot,1499,1418,21,10,1,0.001616,0.009666,25.813384,10.130285,1.056332,1,0,1.716352,4.283648,19,2,0,21,2.471296,0.614501,22.036343,0.05885,3.904807,2.463481,0.38609
981,1045,KoB,tito,1499,1801,12,0,0,0.001616,0.000837,16.856296,0.131446,0.012258,0,0,3.294746,1.705254,5,7,0,12,1.968531,0.14951,5.73875,0.05885,11.2024,2.009265,0.391568
981,1049,KoB,TheCatSC2Bot,1499,970,30,1,0,0.001616,0.003084,34.845372,1.131151,0.023477,0,0,1.719405,3.280595,30,0,0,30,2.307491,0.954573,34.716691,0.05885,0.224459,2.309403,0.383725
981,1050,KoB,onlyfans,1499,1517,24,0,0,0.001616,8.7e-05,28.859941,0.131545,0.008514,0,0,4.74564,0.25436,5,19,0,24,2.190977,0.474119,7.342693,0.05885,21.598457,2.199924,0.385118
981,1052,KoB,Starlight,1499,1204,26,5,0,0.001616,9.3e-05,30.85991,5.131544,0.008545,0,0,4.728329,0.271671,23,2,1,26,2.605429,0.845294,27.176724,1.05885,2.764426,2.59201,0.384586
981,1054,KoB,JimmyBotZ,1499,1724,16,0,0,0.001616,0.005286,20.834668,0.130861,0.034471,0,0,1.170827,3.829173,8,8,0,16,2.546605,0.214973,9.062215,0.05885,11.878935,2.530341,0.388445
981,1056,KoB,bilisaur,1499,1600,0,0,0,0.001616,0.022196,4.752481,0.128636,0.118882,0,0,0.339397,4.660603,0,0,0,0,,0.35861,1.771945,0.05885,3.169205,2.349308,0.491916
981,1057,KoB,DoopyBot-Test,1499,1238,17,4,2,0.001616,0.023755,21.744906,4.128431,2.126663,0,2,0.318546,6.681454,11,6,0,17,2.892572,0.817938,15.041553,0.05885,6.899597,2.850217,0.387873
981,1058,KoB,JimmyBotP,1499,1711,15,0,0,0.001616,0.005341,19.834404,0.130854,0.034742,0,0,1.161687,3.838313,4,11,0,15,2.426517,0.227871,5.125946,0.05885,14.815204,2.419765,0.389085
981,1059,KoB,NextProBot,1499,1600,0,0,0,0.001616,0.022196,4.752481,0.128636,0.118882,0,0,0.339397,4.660603,0,0,0,0,,0.35861,1.771945,0.05885,3.169205,2.349308,0.491916
981,1060,KoB,WildFire,1499,1709,9,0,0,0.001616,0.00012,13.859777,0.131541,0.008683,0,0,4.653463,0.346537,1,8,0,9,1.895009,0.229903,2.135987,0.05885,11.805163,1.957576,0.395447
981,1065,KoB,MindMatrix,1499,1514,19,0,0,0.001616,0.010709,23.808311,0.130148,0.061542,0,0,0.655692,4.344308,12,7,0,19,2.766071,0.478427,14.363978,0.05885,9.577172,2.736758,0.386896
981,1066,KoB,CompetitiveBotTest,1499,1482,1,0,0,0.001616,0.003699,5.842382,0.13107,0.026549,0,0,1.520373,3.479627,1,0,0,1,1.856298,0.524445,3.591364,0.05885,2.349786,2.147045,0.448612
981,1067,KoB,Hello_world,1499,1600,0,0,0,0.001616,0.022196,4.752481,0.128636,0.118882,0,0,0.339397,4.660603,0,0,0,0,,0.35861,1.771945,0.05885,3.169205,2.349308,0.491916
981,1078,KoB,LoremIpsum,1499,1242,11,7,0,0.001616,0.000201,15.859386,7.13153,0.009084,0,0,4.447769,0.552231,10,0,1,11,2.980062,0.814484,14.024486,1.05885,0.916664,2.907162,0.392657
981,1079,KoB,JimmyBotT,1499,1675,3,0,0,0.001616,0.000205,7.859367,0.131529,0.009104,0,0,4.437821,0.562179,0,3,0,3,2.454971,0.266366,1.316156,0.05885,6.624994,2.420743,0.418169
981,1080,KoB,JimmyBot,1499,1675,2,1,0,0.001616,0.003888,6.841467,1.131045,0.027489,0,0,1.468361,3.531639,0,2,0,2,2.415012,0.266366,1.316156,0.05885,5.624994,2.387536,0.429209
981,1081,KoB,ArtZerg,1499,1537,3,0,0,0.001616,0.000199,7.859393,0.13153,0.009076,0,0,4.451299,0.548701,0,3,0,3,1.267759,0.445531,2.201434,0.05885,5.739716,1.618114,0.418169
981,1082,KoB,Dasyatis,1499,1573,10,0,1,0.001616,0.048918,14.622602,0.125121,1.252277,0,1,0.159928,5.840072,5,5,0,10,1.943827,0.395087,6.952185,0.05885,7.988965,1.994788,0.393932
981,1084,KoB,ZippyZap,1499,1457,0,0,1,0.001616,0.84229,0.766529,0.020748,5.212723,0,1,0.009577,5.990423,0,0,0,0,,0.56015,2.767786,0.05885,2.173364,2.349308,0.491916
981,1085,KoB,AgoraLord,1499,1430,2,0,0,0.001616,0.000933,6.855829,0.131434,0.012737,0,0,3.170628,1.829372,2,0,0,2,2.620005,0.598014,4.954876,0.05885,1.986274,2.506806,0.429209
981,1086,KoB,CherBoiBlue,1499,1500,0,0,1,0.001616,0.222218,3.780301,0.102322,2.117377,0,1,0.036106,5.963894,0,0,0,0,,0.498561,2.463464,0.05885,2.477686,2.349308,0.491916
981,1087,KoB,SwarmLord2,1499,1533,1,0,0,0.001616,0.003699,5.842382,0.13107,0.026549,0,0,1.520373,3.479627,1,0,0,1,1.940179,0.451226,3.229574,0.05885,2.711576,2.181458,0.448612
981,1088,KoB,SwarmLord3,1499,1562,1,0,0,0.001616,0.003468,5.843505,0.1311,0.025394,0,0,1.589509,3.410491,1,0,0,1,2.157559,0.410316,3.027435,0.05885,2.913715,2.270641,0.448612
981,1089,KoB,WorkingAsIntended,1499,1596,0,0,0,0.001616,0.041392,4.659183,0.126111,0.214706,0,0,0.187915,4.812085,0,0,0,0,,0.363923,1.798199,0.05885,3.142951,2.349308,0.491916
998,1007,LordSuperKing,SharkGull,1656,1605,12,0,0,0.000132,0.000223,16.866503,0.131723,0.001775,0,0,1.860987,3.139013,8,4,0,12,2.42453,0.572872,10.830648,0.05885,6.110502,2.416483,0.391568
998,1008,LordSuperKing,Creepy_canon,1656,1587,0,0,0,0.000132,0.074065,4.507068,0.121994,0.370938,0,0,0.008903,4.991097,0,0,0,0,,0.598014,2.954876,0.05885,1.986274,2.349308,0.491916
998,1023,LordSuperKing,MY_SCRIPTING_SON,1656,1275,0,0,1,0.000132,0.333918,3.242212,0.087758,2.67003,0,1,0.001978,5.998022,0,0,0,0,,0.899638,4.445248,0.05885,0.495902,2.349308,0.491916
998,1026,LordSuperKing,WildLupo,1656,1199,1,0,0,0.000132,0.018371,5.778164,0.129332,0.092505,0,0,0.035701,4.964299,1,0,0,1,2.123458,0.932812,5.609162,0.05885,0.331988,2.256651,0.448612
998,1029,LordSuperKing,Chomppet,1656,1600,0,0,0,0.000132,0.022196,4.759546,0.128828,0.111626,0,0,0.029586,4.970414,0,0,0,0,,0.5799,2.865372,0.05885,2.075778,2.349308,0.491916
998,1030,LordSuperKing,who,1656,1924,9,0,0,0.000132,8.3e-05,13.867182,0.131741,0.001077,0,0,3.067188,1.932812,1,8,0,9,2.074447,0.176138,1.870327,0.05885,12.070823,2.112301,0.395447
998,1032,LordSuperKing,WaterLeak,1656,1607,20,1,0,0.000132,8.4e-05,24.867177,1.131741,0.001082,0,0,3.052851,1.947149,4,16,0,20,1.914473,0.570053,6.816717,0.05885,18.124433,1.94363,0.386474
998,1038,LordSuperKing,PolyMorph,1656,1463,1,0,0,0.000132,0.001586,5.859867,0.131543,0.00859,0,0,0.384485,4.615515,1,0,0,1,2.362739,0.752315,4.717301,0.05885,1.223849,2.354818,0.448612
998,1042,LordSuperKing,Creepy_duo_canon,1656,1386,1,0,0,0.000132,0.104041,5.361157,0.118044,0.520799,0,0,0.006341,4.993659,1,0,0,1,2.101692,0.825526,5.079048,0.05885,0.862102,2.247721,0.448612
998,1044,LordSuperKing,DoopyBot,1656,1418,3,0,0,0.000132,0.009666,7.820539,0.130479,0.048982,0,0,0.067423,4.932577,3,0,0,3,2.319335,0.797386,6.940005,0.05885,1.001145,2.329044,0.418169
998,1045,LordSuperKing,tito,1656,1801,9,0,0,0.000132,0.000837,13.863515,0.131642,0.004843,0,0,0.68194,4.31806,2,7,0,9,2.431404,0.302655,3.495463,0.05885,10.445687,2.420097,0.395447
998,1049,LordSuperKing,TheCatSC2Bot,1656,970,1,0,0,0.000132,0.003084,5.852576,0.131346,0.016079,0,0,0.205401,4.794599,1,0,0,1,1.94591,0.981089,5.847709,0.05885,0.093441,2.183809,0.448612
998,1050,LordSuperKing,onlyfans,1656,1517,12,0,0,0.000132,8.7e-05,16.867166,0.131741,0.001094,0,0,3.019802,1.980198,11,1,0,12,2.518507,0.690006,14.409424,0.05885,2.531726,2.500407,0.391568
998,1052,LordSuperKing,Starlight,1656,1204,1,0,0,0.000132,9.3e-05,5.867135,0.13174,0.001125,0,0,2.936118,2.063882,1,0,0,1,2.150599,0.930985,5.600137,0.05885,0.341013,2.267785,0.448612
998,1054,LordSuperKing,JimmyBotZ,1656,1724,20,0,0,0.000132,0.005286,24.841856,0.131055,0.027089,0,0,0.121916,4.878084,16,4,0,20,2.352211,0.403371,17.993116,0.05885,6.948034,2.352016,0.386474
998,1056,LordSuperKing,bilisaur,1656,1600,0,0,0,0.000132,0.022196,4.759546,0.128828,0.111626,0,0,0.029586,4.970414,0,0,0,0,,0.5799,2.865372,0.05885,2.075778,2.349308,0.491916
998,1057,LordSuperKing,DoopyBot-Test,1656,1238,5,0,0,0.000132,0.023755,9.75196,0.128622,0.119418,0,0,0.027655,4.972345,4,1,0,5,2.583164,0.917299,8.532512,0.05885,1.408638,2.530945,0.406046
998,1058,LordSuperKing,JimmyBotP,1656,1711,11,0,0,0.000132,0.005341,15.841591,0.131048,0.02736,0,0,0.120706,4.879294,11,0,0,11,2.239808,0.421503,13.082711,0.05885,2.858439,2.252463,0.392657
998,1059,LordSuperKing,NextProBot,1656,1600,0,0,0,0.000132,0.022196,4.759546,0.128828,0.111626,0,0,0.029586,4.970414,0,0,0,0,,0.5799,2.865372,0.05885,2.075778,2.349308,0.491916
998,1060,LordSuperKing,WildFire,1656,1709,18,0,0,0.000132,0.00012,22.867002,0.131736,0.001262,0,0,2.616345,2.383655,3,15,0,18,2.081871,0.424313,5.096594,0.05885,17.844556,2.101649,0.38736
998,1065,LordSuperKing,MindMatrix,1656,1514,4,0,0,0.000132,0.010709,8.815459,0.130341,0.0542,0,0,0.060933,4.939067,2,2,0,4,2.323232,0.693688,5.427616,0.05885,3.513534,2.330126,0.411036
998,1066,LordSuperKing,CompetitiveBotTest,1656,1482,0,0,0,0.000132,0.003699,4.849581,0.131265,0.019155,0,0,0.172414,4.827586,0,0,0,0,,0.731378,3.613848,0.05885,1.327302,2.349308,0.491916
998,1067,LordSuperKing,Hello_world,1656,1600,0,0,0,0.000132,0.022196,4.759546,0.128828,0.111626,0,0,0.029586,4.970414,0,0,0,0,,0.5799,2.865372,0.05885,2.075778,2.349308,0.491916
998,1078,LordSuperKing,LoremIpsum,1656,1242,0,0,0,0.000132,0.000201,4.866611,0.131726,0.001664,0,0,1.984925,3.015075,0,0,0,0,,0.915535,4.523797,0.05885,0.417353,2.349308,0.491916
998,1079,LordSuperKing,JimmyBotT,1656,1675,13,0,0,0.000132,0.000205,17.866591,0.131725,0.001684,0,0,1.960926,3.039074,13,0,0,13,2.387775,0.472684,15.335603,0.05885,2.605547,2.383945,0.390628
998,1080,LordSuperKing,JimmyBot,1656,1675,12,0,0,0.000132,0.003888,16.848664,0.13124,0.020096,0,0,0.164338,4.835662,11,1,0,12,2.364225,0.472684,13.335603,0.05885,3.605547,2.362629,0.391568
998,1081,LordSuperKing,ArtZerg,1656,1537,14,0,0,0.000132,0.000199,18.866618,0.131726,0.001657,0,0,1.993558,3.006442,4,10,0,14,2.220906,0.664858,7.285163,0.05885,11.655987,2.232862,0.389807
998,1082,LordSuperKing,Dasyatis,1656,1573,7,0,0,0.000132,0.048918,11.629474,0.125307,0.245219,0,0,0.013468,4.986532,6,1,0,7,2.350124,0.617225,9.049801,0.05885,2.891349,2.349985,0.399523
998,1084,LordSuperKing,ZippyZap,1656,1457,0,0,0,0.000132,0.84229,0.767669,0.020779,4.211553,0,0,0.000784,4.999216,0,0,0,0,,0.758695,3.748824,0.05885,1.192326,2.349308,0.491916
998,1085,LordSuperKing,AgoraLord,1656,1430,1,0,0,0.000132,0.000933,5.863048,0.131629,0.005323,0,0,0.620438,4.379562,1,0,0,1,2.318458,0.785997,4.883727,0.05885,1.057423,2.336652,0.448612
998,1086,LordSuperKing,CherBoiBlue,1656,1500,0,0,0,0.000132,0.222218,3.785921,0.102474,1.111604,0,0,0.002971,4.997029,0,0,0,0,,0.71054,3.510885,0.05885,1.430265,2.349308,0.491916
998,1087,LordSuperKing,SwarmLord2,1656,1533,0,0,0,0.000132,0.003699,4.849581,0.131265,0.019155,0,0,0.172414,4.827586,0,0,0,0,,0.669969,3.310417,0.05885,1.630733,2.349308,0.491916
998,1088,LordSuperKing,SwarmLord3,1656,1562,0,0,0,0.000132,0.003468,4.850706,0.131295,0.017999,0,0,0.183486,4.816514,0,0,0,0,,0.63207,3.123153,0.05885,1.817997,2.349308,0.491916
998,1089,LordSuperKing,WorkingAsIntended,1656,1596,1,0,0,0.000132,0.041392,5.666109,0.126299,0.207592,0,0,0.015909,4.984091,0,1,0,1,1.925707,0.585499,2.893037,0.05885,3.048113,2.175521,0.448612
1007,1008,SharkGull,Creepy_canon,1605,1587,0,0,0,0.000223,0.074065,4.506659,0.121983,0.371358,0,0,0.014999,4.985001,0,0,0,0,,0.525881,2.598457,0.05885,2.342693,2.349308,0.491916
1007,1023,SharkGull,MY_SCRIPTING_SON,1605,1275,1,0,0,0.000223,0.333918,4.241918,0.08775,1.670332,0,0,0.003335,4.996665,1,0,0,1,1.564441,0.86985,5.298059,0.05885,0.643091,2.027307,0.448612
1007,1026,SharkGull,WildLupo,1605,1199,1,0,0,0.000223,0.018371,5.77773,0.12932,0.09295,0,0,0.059925,4.940075,1,0,0,1,1.791759,0.911905,5.505861,0.05885,0.435289,2.120567,0.448612
1007,1029,SharkGull,Chomppet,1605,1600,0,0,0,0.000223,0.022196,4.759115,0.128816,0.11207,0,0,0.049702,4.950298,0,0,0,0,,0.507195,2.506127,0.05885,2.435023,2.349308,0.491916
1007,1030,SharkGull,who,1605,1924,0,0,0,0.000223,8.3e-05,4.866741,0.131729,0.00153,0,0,3.640087,1.359913,0,0,0,0,,0.137488,0.679349,0.05885,4.261801,2.349308,0.491916
1007,1032,SharkGull,WaterLeak,1605,1607,11,0,0,0.000223,8.4e-05,15.866736,0.131729,0.001535,0,0,3.628099,1.371901,3,8,0,11,1.856836,0.497122,5.456353,0.05885,10.484797,1.913753,0.392657
1007,1038,SharkGull,PolyMorph,1605,1463,2,0,0,0.000223,0.001586,6.859426,0.131531,0.009043,0,0,0.615999,4.384001,2,0,0,2,2.070773,0.693688,5.427616,0.05885,1.513534,2.18725,0.429209
1007,1042,SharkGull,Creepy_duo_canon,1605,1386,1,0,0,0.000223,0.104041,5.360761,0.118034,0.521205,0,0,0.010687,4.989313,1,0,0,1,1.637053,0.779141,4.849851,0.05885,1.091299,2.057097,0.448612
1007,1044,SharkGull,DoopyBot,1605,1418,1,0,0,0.000223,0.009666,5.820102,0.130467,0.049431,0,0,0.112683,4.887317,1,0,0,1,1.95586,0.745823,4.685224,0.05885,1.255926,2.187891,0.448612
1007,1045,SharkGull,tito,1605,1801,1,0,0,0.000223,0.000837,5.863074,0.13163,0.005296,0,0,1.051749,3.948251,0,1,0,1,2.039921,0.244481,1.208018,0.05885,4.733132,2.222378,0.448612
1007,1049,SharkGull,TheCatSC2Bot,1605,970,1,0,0,0.000223,0.003084,5.852135,0.131334,0.016531,0,0,0.336953,4.663047,1,0,0,1,1.786747,0.974799,5.816629,0.05885,0.124521,2.118511,0.448612
1007,1050,SharkGull,onlyfans,1605,1517,8,0,0,0.000223,8.7e-05,12.866724,0.131729,0.001547,0,0,3.600337,1.399663,2,6,0,8,2.324668,0.624002,5.083286,0.05885,7.857864,2.328421,0.397274
1007,1052,SharkGull,Starlight,1605,1204,1,0,0,0.000223,9.3e-05,5.866694,0.131728,0.001579,0,0,3.529238,1.470762,1,0,0,1,1.743969,0.909566,5.4943,0.05885,0.44685,2.10096,0.448612
1007,1054,SharkGull,JimmyBotZ,1605,1724,18,0,0,0.000223,0.005286,22.841416,0.131044,0.02754,0,0,0.202255,4.797745,1,17,0,18,1.605357,0.335142,2.655987,0.05885,20.285163,1.660375,0.38736
1007,1056,SharkGull,bilisaur,1605,1600,0,0,0,0.000223,0.022196,4.759115,0.128816,0.11207,0,0,0.049702,4.950298,0,0,0,0,,0.507195,2.506127,0.05885,2.435023,2.349308,0.491916
1007,1057,SharkGull,DoopyBot-Test,1605,1238,1,0,0,0.000223,0.023755,5.751528,0.128611,0.119861,0,0,0.046471,4.953529,1,0,0,1,1.859418,0.892124,5.408118,0.05885,0.533032,2.148325,0.448612
1007,1058,SharkGull,JimmyBotP,1605,1711,16,0,0,0.000223,0.005341,20.841152,0.131036,0.027811,0,0,0.200281,4.799719,3,13,0,16,1.895236,0.352017,4.739369,0.05885,16.201781,1.932667,0.388445
1007,1059,SharkGull,NextProBot,1605,1600,0,0,0,0.000223,0.022196,4.759115,0.128816,0.11207,0,0,0.049702,4.950298,0,0,0,0,,0.507195,2.506127,0.05885,2.435023,2.349308,0.491916
1007,1060,SharkGull,WildFire,1605,1709,6,0,0,0.000223,0.00012,10.86656,0.131724,0.001716,0,0,3.246479,1.753521,0,6,0,6,1.794224,0.354648,1.752367,0.05885,9.188783,1.901507,0.402359
1007,1065,SharkGull,MindMatrix,1605,1514,0,0,0,0.000223,0.010709,4.815022,0.130329,0.054649,0,0,0.101925,4.898075,0,0,0,0,,0.628045,3.103264,0.05885,1.837886,2.349308,0.491916
1007,1066,SharkGull,CompetitiveBotTest,1605,1482,0,0,0,0.000223,0.003699,4.849141,0.131253,0.019607,0,0,0.284091,4.715909,0,0,0,0,,0.669969,3.310417,0.05885,1.630733,2.349308,0.491916
1007,1067,SharkGull,Hello_world,1605,1600,0,0,0,0.000223,0.022196,4.759115,0.128816,0.11207,0,0,0.049702,4.950298,0,0,0,0,,0.507195,2.506127,0.05885,2.435023,2.349308,0.491916
1007,1078,SharkGull,LoremIpsum,1605,1242,1,0,0,0.000223,0.000201,5.866169,0.131714,0.002117,0,0,2.630828,2.369172,1,0,0,1,2.051556,0.889888,5.397069,0.05885,0.544081,2.227152,0.448612
1007,1079,SharkGull,JimmyBotT,1605,1675,17,0,0,0.000223,0.000205,21.866149,0.131713,0.002138,0,0,2.605769,2.394231,0,17,0,17,2.62413,0.400603,1.979441,0.05885,19.961709,2.602704,0.387873
1007,1080,SharkGull,JimmyBot,1605,1675,16,0,0,0.000223,0.003888,20.848224,0.131228,0.020548,0,0,0.271077,4.728923,2,14,0,16,2.08769,0.400603,3.979441,0.05885,16.961709,2.109256,0.388445
1007,1081,SharkGull,ArtZerg,1605,1537,16,2,0,0.000223,0.000199,20.866176,2.131714,0.00211,0,0,2.63981,2.36019,0,16,0,16,1.515585,0.596629,2.948034,0.05885,17.993116,1.584313,0.388445
1007,1082,SharkGull,Dasyatis,1605,1573,7,0,0,0.000223,0.048918,11.629054,0.125296,0.24565,0,0,0.022675,4.977325,1,6,0,7,2.180351,0.545922,3.697482,0.05885,8.243668,2.209135,0.399523
1007,1084,SharkGull,ZippyZap,1605,1457,0,0,0,0.000223,0.84229,0.767599,0.020777,4.211624,0,0,0.001323,4.998677,0,0,0,0,,0.700977,3.463634,0.05885,1.477516,2.349308,0.491916
1007,1085,SharkGull,AgoraLord,1605,1430,1,0,0,0.000223,0.000933,5.862607,0.131617,0.005776,0,0,0.964344,4.035656,1,0,0,1,1.983756,0.732507,4.619428,0.05885,1.321722,2.199336,0.448612
1007,1086,SharkGull,CherBoiBlue,1605,1500,0,0,0,0.000223,0.222218,3.785578,0.102465,1.111957,0,0,0.005009,4.994991,0,0,0,0,,0.646669,3.195288,0.05885,1.745862,2.349308,0.491916
1007,1087,SharkGull,SwarmLord2,1605,1533,0,0,0,0.000223,0.003699,4.849141,0.131253,0.019607,0,0,0.284091,4.715909,0,0,0,0,,0.602158,2.975353,0.05885,1.965797,2.349308,0.491916
1007,1088,SharkGull,SwarmLord3,1605,1562,0,0,0,0.000223,0.003468,4.850266,0.131283,0.018451,0,0,0.301887,4.698113,0,0,0,0,,0.561568,2.774791,0.05885,2.166359,2.349308,0.491916
1007,1089,SharkGull,WorkingAsIntended,1605,1596,1,0,0,0.000223,0.041392,5.665686,0.126287,0.208027,0,0,0.026776,4.973224,0,1,0,1,1.690096,0.512949,2.534559,0.05885,3.406591,2.078858,0.448612
1008,1023,Creepy_canon,MY_SCRIPTING_SON,1587,1275,0,0,0,0.074065,0.333918,3.002473,0.081269,1.916258,0,0,0.9077,4.0923,0,0,0,0,,0.857663,4.237843,0.05885,0.703307,2.349308,0.491916
1008,1026,Creepy_canon,WildLupo,1587,1199,0,0,0,0.074065,0.018371,4.424852,0.119768,0.455379,0,0,4.00628,0.99372,0,0,0,0,,0.903218,4.462938,0.05885,0.478212,2.349308,0.491916
1008,1029,Creepy_canon,Chomppet,1587,1600,0,0,0,0.074065,0.022196,4.407611,0.119302,0.473087,0,0,3.847097,1.152903,0,0,0,0,,0.4813,2.378177,0.05885,2.562973,2.349308,0.491916
1008,1030,Creepy_canon,who,1587,1924,0,0,0,0.074065,8.3e-05,4.507288,0.122,0.370712,0,0,4.994386,0.005614,0,0,0,0,,0.125656,0.620884,0.05885,4.320266,2.349308,0.491916
1008,1032,Creepy_canon,WaterLeak,1587,1607,0,0,0,0.074065,8.4e-05,4.507284,0.122,0.370717,0,0,4.994318,0.005682,0,0,0,0,,0.471249,2.328514,0.05885,2.612636,2.349308,0.491916
1008,1038,Creepy_canon,PolyMorph,1587,1463,0,0,0,0.074065,0.001586,4.500514,0.121816,0.377669,0,0,4.895176,0.104824,0,0,0,0,,0.671241,3.3167,0.05885,1.62445,2.349308,0.491916
1008,1042,Creepy_canon,Creepy_duo_canon,1587,1386,0,0,0,0.074065,0.104041,4.03868,0.109316,0.852004,0,0,2.079241,2.920759,0,0,0,0,,0.760796,3.759208,0.05885,1.181942,2.349308,0.491916
1008,1044,Creepy_canon,DoopyBot,1587,1418,0,0,0,0.074065,0.009666,4.464094,0.120831,0.415075,0,0,4.422819,0.577181,0,0,0,0,,0.725686,3.585722,0.05885,1.355428,2.349308,0.491916
1008,1045,Creepy_canon,tito,1587,1801,0,0,0,0.074065,0.000837,4.503892,0.121908,0.3742,0,0,4.944155,0.055845,0,0,0,0,,0.225852,1.115969,0.05885,3.825181,2.349308,0.491916
1008,1049,Creepy_canon,TheCatSC2Bot,1587,970,1,0,0,0.074065,0.003084,5.493762,0.121634,0.384605,0,0,4.800128,0.199872,1,0,0,1,1.398717,0.972125,5.803413,0.05885,0.137737,1.959317,0.448612
1008,1050,Creepy_canon,onlyfans,1587,1517,0,0,0,0.074065,8.7e-05,4.507273,0.121999,0.370728,0,0,4.994158,0.005842,0,0,0,0,,0.599397,2.961709,0.05885,1.979441,2.349308,0.491916
1008,1052,Creepy_canon,Starlight,1587,1204,1,0,0,0.074065,9.3e-05,5.507245,0.121999,0.370757,0,0,4.993738,0.006262,1,0,0,1,1.781709,0.900673,5.450361,0.05885,0.490789,2.116444,0.448612
1008,1054,Creepy_canon,JimmyBotZ,1587,1724,0,0,0,0.074065,0.005286,4.483835,0.121365,0.394801,0,0,4.666906,0.333094,0,0,0,0,,0.312462,1.54392,0.05885,3.39723,2.349308,0.491916
1008,1056,Creepy_canon,bilisaur,1587,1600,0,0,0,0.074065,0.022196,4.407611,0.119302,0.473087,0,0,3.847097,1.152903,0,0,0,0,,0.4813,2.378177,0.05885,2.562973,2.349308,0.491916
1008,1057,Creepy_canon,DoopyBot-Test,1587,1238,0,0,0,0.074065,0.023755,4.400585,0.119112,0.480303,0,0,3.785797,1.214203,0,0,0,0,,0.881739,4.356806,0.05885,0.584344,2.349308,0.491916
1008,1058,Creepy_canon,JimmyBotP,1587,1711,0,0,0,0.074065,0.005341,4.48359,0.121358,0.395052,0,0,4.663714,0.336286,0,0,0,0,,0.328759,1.62445,0.05885,3.3167,2.349308,0.491916
1008,1059,Creepy_canon,NextProBot,1587,1600,0,0,0,0.074065,0.022196,4.407611,0.119302,0.473087,0,0,3.847097,1.152903,0,0,0,0,,0.4813,2.378177,0.05885,2.562973,2.349308,0.491916
1008,1060,Creepy_canon,WildFire,1587,1709,0,0,0,0.074065,0.00012,4.507121,0.121995,0.370884,0,0,4.991887,0.008113,0,0,0,0,,0.331305,1.637028,0.05885,3.304122,2.349308,0.491916
1008,1065,Creepy_canon,MindMatrix,1587,1514,1,0,0,0.074065,0.010709,5.45939,0.120703,0.419907,0,0,4.368366,0.631634,1,0,0,1,1.822935,0.603536,3.982163,0.05885,1.958987,2.133357,0.448612
1008,1066,Creepy_canon,CompetitiveBotTest,1587,1482,0,0,0,0.074065,0.003699,4.490988,0.121558,0.387453,0,0,4.762146,0.237854,0,0,0,0,,0.646669,3.195288,0.05885,1.745862,2.349308,0.491916
1008,1067,Creepy_canon,Hello_world,1587,1600,0,0,0,0.074065,0.022196,4.407611,0.119302,0.473087,0,0,3.847097,1.152903,0,0,0,0,,0.4813,2.378177,0.05885,2.562973,2.349308,0.491916
1008,1078,Creepy_canon,LoremIpsum,1587,1242,0,0,0,0.074065,0.000201,4.506759,0.121985,0.371256,0,0,4.986489,0.013511,0,0,0,0,,0.879317,4.344838,0.05885,0.596312,2.349308,0.491916
1008,1079,Creepy_canon,JimmyBotT,1587,1675,0,0,0,0.074065,0.000205,4.506741,0.121985,0.371275,0,0,4.986215,0.013785,0,0,0,0,,0.375998,1.857864,0.05885,3.083286,2.349308,0.491916
1008,1080,Creepy_canon,JimmyBot,1587,1675,0,0,0,0.074065,0.003888,4.490139,0.121536,0.388325,0,0,4.750643,0.249357,0,0,0,0,,0.375998,1.857864,0.05885,3.083286,2.349308,0.491916
1008,1081,Creepy_canon,ArtZerg,1587,1537,0,0,0,0.074065,0.000199,4.506765,0.121986,0.371249,0,0,4.986585,0.013415,0,0,0,0,,0.571463,2.823685,0.05885,2.117465,2.349308,0.491916
1008,1082,Creepy_canon,Dasyatis,1587,1573,0,0,0,0.074065,0.048918,4.287157,0.116041,0.596801,0,0,3.011192,1.988808,0,0,0,0,,0.520137,2.570074,0.05885,2.371076,2.349308,0.491916
1008,1084,Creepy_canon,ZippyZap,1587,1457,0,0,0,0.074065,0.84229,0.710905,0.019242,4.269853,0,0,0.40413,4.59587,0,0,0,0,,0.678817,3.354136,0.05885,1.587014,2.349308,0.491916
1008,1085,Creepy_canon,AgoraLord,1587,1430,0,0,0,0.074065,0.000933,4.50346,0.121896,0.374644,0,0,4.937825,0.062175,0,0,0,0,,0.711723,3.516728,0.05885,1.424422,2.349308,0.491916
1008,1086,Creepy_canon,CherBoiBlue,1587,1500,0,0,0,0.074065,0.222218,3.505979,0.094897,1.399124,0,0,1.249907,3.750093,0,0,0,0,,0.62265,3.076608,0.05885,1.864542,2.349308,0.491916
1008,1087,Creepy_canon,SwarmLord2,1587,1533,0,0,0,0.074065,0.003699,4.490988,0.121558,0.387453,0,0,4.762146,0.237854,0,0,0,0,,0.577092,2.8515,0.05885,2.08965,2.349308,0.491916
1008,1088,Creepy_canon,SwarmLord3,1587,1562,0,0,0,0.074065,0.003468,4.49203,0.121587,0.386383,0,0,4.776347,0.223653,0,0,0,0,,0.535916,2.648041,0.05885,2.293109,2.349308,0.491916
1008,1089,Creepy_canon,WorkingAsIntended,1587,1596,0,0,0,0.074065,0.041392,4.321083,0.11696,0.561957,0,0,3.207483,1.792517,0,0,0,0,,0.487051,2.406591,0.05885,2.534559,2.349308,0.491916
1023,1026,MY_SCRIPTING_SON,WildLupo,1275,1199,53,1,1,0.333918,0.018371,56.183069,1.086157,2.730774,1,0,5.73926,0.26074,48,5,0,53,2.332824,0.607661,51.002544,0.05885,6.938606,2.33326,0.381218
1023,1029,MY_SCRIPTING_SON,Chomppet,1275,1600,0,0,0,0.333918,0.022196,3.170667,0.085821,1.743512,0,0,4.688358,0.311642,0,0,0,0,,0.133443,0.659364,0.05885,4.281786,2.349308,0.491916
1023,1030,MY_SCRIPTING_SON,who,1275,1924,1,0,0,0.333918,8.3e-05,4.242371,0.087762,1.669867,0,0,4.998754,0.001246,0,1,0,1,2.10657,0.023295,0.115104,0.05885,5.826046,2.249722,0.448612
1023,1032,MY_SCRIPTING_SON,WaterLeak,1275,1607,1,0,0,0.333918,8.4e-05,4.242367,0.087762,1.669871,0,0,4.998739,0.001261,0,1,0,1,1.560248,0.128852,0.636678,0.05885,5.304472,2.025587,0.448612
1023,1038,MY_SCRIPTING_SON,PolyMorph,1275,1463,35,0,16,0.333918,0.001586,38.237498,0.08763,17.674872,16,0,20.976364,0.023636,17,18,0,35,2.737842,0.253087,18.250541,0.05885,21.690609,2.722514,0.382913
1023,1042,MY_SCRIPTING_SON,Creepy_duo_canon,1275,1386,33,0,2,0.333918,0.104041,35.905272,0.078638,4.01609,2,0,5.812203,1.187797,23,10,0,33,1.983885,0.34548,24.707069,0.05885,13.234081,1.999138,0.38321
1023,1044,MY_SCRIPTING_SON,DoopyBot,1275,1418,14,2,23,0.333918,0.009666,17.211299,2.086921,24.701781,23,0,27.859342,0.140658,5,9,0,14,2.213028,0.30509,6.507497,0.05885,12.433653,2.225718,0.389807
1023,1045,MY_SCRIPTING_SON,tito,1275,1801,0,0,0,0.333918,0.000837,3.239928,0.087696,1.672376,0,0,4.987505,0.012495,0,0,0,0,,0.046181,0.228189,0.05885,4.712961,2.349308,0.491916
1023,1049,MY_SCRIPTING_SON,TheCatSC2Bot,1275,970,60,0,1,0.333918,0.003084,63.23264,0.087499,2.679861,1,0,5.954244,0.045756,58,0,2,60,2.230688,0.852673,62.213185,2.05885,0.727965,2.233463,0.380826
1023,1050,MY_SCRIPTING_SON,onlyfans,1275,1517,26,0,5,0.333918,8.7e-05,29.24236,0.087762,6.669879,5,0,9.998703,0.001297,7,19,0,26,2.332045,0.198919,7.982889,0.05885,22.958261,2.33295,0.384586
1023,1052,MY_SCRIPTING_SON,Starlight,1275,1204,17,1,32,0.333918,9.3e-05,20.24234,1.087761,33.669899,32,0,36.99861,0.00139,9,8,0,17,2.491161,0.600778,11.968535,0.05885,9.972615,2.480101,0.387873
1023,1054,MY_SCRIPTING_SON,JimmyBotZ,1275,1724,1,0,8,0.333918,0.005286,4.225499,0.087305,9.687196,8,0,12.922078,0.077922,0,1,0,1,3.89914,0.070133,0.346536,0.05885,5.594614,2.985145,0.448612
1023,1056,MY_SCRIPTING_SON,bilisaur,1275,1600,0,0,0,0.333918,0.022196,3.170667,0.085821,1.743512,0,0,4.688358,0.311642,0,0,0,0,,0.133443,0.659364,0.05885,4.281786,2.349308,0.491916
1023,1057,MY_SCRIPTING_SON,DoopyBot-Test,1275,1238,19,7,13,0.333918,0.023755,22.165613,7.085684,14.748703,13,0,17.667927,0.332073,10,9,0,19,2.448005,0.553047,12.732688,0.05885,11.208462,2.441063,0.386896
1023,1058,MY_SCRIPTING_SON,JimmyBotP,1275,1711,9,7,2,0.333918,0.005341,12.225323,7.0873,3.687377,2,0,6.92129,0.07871,8,1,0,9,2.256336,0.075173,8.37144,0.05885,5.56971,2.26914,0.395447
1023,1059,MY_SCRIPTING_SON,NextProBot,1275,1600,0,0,0,0.333918,0.022196,3.170667,0.085821,1.743512,0,0,4.688358,0.311642,0,0,0,0,,0.133443,0.659364,0.05885,4.281786,2.349308,0.491916
1023,1060,MY_SCRIPTING_SON,WildFire,1275,1709,1,0,1,0.333918,0.00012,4.24225,0.087759,2.669991,1,0,5.998198,0.001802,0,1,0,1,1.629241,0.075977,0.375414,0.05885,5.565736,2.053892,0.448612
1023,1065,MY_SCRIPTING_SON,MindMatrix,1275,1514,12,0,7,0.333918,0.010709,15.207914,0.086829,8.705257,7,0,11.844625,0.155375,2,10,0,12,2.405753,0.201685,2.996557,0.05885,13.944593,2.399715,0.391568
1023,1066,MY_SCRIPTING_SON,CompetitiveBotTest,1275,1482,1,0,0,0.333918,0.003699,4.230645,0.087445,1.68191,0,0,4.945214,0.054786,1,0,0,1,1.778336,0.232975,2.151165,0.05885,3.789985,2.11506,0.448612
1023,1067,MY_SCRIPTING_SON,Hello_world,1275,1600,0,0,0,0.333918,0.022196,3.170667,0.085821,1.743512,0,0,4.688358,0.311642,0,0,0,0,,0.133443,0.659364,0.05885,4.281786,2.349308,0.491916
1023,1078,MY_SCRIPTING_SON,LoremIpsum,1275,1242,15,4,2,0.333918,0.000201,18.24199,4.087752,3.670259,2,0,6.996997,0.003003,12,2,1,15,2.549359,0.547349,14.704531,1.05885,4.236619,2.531865,0.389085
1023,1079,MY_SCRIPTING_SON,JimmyBotT,1275,1675,1,0,1,0.333918,0.000205,4.241977,0.087751,2.670272,1,0,5.996936,0.003064,0,1,0,1,2.686486,0.090909,0.449195,0.05885,5.491955,2.487639,0.448612
1023,1080,MY_SCRIPTING_SON,JimmyBot,1275,1675,2,0,0,0.333918,0.003888,5.230034,0.087428,1.682538,0,0,4.942458,0.057542,0,2,0,2,2.183406,0.090909,0.449195,0.05885,6.491955,2.252782,0.429209
1023,1081,MY_SCRIPTING_SON,ArtZerg,1275,1537,1,1,0,0.333918,0.000199,4.241995,1.087752,1.670254,0,0,4.997018,0.002982,0,1,0,1,1.56653,0.181207,0.89537,0.05885,5.04578,2.028164,0.448612
1023,1082,MY_SCRIPTING_SON,Dasyatis,1275,1573,9,0,1,0.333918,0.048918,12.084017,0.083476,2.832507,1,0,5.361109,0.638891,0,9,0,9,2.117655,0.152461,0.753334,0.05885,13.187816,2.149559,0.395447
1023,1084,MY_SCRIPTING_SON,ZippyZap,1275,1457,0,0,1,0.333918,0.84229,0.511398,0.013842,5.47476,0,1,1.419469,4.580531,0,0,0,0,,0.259672,1.283076,0.05885,3.658074,2.349308,0.491916
1023,1085,MY_SCRIPTING_SON,AgoraLord,1275,1430,2,1,0,0.333918,0.000933,5.239617,1.087687,1.672696,0,0,4.986074,0.013926,1,1,0,2,3.788461,0.290645,2.436122,0.05885,4.505028,3.186641,0.429209
1023,1086,MY_SCRIPTING_SON,CherBoiBlue,1275,1500,1,0,0,0.333918,0.222218,3.522067,0.068265,2.409668,0,0,3.002125,1.997875,1,0,0,1,3.346037,0.214973,2.062215,0.05885,3.878935,2.758228,0.448612
1023,1087,MY_SCRIPTING_SON,SwarmLord2,1275,1533,1,0,0,0.333918,0.003699,4.230645,0.087445,1.68191,0,0,4.945214,0.054786,0,1,0,1,3.325755,0.184648,0.912374,0.05885,5.028776,2.749907,0.448612
1023,1088,MY_SCRIPTING_SON,SwarmLord3,1275,1562,1,0,0,0.333918,0.003468,4.231395,0.087465,1.68114,0,0,4.948603,0.051397,0,1,0,1,1.629241,0.160825,0.794659,0.05885,5.146491,2.053892,0.448612
1023,1089,MY_SCRIPTING_SON,WorkingAsIntended,1275,1596,0,0,1,0.333918,0.041392,3.108422,0.084136,2.807442,1,0,5.448565,0.551435,0,0,0,0,,0.136129,0.672631,0.05885,4.268519,2.349308,0.491916
1026,1029,WildLupo,Chomppet,1199,1600,0,0,0,0.018371,0.022196,4.672725,0.126478,0.200797,0,0,2.264293,2.735707,0,0,0,0,,0.090434,0.44685,0.05885,4.4943,2.349308,0.491916
1026,1030,WildLupo,who,1199,1924,0,0,0,0.018371,8.3e-05,4.778397,0.129338,0.092265,0,0,4.977443,0.022557,0,0,0,0,,0.015166,0.074936,0.05885,4.866214,2.349308,0.491916
1026,1032,WildLupo,WaterLeak,1199,1607,0,0,0,0.018371,8.4e-05,4.778393,0.129338,0.09227,0,0,4.97717,0.02283,0,0,0,0,,0.087174,0.430741,0.05885,4.510409,2.349308,0.491916
1026,1038,WildLupo,PolyMorph,1199,1463,47,1,1,0.018371,0.001586,51.771216,1.129143,1.09964,1,0,5.602647,0.397353,0,47,0,47,2.448014,0.179505,0.88696,0.05885,51.05419,2.445085,0.381644
1026,1042,WildLupo,Creepy_duo_canon,1199,1386,34,2,0,0.018371,0.104041,38.281603,2.115891,0.602506,0,0,0.750381,4.249619,1,32,1,34,1.770913,0.254177,2.255926,1.05885,35.685224,1.794374,0.383057
1026,1044,WildLupo,DoopyBot,1199,1418,32,5,2,0.018371,0.009666,36.732605,5.128098,2.139296,2,0,5.276268,1.723732,0,32,0,32,2.686478,0.220859,1.091299,0.05885,35.849851,2.671983,0.383371
1026,1045,WildLupo,tito,1199,1801,0,0,0,0.018371,0.000837,4.774797,0.12924,0.095962,0,0,4.782229,0.217771,0,0,0,0,,0.030313,0.149782,0.05885,4.791368,2.349308,0.491916
1026,1049,WildLupo,TheCatSC2Bot,1199,970,33,21,3,0.018371,0.003084,37.764058,21.12895,3.106993,1,2,5.281292,2.718708,33,0,0,33,2.549029,0.788887,36.898009,0.05885,1.043141,2.540692,0.38321
1026,1050,WildLupo,onlyfans,1199,1517,32,0,1,0.018371,8.7e-05,36.778381,0.129337,1.092281,1,0,5.976532,0.023468,4,28,0,32,2.613518,0.138172,4.682729,0.05885,32.258421,2.602159,0.383371
1026,1052,WildLupo,Starlight,1199,1204,48,2,0,0.018371,9.3e-05,52.778352,2.129337,0.092312,0,0,4.974851,0.025149,38,10,0,48,2.963279,0.492805,40.435023,0.05885,12.506127,2.945427,0.381565
1026,1054,WildLupo,JimmyBotZ,1199,1724,6,0,3,0.018371,0.005286,10.753533,0.128665,3.117802,2,1,5.882741,2.117259,0,6,0,6,2.542081,0.046435,0.229445,0.05885,10.711705,2.504823,0.402359
1026,1056,WildLupo,bilisaur,1199,1600,0,0,0,0.018371,0.022196,4.672725,0.126478,0.200797,0,0,2.264293,2.735707,0,0,0,0,,0.090434,0.44685,0.05885,4.4943,2.349308,0.491916
1026,1057,WildLupo,DoopyBot-Test,1199,1238,29,8,1,0.018371,0.023755,33.665277,8.126276,1.208447,0,1,2.180514,3.819486,2,27,0,29,2.50329,0.444109,4.194409,0.05885,29.746741,2.496017,0.383919
1026,1058,WildLupo,JimmyBotP,1199,1711,17,0,0,0.018371,0.005341,21.753274,0.128658,0.118069,0,0,3.873848,1.126152,1,16,0,17,2.546191,0.049864,1.246385,0.05885,20.694765,2.530841,0.387873
1026,1059,WildLupo,NextProBot,1199,1600,0,0,0,0.018371,0.022196,4.672725,0.126478,0.200797,0,0,2.264293,2.735707,0,0,0,0,,0.090434,0.44685,0.05885,4.4943,2.349308,0.491916
1026,1060,WildLupo,WildFire,1199,1709,2,0,0,0.018371,0.00012,6.77822,0.129333,0.092447,0,0,4.967453,0.032547,0,2,0,2,1.817901,0.050412,0.249094,0.05885,6.692056,2.040123,0.429209
1026,1065,WildLupo,MindMatrix,1199,1514,16,0,2,0.018371,0.010709,20.727618,0.127963,2.144419,1,1,4.15868,2.84132,1,15,0,16,2.286558,0.140241,1.692954,0.05885,19.248196,2.291731,0.388445
1026,1066,WildLupo,CompetitiveBotTest,1199,1482,1,0,0,0.018371,0.003699,5.761117,0.12887,0.110013,0,0,4.16193,0.83807,1,0,0,1,2.312535,0.163957,1.810134,0.05885,4.131016,2.334222,0.448612
1026,1067,WildLupo,Hello_world,1199,1600,0,0,0,0.018371,0.022196,4.672725,0.126478,0.200797,0,0,2.264293,2.735707,0,0,0,0,,0.090434,0.44685,0.05885,4.4943,2.349308,0.491916
1026,1078,WildLupo,LoremIpsum,1199,1242,19,2,0,0.018371,0.000201,23.777836,2.129323,0.092841,0,0,4.94597,0.05403,5,13,1,19,2.979949,0.438432,7.166359,1.05885,15.774791,2.935593,0.386896
1026,1079,WildLupo,JimmyBotT,1199,1675,2,0,0,0.018371,0.000205,6.777817,0.129322,0.092861,0,0,4.944886,0.055114,0,2,0,2,2.557107,0.06065,0.299679,0.05885,6.641471,2.47021,0.429209
1026,1080,WildLupo,JimmyBot,1199,1675,2,0,0,0.018371,0.003888,6.760217,0.128846,0.110937,0,0,4.126723,0.873277,0,2,0,2,1.984778,0.06065,0.299679,0.05885,6.641471,2.137216,0.429209
1026,1081,WildLupo,ArtZerg,1199,1537,2,0,0,0.018371,0.000199,6.777843,0.129323,0.092834,0,0,4.946354,0.053646,0,2,0,2,1.806563,0.125025,0.617766,0.05885,6.323384,2.033526,0.429209
1026,1082,WildLupo,Dasyatis,1199,1573,9,1,0,0.018371,0.048918,13.545026,1.123021,0.331953,0,0,1.365091,3.634909,0,9,0,9,2.174807,0.104059,0.514171,0.05885,13.426979,2.19884,0.395447
1026,1084,WildLupo,ZippyZap,1199,1457,0,0,1,0.018371,0.84229,0.753665,0.0204,5.225935,0,1,0.106727,5.893273,0,0,0,0,,0.184648,0.912374,0.05885,4.028776,2.349308,0.491916
1026,1085,WildLupo,AgoraLord,1199,1430,1,2,0,0.018371,0.000933,5.774339,2.129228,0.096433,0,0,4.75844,0.24156,0,1,0,1,3.079614,0.209202,1.033698,0.05885,4.907452,2.648925,0.448612
1026,1086,WildLupo,CherBoiBlue,1199,1500,0,1,0,0.018371,0.222218,3.71686,1.100605,1.182535,0,0,0.381796,4.618204,0,0,0,0,,0.150243,0.742374,0.05885,4.198776,2.349308,0.491916
1026,1087,WildLupo,SwarmLord2,1199,1533,0,1,0,0.018371,0.003699,4.761117,1.12887,0.110013,0,0,4.16193,0.83807,0,0,0,0,,0.127565,0.63032,0.05885,4.31083,2.349308,0.491916
1026,1088,WildLupo,SwarmLord3,1199,1562,0,1,0,0.018371,0.003468,4.762222,1.1289,0.108878,0,0,4.205991,0.794009,0,0,0,0,,0.110112,0.544081,0.05885,4.397069,2.349308,0.491916
1026,1089,WildLupo,WorkingAsIntended,1199,1596,1,0,0,0.018371,0.041392,5.580993,0.123995,0.295013,0,0,1.537006,3.462994,0,1,0,1,2.084429,0.092346,0.456298,0.05885,5.484852,2.240638,0.448612
1029,1030,Chomppet,who,1600,1924,0,0,0,0.022196,8.3e-05,4.759779,0.128834,0.111387,0,0,4.981315,0.018685,0,0,0,0,,0.13411,0.66266,0.05885,4.27849,2.349308,0.491916
1029,1032,Chomppet,WaterLeak,1600,1607,0,0,0,0.022196,8.4e-05,4.759774,0.128834,0.111392,0,0,4.981089,0.018911,0,0,0,0,,0.489928,2.420806,0.05885,2.520344,2.349308,0.491916
1029,1038,Chomppet,PolyMorph,1600,1463,0,0,0,0.022196,0.001586,4.752626,0.12864,0.118734,0,0,4.666552,0.333448,0,0,0,0,,0.687538,3.39723,0.05885,1.54392,2.349308,0.491916
1029,1042,Chomppet,Creepy_duo_canon,1600,1386,0,0,0,0.022196,0.104041,4.26492,0.115439,0.61964,0,0,0.879138,4.120862,0,0,0,0,,0.774148,3.825181,0.05885,1.115969,2.349308,0.491916
1029,1044,Chomppet,DoopyBot,1600,1418,0,0,0,0.022196,0.009666,4.714165,0.127599,0.158235,0,0,3.483191,1.516809,0,0,0,0,,0.740328,3.658074,0.05885,1.283076,2.349308,0.491916
1029,1045,Chomppet,tito,1600,1801,0,0,0,0.022196,0.000837,4.756193,0.128737,0.11507,0,0,4.818392,0.181608,0,0,0,0,,0.239204,1.181942,0.05885,3.759208,2.349308,0.491916
1029,1049,Chomppet,TheCatSC2Bot,1600,970,0,0,0,0.022196,0.003084,4.745495,0.128447,0.126058,0,0,4.390031,0.609969,0,0,0,0,,0.974082,4.813087,0.05885,0.128063,2.349308,0.491916
1029,1050,Chomppet,onlyfans,1600,1517,0,0,0,0.022196,8.7e-05,4.759763,0.128833,0.111404,0,0,4.98056,0.01944,0,0,0,0,,0.617225,3.049801,0.05885,1.891349,2.349308,0.491916
1029,1052,Chomppet,Starlight,1600,1204,0,0,0,0.022196,9.3e-05,4.759733,0.128833,0.111434,0,0,4.979167,0.020833,0,0,0,0,,0.90717,4.482463,0.05885,0.458687,2.349308,0.491916
1029,1054,Chomppet,JimmyBotZ,1600,1724,0,0,0,0.022196,0.005286,4.735012,0.128164,0.136825,0,0,4.038233,0.961767,0,0,0,0,,0.328759,1.62445,0.05885,3.3167,2.349308,0.491916
1029,1056,Chomppet,bilisaur,1600,1600,0,0,0,0.022196,0.022196,4.654519,0.125985,0.219497,0,0,2.5,2.5,0,0,0,0,,0.5,2.470575,0.05885,2.470575,2.349308,0.491916
1029,1057,Chomppet,DoopyBot-Test,1600,1238,0,0,0,0.022196,0.023755,4.647099,0.125784,0.227117,0,0,2.415199,2.584801,0,0,0,0,,0.889323,4.394276,0.05885,0.546874,2.349308,0.491916
1029,1058,Chomppet,JimmyBotP,1600,1711,0,0,0,0.022196,0.005341,4.734753,0.128157,0.13709,0,0,4.030268,0.969732,0,0,0,0,,0.34548,1.707069,0.05885,3.234081,2.349308,0.491916
1029,1059,Chomppet,NextProBot,1600,1600,0,0,0,0.022196,0.022196,4.654519,0.125985,0.219497,0,0,2.5,2.5,0,0,0,0,,0.5,2.470575,0.05885,2.470575,2.349308,0.491916
1029,1060,Chomppet,WildFire,1600,1709,0,0,0,0.022196,0.00012,4.759602,0.128829,0.111568,0,0,4.973031,0.026969,0,0,0,0,,0.348088,1.719955,0.05885,3.221195,2.349308,0.491916
1029,1065,Chomppet,MindMatrix,1600,1514,0,0,0,0.022196,0.010709,4.709197,0.127465,0.163338,0,0,3.372708,1.627292,0,0,0,0,,0.621297,3.06992,0.05885,1.87123,2.349308,0.491916
1029,1066,Chomppet,CompetitiveBotTest,1600,1482,0,0,0,0.022196,0.003699,4.742566,0.128368,0.129066,0,0,4.285714,0.714286,0,0,0,0,,0.663574,3.278819,0.05885,1.662331,2.349308,0.491916
1029,1067,Chomppet,Hello_world,1600,1600,0,0,0,0.022196,0.022196,4.654519,0.125985,0.219497,0,0,2.5,2.5,0,0,0,0,,0.5,2.470575,0.05885,2.470575,2.349308,0.491916
1029,1078,Chomppet,LoremIpsum,1600,1242,0,0,0,0.022196,0.000201,4.75922,0.128819,0.111961,0,0,4.955197,0.044803,0,0,0,0,,0.887036,4.382977,0.05885,0.558173,2.349308,0.491916
1029,1079,Chomppet,JimmyBotT,1600,1675,0,0,0,0.022196,0.000205,4.759201,0.128818,0.111981,0,0,4.954296,0.045704,0,0,0,0,,0.393712,1.945391,0.05885,2.995759,2.349308,0.491916
1029,1080,Chomppet,JimmyBot,1600,1675,0,0,0,0.022196,0.003888,4.74167,0.128344,0.129987,0,0,4.254777,0.745223,0,0,0,0,,0.393712,1.945391,0.05885,2.995759,2.349308,0.491916
1029,1081,Chomppet,ArtZerg,1600,1537,0,0,0,0.022196,0.000199,4.759227,0.128819,0.111954,0,0,4.955516,0.044484,0,0,0,0,,0.589684,2.913715,0.05885,2.027435,2.349308,0.491916
1029,1082,Chomppet,Dasyatis,1600,1573,0,0,0,0.022196,0.048918,4.527317,0.122542,0.350142,0,0,1.560591,3.439409,0,0,0,0,,0.538778,2.662183,0.05885,2.278967,2.349308,0.491916
1029,1084,Chomppet,ZippyZap,1600,1457,0,0,0,0.022196,0.84229,0.750729,0.02032,4.228951,0,0,0.128377,4.871623,0,0,0,0,,0.69491,3.433653,0.05885,1.507497,2.349308,0.491916
1029,1085,Chomppet,AgoraLord,1600,1430,0,0,0,0.022196,0.000933,4.755736,0.128724,0.11554,0,0,4.798387,0.201613,0,0,0,0,,0.72683,3.591376,0.05885,1.349774,2.349308,0.491916
1029,1086,Chomppet,CherBoiBlue,1600,1500,0,0,0,0.022196,0.222218,3.702378,0.100213,1.197409,0,0,0.454065,4.545935,0,0,0,0,,0.640065,3.162657,0.05885,1.778493,2.349308,0.491916
1029,1087,Chomppet,SwarmLord2,1600,1533,0,0,0,0.022196,0.003699,4.742566,0.128368,0.129066,0,0,4.285714,0.714286,0,0,0,0,,0.595243,2.941185,0.05885,1.999965,2.349308,0.491916
1029,1088,Chomppet,SwarmLord3,1600,1562,0,0,0,0.022196,0.003468,4.743666,0.128398,0.127936,0,0,4.324324,0.675676,0,0,0,0,,0.554469,2.739716,0.05885,2.201434,2.349308,0.491916
1029,1089,Chomppet,WorkingAsIntended,1600,1596,0,0,0,0.022196,0.041392,4.563143,0.123512,0.313345,0,0,1.745304,3.254696,0,0,0,0,,0.505756,2.499017,0.05885,2.442133,2.349308,0.491916
1030,1032,who,WaterLeak,1924,1607,21,3,0,8.3e-05,8.4e-05,25.867415,3.131747,0.000838,0,0,2.484906,2.515094,10,10,1,21,1.779449,0.861141,14.255027,1.05885,10.686123,1.815957,0.38609
1030,1038,who,PolyMorph,1924,1463,0,0,0,8.3e-05,0.001586,4.860105,0.131549,0.008346,0,0,0.249378,4.750622,0,0,0,0,,0.93424,4.616222,0.05885,0.324928,2.349308,0.491916
1030,1042,who,Creepy_duo_canon,1924,1386,0,0,0,8.3e-05,0.104041,4.36137,0.11805,0.52058,0,0,0.003998,4.996002,0,0,0,0,,0.956768,4.727534,0.05885,0.213616,2.349308,0.491916
1030,1044,who,DoopyBot,1924,1418,0,0,0,8.3e-05,0.009666,4.820775,0.130485,0.04874,0,0,0.0427,4.9573,0,0,0,0,,0.948474,4.686553,0.05885,0.254597,2.349308,0.491916
1030,1045,who,tito,1924,1801,46,0,0,8.3e-05,0.000837,50.863753,0.131648,0.004599,0,0,0.452557,4.547443,29,17,0,46,1.784372,0.669969,32.310417,0.05885,18.630733,1.801491,0.381725
1030,1049,who,TheCatSC2Bot,1924,970,1,0,0,8.3e-05,0.003084,5.852813,0.131352,0.015835,0,0,0.131432,4.868568,1,0,0,1,1.504077,0.995896,5.920871,0.05885,0.020279,2.002542,0.448612
1030,1050,who,onlyfans,1924,1517,0,0,0,8.3e-05,8.7e-05,4.867404,0.131747,0.000849,0,0,2.450268,2.549732,0,0,0,0,,0.912367,4.50814,0.05885,0.43301,2.349308,0.491916
1030,1052,who,Starlight,1924,1204,0,0,0,8.3e-05,9.3e-05,4.867373,0.131746,0.000881,0,0,2.363528,2.636472,0,0,0,0,,0.984398,4.86406,0.05885,0.07709,2.349308,0.491916
1030,1054,who,JimmyBotZ,1924,1724,1,0,0,8.3e-05,0.005286,5.842092,0.131062,0.026846,0,0,0.077526,4.922474,0,1,0,1,1.011601,0.759747,3.754024,0.05885,2.187126,1.800498,0.448612
1030,1056,who,bilisaur,1924,1600,0,0,0,8.3e-05,0.022196,4.759779,0.128834,0.111387,0,0,0.018685,4.981315,0,0,0,0,,0.86589,4.27849,0.05885,0.66266,2.349308,0.491916
1030,1057,who,DoopyBot-Test,1924,1238,0,0,0,8.3e-05,0.023755,4.752192,0.128629,0.11918,0,0,0.017463,4.982537,0,0,0,0,,0.981089,4.847709,0.05885,0.093441,2.349308,0.491916
1030,1058,who,JimmyBotP,1924,1711,1,0,0,8.3e-05,0.005341,5.841828,0.131055,0.027117,0,0,0.076749,4.923251,1,0,0,1,2.09433,0.77314,4.8202,0.05885,1.12095,2.2447,0.448612
1030,1059,who,NextProBot,1924,1600,0,0,0,8.3e-05,0.022196,4.759779,0.128834,0.111387,0,0,0.018685,4.981315,0,0,0,0,,0.86589,4.27849,0.05885,0.66266,2.349308,0.491916
1030,1060,who,WildFire,1924,1709,14,3,0,8.3e-05,0.00012,18.867239,3.131743,0.001018,0,0,2.044346,2.955654,7,7,0,14,1.833325,0.775153,10.830147,0.05885,8.111003,1.881371,0.389807
1030,1065,who,MindMatrix,1924,1514,0,0,0,8.3e-05,0.010709,4.815694,0.130347,0.053958,0,0,0.038571,4.961429,0,0,0,0,,0.913738,4.514915,0.05885,0.426235,2.349308,0.491916
1030,1066,who,CompetitiveBotTest,1924,1482,0,0,0,8.3e-05,0.003699,4.849818,0.131271,0.018911,0,0,0.110051,4.889949,0,0,0,0,,0.927193,4.581402,0.05885,0.359748,2.349308,0.491916
1030,1067,who,Hello_world,1924,1600,0,0,0,8.3e-05,0.022196,4.759779,0.128834,0.111387,0,0,0.018685,4.981315,0,0,0,0,,0.86589,4.27849,0.05885,0.66266,2.349308,0.491916
1030,1078,who,LoremIpsum,1924,1242,0,0,0,8.3e-05,0.000201,4.866848,0.131732,0.00142,0,0,1.466066,3.533934,0,0,0,0,,0.980657,4.845575,0.05885,0.095575,2.349308,0.491916
1030,1079,who,JimmyBotT,1924,1675,0,0,0,8.3e-05,0.000205,4.866829,0.131731,0.00144,0,0,1.445333,3.554667,0,0,0,0,,0.807424,3.989604,0.05885,0.951546,2.349308,0.491916
1030,1080,who,JimmyBot,1924,1675,0,0,0,8.3e-05,0.003888,4.848901,0.131246,0.019853,0,0,0.104833,4.895167,0,0,0,0,,0.807424,3.989604,0.05885,0.951546,2.349308,0.491916
1030,1081,who,ArtZerg,1924,1537,0,0,0,8.3e-05,0.000199,4.866855,0.131732,0.001412,0,0,1.473545,3.526455,0,0,0,0,,0.902714,4.460445,0.05885,0.480705,2.349308,0.491916
1030,1082,who,Dasyatis,1924,1573,0,0,0,8.3e-05,0.048918,4.629701,0.125313,0.244986,0,0,0.008495,4.991505,0,0,0,0,,0.882935,4.362712,0.05885,0.578438,2.349308,0.491916
1030,1084,who,ZippyZap,1924,1457,0,0,0,8.3e-05,0.84229,0.767706,0.02078,4.211514,0,0,0.000494,4.999506,0,0,0,0,,0.936331,4.626551,0.05885,0.314599,2.349308,0.491916
1030,1085,who,AgoraLord,1924,1430,0,0,0,8.3e-05,0.000933,4.863286,0.131636,0.005079,0,0,0.40978,4.59022,0,0,0,0,,0.944992,4.669346,0.05885,0.271804,2.349308,0.491916
1030,1086,who,CherBoiBlue,1924,1500,0,0,0,8.3e-05,0.222218,3.786106,0.102479,1.111414,0,0,0.001873,4.998127,0,0,0,0,,0.919882,4.545273,0.05885,0.395877,2.349308,0.491916
1030,1087,who,SwarmLord2,1924,1533,0,0,0,8.3e-05,0.003699,4.849818,0.131271,0.018911,0,0,0.110051,4.889949,0,0,0,0,,0.904718,4.470345,0.05885,0.470805,2.349308,0.491916
1030,1088,who,SwarmLord3,1924,1562,0,0,0,8.3e-05,0.003468,4.850943,0.131301,0.017755,0,0,0.117216,4.882784,0,0,0,0,,0.889323,4.394276,0.05885,0.546874,2.349308,0.491916
1030,1089,who,WorkingAsIntended,1924,1596,0,0,0,8.3e-05,0.041392,4.666337,0.126305,0.207358,0,0,0.010037,4.989963,0,0,0,0,,0.868541,4.291591,0.05885,0.649559,2.349308,0.491916
1032,1038,WaterLeak,PolyMorph,1607,1463,5,0,0,8.4e-05,0.001586,9.8601,0.131549,0.008351,0,0,0.252255,4.747745,5,0,0,5,1.81805,0.696129,8.439677,0.05885,1.501473,1.936678,0.406046
1032,1042,WaterLeak,Creepy_duo_canon,1607,1386,2,0,0,8.4e-05,0.104041,6.361366,0.11805,0.520584,0,0,0.004046,4.995954,1,1,0,2,1.889961,0.781115,4.859608,0.05885,2.081542,2.082049,0.429209
1032,1044,WaterLeak,DoopyBot,1607,1418,14,0,0,8.4e-05,0.009666,18.82077,0.130485,0.048745,0,0,0.043215,4.956785,8,6,0,14,2.056995,0.748,11.695978,0.05885,7.245172,2.084214,0.389807
1032,1045,WaterLeak,tito,1607,1801,30,0,0,8.4e-05,0.000837,34.863748,0.131648,0.004604,0,0,0.457552,4.542448,28,2,0,30,1.806106,0.246614,29.218556,0.05885,5.722594,1.830944,0.383725
1032,1049,WaterLeak,TheCatSC2Bot,1607,970,0,0,0,8.4e-05,0.003084,4.852808,0.131352,0.01584,0,0,0.132986,4.867014,0,0,0,0,,0.97508,4.818019,0.05885,0.123131,2.349308,0.491916
1032,1050,WaterLeak,onlyfans,1607,1517,20,0,0,8.4e-05,8.7e-05,24.867399,0.131747,0.000854,0,0,2.465358,2.534642,19,1,0,20,1.745249,0.626699,22.096614,0.05885,2.844536,1.785753,0.386474
1032,1052,WaterLeak,Starlight,1607,1204,1,0,0,8.4e-05,9.3e-05,5.867368,0.131746,0.000886,0,0,2.378583,2.621417,1,0,0,1,1.798404,0.910508,5.498957,0.05885,0.442193,2.123293,0.448612
1032,1054,WaterLeak,JimmyBotZ,1607,1724,24,0,0,8.4e-05,0.005286,28.842088,0.131062,0.026851,0,0,0.078453,4.921547,21,3,0,24,1.812417,0.337712,22.668687,0.05885,6.272463,1.842757,0.385118
1032,1056,WaterLeak,bilisaur,1607,1600,0,0,0,8.4e-05,0.022196,4.759774,0.128834,0.111392,0,0,0.018911,4.981089,0,0,0,0,,0.510072,2.520344,0.05885,2.420806,2.349308,0.491916
1032,1057,WaterLeak,DoopyBot-Test,1607,1238,3,0,0,8.4e-05,0.023755,7.752187,0.128628,0.119185,0,0,0.017674,4.982326,3,0,0,3,1.752968,0.893227,7.413568,0.05885,0.527582,1.946146,0.418169
1032,1058,WaterLeak,JimmyBotP,1607,1711,13,0,0,8.4e-05,0.005341,17.841823,0.131055,0.027122,0,0,0.077667,4.922333,12,1,0,13,1.752264,0.354648,13.752367,0.05885,4.188783,1.811708,0.390628
1032,1059,WaterLeak,NextProBot,1607,1600,0,0,0,8.4e-05,0.022196,4.759774,0.128834,0.111392,0,0,0.018911,4.981089,0,0,0,0,,0.510072,2.520344,0.05885,2.420806,2.349308,0.491916
1032,1060,WaterLeak,WildFire,1607,1709,16,0,0,8.4e-05,0.00012,20.867234,0.131742,0.001023,0,0,2.058955,2.941045,7,9,0,16,2.021793,0.357287,8.765408,0.05885,12.175742,2.048792,0.388445
1032,1065,WaterLeak,MindMatrix,1607,1514,5,0,0,8.4e-05,0.010709,9.815689,0.130347,0.053963,0,0,0.039036,4.960964,4,1,0,5,1.973804,0.63073,7.116533,0.05885,2.824617,2.057653,0.406046
1032,1066,WaterLeak,CompetitiveBotTest,1607,1482,0,0,0,8.4e-05,0.003699,4.849813,0.131271,0.018916,0,0,0.111359,4.888641,0,0,0,0,,0.67251,3.322971,0.05885,1.618179,2.349308,0.491916
1032,1067,WaterLeak,Hello_world,1607,1600,0,0,0,8.4e-05,0.022196,4.759774,0.128834,0.111392,0,0,0.018911,4.981089,0,0,0,0,,0.510072,2.520344,0.05885,2.420806,2.349308,0.491916
1032,1078,WaterLeak,LoremIpsum,1607,1242,0,0,0,8.4e-05,0.000201,4.866843,0.131732,0.001425,0,0,1.47861,3.52139,0,0,0,0,,0.891011,4.402619,0.05885,0.538531,2.349308,0.491916
1032,1079,WaterLeak,JimmyBotT,1607,1675,10,1,0,8.4e-05,0.000205,14.866824,1.131731,0.001445,0,0,1.457773,3.542227,8,2,0,10,1.909867,0.403371,9.993116,0.05885,4.948034,1.965096,0.393932
1032,1080,WaterLeak,JimmyBot,1607,1675,10,1,0,8.4e-05,0.003888,14.848896,1.131246,0.019858,0,0,0.10608,4.89392,6,4,0,10,2.032681,0.403371,7.993116,0.05885,6.948034,2.072475,0.393932
1032,1081,WaterLeak,ArtZerg,1607,1537,11,0,0,8.4e-05,0.000199,15.86685,0.131732,0.001417,0,0,1.486126,3.513874,5,6,0,11,1.516269,0.599397,7.961709,0.05885,7.979441,1.612548,0.392657
1032,1082,WaterLeak,Dasyatis,1607,1573,6,0,0,8.4e-05,0.048918,10.629696,0.125313,0.244991,0,0,0.008598,4.991402,4,2,0,6,2.13605,0.548774,6.711576,0.05885,4.229574,2.177267,0.402359
1032,1084,WaterLeak,ZippyZap,1607,1457,0,0,0,8.4e-05,0.84229,0.767706,0.02078,4.211515,0,0,0.0005,4.9995,0,0,0,0,,0.703385,3.475531,0.05885,1.465619,2.349308,0.491916
1032,1085,WaterLeak,AgoraLord,1607,1430,1,0,0,8.4e-05,0.000933,5.863281,0.131635,0.005084,0,0,0.414345,4.585655,1,0,0,1,2.16791,0.734757,4.630545,0.05885,1.310605,2.274887,0.448612
1032,1086,WaterLeak,CherBoiBlue,1607,1500,0,0,0,8.4e-05,0.222218,3.786102,0.102479,1.111418,0,0,0.001895,4.998105,0,0,0,0,,0.649295,3.208264,0.05885,1.732886,2.349308,0.491916
1032,1087,WaterLeak,SwarmLord2,1607,1533,0,0,0,8.4e-05,0.003699,4.849813,0.131271,0.018916,0,0,0.111359,4.888641,0,0,0,0,,0.604913,2.988965,0.05885,1.952185,2.349308,0.491916
1032,1088,WaterLeak,SwarmLord3,1607,1562,0,0,0,8.4e-05,0.003468,4.850938,0.131301,0.017761,0,0,0.118606,4.881394,0,0,0,0,,0.5644,2.788787,0.05885,2.152363,2.349308,0.491916
1032,1089,WaterLeak,WorkingAsIntended,1607,1596,0,0,0,8.4e-05,0.041392,4.666333,0.126305,0.207363,0,0,0.010159,4.989841,0,0,0,0,,0.515825,2.548769,0.05885,2.392381,2.349308,0.491916
1038,1042,PolyMorph,Creepy_duo_canon,1463,1386,23,0,13,0.001586,0.104041,27.354816,0.117873,13.527312,0,13,0.075076,17.924924,18,5,0,23,2.4026,0.609033,21.009321,0.05885,6.931829,2.399465,0.385416
1038,1044,PolyMorph,DoopyBot,1463,1418,33,3,1,0.001586,0.009666,37.81353,3.130289,1.056181,0,1,0.704794,5.295206,6,27,0,33,2.556647,0.5644,8.788787,0.05885,29.152363,2.547993,0.38321
1038,1045,PolyMorph,tito,1463,1801,5,0,0,0.001586,0.000837,9.856443,0.13145,0.012106,0,0,3.273375,1.726625,0,5,0,5,2.155264,0.125025,0.617766,0.05885,9.323384,2.198593,0.406046
1038,1049,PolyMorph,TheCatSC2Bot,1463,970,52,0,0,0.001586,0.003084,56.84552,0.131155,0.023326,0,0,1.698078,3.301922,52,0,0,52,2.519832,0.944692,56.667864,0.05885,0.273286,2.515245,0.381282
1038,1050,PolyMorph,onlyfans,1463,1517,32,1,0,0.001586,8.7e-05,36.860088,1.131549,0.008363,0,0,4.741023,0.258977,3,28,1,32,2.718399,0.422908,5.08965,1.05885,30.8515,2.702532,0.383371
1038,1052,PolyMorph,Starlight,1463,1204,45,1,0,0.001586,9.3e-05,49.860058,1.131548,0.008394,0,0,4.723416,0.276584,42,3,0,45,2.6278,0.816217,46.03305,0.05885,3.9081,2.619179,0.38181
1038,1054,PolyMorph,JimmyBotZ,1463,1724,14,0,0,0.001586,0.005286,18.834815,0.130865,0.03432,0,0,1.153911,3.846089,4,10,0,14,2.628491,0.182062,4.899597,0.05885,14.041553,2.602495,0.389807
1038,1056,PolyMorph,bilisaur,1463,1600,0,0,0,0.001586,0.022196,4.752626,0.12864,0.118734,0,0,0.333448,4.666552,0,0,0,0,,0.312462,1.54392,0.05885,3.39723,2.349308,0.491916
1038,1057,PolyMorph,DoopyBot-Test,1463,1238,31,1,5,0.001586,0.023755,35.74505,1.128435,5.126515,1,4,1.312938,8.687062,21,9,1,31,2.866429,0.785027,24.878935,1.05885,10.062215,2.843513,0.383543
1038,1058,PolyMorph,JimmyBotP,1463,1711,19,0,0,0.001586,0.005341,23.834551,0.130858,0.034591,0,0,1.144863,3.855137,6,13,0,19,2.751929,0.193472,6.955977,0.05885,16.985173,2.72361,0.386896
1038,1059,PolyMorph,NextProBot,1463,1600,0,0,0,0.001586,0.022196,4.752626,0.12864,0.118734,0,0,0.333448,4.666552,0,0,0,0,,0.312462,1.54392,0.05885,3.39723,2.349308,0.491916
1038,1060,PolyMorph,WildFire,1463,1709,2,0,0,0.001586,0.00012,6.859925,0.131545,0.008531,0,0,4.647298,0.352702,0,2,0,2,1.936263,0.195275,0.964885,0.05885,5.976265,2.108988,0.429209
1038,1065,PolyMorph,MindMatrix,1463,1514,18,0,1,0.001586,0.010709,22.808457,0.130151,1.061392,0,1,0.644965,5.355035,15,3,0,18,2.761981,0.427128,17.110502,0.05885,5.830648,2.731462,0.38736
1038,1066,PolyMorph,CompetitiveBotTest,1463,1482,1,0,0,0.001586,0.003699,5.842529,0.131074,0.026397,0,0,1.500385,3.499615,1,0,0,1,2.10657,0.472684,3.335603,0.05885,2.605547,2.249722,0.448612
1038,1067,PolyMorph,Hello_world,1463,1600,0,0,0,0.001586,0.022196,4.752626,0.12864,0.118734,0,0,0.333448,4.666552,0,0,0,0,,0.312462,1.54392,0.05885,3.39723,2.349308,0.491916
1038,1078,PolyMorph,LoremIpsum,1463,1242,19,0,0,0.001586,0.000201,23.859534,0.131534,0.008932,0,0,4.438385,0.561615,18,1,0,19,2.636063,0.781115,21.859608,0.05885,2.081542,2.615895,0.386896
1038,1079,PolyMorph,JimmyBotT,1463,1675,2,0,0,0.001586,0.000205,6.859514,0.131533,0.008952,0,0,4.42829,0.57171,0,2,0,2,2.771813,0.227871,1.125946,0.05885,5.815204,2.595131,0.429209
1038,1080,PolyMorph,JimmyBot,1463,1675,3,0,0,0.001586,0.003888,7.841614,0.131049,0.027337,0,0,1.448773,3.551227,2,1,0,3,3.007259,0.227871,3.125946,0.05885,4.815204,2.794124,0.418169
1038,1081,PolyMorph,ArtZerg,1463,1537,2,1,0,0.001586,0.000199,6.859541,1.131534,0.008925,0,0,4.441968,0.558032,1,1,0,2,2.032357,0.395087,2.952185,0.05885,3.988965,2.164898,0.429209
1038,1082,PolyMorph,Dasyatis,1463,1573,8,0,1,0.001586,0.048918,12.622743,0.125125,1.252133,0,1,0.157018,5.842982,1,5,2,8,2.395938,0.346783,2.713506,2.05885,8.227644,2.388836,0.397274
1038,1084,PolyMorph,ZippyZap,1463,1457,0,0,1,0.001586,0.84229,0.766553,0.020748,5.212699,0,1,0.009397,5.990603,0,0,0,0,,0.508634,2.513236,0.05885,2.427914,2.349308,0.491916
1038,1085,PolyMorph,AgoraLord,1463,1430,3,0,0,0.001586,0.000933,7.855977,0.131438,0.012586,0,0,3.148576,1.851424,1,2,0,3,2.960951,0.547349,3.704531,0.05885,4.236619,2.762816,0.418169
1038,1086,PolyMorph,CherBoiBlue,1463,1500,1,0,0,0.001586,0.222218,4.780416,0.102325,1.117258,0,0,0.035433,4.964567,0,1,0,1,2.65886,0.446953,2.208462,0.05885,3.732688,2.476305,0.448612
1038,1087,PolyMorph,SwarmLord2,1463,1533,1,0,0,0.001586,0.003699,5.842529,0.131074,0.026397,0,0,1.500385,3.499615,1,0,0,1,2.3302,0.400603,2.979441,0.05885,2.961709,2.341469,0.448612
1038,1088,PolyMorph,SwarmLord3,1463,1562,1,0,0,0.001586,0.003468,5.843653,0.131104,0.025243,0,0,1.569023,3.430977,1,0,0,1,1.591274,0.361262,2.785051,0.05885,3.156099,2.038315,0.448612
1038,1089,PolyMorph,WorkingAsIntended,1463,1596,1,0,0,0.001586,0.041392,5.659324,0.126115,0.214561,0,0,0.184515,4.815485,0,1,0,1,1.879465,0.31743,1.568467,0.05885,4.372683,2.156549,0.448612
1042,1044,Creepy_duo_canon,DoopyBot,1386,1418,21,2,4,0.104041,0.009666,25.319575,2.116919,4.563507,4,0,8.574978,0.425022,11,10,0,21,2.051226,0.454078,13.243668,0.05885,12.697482,2.070323,0.38609
1042,1045,Creepy_duo_canon,tito,1386,1801,0,0,1,0.104041,0.000837,4.358084,0.117961,1.523954,1,0,5.960116,0.039884,0,0,0,0,,0.084021,0.415158,0.05885,4.525992,2.349308,0.491916
1042,1049,Creepy_duo_canon,TheCatSC2Bot,1386,970,28,6,0,0.104041,0.003084,32.348282,6.117696,0.534022,0,0,4.856056,0.143944,28,0,0,28,1.563939,0.916421,32.528175,0.05885,0.412975,1.60229,0.384127
1042,1050,Creepy_duo_canon,onlyfans,1386,1517,16,3,1,0.104041,8.7e-05,20.361356,3.11805,1.520595,1,0,5.99584,0.00416,5,11,0,16,2.358273,0.319929,6.580819,0.05885,14.360331,2.357534,0.388445
1042,1052,Creepy_duo_canon,Starlight,1386,1204,27,1,8,0.104041,9.3e-05,31.361328,1.118049,8.520623,8,0,12.995541,0.004459,15,12,0,27,2.292517,0.740328,18.658074,0.05885,13.283076,2.295387,0.384349
1042,1054,Creepy_duo_canon,JimmyBotZ,1386,1724,3,0,4,0.104041,0.005286,7.338676,0.117436,4.543888,4,0,8.758235,0.241765,1,2,0,3,2.153153,0.125025,1.617766,0.05885,6.323384,2.216696,0.418169
1042,1056,Creepy_duo_canon,bilisaur,1386,1600,0,0,0,0.104041,0.022196,4.26492,0.115439,0.61964,0,0,4.120862,0.879138,0,0,0,0,,0.225852,1.115969,0.05885,3.825181,2.349308,0.491916
1042,1057,Creepy_duo_canon,DoopyBot-Test,1386,1238,26,2,3,0.104041,0.023755,30.258122,2.115255,3.626623,3,0,7.070602,0.929398,11,15,0,26,2.045681,0.700977,14.463634,0.05885,16.477516,2.061588,0.384586
1042,1058,Creepy_duo_canon,JimmyBotP,1386,1711,12,6,0,0.104041,0.005341,16.338439,6.117429,0.544132,0,0,4.755873,0.244127,10,2,0,12,1.829537,0.133443,10.659364,0.05885,6.281786,1.885139,0.391568
1042,1059,Creepy_duo_canon,NextProBot,1386,1600,0,0,0,0.104041,0.022196,4.26492,0.115439,0.61964,0,0,4.120862,0.879138,0,0,0,0,,0.225852,1.115969,0.05885,3.825181,2.349308,0.491916
1042,1060,Creepy_duo_canon,WildFire,1386,1709,3,0,0,0.104041,0.00012,7.361208,0.118046,0.520746,0,0,4.994222,0.005778,1,2,0,3,1.827302,0.13478,1.66597,0.05885,6.27518,1.9964,0.418169
1042,1065,Creepy_duo_canon,MindMatrix,1386,1514,18,0,1,0.104041,0.010709,22.315022,0.116796,1.568182,0,1,4.533366,1.466634,9,9,0,18,1.981215,0.323698,10.599442,0.05885,12.341708,2.008436,0.38736
1042,1066,Creepy_duo_canon,CompetitiveBotTest,1386,1482,1,0,0,0.104041,0.003699,5.345598,0.117623,0.536779,0,0,4.828322,0.171678,1,0,0,1,1.311032,0.365257,2.804788,0.05885,3.136362,1.923343,0.448612
1042,1067,Creepy_duo_canon,Hello_world,1386,1600,0,0,0,0.104041,0.022196,4.26492,0.115439,0.61964,0,0,4.120862,0.879138,0,0,0,0,,0.225852,1.115969,0.05885,3.825181,2.349308,0.491916
1042,1078,Creepy_duo_canon,LoremIpsum,1386,1242,19,0,3,0.104041,0.000201,23.360858,0.118036,3.521106,3,0,7.990374,0.009626,14,4,1,19,2.200762,0.696129,17.439677,1.05885,5.501473,2.21121,0.386896
1042,1079,Creepy_duo_canon,JimmyBotT,1386,1675,1,0,1,0.104041,0.000205,5.36084,0.118036,1.521124,1,0,5.990179,0.009821,0,1,0,1,2.248129,0.159277,0.787011,0.05885,5.154139,2.307798,0.448612
1042,1080,Creepy_duo_canon,JimmyBot,1386,1675,1,0,1,0.104041,0.003888,5.344777,0.117601,1.537622,1,0,5.819899,0.180101,1,0,0,1,1.574846,0.159277,1.787011,0.05885,4.154139,2.031576,0.448612
1042,1081,Creepy_duo_canon,ArtZerg,1386,1537,0,0,2,0.104041,0.000199,4.360864,0.118036,2.521099,2,0,6.990443,0.009557,0,0,0,0,,0.295415,1.459692,0.05885,3.481458,2.349308,0.491916
1042,1082,Creepy_duo_canon,Dasyatis,1386,1573,10,0,0,0.104041,0.048918,14.148366,0.112285,0.73935,0,0,3.400945,1.599055,7,3,0,10,1.675653,0.254177,8.255926,0.05885,6.685224,1.760318,0.393932
1042,1084,Creepy_duo_canon,ZippyZap,1386,1457,0,0,1,0.104041,0.84229,0.68789,0.018619,5.29349,0,1,0.549709,5.450291,0,0,0,0,,0.399222,1.972615,0.05885,2.968535,2.349308,0.491916
1042,1085,Creepy_duo_canon,AgoraLord,1386,1430,2,0,1,0.104041,0.000933,6.357666,0.11795,1.524385,1,0,5.955579,0.044421,1,1,0,2,2.465125,0.437015,3.159358,0.05885,3.781792,2.416693,0.429209
1042,1086,Creepy_duo_canon,CherBoiBlue,1386,1500,1,0,0,0.104041,0.222218,4.392477,0.091825,1.515698,0,0,1.594457,3.405543,1,0,0,1,1.562346,0.341585,2.687825,0.05885,3.253325,2.026448,0.448612
1042,1087,Creepy_duo_canon,SwarmLord2,1386,1533,1,0,0,0.104041,0.003699,5.345598,0.117623,0.536779,0,0,4.828322,0.171678,0,1,0,1,2.368373,0.300231,1.483484,0.05885,4.457666,2.35713,0.448612
1042,1088,Creepy_duo_canon,SwarmLord3,1386,1562,1,0,0,0.104041,0.003468,5.346606,0.11765,0.535743,0,0,4.838706,0.161294,1,0,0,1,1.86408,0.266366,2.316156,0.05885,3.624994,2.150237,0.448612
1042,1089,Creepy_duo_canon,WorkingAsIntended,1386,1596,0,0,0,0.104041,0.041392,4.181194,0.113173,0.705633,0,0,3.576948,1.423052,0,0,0,0,,0.229903,1.135987,0.05885,3.805163,2.349308,0.491916
1044,1045,DoopyBot,tito,1418,1801,5,0,0,0.009666,0.000837,9.817143,0.130387,0.05247,0,0,4.60171,0.39829,0,5,0,5,1.882032,0.099327,0.490789,0.05885,9.450361,1.986373,0.406046
1044,1049,DoopyBot,TheCatSC2Bot,1418,970,36,4,0,0.009666,0.003084,40.806308,4.130093,0.063599,0,0,3.790547,1.209453,36,0,0,36,2.430173,0.929491,40.592754,0.05885,0.348396,2.427068,0.382776
1044,1050,DoopyBot,onlyfans,1418,1517,29,1,1,0.009666,8.7e-05,33.820759,1.130484,1.048757,1,0,5.955582,0.044418,12,16,1,29,2.666759,0.361262,13.785051,1.05885,19.156099,2.651767,0.383919
1044,1052,DoopyBot,Starlight,1418,1204,31,4,1,0.009666,9.3e-05,35.820729,4.130484,1.048788,1,0,5.952415,0.047585,31,0,0,31,2.559249,0.774148,34.825181,0.05885,1.115969,2.549945,0.383543
1044,1054,DoopyBot,JimmyBotZ,1418,1724,16,0,1,0.009666,0.005286,20.79569,0.129806,1.074504,0,1,3.232227,2.767773,15,1,0,16,2.428738,0.146605,15.724399,0.05885,5.216751,2.42219,0.388445
1044,1056,DoopyBot,bilisaur,1418,1600,0,0,0,0.009666,0.022196,4.714165,0.127599,0.158235,0,0,1.516809,3.483191,0,0,0,0,,0.259672,1.283076,0.05885,3.658074,2.349308,0.491916
1044,1057,DoopyBot,DoopyBot-Test,1418,1238,22,3,0,0.009666,0.023755,26.706651,3.127396,0.165953,0,0,1.446068,3.553932,12,10,0,22,2.792074,0.738109,15.647107,0.05885,11.294043,2.764918,0.385739
1044,1058,DoopyBot,JimmyBotP,1418,1711,14,0,0,0.009666,0.005341,18.795428,0.129799,0.074773,0,0,3.220528,1.779472,6,8,0,14,2.529733,0.156218,6.771895,0.05885,12.169255,2.512933,0.389807
1044,1059,DoopyBot,NextProBot,1418,1600,0,0,0,0.009666,0.022196,4.714165,0.127599,0.158235,0,0,1.516809,3.483191,0,0,0,0,,0.259672,1.283076,0.05885,3.658074,2.349308,0.491916
1044,1060,DoopyBot,WildFire,1418,1709,8,0,0,0.009666,0.00012,12.820596,0.13048,0.048924,0,0,4.938499,0.061501,0,8,0,8,2.111679,0.157741,0.779424,0.05885,12.161726,2.147873,0.397274
1044,1065,DoopyBot,MindMatrix,1418,1514,19,0,0,0.009666,0.010709,23.769545,0.129098,0.101357,0,0,2.371935,2.628065,12,7,0,19,2.092516,0.365257,13.804788,0.05885,10.136362,2.110578,0.386896
1044,1066,DoopyBot,CompetitiveBotTest,1418,1482,0,0,0,0.009666,0.003699,4.803341,0.130013,0.066646,0,0,3.616029,1.383971,0,0,0,0,,0.408924,2.020557,0.05885,2.920593,2.349308,0.491916
1044,1067,DoopyBot,Hello_world,1418,1600,0,0,0,0.009666,0.022196,4.714165,0.127599,0.158235,0,0,1.516809,3.483191,0,0,0,0,,0.259672,1.283076,0.05885,3.658074,2.349308,0.491916
1044,1078,DoopyBot,LoremIpsum,1418,1242,17,1,0,0.009666,0.000201,21.820209,1.13047,0.049322,0,0,4.898296,0.101704,12,3,2,17,2.606484,0.733634,15.624994,2.05885,4.316156,2.586434,0.387873
1044,1079,DoopyBot,JimmyBotT,1418,1675,2,0,0,0.009666,0.000205,6.820189,0.130469,0.049342,0,0,4.896275,0.103725,1,1,0,2,2.601504,0.185516,1.916664,0.05885,5.024486,2.496042,0.429209
1044,1080,DoopyBot,JimmyBot,1418,1675,3,1,0,0.009666,0.003888,7.802433,1.129988,0.067578,0,0,3.565792,1.434208,1,2,0,3,2.320261,0.185516,1.916664,0.05885,6.024486,2.32967,0.418169
1044,1081,DoopyBot,ArtZerg,1418,1537,3,0,1,0.009666,0.000199,7.820216,0.13047,1.049315,1,0,5.899012,0.100988,0,3,0,3,0.984524,0.335142,1.655987,0.05885,6.285163,1.42663,0.418169
1044,1082,DoopyBot,Dasyatis,1418,1573,9,0,0,0.009666,0.048918,13.585334,0.124112,0.290554,0,0,0.824938,4.175062,1,8,0,9,2.448663,0.290645,2.436122,0.05885,11.505028,2.43498,0.395447
1044,1084,DoopyBot,ZippyZap,1418,1457,0,0,1,0.009666,0.84229,0.760349,0.020581,5.21907,0,1,0.056726,5.943274,0,0,0,0,,0.444109,2.194409,0.05885,2.746741,2.349308,0.491916
1044,1085,DoopyBot,AgoraLord,1418,1430,3,0,0,0.009666,0.000933,7.81668,0.130374,0.052946,0,0,4.560017,0.439983,0,3,0,3,2.520334,0.482737,2.385278,0.05885,5.555872,2.464932,0.418169
1044,1086,DoopyBot,CherBoiBlue,1418,1500,1,0,0,0.009666,0.222218,4.749824,0.101497,1.148679,0,0,0.208415,4.791585,0,1,0,1,2.456164,0.384136,1.898073,0.05885,4.043077,2.393147,0.448612
1044,1087,DoopyBot,SwarmLord2,1418,1533,1,0,0,0.009666,0.003699,5.803341,0.130013,0.066646,0,0,3.616029,1.383971,0,1,0,1,2.169054,0.340292,1.681434,0.05885,4.259716,2.275357,0.448612
1044,1088,DoopyBot,SwarmLord3,1418,1562,1,0,0,0.009666,0.003468,5.804456,0.130043,0.065501,0,0,3.679686,1.320314,1,0,0,1,1.728109,0.303871,2.501473,0.05885,3.439677,2.094454,0.448612
1044,1089,DoopyBot,WorkingAsIntended,1418,1596,1,0,0,0.009666,0.041392,5.621619,0.125094,0.253286,0,0,0.946542,4.053458,0,1,0,1,2.010895,0.264123,1.305069,0.05885,4.636081,2.21047,0.448612
1045,1049,tito,TheCatSC2Bot,1801,970,0,0,0,0.000837,0.003084,4.849157,0.131253,0.01959,0,0,1.066908,3.933092,0,0,0,0,,0.991704,4.900157,0.05885,0.040993,2.349308,0.491916
1045,1050,tito,onlyfans,1801,1517,5,0,0,0.000837,8.7e-05,9.863737,0.131648,0.004616,0,0,4.530796,0.469204,5,0,0,5,2.150869,0.836831,9.134907,0.05885,0.806243,2.19518,0.406046
1045,1052,tito,Starlight,1801,1204,1,0,0,0.000837,9.3e-05,5.863706,0.131647,0.004647,0,0,4.500403,0.499597,1,0,0,1,2.785011,0.968829,5.787131,0.05885,0.154019,2.52806,0.448612
1045,1054,tito,JimmyBotZ,1801,1724,6,0,0,0.000837,0.005286,10.838444,0.130963,0.030592,0,0,0.683158,4.316842,6,0,0,6,2.112881,0.609033,9.009321,0.05885,1.931829,2.158576,0.402359
1045,1056,tito,bilisaur,1801,1600,0,0,0,0.000837,0.022196,4.756193,0.128737,0.11507,0,0,0.181608,4.818392,0,0,0,0,,0.760796,3.759208,0.05885,1.181942,2.349308,0.491916
1045,1057,tito,DoopyBot-Test,1801,1238,0,0,0,0.000837,0.023755,4.748612,0.128532,0.122857,0,0,0.170097,4.829903,0,0,0,0,,0.962344,4.755088,0.05885,0.186062,2.349308,0.491916
1045,1058,tito,JimmyBotP,1801,1711,3,0,0,0.000837,0.005341,7.83818,0.130956,0.030864,0,0,0.677152,4.322848,1,2,0,3,2.504959,0.626699,4.096614,0.05885,3.844536,2.454538,0.418169
1045,1059,tito,NextProBot,1801,1600,0,0,0,0.000837,0.022196,4.756193,0.128737,0.11507,0,0,0.181608,4.818392,0,0,0,0,,0.760796,3.759208,0.05885,1.181942,2.349308,0.491916
1045,1060,tito,WildFire,1801,1709,16,0,0,0.000837,0.00012,20.863572,0.131643,0.004784,0,0,4.371081,0.628919,6,10,0,16,2.10699,0.629389,9.109903,0.05885,11.831247,2.126966,0.388445
1045,1065,tito,MindMatrix,1801,1514,1,0,0,0.000837,0.010709,5.812066,0.130249,0.057685,0,0,0.362285,4.637715,0,1,0,1,1.938742,0.839175,4.146491,0.05885,1.794659,2.180868,0.448612
1045,1066,tito,CompetitiveBotTest,1801,1482,0,0,0,0.000837,0.003699,4.846164,0.131172,0.022664,0,0,0.922175,4.077825,0,0,0,0,,0.862512,4.261801,0.05885,0.679349,2.349308,0.491916
1045,1067,tito,Hello_world,1801,1600,0,0,0,0.000837,0.022196,4.756193,0.128737,0.11507,0,0,0.181608,4.818392,0,0,0,0,,0.760796,3.759208,0.05885,1.181942,2.349308,0.491916
1045,1078,tito,LoremIpsum,1801,1242,0,0,0,0.000837,0.000201,4.863182,0.131633,0.005186,0,0,4.032617,0.967383,0,0,0,0,,0.961501,4.750921,0.05885,0.190229,2.349308,0.491916
1045,1079,tito,JimmyBotT,1801,1675,1,0,0,0.000837,0.000205,5.863162,0.131632,0.005206,0,0,4.016844,0.983156,1,0,0,1,2.221375,0.673776,4.329229,0.05885,1.611921,2.296822,0.448612
1045,1080,tito,JimmyBot,1801,1675,1,0,0,0.000837,0.003888,5.845248,0.131147,0.023605,0,0,0.88542,4.11458,1,0,0,1,2.862772,0.673776,4.329229,0.05885,1.611921,2.559963,0.448612
1045,1081,tito,ArtZerg,1801,1537,0,1,0,0.000837,0.000199,4.863189,1.131633,0.005178,0,0,4.038228,0.961772,0,0,0,0,,0.820495,4.05419,0.05885,0.88696,2.349308,0.491916
1045,1082,tito,Dasyatis,1801,1573,0,0,0,0.000837,0.048918,4.626213,0.125219,0.248569,0,0,0.084071,4.915929,0,0,0,0,,0.787927,3.893264,0.05885,1.047886,2.349308,0.491916
1045,1084,tito,ZippyZap,1801,1457,0,0,0,0.000837,0.84229,0.767128,0.020764,4.212108,0,0,0.004961,4.995039,0,0,0,0,,0.878705,4.341813,0.05885,0.599337,2.349308,0.491916
1045,1085,tito,AgoraLord,1801,1430,0,0,0,0.000837,0.000933,4.859622,0.131536,0.008842,0,0,2.364311,2.635689,0,0,0,0,,0.89432,4.418969,0.05885,0.522181,2.349308,0.491916
1045,1086,tito,CherBoiBlue,1801,1500,0,0,0,0.000837,0.222218,3.783254,0.102402,1.114344,0,0,0.018753,4.981247,0,0,0,0,,0.849757,4.198776,0.05885,0.742374,2.349308,0.491916
1045,1087,tito,SwarmLord2,1801,1533,0,0,0,0.000837,0.003699,4.846164,0.131172,0.022664,0,0,0.922175,4.077825,0,0,0,0,,0.823862,4.070823,0.05885,0.870327,2.349308,0.491916
1045,1088,tito,SwarmLord3,1801,1562,0,0,0,0.000837,0.003468,4.847288,0.131203,0.021509,0,0,0.971705,4.028295,0,0,0,0,,0.798315,3.944593,0.05885,0.996557,2.349308,0.491916
1045,1089,tito,WorkingAsIntended,1801,1596,0,0,0,0.000837,0.041392,4.662822,0.12621,0.210969,0,0,0.099054,4.900946,0,0,0,0,,0.764961,3.779788,0.05885,1.161362,2.349308,0.491916
1049,1050,TheCatSC2Bot,onlyfans,970,1517,32,0,1,0.003084,8.7e-05,36.852797,0.131352,1.015852,1,0,5.863379,0.136621,0,32,0,32,2.200957,0.041139,0.203275,0.05885,36.737875,2.207334,0.383371
1049,1052,TheCatSC2Bot,Starlight,970,1204,52,0,0,0.003084,9.3e-05,56.852766,0.131351,0.015883,0,0,4.853834,0.146166,0,51,1,52,2.537052,0.206359,1.019652,1.05885,54.921498,2.532001,0.381282
1049,1054,TheCatSC2Bot,JimmyBotZ,970,1724,8,0,1,0.003084,0.005286,12.827561,0.130669,1.04177,0,1,1.842227,4.157773,0,8,0,8,2.347812,0.012864,0.063563,0.05885,12.877587,2.34804,0.397274
1049,1056,TheCatSC2Bot,bilisaur,970,1600,0,0,0,0.003084,0.022196,4.745495,0.128447,0.126058,0,0,0.609969,4.390031,0,0,0,0,,0.025918,0.128063,0.05885,4.813087,2.349308,0.491916
1049,1057,TheCatSC2Bot,DoopyBot-Test,970,1238,32,3,0,0.003084,0.023755,36.73793,3.128243,0.133827,0,0,0.574545,4.425455,1,30,1,32,2.408757,0.176138,1.870327,1.05885,34.070823,2.406201,0.383371
1049,1058,TheCatSC2Bot,JimmyBotP,970,1711,18,0,0,0.003084,0.005341,22.827298,0.130661,0.042041,0,0,1.83035,3.16965,0,18,0,18,2.473072,0.01385,0.068434,0.05885,22.872716,2.463919,0.38736
1049,1059,TheCatSC2Bot,NextProBot,970,1600,0,0,0,0.003084,0.022196,4.745495,0.128447,0.126058,0,0,0.609969,4.390031,0,0,0,0,,0.025918,0.128063,0.05885,4.813087,2.349308,0.491916
1049,1060,TheCatSC2Bot,WildFire,970,1709,2,0,0,0.003084,0.00012,6.852633,0.131347,0.01602,0,0,4.812181,0.187819,0,2,0,2,1.772389,0.014008,0.069215,0.05885,6.871935,2.013643,0.429209
1049,1065,TheCatSC2Bot,MindMatrix,970,1514,20,0,0,0.003084,0.010709,24.801242,0.129956,0.068801,0,0,1.117935,3.882065,1,19,0,20,2.336028,0.041826,1.206668,0.05885,23.734482,2.336918,0.386474
1049,1066,TheCatSC2Bot,CompetitiveBotTest,970,1482,1,0,0,0.003084,0.003699,5.835263,0.130877,0.03386,0,0,2.273221,2.726779,1,0,0,1,2.668616,0.049864,1.246385,0.05885,4.694765,2.480308,0.448612
1049,1067,TheCatSC2Bot,Hello_world,970,1600,0,0,0,0.003084,0.022196,4.745495,0.128447,0.126058,0,0,0.609969,4.390031,0,0,0,0,,0.025918,0.128063,0.05885,4.813087,2.349308,0.491916
1049,1078,TheCatSC2Bot,LoremIpsum,970,1242,18,4,0,0.003084,0.000201,22.852243,4.131337,0.01642,0,0,4.694512,0.305488,1,14,3,18,2.649421,0.172822,1.853939,3.05885,18.087211,2.627227,0.38736
1049,1079,TheCatSC2Bot,JimmyBotT,970,1675,2,0,0,0.003084,0.000205,6.852223,0.131336,0.016441,0,0,4.688698,0.311302,0,2,0,2,2.354212,0.016985,0.083924,0.05885,6.857226,2.352161,0.429209
1049,1080,TheCatSC2Bot,JimmyBot,970,1675,2,0,0,0.003084,0.003888,6.834349,0.130852,0.034798,0,0,2.211826,2.788174,0,2,0,2,2.33262,0.016985,0.083924,0.05885,6.857226,2.339598,0.429209
1049,1081,TheCatSC2Bot,ArtZerg,970,1537,1,1,0,0.003084,0.000199,5.85225,1.131337,0.016413,0,0,4.696572,0.303428,0,1,0,1,1.701105,0.03683,0.181983,0.05885,5.759167,2.083375,0.448612
1049,1082,TheCatSC2Bot,Dasyatis,970,1573,10,0,0,0.003084,0.048918,14.615807,0.124937,0.259256,0,0,0.296527,4.703473,0,10,0,10,1.949214,0.030144,0.148948,0.05885,14.792202,1.999498,0.393932
1049,1084,TheCatSC2Bot,ZippyZap,970,1457,0,0,1,0.003084,0.84229,0.765402,0.020717,5.21388,0,1,0.01824,5.98176,0,0,0,0,,0.057141,0.282342,0.05885,4.658808,2.349308,0.491916
1049,1085,TheCatSC2Bot,AgoraLord,970,1430,0,4,0,0.003084,0.000933,4.848691,4.13124,0.020069,0,0,3.839065,1.160935,0,0,0,0,,0.066114,0.326679,0.05885,4.614471,2.349308,0.491916
1049,1086,TheCatSC2Bot,CherBoiBlue,970,1500,0,0,1,0.003084,0.222218,3.774744,0.102172,2.123084,0,1,0.068442,5.931558,0,0,0,0,,0.045178,0.223229,0.05885,4.717921,2.349308,0.491916
1049,1087,TheCatSC2Bot,SwarmLord2,970,1533,1,0,0,0.003084,0.003699,5.835263,0.130877,0.03386,0,0,2.273221,2.726779,0,1,0,1,2.275214,0.037656,0.186062,0.05885,5.755088,2.31891,0.448612
1049,1088,TheCatSC2Bot,SwarmLord3,970,1562,1,0,0,0.003084,0.003468,5.836385,0.130907,0.032707,0,0,2.353437,2.646563,0,1,0,1,1.722767,0.032052,0.158373,0.05885,5.782777,2.092262,0.448612
1049,1089,TheCatSC2Bot,WorkingAsIntended,970,1596,1,0,0,0.003084,0.041392,5.652334,0.125926,0.221741,0,0,0.346706,4.653294,0,1,0,1,1.924249,0.026505,0.130967,0.05885,5.810183,2.174922,0.448612
1050,1052,onlyfans,Starlight,1517,1204,29,0,0,8.7e-05,9.3e-05,33.867357,0.131746,0.000897,0,0,2.413166,2.586834,20,6,3,29,2.698774,0.858365,24.241308,3.05885,6.699842,2.68227,0.383919
1050,1054,onlyfans,JimmyBotZ,1517,1724,24,0,0,8.7e-05,0.005286,28.842076,0.131061,0.026862,0,0,0.080622,4.919378,15,9,0,24,2.398111,0.232975,16.151165,0.05885,12.789985,2.395353,0.385118
1050,1056,onlyfans,bilisaur,1517,1600,0,0,0,8.7e-05,0.022196,4.759763,0.128833,0.111404,0,0,0.01944,4.98056,0,0,0,0,,0.382775,1.891349,0.05885,3.049801,2.349308,0.491916
1050,1057,onlyfans,DoopyBot-Test,1517,1238,16,2,1,8.7e-05,0.023755,20.752176,2.128628,1.119196,0,1,0.018169,5.981831,7,9,0,16,3.007446,0.832863,11.115299,0.05885,9.825851,2.953192,0.388445
1050,1058,onlyfans,JimmyBotP,1517,1711,19,0,0,8.7e-05,0.005341,23.841812,0.131054,0.027134,0,0,0.079815,4.920185,3,16,0,19,2.677885,0.246614,4.218556,0.05885,19.722594,2.654775,0.386896
1050,1059,onlyfans,NextProBot,1517,1600,0,0,0,8.7e-05,0.022196,4.759763,0.128833,0.111404,0,0,0.01944,4.98056,0,0,0,0,,0.382775,1.891349,0.05885,3.049801,2.349308,0.491916
1050,1060,onlyfans,WildFire,1517,1709,8,0,0,8.7e-05,0.00012,12.867223,0.131742,0.001035,0,0,2.092601,2.907399,1,7,0,8,1.982454,0.248759,2.229157,0.05885,10.711993,2.038332,0.397274
1050,1065,onlyfans,MindMatrix,1517,1514,13,1,0,8.7e-05,0.010709,17.815678,1.130347,0.053975,0,0,0.040124,4.959876,8,4,1,13,2.919979,0.504317,10.491907,1.05885,6.449243,2.86316,0.390628
1050,1066,onlyfans,CompetitiveBotTest,1517,1482,0,0,0,8.7e-05,0.003699,4.849801,0.131271,0.018928,0,0,0.114416,4.885584,0,0,0,0,,0.550199,2.718618,0.05885,2.222532,2.349308,0.491916
1050,1067,onlyfans,Hello_world,1517,1600,0,0,0,8.7e-05,0.022196,4.759763,0.128833,0.111404,0,0,0.01944,4.98056,0,0,0,0,,0.382775,1.891349,0.05885,3.049801,2.349308,0.491916
1050,1078,onlyfans,LoremIpsum,1517,1242,9,0,0,8.7e-05,0.000201,13.866832,0.131732,0.001437,0,0,1.507634,3.492366,9,0,0,9,2.496512,0.829633,13.09934,0.05885,0.84181,2.476239,0.395447
1050,1079,onlyfans,JimmyBotT,1517,1675,9,0,0,8.7e-05,0.000205,13.866812,0.131731,0.001457,0,0,1.486561,3.513439,3,6,0,9,2.678111,0.287098,4.418594,0.05885,9.522556,2.632828,0.395447
1050,1080,onlyfans,JimmyBot,1517,1675,8,1,0,8.7e-05,0.003888,12.848885,1.131246,0.01987,0,0,0.108996,4.891004,5,3,0,8,2.452059,0.287098,6.418594,0.05885,6.522556,2.436408,0.397274
1050,1081,onlyfans,ArtZerg,1517,1537,9,0,0,8.7e-05,0.000199,13.866839,0.131732,0.001429,0,0,1.515234,3.484766,6,3,0,9,2.291937,0.471249,8.328514,0.05885,5.612636,2.299838,0.395447
1050,1082,onlyfans,Dasyatis,1517,1573,9,0,0,8.7e-05,0.048918,13.629685,0.125313,0.245002,0,0,0.008839,4.991161,6,3,0,9,2.362692,0.4201,8.075778,0.05885,5.865372,2.360849,0.395447
1050,1084,onlyfans,ZippyZap,1517,1457,0,0,1,8.7e-05,0.84229,0.767704,0.02078,5.211517,0,1,0.000514,5.999486,0,0,0,0,,0.585499,2.893037,0.05885,2.048113,2.349308,0.491916
1050,1085,onlyfans,AgoraLord,1517,1430,1,0,0,8.7e-05,0.000933,5.863269,0.131635,0.005096,0,0,0.425,4.575,1,0,0,1,2.372111,0.62265,4.076608,0.05885,1.864542,2.358663,0.448612
1050,1086,onlyfans,CherBoiBlue,1517,1500,0,0,0,8.7e-05,0.222218,3.786094,0.102479,1.111428,0,0,0.001949,4.998051,0,0,0,0,,0.524445,2.591364,0.05885,2.349786,2.349308,0.491916
1050,1087,onlyfans,SwarmLord2,1517,1533,1,0,0,8.7e-05,0.003699,5.849801,0.131271,0.018928,0,0,0.114416,4.885584,1,0,0,1,2.340844,0.47699,3.356881,0.05885,2.584269,2.345835,0.448612
1050,1088,onlyfans,SwarmLord3,1517,1562,1,0,0,8.7e-05,0.003468,5.850927,0.131301,0.017772,0,0,0.121858,4.878142,1,0,0,1,2.404239,0.4356,3.152363,0.05885,2.788787,2.371844,0.448612
1050,1089,onlyfans,WorkingAsIntended,1517,1596,0,0,0,8.7e-05,0.041392,4.666322,0.126304,0.207374,0,0,0.010443,4.989557,0,0,0,0,,0.388229,1.9183,0.05885,3.02285,2.349308,0.491916
1052,1054,Starlight,JimmyBotZ,1204,1724,9,0,0,9.3e-05,0.005286,13.842046,0.131061,0.026893,0,0,0.086324,4.913676,0,9,0,9,2.429199,0.047727,0.235825,0.05885,13.705325,2.418196,0.395447
1052,1056,Starlight,bilisaur,1204,1600,0,0,0,9.3e-05,0.022196,4.759733,0.128833,0.111434,0,0,0.020833,4.979167,0,0,0,0,,0.09283,0.458687,0.05885,4.482463,2.349308,0.491916
1052,1057,Starlight,DoopyBot-Test,1204,1238,32,6,0,9.3e-05,0.023755,36.752146,6.128627,0.119227,0,0,0.019472,4.980528,3,29,0,32,2.582239,0.451226,5.229574,0.05885,31.711576,2.572225,0.383371
1052,1058,Starlight,JimmyBotP,1204,1711,18,0,0,9.3e-05,0.005341,22.841782,0.131053,0.027165,0,0,0.085461,4.914539,0,18,0,18,2.484117,0.051245,0.253211,0.05885,22.687939,2.474147,0.38736
1052,1059,Starlight,NextProBot,1204,1600,0,0,0,9.3e-05,0.022196,4.759733,0.128833,0.111434,0,0,0.020833,4.979167,0,0,0,0,,0.09283,0.458687,0.05885,4.482463,2.349308,0.491916
1052,1060,Starlight,WildFire,1204,1709,1,0,0,9.3e-05,0.00012,5.867193,0.131741,0.001066,0,0,2.17761,2.82239,0,1,0,1,2.144761,0.051808,0.255991,0.05885,5.685159,2.26539,0.448612
1052,1065,Starlight,MindMatrix,1204,1514,20,0,0,9.3e-05,0.010709,24.815648,0.130346,0.054006,0,0,0.042987,4.957013,2,18,0,20,2.58528,0.143748,2.71028,0.05885,22.23087,2.569457,0.386474
1052,1066,Starlight,CompetitiveBotTest,1204,1482,1,0,0,9.3e-05,0.003699,5.849771,0.13127,0.018959,0,0,0.122449,4.877551,1,0,0,1,2.40243,0.16794,1.829818,0.05885,4.111332,2.371102,0.448612
1052,1067,Starlight,Hello_world,1204,1600,0,0,0,9.3e-05,0.022196,4.759733,0.128833,0.111434,0,0,0.020833,4.979167,0,0,0,0,,0.09283,0.458687,0.05885,4.482463,2.349308,0.491916
1052,1078,Starlight,LoremIpsum,1204,1242,18,3,0,9.3e-05,0.000201,22.866802,3.131731,0.001468,0,0,1.581808,3.418192,6,9,3,18,2.955055,0.445531,8.201434,3.05885,11.739716,2.910258,0.38736
1052,1079,Starlight,JimmyBotT,1204,1675,2,0,0,9.3e-05,0.000205,6.866782,0.13173,0.001488,0,0,1.560161,3.439839,0,2,0,2,2.660259,0.06231,0.307884,0.05885,6.633266,2.530227,0.429209
1052,1080,Starlight,JimmyBot,1204,1675,2,0,0,9.3e-05,0.003888,6.848854,0.131245,0.019901,0,0,0.116657,4.883343,0,2,0,2,2.590017,0.06231,0.307884,0.05885,6.633266,2.489358,0.429209
1052,1081,Starlight,ArtZerg,1204,1537,2,0,0,9.3e-05,0.000199,6.866809,0.131731,0.00146,0,0,1.589612,3.410388,1,1,0,2,2.229449,0.128207,1.633492,0.05885,5.307658,2.279571,0.429209
1052,1082,Starlight,Dasyatis,1204,1573,10,0,0,9.3e-05,0.048918,14.629656,0.125312,0.245032,0,0,0.009474,4.990526,6,0,4,10,3.097836,0.106773,6.527582,4.05885,4.413568,3.00376,0.393932
1052,1084,Starlight,ZippyZap,1204,1457,0,0,1,9.3e-05,0.84229,0.767699,0.020779,5.211522,0,1,0.000551,5.999449,0,0,0,0,,0.189021,0.93398,0.05885,4.00717,2.349308,0.491916
1052,1085,Starlight,AgoraLord,1204,1430,2,2,0,9.3e-05,0.000933,6.863239,2.131634,0.005127,0,0,0.452816,4.547184,2,0,0,2,2.500884,0.214003,3.057423,0.05885,3.883727,2.437499,0.429209
1052,1086,Starlight,CherBoiBlue,1204,1500,0,0,1,9.3e-05,0.222218,3.78607,0.102478,2.111452,0,1,0.002089,5.997911,0,0,0,0,,0.153955,0.760714,0.05885,4.180436,2.349308,0.491916
1052,1087,Starlight,SwarmLord2,1204,1533,1,0,0,9.3e-05,0.003699,5.849771,0.13127,0.018959,0,0,0.122449,4.877551,0,1,0,1,3.222868,0.130803,0.646318,0.05885,5.294832,2.707696,0.448612
1052,1088,Starlight,SwarmLord3,1204,1562,1,0,0,9.3e-05,0.003468,5.850896,0.1313,0.017803,0,0,0.130399,4.869601,0,0,1,1,4.053175,0.112964,0.558173,1.05885,4.382977,3.04834,0.448612
1052,1089,Starlight,WorkingAsIntended,1204,1596,1,0,0,9.3e-05,0.041392,5.666293,0.126303,0.207404,0,0,0.011193,4.988807,0,1,0,1,2.198335,0.094787,0.468359,0.05885,5.472791,2.28737,0.448612
1054,1056,JimmyBotZ,bilisaur,1724,1600,0,0,0,0.005286,0.022196,4.735012,0.128164,0.136825,0,0,0.961767,4.038233,0,0,0,0,,0.671241,3.3167,0.05885,1.62445,2.349308,0.491916
1054,1057,JimmyBotZ,DoopyBot-Test,1724,1238,6,0,0,0.005286,0.023755,10.727464,0.127959,0.144577,0,0,0.910148,4.089852,5,1,0,6,2.392677,0.942548,9.657272,0.05885,1.283878,2.384295,0.402359
1054,1058,JimmyBotZ,JimmyBotP,1724,1711,23,0,0,0.005286,0.005341,27.816634,0.130373,0.052994,0,0,2.487223,2.512777,15,8,0,23,1.964708,0.5187,17.562973,0.05885,10.378177,1.987331,0.385416
1054,1059,JimmyBotZ,NextProBot,1724,1600,0,0,0,0.005286,0.022196,4.735012,0.128164,0.136825,0,0,0.961767,4.038233,0,0,0,0,,0.671241,3.3167,0.05885,1.62445,2.349308,0.491916
1054,1060,JimmyBotZ,WildFire,1724,1709,18,0,0,0.005286,0.00012,22.841913,0.131057,0.02703,0,0,4.888685,0.111315,8,10,0,18,2.149653,0.521573,10.577172,0.05885,12.363978,2.164418,0.38736
1054,1065,JimmyBotZ,MindMatrix,1724,1514,3,0,0,0.005286,0.010709,7.790636,0.129669,0.079695,0,0,1.652426,3.347574,3,0,0,3,2.636411,0.770097,6.805163,0.05885,1.135987,2.543407,0.418169
1054,1066,JimmyBotZ,CompetitiveBotTest,1724,1482,0,0,0,0.005286,0.003699,4.824582,0.130588,0.04483,0,0,2.941532,2.058468,0,0,0,0,,0.801081,3.958261,0.05885,0.982889,2.349308,0.491916
1054,1067,JimmyBotZ,Hello_world,1724,1600,0,0,0,0.005286,0.022196,4.735012,0.128164,0.136825,0,0,0.961767,4.038233,0,0,0,0,,0.671241,3.3167,0.05885,1.62445,2.349308,0.491916
1054,1078,JimmyBotZ,LoremIpsum,1724,1242,1,0,0,0.005286,0.000201,5.841524,0.131046,0.02743,0,0,4.817125,0.182875,1,0,0,1,2.478218,0.941289,5.651048,0.05885,0.290102,2.402195,0.448612
1054,1079,JimmyBotZ,JimmyBotT,1724,1675,18,0,0,0.005286,0.000205,22.841504,0.131046,0.02745,0,0,4.813552,0.186448,4,13,1,18,2.325019,0.570053,6.816717,1.05885,15.124433,2.326815,0.38736
1054,1080,JimmyBotZ,JimmyBot,1724,1675,17,0,0,0.005286,0.003888,21.82367,0.130563,0.045767,0,0,2.881159,2.118841,6,10,1,17,1.997788,0.570053,8.816717,1.05885,12.124433,2.025194,0.387873
1054,1081,JimmyBotZ,ArtZerg,1724,1537,16,2,0,0.005286,0.000199,20.841531,2.131047,0.027423,0,0,4.818391,0.181609,8,7,1,16,1.585803,0.745823,11.685224,1.05885,8.255926,1.648743,0.388445
1054,1082,JimmyBotZ,Dasyatis,1724,1573,6,0,1,0.005286,0.048918,10.60561,0.124661,1.269729,0,1,0.487628,5.512372,6,0,0,6,1.451254,0.704585,9.481458,0.05885,1.459692,1.624824,0.402359
1054,1084,JimmyBotZ,ZippyZap,1724,1457,0,0,0,0.005286,0.84229,0.763712,0.020672,4.215617,0,0,0.031185,4.968815,0,0,0,0,,0.823025,4.066688,0.05885,0.874462,2.349308,0.491916
1054,1085,JimmyBotZ,AgoraLord,1724,1430,1,0,0,0.005286,0.000933,5.837979,0.130951,0.03107,0,0,4.250187,0.749813,1,0,0,1,1.543298,0.84454,5.172996,0.05885,0.768154,2.018633,0.448612
1054,1086,JimmyBotZ,CherBoiBlue,1724,1500,0,0,0,0.005286,0.222218,3.766405,0.101946,1.131649,0,0,0.11618,4.88382,0,0,0,0,,0.784054,3.874127,0.05885,1.067023,2.349308,0.491916
1054,1087,JimmyBotZ,SwarmLord2,1724,1533,0,0,0,0.005286,0.003699,4.824582,0.130588,0.04483,0,0,2.941532,2.058468,0,0,0,0,,0.750163,3.70667,0.05885,1.23448,2.349308,0.491916
1054,1088,JimmyBotZ,SwarmLord3,1724,1562,0,0,0,0.005286,0.003468,4.825701,0.130618,0.043681,0,0,3.019219,1.980781,0,0,0,0,,0.717592,3.545728,0.05885,1.395422,2.349308,0.491916
1054,1089,JimmyBotZ,WorkingAsIntended,1724,1596,0,0,0,0.005286,0.041392,4.642056,0.125647,0.232296,0,0,0.566252,4.433748,0,0,0,0,,0.676302,3.341708,0.05885,1.599442,2.349308,0.491916
1056,1057,bilisaur,DoopyBot-Test,1600,1238,0,0,0,0.022196,0.023755,4.647099,0.125784,0.227117,0,0,2.415199,2.584801,0,0,0,0,,0.889323,4.394276,0.05885,0.546874,2.349308,0.491916
1056,1058,bilisaur,JimmyBotP,1600,1711,0,0,0,0.022196,0.005341,4.734753,0.128157,0.13709,0,0,4.030268,0.969732,0,0,0,0,,0.34548,1.707069,0.05885,3.234081,2.349308,0.491916
1056,1059,bilisaur,NextProBot,1600,1600,0,0,0,0.022196,0.022196,4.654519,0.125985,0.219497,0,0,2.5,2.5,0,0,0,0,,0.5,2.470575,0.05885,2.470575,2.349308,0.491916
1056,1060,bilisaur,WildFire,1600,1709,0,0,0,0.022196,0.00012,4.759602,0.128829,0.111568,0,0,4.973031,0.026969,0,0,0,0,,0.348088,1.719955,0.05885,3.221195,2.349308,0.491916
1056,1065,bilisaur,MindMatrix,1600,1514,0,0,0,0.022196,0.010709,4.709197,0.127465,0.163338,0,0,3.372708,1.627292,0,0,0,0,,0.621297,3.06992,0.05885,1.87123,2.349308,0.491916
1056,1066,bilisaur,CompetitiveBotTest,1600,1482,0,0,0,0.022196,0.003699,4.742566,0.128368,0.129066,0,0,4.285714,0.714286,0,0,0,0,,0.663574,3.278819,0.05885,1.662331,2.349308,0.491916
1056,1067,bilisaur,Hello_world,1600,1600,0,0,0,0.022196,0.022196,4.654519,0.125985,0.219497,0,0,2.5,2.5,0,0,0,0,,0.5,2.470575,0.05885,2.470575,2.349308,0.491916
1056,1078,bilisaur,LoremIpsum,1600,1242,0,0,0,0.022196,0.000201,4.75922,0.128819,0.111961,0,0,4.955197,0.044803,0,0,0,0,,0.887036,4.382977,0.05885,0.558173,2.349308,0.491916
1056,1079,bilisaur,JimmyBotT,1600,1675,0,0,0,0.022196,0.000205,4.759201,0.128818,0.111981,0,0,4.954296,0.045704,0,0,0,0,,0.393712,1.945391,0.05885,2.995759,2.349308,0.491916
1056,1080,bilisaur,JimmyBot,1600,1675,0,0,0,0.022196,0.003888,4.74167,0.128344,0.129987,0,0,4.254777,0.745223,0,0,0,0,,0.393712,1.945391,0.05885,2.995759,2.349308,0.491916
1056,1081,bilisaur,ArtZerg,1600,1537,0,0,0,0.022196,0.000199,4.759227,0.128819,0.111954,0,0,4.955516,0.044484,0,0,0,0,,0.589684,2.913715,0.05885,2.027435,2.349308,0.491916
1056,1082,bilisaur,Dasyatis,1600,1573,0,0,0,0.022196,0.048918,4.527317,0.122542,0.350142,0,0,1.560591,3.439409,0,0,0,0,,0.538778,2.662183,0.05885,2.278967,2.349308,0.491916
1056,1084,bilisaur,ZippyZap,1600,1457,0,0,0,0.022196,0.84229,0.750729,0.02032,4.228951,0,0,0.128377,4.871623,0,0,0,0,,0.69491,3.433653,0.05885,1.507497,2.349308,0.491916
1056,1085,bilisaur,AgoraLord,1600,1430,0,0,0,0.022196,0.000933,4.755736,0.128724,0.11554,0,0,4.798387,0.201613,0,0,0,0,,0.72683,3.591376,0.05885,1.349774,2.349308,0.491916
1056,1086,bilisaur,CherBoiBlue,1600,1500,0,0,0,0.022196,0.222218,3.702378,0.100213,1.197409,0,0,0.454065,4.545935,0,0,0,0,,0.640065,3.162657,0.05885,1.778493,2.349308,0.491916
1056,1087,bilisaur,SwarmLord2,1600,1533,0,0,0,0.022196,0.003699,4.742566,0.128368,0.129066,0,0,4.285714,0.714286,0,0,0,0,,0.595243,2.941185,0.05885,1.999965,2.349308,0.491916
1056,1088,bilisaur,SwarmLord3,1600,1562,0,0,0,0.022196,0.003468,4.743666,0.128398,0.127936,0,0,4.324324,0.675676,0,0,0,0,,0.554469,2.739716,0.05885,2.201434,2.349308,0.491916
1056,1089,bilisaur,WorkingAsIntended,1600,1596,0,0,0,0.022196,0.041392,4.563143,0.123512,0.313345,0,0,1.745304,3.254696,0,0,0,0,,0.505756,2.499017,0.05885,2.442133,2.349308,0.491916
1057,1058,DoopyBot-Test,JimmyBotP,1238,1711,12,1,1,0.023755,0.005341,16.727206,1.127952,1.144842,1,0,5.082218,0.917782,7,5,0,12,2.672415,0.061641,7.304577,0.05885,9.636573,2.637851,0.391568
1057,1059,DoopyBot-Test,NextProBot,1238,1600,0,0,0,0.023755,0.022196,4.647099,0.125784,0.227117,0,0,2.584801,2.415199,0,0,0,0,,0.110677,0.546874,0.05885,4.394276,2.349308,0.491916
1057,1060,DoopyBot-Test,WildFire,1238,1709,4,0,0,0.023755,0.00012,8.752015,0.128624,0.119361,0,0,4.974792,0.025208,0,4,0,4,1.946584,0.06231,0.307884,0.05885,8.633266,2.053049,0.411036
1057,1065,DoopyBot-Test,MindMatrix,1238,1514,20,0,1,0.023755,0.010709,24.701691,0.127262,1.171048,1,0,4.446304,1.553696,4,16,0,20,2.545437,0.169555,4.837797,0.05885,20.103353,2.532286,0.386474
1057,1066,DoopyBot-Test,CompetitiveBotTest,1238,1482,1,0,0,0.023755,0.003699,5.735006,0.128163,0.136831,0,0,4.326267,0.673733,1,0,0,1,1.699279,0.197091,1.973855,0.05885,3.967295,2.082626,0.448612
1057,1067,DoopyBot-Test,Hello_world,1238,1600,0,0,0,0.023755,0.022196,4.647099,0.125784,0.227117,0,0,2.584801,2.415199,0,0,0,0,,0.110677,0.546874,0.05885,4.394276,2.349308,0.491916
1057,1078,DoopyBot-Test,LoremIpsum,1238,1242,12,6,0,0.023755,0.000201,16.751634,6.128613,0.119753,0,0,4.958112,0.041888,4,8,0,12,2.654932,0.494244,6.442133,0.05885,10.499017,2.622238,0.391568
1057,1079,DoopyBot-Test,JimmyBotT,1238,1675,2,1,0,0.023755,0.000205,6.751614,1.128613,0.119773,0,0,4.957269,0.042731,0,2,0,2,2.785932,0.074774,0.369467,0.05885,6.571683,2.603346,0.429209
1057,1080,DoopyBot-Test,JimmyBot,1238,1675,3,0,0,0.023755,0.003888,7.734111,0.128139,0.13775,0,0,4.296798,0.703202,1,2,0,3,2.764386,0.074774,1.369467,0.05885,6.571683,2.629926,0.418169
1057,1081,DoopyBot-Test,ArtZerg,1238,1537,3,0,0,0.023755,0.000199,7.751641,0.128614,0.119746,0,0,4.958411,0.041589,1,2,0,3,1.585636,0.151719,1.749666,0.05885,6.191484,1.833019,0.418169
1057,1082,DoopyBot-Test,Dasyatis,1238,1573,8,1,0,0.023755,0.048918,12.5201,1.122346,0.357554,0,0,1.634358,3.365642,2,4,2,8,2.722072,0.126926,2.627161,2.05885,8.313989,2.665294,0.397274
1057,1084,DoopyBot-Test,ZippyZap,1238,1457,0,0,1,0.023755,0.84229,0.749532,0.020288,5.23018,0,1,0.137145,5.862855,0,0,0,0,,0.220859,1.091299,0.05885,3.849851,2.349308,0.491916
1057,1085,DoopyBot-Test,AgoraLord,1238,1430,3,0,0,0.023755,0.000933,7.748155,0.128519,0.123326,0,0,4.811116,0.188884,1,2,0,3,3.090119,0.248759,2.229157,0.05885,5.711993,2.850142,0.418169
1057,1086,DoopyBot-Test,CherBoiBlue,1238,1500,0,0,1,0.023755,0.222218,3.696476,0.100053,2.20347,0,1,0.482872,5.517128,0,0,0,0,,0.181207,0.89537,0.05885,4.04578,2.349308,0.491916
1057,1087,DoopyBot-Test,SwarmLord2,1238,1533,1,0,0,0.023755,0.003699,5.735006,0.128163,0.136831,0,0,4.326267,0.673733,0,1,0,1,2.198335,0.154706,0.764426,0.05885,5.176724,2.28737,0.448612
1057,1088,DoopyBot-Test,SwarmLord3,1238,1562,1,0,0,0.023755,0.003468,5.736105,0.128193,0.135702,0,0,4.363011,0.636989,0,1,0,1,2.122262,0.13411,0.66266,0.05885,5.27849,2.256159,0.448612
1057,1089,DoopyBot-Test,WorkingAsIntended,1238,1596,1,0,0,0.023755,0.041392,5.555869,0.123315,0.320816,0,0,1.823175,3.176825,0,1,0,1,1.843719,0.112964,0.558173,0.05885,5.382977,2.141884,0.448612
1058,1059,JimmyBotP,NextProBot,1711,1600,0,0,0,0.005341,0.022196,4.734753,0.128157,0.13709,0,0,0.969732,4.030268,0,0,0,0,,0.65452,3.234081,0.05885,1.707069,2.349308,0.491916
1058,1060,JimmyBotP,WildFire,1711,1709,11,0,0,0.005341,0.00012,15.841648,0.13105,0.027302,0,0,4.889792,0.110208,1,10,0,11,2.279214,0.502878,3.484797,0.05885,12.456353,2.287315,0.392657
1058,1065,JimmyBotP,MindMatrix,1711,1514,3,0,0,0.005341,0.010709,7.790374,0.129662,0.079964,0,0,1.663754,3.336246,2,1,0,3,1.99935,0.756581,5.738378,0.05885,2.202772,2.112715,0.418169
1058,1066,JimmyBotP,CompetitiveBotTest,1711,1482,1,0,0,0.005341,0.003699,5.824318,0.130581,0.045101,0,0,2.9539,2.0461,1,0,0,1,2.441477,0.788887,4.898009,0.05885,1.043141,2.387121,0.448612
1058,1067,JimmyBotP,Hello_world,1711,1600,0,0,0,0.005341,0.022196,4.734753,0.128157,0.13709,0,0,0.969732,4.030268,0,0,0,0,,0.65452,3.234081,0.05885,1.707069,2.349308,0.491916
1058,1078,JimmyBotP,LoremIpsum,1711,1242,5,0,0,0.005341,0.000201,9.841259,0.131039,0.027701,0,0,4.818917,0.181083,4,1,0,5,2.313886,0.937014,8.629925,0.05885,1.311225,2.321796,0.406046
1058,1079,JimmyBotP,JimmyBotT,1711,1675,15,0,0,0.005341,0.000205,19.84124,0.131039,0.027721,0,0,4.815378,0.184622,11,4,0,15,2.055914,0.551624,13.725655,0.05885,6.215495,2.081572,0.389085
1058,1080,JimmyBotP,JimmyBot,1711,1675,15,0,0,0.005341,0.003888,19.823406,0.130556,0.046037,0,0,2.893629,2.106371,8,6,1,15,1.825942,0.551624,10.725655,1.05885,8.215495,1.87171,0.389085
1058,1081,JimmyBotP,ArtZerg,1711,1537,16,0,0,0.005341,0.000199,20.841266,0.13104,0.027694,0,0,4.820171,0.179829,15,1,0,16,2.168639,0.731378,18.613848,0.05885,2.327302,2.183533,0.388445
1058,1082,JimmyBotP,Dasyatis,1711,1573,7,0,0,0.005341,0.048918,11.605358,0.124654,0.269987,0,0,0.492145,4.507855,7,0,0,7,1.913089,0.688774,10.403334,0.05885,1.537816,1.987406,0.399523
1058,1084,JimmyBotP,ZippyZap,1711,1457,0,0,0,0.005341,0.84229,0.76367,0.02067,4.21566,0,0,0.031503,4.968497,0,0,0,0,,0.81186,4.011522,0.05885,0.929628,2.349308,0.491916
1058,1085,JimmyBotP,AgoraLord,1711,1430,1,0,0,0.005341,0.000933,5.837715,0.130943,0.031341,0,0,4.256679,0.743321,1,0,0,1,2.029463,0.834459,5.123188,0.05885,0.817962,2.218088,0.448612
1058,1086,JimmyBotP,CherBoiBlue,1711,1500,0,0,0,0.005341,0.222218,3.7662,0.10194,1.13186,0,0,0.117346,4.882654,0,0,0,0,,0.771114,3.810191,0.05885,1.130959,2.349308,0.491916
1058,1087,JimmyBotP,SwarmLord2,1711,1533,0,0,0,0.005341,0.003699,4.824318,0.130581,0.045101,0,0,2.9539,2.0461,0,0,0,0,,0.735877,3.636081,0.05885,1.305069,2.349308,0.491916
1058,1088,JimmyBotP,SwarmLord3,1711,1562,0,0,0,0.005341,0.003468,4.825438,0.130611,0.043951,0,0,3.031432,1.968568,0,0,0,0,,0.702183,3.46959,0.05885,1.47156,2.349308,0.491916
1058,1089,JimmyBotP,WorkingAsIntended,1711,1596,1,0,0,0.005341,0.041392,5.641803,0.125641,0.232557,0,0,0.571405,4.428595,1,0,0,1,2.042518,0.659708,4.259716,0.05885,1.681434,2.223444,0.448612
1059,1060,NextProBot,WildFire,1600,1709,0,0,0,0.022196,0.00012,4.759602,0.128829,0.111568,0,0,4.973031,0.026969,0,0,0,0,,0.348088,1.719955,0.05885,3.221195,2.349308,0.491916
1059,1065,NextProBot,MindMatrix,1600,1514,0,0,0,0.022196,0.010709,4.709197,0.127465,0.163338,0,0,3.372708,1.627292,0,0,0,0,,0.621297,3.06992,0.05885,1.87123,2.349308,0.491916
1059,1066,NextProBot,CompetitiveBotTest,1600,1482,0,0,0,0.022196,0.003699,4.742566,0.128368,0.129066,0,0,4.285714,0.714286,0,0,0,0,,0.663574,3.278819,0.05885,1.662331,2.349308,0.491916
1059,1067,NextProBot,Hello_world,1600,1600,0,0,0,0.022196,0.022196,4.654519,0.125985,0.219497,0,0,2.5,2.5,0,0,0,0,,0.5,2.470575,0.05885,2.470575,2.349308,0.491916
1059,1078,NextProBot,LoremIpsum,1600,1242,0,0,0,0.022196,0.000201,4.75922,0.128819,0.111961,0,0,4.955197,0.044803,0,0,0,0,,0.887036,4.382977,0.05885,0.558173,2.349308,0.491916
1059,1079,NextProBot,JimmyBotT,1600,1675,0,0,0,0.022196,0.000205,4.759201,0.128818,0.111981,0,0,4.954296,0.045704,0,0,0,0,,0.393712,1.945391,0.05885,2.995759,2.349308,0.491916
1059,1080,NextProBot,JimmyBot,1600,1675,0,0,0,0.022196,0.003888,4.74167,0.128344,0.129987,0,0,4.254777,0.745223,0,0,0,0,,0.393712,1.945391,0.05885,2.995759,2.349308,0.491916
1059,1081,NextProBot,ArtZerg,1600,1537,0,0,0,0.022196,0.000199,4.759227,0.128819,0.111954,0,0,4.955516,0.044484,0,0,0,0,,0.589684,2.913715,0.05885,2.027435,2.349308,0.491916
1059,1082,NextProBot,Dasyatis,1600,1573,0,0,0,0.022196,0.048918,4.527317,0.122542,0.350142,0,0,1.560591,3.439409,0,0,0,0,,0.538778,2.662183,0.05885,2.278967,2.349308,0.491916
1059,1084,NextProBot,ZippyZap,1600,1457,0,0,0,0.022196,0.84229,0.750729,0.02032,4.228951,0,0,0.128377,4.871623,0,0,0,0,,0.69491,3.433653,0.05885,1.507497,2.349308,0.491916
1059,1085,NextProBot,AgoraLord,1600,1430,0,0,0,0.022196,0.000933,4.755736,0.128724,0.11554,0,0,4.798387,0.201613,0,0,0,0,,0.72683,3.591376,0.05885,1.349774,2.349308,0.491916
1059,1086,NextProBot,CherBoiBlue,1600,1500,0,0,0,0.022196,0.222218,3.702378,0.100213,1.197409,0,0,0.454065,4.545935,0,0,0,0,,0.640065,3.162657,0.05885,1.778493,2.349308,0.491916
1059,1087,NextProBot,SwarmLord2,1600,1533,0,0,0,0.022196,0.003699,4.742566,0.128368,0.129066,0,0,4.285714,0.714286,0,0,0,0,,0.595243,2.941185,0.05885,1.999965,2.349308,0.491916
1059,1088,NextProBot,SwarmLord3,1600,1562,0,0,0,0.022196,0.003468,4.743666,0.128398,0.127936,0,0,4.324324,0.675676,0,0,0,0,,0.554469,2.739716,0.05885,2.201434,2.349308,0.491916
1059,1089,NextProBot,WorkingAsIntended,1600,1596,0,0,0,0.022196,0.041392,4.563143,0.123512,0.313345,0,0,1.745304,3.254696,0,0,0,0,,0.505756,2.499017,0.05885,2.442133,2.349308,0.491916
1060,1065,WildFire,MindMatrix,1709,1514,2,0,0,0.00012,0.010709,6.815516,0.130343,0.054142,0,0,0.055574,4.944426,2,0,0,2,1.878951,0.754454,5.727871,0.05885,1.213279,2.075643,0.429209
1060,1066,WildFire,CompetitiveBotTest,1709,1482,0,0,0,0.00012,0.003699,4.849638,0.131266,0.019096,0,0,0.157563,4.842437,0,0,0,0,,0.786963,3.888504,0.05885,1.052646,2.349308,0.491916
1060,1067,WildFire,Hello_world,1709,1600,0,0,0,0.00012,0.022196,4.759602,0.128829,0.111568,0,0,0.026969,4.973031,0,0,0,0,,0.651912,3.221195,0.05885,1.719955,2.349308,0.491916
1060,1078,WildFire,LoremIpsum,1709,1242,0,0,0,0.00012,0.000201,4.866668,0.131727,0.001605,0,0,1.874576,3.125424,0,0,0,0,,0.936331,4.626551,0.05885,0.314599,2.349308,0.491916
1060,1079,WildFire,JimmyBotT,1709,1675,6,1,0,0.00012,0.000205,10.866648,1.131727,0.001626,0,0,1.851093,3.148907,4,2,0,6,2.258879,0.548774,6.711576,0.05885,4.229574,2.276357,0.402359
1060,1080,WildFire,JimmyBot,1709,1675,6,0,0,0.00012,0.003888,10.848721,0.131241,0.020038,0,0,0.150161,4.849839,4,2,0,6,2.179089,0.548774,6.711576,0.05885,4.229574,2.211988,0.402359
1060,1081,WildFire,ArtZerg,1709,1537,7,0,0,0.00012,0.000199,11.866675,0.131727,0.001598,0,0,1.883029,3.116971,1,6,0,7,1.349459,0.72911,4.602642,0.05885,7.338508,1.5198,0.399523
1060,1082,WildFire,Dasyatis,1709,1573,2,0,0,0.00012,0.048918,6.629529,0.125308,0.245163,0,0,0.012273,4.987727,2,0,0,2,2.266775,0.6863,5.391113,0.05885,1.550037,2.301289,0.429209
1060,1084,WildFire,ZippyZap,1709,1457,0,0,0,0.00012,0.84229,0.767678,0.020779,4.211543,0,0,0.000714,4.999286,0,0,0,0,,0.810095,4.002802,0.05885,0.938348,2.349308,0.491916
1060,1085,WildFire,AgoraLord,1709,1430,0,0,0,0.00012,0.000933,4.863105,0.131631,0.005264,0,0,0.571566,4.428434,0,0,0,0,,0.832863,4.115299,0.05885,0.825851,2.349308,0.491916
1060,1086,WildFire,CherBoiBlue,1709,1500,0,0,0,0.00012,0.222218,3.785966,0.102475,1.111559,0,0,0.002707,4.997293,0,0,0,0,,0.769076,3.800119,0.05885,1.141031,2.349308,0.491916
1060,1087,WildFire,SwarmLord2,1709,1533,0,0,0,0.00012,0.003699,4.849638,0.131266,0.019096,0,0,0.157563,4.842437,0,0,0,0,,0.733634,3.624994,0.05885,1.316156,2.349308,0.491916
1060,1088,WildFire,SwarmLord3,1709,1562,0,0,0,0.00012,0.003468,4.850763,0.131297,0.01794,0,0,0.167715,4.832285,0,0,0,0,,0.699769,3.457666,0.05885,1.483484,2.349308,0.491916
1060,1089,WildFire,WorkingAsIntended,1709,1596,0,0,0,0.00012,0.041392,4.666164,0.1263,0.207536,0,0,0.014498,4.985502,0,0,0,0,,0.657119,3.246922,0.05885,1.694228,2.349308,0.491916
1065,1066,MindMatrix,CompetitiveBotTest,1514,1482,1,0,0,0.010709,0.003699,5.798279,0.129876,0.071845,0,0,3.71628,1.28372,1,0,0,1,1.560248,0.545922,3.697482,0.05885,2.243668,2.025587,0.448612
1065,1067,MindMatrix,Hello_world,1514,1600,0,0,0,0.010709,0.022196,4.709197,0.127465,0.163338,0,0,1.627292,3.372708,0,0,0,0,,0.378703,1.87123,0.05885,3.06992,2.349308,0.491916
1065,1078,MindMatrix,LoremIpsum,1514,1242,18,1,0,0.010709,0.000201,22.815129,1.130332,0.054539,0,0,4.908026,0.091974,13,5,0,18,2.736194,0.827178,17.087211,0.05885,5.853939,2.707583,0.38736
1065,1079,MindMatrix,JimmyBotT,1514,1675,3,0,0,0.010709,0.000205,7.815109,0.130332,0.054559,0,0,4.906194,0.093806,0,3,0,3,2.564845,0.283576,1.401193,0.05885,6.539957,2.495024,0.418169
1065,1080,MindMatrix,JimmyBot,1514,1675,3,0,0,0.010709,0.003888,7.797372,0.129851,0.072776,0,0,3.668342,1.331658,1,2,0,3,2.373744,0.283576,2.401193,0.05885,5.539957,2.365828,0.418169
1065,1081,MindMatrix,ArtZerg,1514,1537,3,0,0,0.010709,0.000199,7.815136,0.130332,0.054532,0,0,4.908674,0.091326,0,3,0,3,1.335987,0.466949,2.307263,0.05885,5.633887,1.664241,0.418169
1065,1082,MindMatrix,Dasyatis,1514,1573,10,0,0,0.010709,0.048918,14.580501,0.123981,0.295518,0,0,0.898019,4.101981,1,9,0,10,2.325829,0.415899,3.05502,0.05885,11.88613,2.32878,0.393932
1065,1084,MindMatrix,ZippyZap,1514,1457,0,0,1,0.010709,0.84229,0.759548,0.020559,5.219893,0,1,0.062774,5.937226,0,0,0,0,,0.581301,2.872298,0.05885,2.068852,2.349308,0.491916
1065,1085,MindMatrix,AgoraLord,1514,1430,4,0,0,0.010709,0.000933,8.811604,0.130237,0.05816,0,0,4.599462,0.400538,3,1,0,4,2.312064,0.618584,6.056517,0.05885,2.884633,2.32191,0.411036
1065,1086,MindMatrix,CherBoiBlue,1514,1500,1,0,0,0.010709,0.222218,4.745872,0.10139,1.152738,0,0,0.229885,4.770115,1,0,0,1,2.042518,0.520137,3.570074,0.05885,2.371076,2.223444,0.448612
1065,1087,MindMatrix,SwarmLord2,1514,1533,1,0,0,0.010709,0.003699,5.798279,0.129876,0.071845,0,0,3.71628,1.28372,1,0,0,1,1.842136,0.472684,3.335603,0.05885,2.605547,2.141234,0.448612
1065,1088,MindMatrix,SwarmLord3,1514,1562,1,0,0,0.010709,0.003468,5.799392,0.129906,0.070701,0,0,3.776885,1.223115,1,0,0,1,1.965713,0.431359,3.131408,0.05885,2.809742,2.191933,0.448612
1065,1089,MindMatrix,WorkingAsIntended,1514,1596,1,0,0,0.010709,0.041392,5.616749,0.124962,0.258289,0,0,1.027743,3.972257,1,0,0,1,1.821318,0.384136,2.898073,0.05885,3.043077,2.132694,0.448612
1066,1067,CompetitiveBotTest,Hello_world,1482,1600,0,0,0,0.003699,0.022196,4.742566,0.128368,0.129066,0,0,0.714286,4.285714,0,0,0,0,,0.336426,1.662331,0.05885,3.278819,2.349308,0.491916
1066,1078,CompetitiveBotTest,LoremIpsum,1482,1242,0,0,0,0.003699,0.000201,4.849248,0.131256,0.019496,0,0,4.74271,0.25729,0,0,0,0,,0.79924,3.949165,0.05885,0.991985,2.349308,0.491916
1066,1079,CompetitiveBotTest,JimmyBotT,1482,1675,0,0,0,0.003699,0.000205,4.849228,0.131255,0.019517,0,0,4.737762,0.262238,0,0,0,0,,0.247685,1.223849,0.05885,3.717301,2.349308,0.491916
1066,1080,CompetitiveBotTest,JimmyBot,1482,1675,0,0,0,0.003699,0.003888,4.831366,0.130772,0.037863,0,0,2.437956,2.562044,0,0,0,0,,0.247685,1.223849,0.05885,3.717301,2.349308,0.491916
1066,1081,CompetitiveBotTest,ArtZerg,1482,1537,0,0,0,0.003699,0.000199,4.849255,0.131256,0.019489,0,0,4.744463,0.255537,0,0,0,0,,0.421503,2.082711,0.05885,2.858439,2.349308,0.491916
1066,1082,CompetitiveBotTest,Dasyatis,1482,1573,0,0,0,0.003699,0.048918,4.612958,0.12486,0.262182,0,0,0.351531,4.648469,0,0,0,0,,0.371955,1.837886,0.05885,3.103264,2.349308,0.491916
1066,1084,CompetitiveBotTest,ZippyZap,1482,1457,0,0,0,0.003699,0.84229,0.76493,0.020705,4.214366,0,0,0.021864,4.978136,0,0,0,0,,0.535916,2.648041,0.05885,2.293109,2.349308,0.491916
1066,1085,CompetitiveBotTest,AgoraLord,1482,1430,0,0,0,0.003699,0.000933,4.845698,0.131159,0.023142,0,0,3.993289,1.006711,0,0,0,0,,0.57428,2.837605,0.05885,2.103545,2.349308,0.491916
1066,1086,CompetitiveBotTest,CherBoiBlue,1482,1500,0,0,0,0.003699,0.222218,3.772414,0.102109,1.125477,0,0,0.081874,4.918126,0,0,0,0,,0.474119,2.342693,0.05885,2.598457,2.349308,0.491916
1066,1087,CompetitiveBotTest,SwarmLord2,1482,1533,0,0,0,0.003699,0.003699,4.832279,0.130796,0.036925,0,0,2.5,2.5,0,0,0,0,,0.427128,2.110502,0.05885,2.830648,2.349308,0.491916
1066,1088,CompetitiveBotTest,SwarmLord3,1482,1562,0,0,0,0.003699,0.003468,4.8334,0.130827,0.035773,0,0,2.580645,2.419355,0,0,0,0,,0.386863,1.911549,0.05885,3.029601,2.349308,0.491916
1066,1089,CompetitiveBotTest,WorkingAsIntended,1482,1596,0,0,0,0.003699,0.041392,4.649462,0.125848,0.22469,0,0,0.410207,4.589793,0,0,0,0,,0.341585,1.687825,0.05885,3.253325,2.349308,0.491916
1067,1078,Hello_world,LoremIpsum,1600,1242,0,0,0,0.022196,0.000201,4.75922,0.128819,0.111961,0,0,4.955197,0.044803,0,0,0,0,,0.887036,4.382977,0.05885,0.558173,2.349308,0.491916
1067,1079,Hello_world,JimmyBotT,1600,1675,0,0,0,0.022196,0.000205,4.759201,0.128818,0.111981,0,0,4.954296,0.045704,0,0,0,0,,0.393712,1.945391,0.05885,2.995759,2.349308,0.491916
1067,1080,Hello_world,JimmyBot,1600,1675,0,0,0,0.022196,0.003888,4.74167,0.128344,0.129987,0,0,4.254777,0.745223,0,0,0,0,,0.393712,1.945391,0.05885,2.995759,2.349308,0.491916
1067,1081,Hello_world,ArtZerg,1600,1537,0,0,0,0.022196,0.000199,4.759227,0.128819,0.111954,0,0,4.955516,0.044484,0,0,0,0,,0.589684,2.913715,0.05885,2.027435,2.349308,0.491916
1067,1082,Hello_world,Dasyatis,1600,1573,0,0,0,0.022196,0.048918,4.527317,0.122542,0.350142,0,0,1.560591,3.439409,0,0,0,0,,0.538778,2.662183,0.05885,2.278967,2.349308,0.491916
1067,1084,Hello_world,ZippyZap,1600,1457,0,0,0,0.022196,0.84229,0.750729,0.02032,4.228951,0,0,0.128377,4.871623,0,0,0,0,,0.69491,3.433653,0.05885,1.507497,2.349308,0.491916
1067,1085,Hello_world,AgoraLord,1600,1430,0,0,0,0.022196,0.000933,4.755736,0.128724,0.11554,0,0,4.798387,0.201613,0,0,0,0,,0.72683,3.591376,0.05885,1.349774,2.349308,0.491916
1067,1086,Hello_world,CherBoiBlue,1600,1500,0,0,0,0.022196,0.222218,3.702378,0.100213,1.197409,0,0,0.454065,4.545935,0,0,0,0,,0.640065,3.162657,0.05885,1.778493,2.349308,0.491916
1067,1087,Hello_world,SwarmLord2,1600,1533,0,0,0,0.022196,0.003699,4.742566,0.128368,0.129066,0,0,4.285714,0.714286,0,0,0,0,,0.595243,2.941185,0.05885,1.999965,2.349308,0.491916
1067,1088,Hello_world,SwarmLord3,1600,1562,0,0,0,0.022196,0.003468,4.743666,0.128398,0.127936,0,0,4.324324,0.675676,0,0,0,0,,0.554469,2.739716,0.05885,2.201434,2.349308,0.491916
1067,1089,Hello_world,WorkingAsIntended,1600,1596,0,0,0,0.022196,0.041392,4.563143,0.123512,0.313345,0,0,1.745304,3.254696,0,0,0,0,,0.505756,2.499017,0.05885,2.442133,2.349308,0.491916
1078,1079,LoremIpsum,JimmyBotT,1242,1675,2,0,0,0.000201,0.000205,6.866257,0.131716,0.002027,0,0,2.474886,2.525114,0,2,0,2,2.634032,0.076382,0.377416,0.05885,6.563734,2.514967,0.429209
1078,1080,LoremIpsum,JimmyBot,1242,1675,2,0,0,0.000201,0.003888,6.848332,0.131231,0.020438,0,0,0.24544,4.75456,0,2,0,2,2.425405,0.076382,0.377416,0.05885,6.563734,2.393583,0.429209
1078,1081,LoremIpsum,ArtZerg,1242,1537,2,0,0,0.000201,0.000199,6.866284,0.131717,0.001999,0,0,2.509009,2.490991,0,2,0,2,1.336281,0.154706,0.764426,0.05885,6.176724,1.759905,0.429209
1078,1082,LoremIpsum,Dasyatis,1242,1573,10,0,0,0.000201,0.048918,14.629157,0.125298,0.245545,0,0,0.020429,4.979571,0,10,0,10,2.206621,0.1295,0.639878,0.05885,14.301272,2.224554,0.393932
1078,1084,LoremIpsum,ZippyZap,1242,1457,0,0,1,0.000201,0.84229,0.767616,0.020777,5.211607,0,1,0.001191,5.998809,0,0,0,0,,0.224847,1.111003,0.05885,3.830147,2.349308,0.491916
1078,1085,LoremIpsum,AgoraLord,1242,1430,1,3,0,0.000201,0.000933,5.862714,3.13162,0.005666,0,0,0.885417,4.114583,0,1,0,1,3.368674,0.253087,1.250541,0.05885,4.690609,2.767515,0.448612
1078,1086,LoremIpsum,CherBoiBlue,1242,1500,0,1,0,0.000201,0.222218,3.785662,1.102467,1.111871,0,0,0.004511,4.995489,0,0,0,0,,0.184648,0.912374,0.05885,4.028776,2.349308,0.491916
1078,1087,LoremIpsum,SwarmLord2,1242,1533,1,0,0,0.000201,0.003699,5.849248,0.131256,0.019496,0,0,0.25729,4.74271,1,0,0,1,3.292126,0.157741,1.779424,0.05885,4.161726,2.73611,0.448612
1078,1088,LoremIpsum,SwarmLord3,1242,1562,0,1,0,0.000201,0.003468,4.850373,1.131286,0.018341,0,0,0.273504,4.726496,0,0,0,0,,0.136807,0.675983,0.05885,4.265167,2.349308,0.491916
1078,1089,LoremIpsum,WorkingAsIntended,1242,1596,1,0,0,0.000201,0.041392,5.665789,0.12629,0.207921,0,0,0.024125,4.975875,0,1,0,1,1.96851,0.115292,0.569676,0.05885,5.371474,2.193081,0.448612
1079,1080,JimmyBotT,JimmyBot,1675,1675,19,0,0,0.000205,0.003888,23.848312,0.13123,0.020458,0,0,0.250172,4.749828,9,10,0,19,2.152028,0.5,11.470575,0.05885,12.470575,2.165904,0.386896
1079,1081,JimmyBotT,ArtZerg,1675,1537,19,1,0,0.000205,0.000199,23.866264,1.131716,0.00202,0,0,2.534122,2.465878,14,5,0,19,2.013476,0.688774,17.403334,0.05885,6.537816,2.037097,0.386896
1079,1082,JimmyBotT,Dasyatis,1675,1573,6,1,1,0.000205,0.048918,10.629138,1.125298,1.245564,0,1,0.020842,5.979158,6,0,0,6,2.593439,0.642713,9.175742,0.05885,1.765408,2.546255,0.402359
1079,1084,JimmyBotT,ZippyZap,1675,1457,0,0,0,0.000205,0.84229,0.767613,0.020777,4.21161,0,0,0.001215,4.998785,0,0,0,0,,0.778148,3.844948,0.05885,1.096202,2.349308,0.491916
1079,1085,JimmyBotT,AgoraLord,1675,1430,1,0,0,0.000205,0.000933,5.862695,0.13162,0.005686,0,0,0.900151,4.099849,1,0,0,1,1.826161,0.803819,4.971788,0.05885,0.969362,2.134681,0.448612
1079,1086,JimmyBotT,CherBoiBlue,1675,1500,0,0,0,0.000205,0.222218,3.785646,0.102467,1.111887,0,0,0.004603,4.995397,0,0,0,0,,0.732507,3.619428,0.05885,1.321722,2.349308,0.491916
1079,1087,JimmyBotT,SwarmLord2,1675,1533,0,0,0,0.000205,0.003699,4.849228,0.131255,0.019517,0,0,0.262238,4.737762,0,0,0,0,,0.693688,3.427616,0.05885,1.513534,2.349308,0.491916
1079,1088,JimmyBotT,SwarmLord3,1675,1562,0,0,0,0.000205,0.003468,4.850354,0.131285,0.018361,0,0,0.278746,4.721254,0,0,0,0,,0.657119,3.246922,0.05885,1.694228,2.349308,0.491916
1079,1089,JimmyBotT,WorkingAsIntended,1675,1596,1,0,0,0.000205,0.041392,5.66577,0.126289,0.20794,0,0,0.024613,4.975387,1,0,0,1,2.184927,0.611771,4.02285,0.05885,1.9183,2.281869,0.448612
1080,1081,JimmyBot,ArtZerg,1675,1537,17,2,0,0.003888,0.000199,21.848339,2.131231,0.02043,0,0,4.756236,0.243764,11,4,2,17,1.804663,0.688774,14.403334,2.05885,5.537816,1.847126,0.387873
1080,1082,JimmyBot,Dasyatis,1675,1573,6,0,0,0.003888,0.048918,10.612086,0.124836,0.263078,0,0,0.368106,4.631894,6,0,0,6,1.775553,0.642713,9.175742,0.05885,1.765408,1.886445,0.402359
1080,1084,JimmyBot,ZippyZap,1675,1457,0,0,0,0.003888,0.84229,0.764785,0.020701,4.214514,0,0,0.022972,4.977028,0,0,0,0,,0.778148,3.844948,0.05885,1.096202,2.349308,0.491916
1080,1085,JimmyBot,AgoraLord,1675,1430,0,1,0,0.003888,0.000933,4.844782,1.131135,0.024083,0,0,4.032613,0.967387,0,0,0,0,,0.803819,3.971788,0.05885,0.969362,2.349308,0.491916
1080,1086,JimmyBot,CherBoiBlue,1675,1500,0,0,0,0.003888,0.222218,3.771701,0.102089,1.126209,0,0,0.085969,4.914031,0,0,0,0,,0.732507,3.619428,0.05885,1.321722,2.349308,0.491916
1080,1087,JimmyBot,SwarmLord2,1675,1533,0,0,0,0.003888,0.003699,4.831366,0.130772,0.037863,0,0,2.562044,2.437956,0,0,0,0,,0.693688,3.427616,0.05885,1.513534,2.349308,0.491916
1080,1088,JimmyBot,SwarmLord3,1675,1562,0,0,0,0.003888,0.003468,4.832487,0.130802,0.036711,0,0,2.642575,2.357425,0,0,0,0,,0.657119,3.246922,0.05885,1.694228,2.349308,0.491916
1080,1089,JimmyBot,WorkingAsIntended,1675,1596,1,0,0,0.003888,0.041392,5.648583,0.125824,0.225592,0,0,0.429293,4.570707,1,0,0,1,1.8453,0.611771,4.02285,0.05885,1.9183,2.142533,0.448612
1081,1082,ArtZerg,Dasyatis,1537,1573,8,0,1,0.000199,0.048918,12.629164,0.125298,1.245538,0,1,0.020283,5.979717,1,7,0,8,2.213004,0.448376,3.215495,0.05885,9.725655,2.233765,0.397274
1081,1084,ArtZerg,ZippyZap,1537,1457,0,0,0,0.000199,0.84229,0.767617,0.020777,4.211606,0,0,0.001182,4.998818,0,0,0,0,,0.613137,3.029601,0.05885,1.911549,2.349308,0.491916
1081,1085,ArtZerg,AgoraLord,1537,1430,0,1,0,0.000199,0.000933,4.862721,1.13162,0.005658,0,0,0.880178,4.119822,0,0,0,0,,0.649295,3.208264,0.05885,1.732886,2.349308,0.491916
1081,1086,ArtZerg,CherBoiBlue,1537,1500,0,0,0,0.000199,0.222218,3.785667,0.102467,1.111865,0,0,0.004479,4.995521,0,0,0,0,,0.553047,2.732688,0.05885,2.208462,2.349308,0.491916
1081,1087,ArtZerg,SwarmLord2,1537,1533,0,0,0,0.000199,0.003699,4.849255,0.131256,0.019489,0,0,0.255537,4.744463,0,0,0,0,,0.505756,2.499017,0.05885,2.442133,2.349308,0.491916
1081,1088,ArtZerg,SwarmLord3,1537,1562,0,0,0,0.000199,0.003468,4.85038,0.131286,0.018333,0,0,0.271647,4.728353,0,0,0,0,,0.464084,2.293109,0.05885,2.648041,2.349308,0.491916
1081,1089,ArtZerg,WorkingAsIntended,1537,1596,1,0,0,0.000199,0.041392,5.665796,0.12629,0.207914,0,0,0.023953,4.976047,0,1,0,1,1.860975,0.415899,2.05502,0.05885,3.88613,2.148963,0.448612
1082,1084,Dasyatis,ZippyZap,1573,1457,0,0,1,0.048918,0.84229,0.730212,0.019765,5.250023,0,1,0.274448,5.725552,0,0,0,0,,0.660999,3.266096,0.05885,1.675054,2.349308,0.491916
1082,1085,Dasyatis,AgoraLord,1573,1430,1,0,0,0.048918,0.000933,5.625768,0.125207,0.249025,0,0,4.90646,0.09354,1,0,0,1,2.370244,0.69491,4.433653,0.05885,1.507497,2.357897,0.448612
1082,1086,Dasyatis,CherBoiBlue,1573,1500,0,0,0,0.048918,0.222218,3.601197,0.097474,1.301329,0,0,0.902094,4.097906,0,0,0,0,,0.603536,2.982163,0.05885,1.958987,2.349308,0.491916
1082,1087,Dasyatis,SwarmLord2,1573,1533,0,0,0,0.048918,0.003699,4.612958,0.12486,0.262182,0,0,4.648469,0.351531,0,0,0,0,,0.557312,2.75376,0.05885,2.18739,2.349308,0.491916
1082,1088,Dasyatis,SwarmLord3,1573,1562,0,0,0,0.048918,0.003468,4.614028,0.124889,0.261083,0,0,4.668985,0.331015,0,0,0,0,,0.515825,2.548769,0.05885,2.392381,2.349308,0.491916
1082,1089,Dasyatis,WorkingAsIntended,1573,1596,1,0,0,0.048918,0.041392,5.438439,0.120136,0.441425,0,0,2.708347,2.291653,1,0,0,1,1.958685,0.466949,3.307263,0.05885,2.633887,2.18905,0.448612
1084,1085,ZippyZap,AgoraLord,1457,1430,0,0,0,0.84229,0.000933,0.767054,0.020762,4.212184,0,0,4.99447,0.00553,0,0,0,0,,0.538778,2.662183,0.05885,2.278967,2.349308,0.491916
1084,1086,ZippyZap,CherBoiBlue,1457,1500,0,0,0,0.84229,0.222218,0.597158,0.016163,4.386679,0,0,3.95624,1.04376,0,0,0,0,,0.438432,2.166359,0.05885,2.774791,2.349308,0.491916
1084,1087,ZippyZap,SwarmLord2,1457,1533,0,0,0,0.84229,0.003699,0.76493,0.020705,4.214366,0,0,4.978136,0.021864,0,0,0,0,,0.392339,1.938606,0.05885,3.002544,2.349308,0.491916
1084,1088,ZippyZap,SwarmLord3,1457,1562,0,0,0,0.84229,0.003468,0.765107,0.020709,4.214183,0,0,4.979497,0.020503,0,0,0,0,,0.353331,1.745862,0.05885,3.195288,2.349308,0.491916
1084,1089,ZippyZap,WorkingAsIntended,1457,1596,0,0,0,0.84229,0.041392,0.735991,0.019921,4.244088,0,0,4.765799,0.234201,0,0,0,0,,0.309994,1.531726,0.05885,3.409424,2.349308,0.491916
1085,1086,AgoraLord,CherBoiBlue,1430,1500,1,0,0,0.000933,0.222218,4.78289,0.102392,1.114717,0,0,0.020896,4.979104,1,0,0,1,2.947067,0.400603,2.979441,0.05885,2.961709,2.594546,0.448612
1085,1087,AgoraLord,SwarmLord2,1430,1533,0,0,0,0.000933,0.003699,4.845698,0.131159,0.023142,0,0,1.006711,3.993289,0,0,0,0,,0.355966,1.758882,0.05885,3.182268,2.349308,0.491916
1085,1088,AgoraLord,SwarmLord3,1430,1562,1,0,0,0.000933,0.003468,5.846823,0.13119,0.021987,0,0,1.059603,3.940397,0,1,0,1,2.074429,0.318678,1.574637,0.05885,4.366513,2.236536,0.448612
1085,1089,AgoraLord,WorkingAsIntended,1430,1596,1,0,0,0.000933,0.041392,5.662374,0.126197,0.211429,0,0,0.110174,4.889826,0,1,0,1,2.174752,0.277765,1.372481,0.05885,4.568669,2.277694,0.448612
1086,1087,CherBoiBlue,SwarmLord2,1500,1533,0,0,0,0.222218,0.003699,3.772414,0.102109,1.125477,0,0,4.918126,0.081874,0,0,0,0,,0.452651,2.236619,0.05885,2.704531,2.349308,0.491916
1086,1088,CherBoiBlue,SwarmLord3,1500,1562,0,0,0,0.222218,0.003468,3.77329,0.102132,1.124578,0,0,4.923165,0.076835,0,0,0,0,,0.41171,2.034321,0.05885,2.906829,2.349308,0.491916
1086,1089,CherBoiBlue,WorkingAsIntended,1500,1596,0,0,0,0.222218,0.041392,3.629695,0.098246,1.272059,0,0,4.214905,0.785095,0,0,0,0,,0.365257,1.804788,0.05885,3.136362,2.349308,0.491916
1087,1088,SwarmLord2,SwarmLord3,1533,1562,0,0,0,0.003699,0.003468,4.8334,0.130827,0.035773,0,0,2.580645,2.419355,0,0,0,0,,0.458362,2.264837,0.05885,2.676313,2.349308,0.491916
1087,1089,SwarmLord2,WorkingAsIntended,1533,1596,0,0,0,0.003699,0.041392,4.649462,0.125848,0.22469,0,0,0.410207,4.589793,0,0,0,0,,0.410316,2.027435,0.05885,2.913715,2.349308,0.491916
1088,1089,SwarmLord3,WorkingAsIntended,1562,1596,0,0,0,0.003468,0.041392,4.650541,0.125877,0.223582,0,0,0.386551,4.613449,0,0,0,0,,0.451226,2.229574,0.05885,2.711576,2.349308,0.491916
