round,bot_id,bot_name,elo,division
0,836,muravevTerran,1600.0,1
0,1054,JimmyBotZ,1600.0,1
0,1008,Creepy_canon,1600.0,1
0,1089,WorkingAsIntended,1600.0,1
0,1058,JimmyBotP,1600.0,1
0,1082,Dasyatis,1600.0,1
0,827,smokinggunbot,1600.0,1
0,1085,AgoraLord,1600.0,1
0,943,puck,1600.0,1
0,721,49Terrapins,1600.0,1
0,1080,JimmyBot,1600.0,1
0,526,Apidae,1600.0,1
0,720,PiG_Bot,1600.0,1
0,1007,SharkGull,1600.0,1
0,510,PhantomBot,1600.0,1
0,1049,TheCatSC2Bot,1600.0,1
0,201,QueenBot,1600.0,1
0,961,AvocaDOS,1600.0,1
0,1065,MindMatrix,1600.0,1
0,970,TheLAW,1600.0,1
0,167,TyrT,1600.0,1
0,960,BigDaddy,1600.0,1
0,49,MicroMachine,1600.0,1
0,1030,who,1600.0,1
0,797,WickedBot,1600.0,1
0,1078,LoremIpsum,1600.0,1
0,517,VeTerran-revived,1600.0,1
0,1079,JimmyBotT,1600.0,1
0,338,smallBly,1600.0,2
0,1060,WildFire,1600.0,2
0,1081,ArtZerg,1600.0,2
0,496,Zozo,1600.0,2
0,518,norman,1600.0,2
0,1038,PolyMorph,1600.0,2
0,40,SharpenedEdge,1600.0,2
0,262,whalemean,1600.0,2
0,759,BotTato,1600.0,2
0,730,Deimos,1600.0,2
0,168,sharkbot,1600.0,2
0,1042,Creepy_duo_canon,1600.0,2
0,971,Nothing,1600.0,2
0,876,GenesisLotus,1600.0,2
0,998,LordSuperKing,1600.0,2
0,1023,MY_SCRIPTING_SON,1600.0,2
0,340,MechaShark,1600.0,2
0,901,clone,1600.0,2
0,953,ZeratulsRevengeTest,1600.0,2
0,708,Princess-Mika,1600.0,2
0,112,Tyckles,1600.0,2
0,809,PrimordialOrigin,1600.0,2
0,341,gotest,1600.0,2
0,275,Lissy,1600.0,2
0,1057,DoopyBot-Test,1600.0,2
0,357,12PoolBot,1600.0,2
0,605,nida,1600.0,2
0,1045,tito,1600.0,3
0,981,KoB,1600.0,3
0,732,GPT,1600.0,3
0,223,DominionDog,1600.0,3
0,779,oberon,1600.0,3
0,940,Princess-Mika-Test,1600.0,3
0,858,Crawler,1600.0,3
0,516,27turtles,1600.0,3
0,1052,Starlight,1600.0,3
0,446,Xena,1600.0,3
0,1050,onlyfans,1600.0,3
0,637,72Tortoises,1600.0,3
0,729,Alexa,1600.0,3
0,248,Eris,1600.0,3
0,117,Chance,1600.0,3
0,346,Sharkling,1600.0,3
0,930,SiriusBot,1600.0,3
0,966,ArgoBot,1600.0,3
0,832,muravev,1600.0,3
0,115,BenBotBC,1600.0,3
0,718,Mulebot,1600.0,3
0,939,RustyNikolaj,1600.0,3
0,1044,DoopyBot,1600.0,3
0,1026,WildLupo,1600.0,3
0,977,Siriusly,1600.0,3
0,699,Clicadinha,1600.0,3
0,352,Belzebuth,1600.0,3
1,496,Zozo,1741.76,1
1,49,MicroMachine,1736.45,1
1,248,Eris,1732.22,1
1,40,SharpenedEdge,1721.13,1
1,730,Deimos,1718.72,1
1,1030,who,1715.1,1
1,446,Xena,1714.97,1
1,115,BenBotBC,1704.58,1
1,223,DominionDog,1687.18,1
1,966,ArgoBot,1685.65,1
1,759,BotTato,1681.95,1
1,510,PhantomBot,1669.24,1
1,1045,tito,1666.92,1
1,732,GPT,1661.18,1
1,340,MechaShark,1656.99,1
1,605,nida,1656.07,1
1,262,whalemean,1653.26,1
1,953,ZeratulsRevengeTest,1652.78,1
1,517,VeTerran-revived,1649.67,1
1,1058,JimmyBotP,1647.4,1
1,338,smallBly,1644.67,1
1,718,Mulebot,1643.53,1
1,346,Sharkling,1642.89,1
1,167,TyrT,1642.59,1
1,858,Crawler,1641.31,1
1,357,12PoolBot,1638.26,1
1,168,sharkbot,1629.65,1
1,637,72Tortoises,1628.6,1
1,961,AvocaDOS,1622.2,2
1,526,Apidae,1622.03,2
1,275,Lissy,1620.29,2
1,518,norman,1617.44,2
1,832,muravev,1616.22,2
1,797,WickedBot,1614.81,2
1,1060,WildFire,1613.93,2
1,699,Clicadinha,1613.62,2
1,1079,JimmyBotT,1611.87,2
1,1089,WorkingAsIntended,1609.26,2
1,1007,SharkGull,1608.0,2
1,970,TheLAW,1605.02,2
1,930,SiriusBot,1604.83,2
1,1050,onlyfans,1604.3,2
1,1081,ArtZerg,1601.96,2
1,943,puck,1600.62,2
1,1080,JimmyBot,1597.19,2
1,901,clone,1594.39,2
1,720,PiG_Bot,1593.47,2
1,1054,JimmyBotZ,1593.34,2
1,960,BigDaddy,1592.07,2
1,1008,Creepy_canon,1586.66,2
1,201,QueenBot,1577.83,2
1,1085,AgoraLord,1577.04,2
1,998,LordSuperKing,1575.48,2
1,971,Nothing,1571.57,2
1,1082,Dasyatis,1568.36,2
1,939,RustyNikolaj,1566.6,3
1,721,49Terrapins,1565.91,3
1,779,oberon,1558.07,3
1,981,KoB,1553.29,3
1,729,Alexa,1552.33,3
1,827,smokinggunbot,1546.34,3
1,836,muravevTerran,1545.97,3
1,1065,MindMatrix,1542.47,3
1,117,Chance,1537.72,3
1,1038,PolyMorph,1535.61,3
1,977,Siriusly,1532.59,3
1,1023,MY_SCRIPTING_SON,1530.27,3
1,940,Princess-Mika-Test,1528.28,3
1,708,Princess-Mika,1523.15,3
1,1042,Creepy_duo_canon,1522.78,3
1,516,27turtles,1522.72,3
1,112,Tyckles,1518.54,3
1,1044,DoopyBot,1515.02,3
1,1057,DoopyBot-Test,1512.58,3
1,341,gotest,1510.57,3
1,1052,Starlight,1510.45,3
1,1078,LoremIpsum,1498.81,3
1,876,GenesisLotus,1496.28,3
1,352,Belzebuth,1491.08,3
1,1026,WildLupo,1483.83,3
1,1049,TheCatSC2Bot,1460.26,3
1,809,PrimordialOrigin,1459.92,3
2,248,Eris,1820.99,1
2,496,Zozo,1805.26,1
2,115,BenBotBC,1786.32,1
2,49,MicroMachine,1766.46,1
2,730,Deimos,1765.55,1
2,966,ArgoBot,1750.46,1
2,446,Xena,1746.46,1
2,1030,who,1743.02,1
2,40,SharpenedEdge,1713.23,1
2,517,VeTerran-revived,1704.97,1
2,223,DominionDog,1704.22,1
2,167,TyrT,1688.33,1
2,338,smallBly,1681.23,1
2,262,whalemean,1673.66,1
2,1089,WorkingAsIntended,1673.16,1
2,510,PhantomBot,1661.22,1
2,797,WickedBot,1655.5,1
2,732,GPT,1652.89,1
2,1045,tito,1649.66,1
2,346,Sharkling,1644.84,1
2,1079,JimmyBotT,1642.13,1
2,1080,JimmyBot,1637.53,1
2,699,Clicadinha,1635.12,1
2,1008,Creepy_canon,1634.77,1
2,1060,WildFire,1634.51,1
2,168,sharkbot,1632.26,1
2,998,LordSuperKing,1631.19,1
2,939,RustyNikolaj,1627.2,1
2,960,BigDaddy,1626.31,2
2,357,12PoolBot,1625.65,2
2,901,clone,1624.86,2
2,970,TheLAW,1622.69,2
2,827,smokinggunbot,1622.5,2
2,759,BotTato,1621.99,2
2,961,AvocaDOS,1612.96,2
2,340,MechaShark,1611.25,2
2,1058,JimmyBotP,1609.39,2
2,832,muravev,1604.63,2
2,526,Apidae,1603.57,2
2,1082,Dasyatis,1602.93,2
2,953,ZeratulsRevengeTest,1597.64,2
2,518,norman,1596.48,2
2,1007,SharkGull,1595.3,2
2,1023,MY_SCRIPTING_SON,1594.84,2
2,605,nida,1594.78,2
2,971,Nothing,1594.67,2
2,275,Lissy,1587.23,2
2,721,49Terrapins,1586.99,2
2,981,KoB,1585.77,2
2,1065,MindMatrix,1582.86,2
2,1054,JimmyBotZ,1581.81,2
2,516,27turtles,1577.47,2
2,1081,ArtZerg,1577.14,2
2,718,Mulebot,1565.24,2
2,112,Tyckles,1563.55,2
2,930,SiriusBot,1561.66,3
2,836,muravevTerran,1555.81,3
2,720,PiG_Bot,1555.47,3
2,1050,onlyfans,1555.25,3
2,201,QueenBot,1554.34,3
2,708,Princess-Mika,1551.35,3
2,1042,Creepy_duo_canon,1545.42,3
2,940,Princess-Mika-Test,1537.96,3
2,876,GenesisLotus,1537.45,3
2,858,Crawler,1537.03,3
2,341,gotest,1532.23,3
2,1038,PolyMorph,1528.75,3
2,977,Siriusly,1518.62,3
2,943,puck,1518.57,3
2,1044,DoopyBot,1518.02,3
2,637,72Tortoises,1510.76,3
2,779,oberon,1508.14,3
2,117,Chance,1496.69,3
2,1085,AgoraLord,1494.04,3
2,352,Belzebuth,1487.17,3
2,1057,DoopyBot-Test,1486.6,3
2,729,Alexa,1485.56,3
2,809,PrimordialOrigin,1461.49,3
2,1078,LoremIpsum,1444.91,3
2,1052,Starlight,1435.21,3
2,1026,WildLupo,1393.49,3
2,1049,TheCatSC2Bot,1355.4,3
3,248,Eris,1858.96,1
3,730,Deimos,1836.37,1
3,49,MicroMachine,1826.8,1
3,496,Zozo,1814.56,1
3,115,BenBotBC,1795.47,1
3,446,Xena,1767.0,1
3,223,DominionDog,1755.64,1
3,1030,who,1753.92,1
3,966,ArgoBot,1741.91,1
3,517,VeTerran-revived,1729.62,1
3,167,TyrT,1724.7,1
3,40,SharpenedEdge,1724.31,1
3,732,GPT,1715.05,1
3,168,sharkbot,1706.81,1
3,759,BotTato,1704.13,1
3,510,PhantomBot,1683.12,1
3,262,whalemean,1682.19,1
3,338,smallBly,1671.04,1
3,357,12PoolBot,1665.26,1
3,340,MechaShark,1661.53,1
3,961,AvocaDOS,1657.46,1
3,1060,WildFire,1653.15,1
3,1045,tito,1649.68,1
3,1054,JimmyBotZ,1641.01,1
3,718,Mulebot,1639.93,1
3,1007,SharkGull,1631.87,1
3,858,Crawler,1627.33,1
3,1082,Dasyatis,1624.69,1
3,346,Sharkling,1623.53,2
3,953,ZeratulsRevengeTest,1623.05,2
3,797,WickedBot,1622.95,2
3,1089,WorkingAsIntended,1612.86,2
3,1080,JimmyBot,1612.2,2
3,605,nida,1611.34,2
3,960,BigDaddy,1611.01,2
3,275,Lissy,1609.11,2
3,1058,JimmyBotP,1605.87,2
3,901,clone,1604.43,2
3,720,PiG_Bot,1603.04,2
3,516,27turtles,1600.35,2
3,832,muravev,1600.17,2
3,637,72Tortoises,1599.32,2
3,518,norman,1597.8,2
3,971,Nothing,1589.4,2
3,970,TheLAW,1588.62,2
3,930,SiriusBot,1588.43,2
3,526,Apidae,1586.21,2
3,1079,JimmyBotT,1582.7,2
3,827,smokinggunbot,1580.93,2
3,876,GenesisLotus,1579.2,2
3,699,Clicadinha,1573.6,2
3,201,QueenBot,1573.1,2
3,836,muravevTerran,1568.06,2
3,1008,Creepy_canon,1564.18,2
3,1081,ArtZerg,1562.06,2
3,940,Princess-Mika-Test,1556.72,3
3,939,RustyNikolaj,1550.93,3
3,1050,onlyfans,1549.86,3
3,943,puck,1540.76,3
3,708,Princess-Mika,1537.52,3
3,1042,Creepy_duo_canon,1534.28,3
3,1044,DoopyBot,1533.15,3
3,998,LordSuperKing,1528.86,3
3,1023,MY_SCRIPTING_SON,1528.85,3
3,112,Tyckles,1524.77,3
3,981,KoB,1518.96,3
3,1085,AgoraLord,1517.04,3
3,729,Alexa,1514.37,3
3,977,Siriusly,1514.22,3
3,779,oberon,1510.58,3
3,721,49Terrapins,1502.74,3
3,1038,PolyMorph,1499.9,3
3,1065,MindMatrix,1498.92,3
3,117,Chance,1491.02,3
3,341,gotest,1482.71,3
3,1057,DoopyBot-Test,1466.54,3
3,809,PrimordialOrigin,1460.47,3
3,352,Belzebuth,1408.75,3
3,1052,Starlight,1392.87,3
3,1078,LoremIpsum,1389.44,3
3,1026,WildLupo,1367.16,3
3,1049,TheCatSC2Bot,1261.56,3
4,248,Eris,1947.92,1
4,730,Deimos,1925.19,1
4,49,MicroMachine,1875.15,1
4,496,Zozo,1825.55,1
4,115,BenBotBC,1786.81,1
4,446,Xena,1781.26,1
4,966,ArgoBot,1760.26,1
4,1030,who,1751.13,1
4,732,GPT,1749.66,1
4,223,DominionDog,1746.08,1
4,40,SharpenedEdge,1724.37,1
4,168,sharkbot,1721.78,1
4,797,WickedBot,1717.46,1
4,517,VeTerran-revived,1716.27,1
4,346,Sharkling,1716.26,1
4,338,smallBly,1699.23,1
4,167,TyrT,1690.39,1
4,357,12PoolBot,1681.61,1
4,759,BotTato,1678.56,1
4,1054,JimmyBotZ,1675.37,1
4,510,PhantomBot,1675.1,1
4,961,AvocaDOS,1664.6,1
4,953,ZeratulsRevengeTest,1655.5,1
4,340,MechaShark,1648.04,1
4,901,clone,1647.77,1
4,518,norman,1646.29,1
4,262,whalemean,1645.13,1
4,1079,JimmyBotT,1644.08,1
4,605,nida,1641.9,2
4,1045,tito,1636.8,2
4,970,TheLAW,1633.87,2
4,637,72Tortoises,1633.7,2
4,1060,WildFire,1626.41,2
4,1080,JimmyBot,1622.42,2
4,720,PiG_Bot,1614.81,2
4,1050,onlyfans,1611.12,2
4,718,Mulebot,1608.58,2
4,201,QueenBot,1607.92,2
4,832,muravev,1602.73,2
4,526,Apidae,1601.13,2
4,998,LordSuperKing,1592.72,2
4,1089,WorkingAsIntended,1588.85,2
4,1082,Dasyatis,1587.09,2
4,939,RustyNikolaj,1581.3,2
4,940,Princess-Mika-Test,1577.99,2
4,708,Princess-Mika,1576.55,2
4,516,27turtles,1574.14,2
4,827,smokinggunbot,1570.87,2
4,1008,Creepy_canon,1570.85,2
4,858,Crawler,1566.51,2
4,1044,DoopyBot,1559.05,2
4,275,Lissy,1558.46,2
4,960,BigDaddy,1556.43,2
4,1081,ArtZerg,1549.46,2
4,1007,SharkGull,1548.67,2
4,699,Clicadinha,1544.44,3
4,971,Nothing,1544.18,3
4,1065,MindMatrix,1541.33,3
4,977,Siriusly,1536.28,3
4,836,muravevTerran,1535.88,3
4,943,puck,1533.14,3
4,1058,JimmyBotP,1529.5,3
4,1085,AgoraLord,1527.9,3
4,1023,MY_SCRIPTING_SON,1522.27,3
4,981,KoB,1518.1,3
4,779,oberon,1504.64,3
4,1038,PolyMorph,1501.33,3
4,721,49Terrapins,1495.7,3
4,729,Alexa,1489.8,3
4,930,SiriusBot,1485.16,3
4,1042,Creepy_duo_canon,1483.92,3
4,876,GenesisLotus,1479.46,3
4,341,gotest,1474.73,3
4,112,Tyckles,1469.12,3
4,809,PrimordialOrigin,1460.77,3
4,1057,DoopyBot-Test,1437.03,3
4,352,Belzebuth,1421.66,3
4,117,Chance,1419.21,3
4,1052,Starlight,1399.53,3
4,1078,LoremIpsum,1375.64,3
4,1026,WildLupo,1355.17,3
4,1049,TheCatSC2Bot,1216.93,3
5,248,Eris,1985.36,1
5,730,Deimos,1946.76,1
5,496,Zozo,1887.87,1
5,49,MicroMachine,1858.88,1
5,115,BenBotBC,1840.7,1
5,446,Xena,1786.06,1
5,966,ArgoBot,1776.12,1
5,223,DominionDog,1767.19,1
5,40,SharpenedEdge,1751.52,1
5,1030,who,1745.26,1
5,262,whalemean,1741.37,1
5,517,VeTerran-revived,1725.92,1
5,732,GPT,1723.56,1
5,168,sharkbot,1721.98,1
5,797,WickedBot,1706.58,1
5,1045,tito,1705.81,1
5,167,TyrT,1700.6,1
5,346,Sharkling,1683.02,1
5,357,12PoolBot,1682.3,1
5,510,PhantomBot,1679.37,1
5,1060,WildFire,1676.46,1
5,338,smallBly,1673.75,1
5,605,nida,1672.24,1
5,759,BotTato,1663.04,1
5,637,72Tortoises,1646.71,1
5,901,clone,1645.69,1
5,526,Apidae,1645.37,1
5,953,ZeratulsRevengeTest,1642.05,1
5,720,PiG_Bot,1642.01,2
5,961,AvocaDOS,1637.76,2
5,971,Nothing,1634.59,2
5,1080,JimmyBot,1632.68,2
5,518,norman,1632.46,2
5,998,LordSuperKing,1625.12,2
5,1054,JimmyBotZ,1618.38,2
5,832,muravev,1617.42,2
5,275,Lissy,1616.2,2
5,340,MechaShark,1615.51,2
5,718,Mulebot,1606.99,2
5,1050,onlyfans,1602.06,2
5,1082,Dasyatis,1592.49,2
5,960,BigDaddy,1592.48,2
5,970,TheLAW,1592.44,2
5,1008,Creepy_canon,1587.72,2
5,201,QueenBot,1582.53,2
5,827,smokinggunbot,1580.14,2
5,1089,WorkingAsIntended,1577.33,2
5,981,KoB,1565.97,2
5,516,27turtles,1562.16,2
5,1058,JimmyBotP,1560.5,2
5,699,Clicadinha,1558.85,2
5,1079,JimmyBotT,1557.77,2
5,836,muravevTerran,1551.68,2
5,1007,SharkGull,1550.35,2
5,858,Crawler,1547.19,2
5,1065,MindMatrix,1546.43,3
5,1081,ArtZerg,1546.29,3
5,779,oberon,1525.26,3
5,940,Princess-Mika-Test,1524.92,3
5,1057,DoopyBot-Test,1522.23,3
5,1038,PolyMorph,1521.73,3
5,930,SiriusBot,1517.41,3
5,977,Siriusly,1511.54,3
5,708,Princess-Mika,1510.81,3
5,1023,MY_SCRIPTING_SON,1506.19,3
5,721,49Terrapins,1498.73,3
5,1042,Creepy_duo_canon,1498.19,3
5,1044,DoopyBot,1482.89,3
5,939,RustyNikolaj,1481.53,3
5,1085,AgoraLord,1478.74,3
5,943,puck,1477.45,3
5,341,gotest,1467.36,3
5,112,Tyckles,1466.17,3
5,876,GenesisLotus,1463.37,3
5,809,PrimordialOrigin,1448.8,3
5,117,Chance,1446.73,3
5,729,Alexa,1423.89,3
5,352,Belzebuth,1409.29,3
5,1052,Starlight,1362.55,3
5,1026,WildLupo,1339.08,3
5,1078,LoremIpsum,1328.5,3
5,1049,TheCatSC2Bot,1171.57,3
6,248,Eris,2027.09,1
6,730,Deimos,1978.77,1
6,496,Zozo,1917.23,1
6,49,MicroMachine,1865.8,1
6,115,BenBotBC,1837.61,1
6,223,DominionDog,1835.67,1
6,966,ArgoBot,1796.28,1
6,446,Xena,1795.66,1
6,517,VeTerran-revived,1784.25,1
6,1030,who,1784.14,1
6,40,SharpenedEdge,1773.03,1
6,262,whalemean,1762.69,1
6,168,sharkbot,1732.15,1
6,346,Sharkling,1696.44,1
6,961,AvocaDOS,1695.16,1
6,1045,tito,1687.16,1
6,732,GPT,1685.84,1
6,901,clone,1683.81,1
6,998,LordSuperKing,1682.75,1
6,167,TyrT,1682.21,1
6,510,PhantomBot,1682.02,1
6,340,MechaShark,1676.57,1
6,718,Mulebot,1675.11,1
6,357,12PoolBot,1665.75,1
6,1079,JimmyBotT,1657.13,1
6,338,smallBly,1655.41,1
6,797,WickedBot,1650.38,1
6,518,norman,1644.95,1
6,1060,WildFire,1641.87,2
6,275,Lissy,1635.79,2
6,832,muravev,1627.99,2
6,759,BotTato,1627.26,2
6,605,nida,1625.92,2
6,970,TheLAW,1623.39,2
6,637,72Tortoises,1622.4,2
6,1080,JimmyBot,1619.97,2
6,201,QueenBot,1607.08,2
6,953,ZeratulsRevengeTest,1605.93,2
6,720,PiG_Bot,1604.52,2
6,940,Princess-Mika-Test,1598.86,2
6,960,BigDaddy,1597.75,2
6,1081,ArtZerg,1592.25,2
6,1054,JimmyBotZ,1591.75,2
6,1008,Creepy_canon,1586.96,2
6,1058,JimmyBotP,1585.29,2
6,930,SiriusBot,1582.17,2
6,971,Nothing,1581.51,2
6,526,Apidae,1578.77,2
6,1007,SharkGull,1572.57,2
6,516,27turtles,1550.85,2
6,1042,Creepy_duo_canon,1547.49,2
6,981,KoB,1544.91,2
6,1082,Dasyatis,1543.65,2
6,1065,MindMatrix,1541.96,2
6,827,smokinggunbot,1539.4,2
6,1089,WorkingAsIntended,1536.17,3
6,699,Clicadinha,1529.22,3
6,779,oberon,1525.03,3
6,858,Crawler,1521.37,3
6,721,49Terrapins,1518.55,3
6,939,RustyNikolaj,1514.54,3
6,708,Princess-Mika,1514.37,3
6,1050,onlyfans,1512.69,3
6,943,puck,1507.97,3
6,836,muravevTerran,1496.3,3
6,977,Siriusly,1495.47,3
6,1038,PolyMorph,1494.51,3
6,809,PrimordialOrigin,1488.42,3
6,1023,MY_SCRIPTING_SON,1487.56,3
6,117,Chance,1481.29,3
6,1085,AgoraLord,1472.38,3
6,1057,DoopyBot-Test,1469.93,3
6,1044,DoopyBot,1460.83,3
6,876,GenesisLotus,1451.74,3
6,341,gotest,1445.84,3
6,112,Tyckles,1439.35,3
6,729,Alexa,1401.25,3
6,352,Belzebuth,1356.9,3
6,1078,LoremIpsum,1356.56,3
6,1052,Starlight,1312.11,3
6,1026,WildLupo,1299.2,3
6,1049,TheCatSC2Bot,1121.13,3
7,248,Eris,2010.68,1
7,730,Deimos,1992.61,1
7,496,Zozo,1924.67,1
7,49,MicroMachine,1889.34,1
7,115,BenBotBC,1867.82,1
7,1030,who,1841.23,1
7,223,DominionDog,1836.15,1
7,517,VeTerran-revived,1820.23,1
7,966,ArgoBot,1816.47,1
7,262,whalemean,1804.16,1
7,40,SharpenedEdge,1800.35,1
7,168,sharkbot,1762.26,1
7,446,Xena,1746.86,1
7,167,TyrT,1713.39,1
7,357,12PoolBot,1710.06,1
7,1045,tito,1709.86,1
7,346,Sharkling,1707.95,1
7,1060,WildFire,1703.79,1
7,605,nida,1692.32,1
7,759,BotTato,1683.98,1
7,953,ZeratulsRevengeTest,1682.27,1
7,961,AvocaDOS,1680.8,1
7,732,GPT,1674.89,1
7,510,PhantomBot,1671.31,1
7,340,MechaShark,1670.7,1
7,275,Lissy,1660.51,1
7,970,TheLAW,1657.91,1
7,338,smallBly,1643.57,1
7,960,BigDaddy,1636.87,2
7,718,Mulebot,1633.69,2
7,901,clone,1624.26,2
7,1079,JimmyBotT,1623.68,2
7,1080,JimmyBot,1622.53,2
7,998,LordSuperKing,1620.52,2
7,720,PiG_Bot,1618.18,2
7,797,WickedBot,1618.17,2
7,516,27turtles,1614.63,2
7,832,muravev,1609.76,2
7,637,72Tortoises,1605.56,2
7,518,norman,1595.37,2
7,526,Apidae,1593.99,2
7,1058,JimmyBotP,1592.3,2
7,1089,WorkingAsIntended,1591.64,2
7,1008,Creepy_canon,1590.06,2
7,1007,SharkGull,1584.59,2
7,1081,ArtZerg,1575.36,2
7,201,QueenBot,1572.86,2
7,943,puck,1568.75,2
7,699,Clicadinha,1563.75,2
7,1054,JimmyBotZ,1562.15,2
7,939,RustyNikolaj,1562.05,2
7,858,Crawler,1550.15,2
7,827,smokinggunbot,1540.62,2
7,1050,onlyfans,1536.88,2
7,971,Nothing,1536.65,2
7,836,muravevTerran,1525.7,3
7,930,SiriusBot,1519.98,3
7,1085,AgoraLord,1519.38,3
7,1042,Creepy_duo_canon,1513.93,3
7,1082,Dasyatis,1512.53,3
7,981,KoB,1511.04,3
7,708,Princess-Mika,1506.47,3
7,876,GenesisLotus,1503.87,3
7,779,oberon,1502.31,3
7,940,Princess-Mika-Test,1496.42,3
7,721,49Terrapins,1487.73,3
7,1065,MindMatrix,1487.48,3
7,1038,PolyMorph,1483.17,3
7,1023,MY_SCRIPTING_SON,1482.39,3
7,1044,DoopyBot,1469.5,3
7,1057,DoopyBot-Test,1465.95,3
7,977,Siriusly,1462.73,3
7,809,PrimordialOrigin,1430.74,3
7,341,gotest,1422.35,3
7,117,Chance,1399.67,3
7,112,Tyckles,1395.23,3
7,1078,LoremIpsum,1356.9,3
7,352,Belzebuth,1350.13,3
7,729,Alexa,1346.18,3
7,1052,Starlight,1336.84,3
7,1026,WildLupo,1287.84,3
7,1049,TheCatSC2Bot,1102.38,3
8,248,Eris,2026.2,1
8,730,Deimos,2022.89,1
8,496,Zozo,1942.7,1
8,49,MicroMachine,1920.92,1
8,115,BenBotBC,1870.26,1
8,40,SharpenedEdge,1842.03,1
8,223,DominionDog,1835.62,1
8,1030,who,1835.29,1
8,966,ArgoBot,1808.01,1
8,517,VeTerran-revived,1798.72,1
8,262,whalemean,1795.27,1
8,167,TyrT,1769.22,1
8,446,Xena,1761.68,1
8,168,sharkbot,1757.06,1
8,1045,tito,1746.89,1
8,961,AvocaDOS,1726.47,1
8,510,PhantomBot,1705.54,1
8,346,Sharkling,1699.63,1
8,759,BotTato,1694.69,1
8,732,GPT,1692.54,1
8,338,smallBly,1687.22,1
8,901,clone,1687.02,1
8,357,12PoolBot,1679.24,1
8,998,LordSuperKing,1672.35,1
8,960,BigDaddy,1667.63,1
8,340,MechaShark,1663.2,1
8,953,ZeratulsRevengeTest,1659.84,1
8,1060,WildFire,1659.33,1
8,718,Mulebot,1656.77,2
8,526,Apidae,1639.05,2
8,797,WickedBot,1633.72,2
8,637,72Tortoises,1631.64,2
8,605,nida,1624.58,2
8,699,Clicadinha,1614.98,2
8,1007,SharkGull,1611.79,2
8,832,muravev,1607.35,2
8,1079,JimmyBotT,1604.77,2
8,720,PiG_Bot,1594.82,2
8,518,norman,1591.55,2
8,971,Nothing,1589.37,2
8,201,QueenBot,1589.19,2
8,827,smokinggunbot,1587.49,2
8,516,27turtles,1587.24,2
8,1082,Dasyatis,1581.57,2
8,275,Lissy,1575.65,2
8,970,TheLAW,1575.45,2
8,1054,JimmyBotZ,1563.21,2
8,1008,Creepy_canon,1562.34,2
8,1080,JimmyBot,1558.51,2
8,1089,WorkingAsIntended,1556.2,2
8,836,muravevTerran,1550.92,2
8,943,puck,1549.99,2
8,1085,AgoraLord,1544.73,2
8,708,Princess-Mika,1543.64,2
8,1058,JimmyBotP,1543.59,2
8,930,SiriusBot,1538.32,3
8,1042,Creepy_duo_canon,1532.13,3
8,858,Crawler,1524.06,3
8,981,KoB,1517.05,3
8,1050,onlyfans,1513.57,3
8,1081,ArtZerg,1511.96,3
8,1038,PolyMorph,1495.05,3
8,939,RustyNikolaj,1494.84,3
8,876,GenesisLotus,1491.5,3
8,940,Princess-Mika-Test,1482.73,3
8,1065,MindMatrix,1475.41,3
8,341,gotest,1470.75,3
8,1044,DoopyBot,1470.59,3
8,977,Siriusly,1467.38,3
8,1057,DoopyBot-Test,1466.44,3
8,779,oberon,1455.18,3
8,1023,MY_SCRIPTING_SON,1453.22,3
8,112,Tyckles,1453.1,3
8,809,PrimordialOrigin,1445.04,3
8,721,49Terrapins,1396.34,3
8,117,Chance,1392.08,3
8,352,Belzebuth,1368.47,3
8,729,Alexa,1351.5,3
8,1052,Starlight,1302.34,3
8,1078,LoremIpsum,1289.14,3
8,1026,WildLupo,1260.81,3
8,1049,TheCatSC2Bot,1083.42,3
9,248,Eris,2085.05,1
9,730,Deimos,1983.31,1
9,496,Zozo,1954.19,1
9,115,BenBotBC,1931.64,1
9,49,MicroMachine,1923.87,1
9,223,DominionDog,1860.14,1
9,40,SharpenedEdge,1850.1,1
9,446,Xena,1824.92,1
9,517,VeTerran-revived,1821.94,1
9,1030,who,1813.8,1
9,966,ArgoBot,1810.35,1
9,168,sharkbot,1799.25,1
9,167,TyrT,1798.87,1
9,732,GPT,1760.25,1
9,262,whalemean,1738.82,1
9,338,smallBly,1730.77,1
9,759,BotTato,1716.22,1
9,1045,tito,1710.38,1
9,510,PhantomBot,1705.43,1
9,357,12PoolBot,1692.9,1
9,346,Sharkling,1674.81,1
9,718,Mulebot,1674.55,1
9,961,AvocaDOS,1670.1,1
9,340,MechaShark,1662.71,1
9,797,WickedBot,1660.24,1
9,605,nida,1657.64,1
9,901,clone,1645.72,1
9,1007,SharkGull,1634.46,1
9,526,Apidae,1630.38,2
9,953,ZeratulsRevengeTest,1627.44,2
9,960,BigDaddy,1623.71,2
9,518,norman,1621.4,2
9,637,72Tortoises,1609.11,2
9,720,PiG_Bot,1608.43,2
9,998,LordSuperKing,1605.48,2
9,1060,WildFire,1605.31,2
9,1058,JimmyBotP,1602.85,2
9,1082,Dasyatis,1600.2,2
9,858,Crawler,1600.09,2
9,1089,WorkingAsIntended,1598.86,2
9,516,27turtles,1597.78,2
9,971,Nothing,1596.58,2
9,1079,JimmyBotT,1592.99,2
9,970,TheLAW,1591.33,2
9,201,QueenBot,1586.1,2
9,275,Lissy,1583.49,2
9,699,Clicadinha,1582.51,2
9,940,Princess-Mika-Test,1579.68,2
9,1054,JimmyBotZ,1574.75,2
9,930,SiriusBot,1568.91,2
9,827,smokinggunbot,1564.4,2
9,1080,JimmyBot,1561.9,2
9,832,muravev,1561.34,2
9,1008,Creepy_canon,1558.07,2
9,1050,onlyfans,1536.63,2
9,1038,PolyMorph,1523.45,3
9,836,muravevTerran,1521.23,3
9,1081,ArtZerg,1520.51,3
9,1044,DoopyBot,1518.73,3
9,1042,Creepy_duo_canon,1509.65,3
9,939,RustyNikolaj,1508.41,3
9,708,Princess-Mika,1507.08,3
9,1065,MindMatrix,1501.78,3
9,943,puck,1499.86,3
9,977,Siriusly,1498.17,3
9,1085,AgoraLord,1492.58,3
9,981,KoB,1476.63,3
9,779,oberon,1462.61,3
9,1057,DoopyBot-Test,1460.06,3
9,341,gotest,1443.27,3
9,876,GenesisLotus,1435.47,3
9,112,Tyckles,1418.8,3
9,117,Chance,1410.49,3
9,1023,MY_SCRIPTING_SON,1405.75,3
9,809,PrimordialOrigin,1387.76,3
9,729,Alexa,1372.36,3
9,721,49Terrapins,1369.54,3
9,352,Belzebuth,1331.71,3
9,1052,Starlight,1261.77,3
9,1026,WildLupo,1258.38,3
9,1078,LoremIpsum,1252.35,3
9,1049,TheCatSC2Bot,1089.42,3
10,248,Eris,2128.31,1
10,730,Deimos,2021.91,1
10,496,Zozo,1955.28,1
10,115,BenBotBC,1938.9,1
10,40,SharpenedEdge,1886.28,1
10,49,MicroMachine,1878.23,1
10,223,DominionDog,1873.33,1
10,1030,who,1843.97,1
10,966,ArgoBot,1826.7,1
10,446,Xena,1825.55,1
10,517,VeTerran-revived,1820.14,1
10,167,TyrT,1795.27,1
10,168,sharkbot,1776.08,1
10,262,whalemean,1756.37,1
10,338,smallBly,1737.39,1
10,510,PhantomBot,1734.44,1
10,346,Sharkling,1716.45,1
10,357,12PoolBot,1715.12,1
10,1045,tito,1710.1,1
10,732,GPT,1703.45,1
10,961,AvocaDOS,1691.85,1
10,526,Apidae,1670.73,1
10,797,WickedBot,1666.48,1
10,340,MechaShark,1663.99,1
10,759,BotTato,1661.7,1
10,998,LordSuperKing,1657.82,1
10,953,ZeratulsRevengeTest,1650.52,1
10,1060,WildFire,1647.72,1
10,518,norman,1647.64,2
10,718,Mulebot,1640.99,2
10,901,clone,1637.72,2
10,1058,JimmyBotP,1636.09,2
10,960,BigDaddy,1628.99,2
10,637,72Tortoises,1614.65,2
10,605,nida,1611.87,2
10,1080,JimmyBot,1611.17,2
10,1079,JimmyBotT,1609.77,2
10,970,TheLAW,1609.07,2
10,699,Clicadinha,1607.96,2
10,720,PiG_Bot,1606.6,2
10,1054,JimmyBotZ,1604.69,2
10,201,QueenBot,1599.88,2
10,1089,WorkingAsIntended,1580.8,2
10,516,27turtles,1576.78,2
10,1008,Creepy_canon,1576.6,2
10,1007,SharkGull,1574.52,2
10,827,smokinggunbot,1570.04,2
10,275,Lissy,1568.76,2
10,971,Nothing,1566.76,2
10,832,muravev,1561.89,2
10,858,Crawler,1561.15,2
10,1081,ArtZerg,1557.21,2
10,1065,MindMatrix,1545.47,2
10,939,RustyNikolaj,1540.91,2
10,708,Princess-Mika,1539.65,2
10,981,KoB,1538.63,3
10,1082,Dasyatis,1527.68,3
10,930,SiriusBot,1506.61,3
10,836,muravevTerran,1505.14,3
10,1044,DoopyBot,1504.27,3
10,940,Princess-Mika-Test,1498.46,3
10,1042,Creepy_duo_canon,1495.47,3
10,943,puck,1494.86,3
10,1038,PolyMorph,1487.28,3
10,1050,onlyfans,1470.89,3
10,341,gotest,1462.02,3
10,1085,AgoraLord,1447.98,3
10,977,Siriusly,1440.12,3
10,1057,DoopyBot-Test,1434.41,3
10,876,GenesisLotus,1432.65,3
10,721,49Terrapins,1429.29,3
10,1023,MY_SCRIPTING_SON,1427.95,3
10,112,Tyckles,1426.05,3
10,117,Chance,1422.33,3
10,779,oberon,1400.66,3
10,809,PrimordialOrigin,1399.72,3
10,729,Alexa,1356.37,3
10,352,Belzebuth,1337.58,3
10,1052,Starlight,1250.75,3
10,1078,LoremIpsum,1247.48,3
10,1026,WildLupo,1230.52,3
10,1049,TheCatSC2Bot,1083.1,3
11,248,Eris,2148.38,1
11,730,Deimos,2032.04,1
11,115,BenBotBC,1985.86,1
11,496,Zozo,1945.65,1
11,49,MicroMachine,1920.96,1
11,1030,who,1857.91,1
11,223,DominionDog,1854.5,1
11,446,Xena,1839.96,1
11,168,sharkbot,1835.86,1
11,40,SharpenedEdge,1833.8,1
11,966,ArgoBot,1817.99,1
11,517,VeTerran-revived,1812.38,1
11,167,TyrT,1778.27,1
11,262,whalemean,1765.81,1
11,510,PhantomBot,1754.76,1
11,338,smallBly,1749.08,1
11,357,12PoolBot,1738.78,1
11,732,GPT,1712.83,1
11,346,Sharkling,1704.4,1
11,1045,tito,1701.56,1
11,518,norman,1675.58,1
11,961,AvocaDOS,1674.53,1
11,1058,JimmyBotP,1672.6,1
11,901,clone,1671.83,1
11,1060,WildFire,1671.32,1
11,759,BotTato,1661.69,1
11,718,Mulebot,1657.91,1
11,340,MechaShark,1657.33,1
11,605,nida,1640.15,2
11,832,muravev,1636.86,2
11,998,LordSuperKing,1630.78,2
11,797,WickedBot,1627.52,2
11,960,BigDaddy,1626.87,2
11,953,ZeratulsRevengeTest,1624.43,2
11,720,PiG_Bot,1617.2,2
11,526,Apidae,1615.75,2
11,1080,JimmyBot,1611.73,2
11,637,72Tortoises,1609.04,2
11,1089,WorkingAsIntended,1607.91,2
11,201,QueenBot,1607.63,2
11,971,Nothing,1606.33,2
11,1054,JimmyBotZ,1600.44,2
11,1082,Dasyatis,1598.25,2
11,970,TheLAW,1592.41,2
11,699,Clicadinha,1589.51,2
11,1079,JimmyBotT,1585.23,2
11,1008,Creepy_canon,1583.9,2
11,1007,SharkGull,1576.55,2
11,827,smokinggunbot,1562.19,2
11,516,27turtles,1544.23,2
11,939,RustyNikolaj,1537.68,2
11,858,Crawler,1532.39,2
11,1065,MindMatrix,1529.44,2
11,930,SiriusBot,1524.03,2
11,1081,ArtZerg,1517.62,2
11,940,Princess-Mika-Test,1515.77,3
11,836,muravevTerran,1513.12,3
11,1050,onlyfans,1512.17,3
11,1042,Creepy_duo_canon,1507.12,3
11,1044,DoopyBot,1503.72,3
11,275,Lissy,1502.2,3
11,981,KoB,1496.49,3
11,708,Princess-Mika,1492.2,3
11,1038,PolyMorph,1485.73,3
11,112,Tyckles,1464.96,3
11,1023,MY_SCRIPTING_SON,1457.82,3
11,876,GenesisLotus,1457.74,3
11,341,gotest,1449.79,3
11,943,puck,1449.78,3
11,977,Siriusly,1428.24,3
11,1057,DoopyBot-Test,1422.05,3
11,779,oberon,1421.26,3
11,1085,AgoraLord,1410.98,3
11,809,PrimordialOrigin,1399.04,3
11,721,49Terrapins,1380.99,3
11,117,Chance,1380.37,3
11,729,Alexa,1367.84,3
11,352,Belzebuth,1297.43,3
11,1078,LoremIpsum,1272.3,3
11,1026,WildLupo,1251.64,3
11,1052,Starlight,1226.52,3
11,1049,TheCatSC2Bot,1063.12,3
12,248,Eris,2165.83,1
12,730,Deimos,2057.99,1
12,115,BenBotBC,1974.25,1
12,496,Zozo,1946.72,1
12,49,MicroMachine,1944.3,1
12,446,Xena,1880.46,1
12,168,sharkbot,1854.55,1
12,966,ArgoBot,1852.78,1
12,223,DominionDog,1851.74,1
12,167,TyrT,1816.94,1
12,40,SharpenedEdge,1813.42,1
12,1030,who,1808.25,1
12,517,VeTerran-revived,1802.0,1
12,338,smallBly,1771.13,1
12,510,PhantomBot,1755.48,1
12,357,12PoolBot,1728.27,1
12,953,ZeratulsRevengeTest,1716.58,1
12,732,GPT,1714.46,1
12,605,nida,1709.74,1
12,262,whalemean,1705.85,1
12,1045,tito,1695.11,1
12,340,MechaShark,1685.72,1
12,797,WickedBot,1684.37,1
12,346,Sharkling,1681.88,1
12,960,BigDaddy,1675.24,1
12,718,Mulebot,1671.45,1
12,901,clone,1667.82,1
12,1058,JimmyBotP,1665.1,1
12,961,AvocaDOS,1663.81,2
12,759,BotTato,1663.08,2
12,1060,WildFire,1649.73,2
12,998,LordSuperKing,1649.58,2
12,518,norman,1645.45,2
12,720,PiG_Bot,1633.98,2
12,1080,JimmyBot,1627.74,2
12,832,muravev,1615.04,2
12,970,TheLAW,1614.9,2
12,1079,JimmyBotT,1614.06,2
12,637,72Tortoises,1611.21,2
12,1089,WorkingAsIntended,1606.69,2
12,827,smokinggunbot,1604.84,2
12,526,Apidae,1595.4,2
12,971,Nothing,1588.52,2
12,1054,JimmyBotZ,1568.73,2
12,858,Crawler,1568.48,2
12,940,Princess-Mika-Test,1562.83,2
12,275,Lissy,1562.45,2
12,1082,Dasyatis,1556.77,2
12,201,QueenBot,1555.59,2
12,1007,SharkGull,1552.32,2
12,1050,onlyfans,1549.86,2
12,516,27turtles,1544.89,2
12,699,Clicadinha,1540.73,2
12,836,muravevTerran,1533.19,2
12,1081,ArtZerg,1529.18,2
12,1008,Creepy_canon,1517.89,3
12,981,KoB,1517.75,3
12,1065,MindMatrix,1508.72,3
12,708,Princess-Mika,1505.11,3
12,1038,PolyMorph,1499.55,3
12,930,SiriusBot,1489.14,3
12,1044,DoopyBot,1481.03,3
12,1042,Creepy_duo_canon,1471.7,3
12,939,RustyNikolaj,1455.73,3
12,721,49Terrapins,1441.14,3
12,1023,MY_SCRIPTING_SON,1437.65,3
12,341,gotest,1437.34,3
12,943,puck,1432.91,3
12,112,Tyckles,1431.52,3
12,876,GenesisLotus,1424.58,3
12,1085,AgoraLord,1416.93,3
12,117,Chance,1407.12,3
12,977,Siriusly,1402.82,3
12,779,oberon,1401.37,3
12,729,Alexa,1389.31,3
12,809,PrimordialOrigin,1388.92,3
12,1057,DoopyBot-Test,1367.02,3
12,352,Belzebuth,1269.5,3
12,1078,LoremIpsum,1264.35,3
12,1026,WildLupo,1249.77,3
12,1052,Starlight,1237.63,3
12,1049,TheCatSC2Bot,1047.03,3
13,248,Eris,2137.76,1
13,730,Deimos,2075.71,1
13,496,Zozo,1990.2,1
13,115,BenBotBC,1976.09,1
13,223,DominionDog,1871.71,1
13,966,ArgoBot,1867.6,1
13,49,MicroMachine,1864.67,1
13,446,Xena,1851.48,1
13,168,sharkbot,1828.78,1
13,1030,who,1825.57,1
13,510,PhantomBot,1824.29,1
13,167,TyrT,1818.76,1
13,517,VeTerran-revived,1804.67,1
13,40,SharpenedEdge,1794.61,1
13,346,Sharkling,1751.8,1
13,732,GPT,1751.65,1
13,262,whalemean,1737.46,1
13,338,smallBly,1731.72,1
13,797,WickedBot,1726.38,1
13,357,12PoolBot,1711.2,1
13,340,MechaShark,1706.94,1
13,605,nida,1706.02,1
13,1060,WildFire,1702.62,1
13,953,ZeratulsRevengeTest,1702.34,1
13,960,BigDaddy,1685.82,1
13,901,clone,1675.55,1
13,961,AvocaDOS,1675.3,1
13,1079,JimmyBotT,1662.18,1
13,759,BotTato,1659.03,2
13,998,LordSuperKing,1642.52,2
13,1080,JimmyBot,1639.46,2
13,718,Mulebot,1638.74,2
13,1045,tito,1631.12,2
13,518,norman,1629.63,2
13,1054,JimmyBotZ,1620.23,2
13,827,smokinggunbot,1618.33,2
13,1082,Dasyatis,1615.62,2
13,526,Apidae,1613.04,2
13,971,Nothing,1612.95,2
13,1058,JimmyBotP,1608.78,2
13,637,72Tortoises,1607.37,2
13,970,TheLAW,1592.46,2
13,720,PiG_Bot,1588.74,2
13,1089,WorkingAsIntended,1584.82,2
13,699,Clicadinha,1581.05,2
13,201,QueenBot,1573.36,2
13,832,muravev,1571.11,2
13,1007,SharkGull,1569.92,2
13,858,Crawler,1564.96,2
13,930,SiriusBot,1564.52,2
13,981,KoB,1544.01,2
13,275,Lissy,1541.46,2
13,1008,Creepy_canon,1526.37,2
13,1044,DoopyBot,1521.19,2
13,1050,onlyfans,1520.51,2
13,940,Princess-Mika-Test,1517.66,3
13,1038,PolyMorph,1514.76,3
13,1081,ArtZerg,1513.93,3
13,516,27turtles,1513.58,3
13,708,Princess-Mika,1490.05,3
13,836,muravevTerran,1477.22,3
13,939,RustyNikolaj,1470.88,3
13,1065,MindMatrix,1469.97,3
13,721,49Terrapins,1452.71,3
13,1042,Creepy_duo_canon,1446.67,3
13,341,gotest,1439.71,3
13,977,Siriusly,1435.45,3
13,1057,DoopyBot-Test,1424.9,3
13,943,puck,1422.58,3
13,876,GenesisLotus,1421.31,3
13,1085,AgoraLord,1412.15,3
13,112,Tyckles,1407.59,3
13,117,Chance,1390.0,3
13,779,oberon,1387.23,3
13,729,Alexa,1386.01,3
13,1023,MY_SCRIPTING_SON,1383.3,3
13,809,PrimordialOrigin,1370.48,3
13,1078,LoremIpsum,1261.47,3
13,1026,WildLupo,1252.27,3
13,1052,Starlight,1247.93,3
13,352,Belzebuth,1231.68,3
13,1049,TheCatSC2Bot,1018.33,3
14,248,Eris,2175.28,1
14,730,Deimos,2115.1,1
14,496,Zozo,2020.67,1
14,115,BenBotBC,1948.3,1
14,49,MicroMachine,1901.31,1
14,446,Xena,1889.34,1
14,966,ArgoBot,1872.02,1
14,167,TyrT,1870.99,1
14,517,VeTerran-revived,1824.87,1
14,223,DominionDog,1822.97,1
14,1030,who,1805.67,1
14,732,GPT,1805.15,1
14,168,sharkbot,1803.6,1
14,40,SharpenedEdge,1784.94,1
14,510,PhantomBot,1763.84,1
14,346,Sharkling,1757.98,1
14,338,smallBly,1751.51,1
14,797,WickedBot,1737.07,1
14,340,MechaShark,1735.18,1
14,262,whalemean,1721.54,1
14,357,12PoolBot,1698.79,1
14,605,nida,1692.96,1
14,1080,JimmyBot,1686.44,1
14,759,BotTato,1685.95,1
14,961,AvocaDOS,1682.27,1
14,998,LordSuperKing,1676.74,1
14,901,clone,1673.96,1
14,953,ZeratulsRevengeTest,1672.81,1
14,518,norman,1665.51,2
14,718,Mulebot,1659.62,2
14,1060,WildFire,1657.63,2
14,1045,tito,1656.85,2
14,1079,JimmyBotT,1638.98,2
14,960,BigDaddy,1634.13,2
14,1054,JimmyBotZ,1631.54,2
14,526,Apidae,1626.09,2
14,832,muravev,1614.96,2
14,720,PiG_Bot,1613.63,2
14,637,72Tortoises,1608.9,2
14,970,TheLAW,1602.4,2
14,1089,WorkingAsIntended,1599.55,2
14,1082,Dasyatis,1599.21,2
14,1058,JimmyBotP,1597.3,2
14,827,smokinggunbot,1588.22,2
14,275,Lissy,1581.61,2
14,1008,Creepy_canon,1576.73,2
14,201,QueenBot,1567.22,2
14,699,Clicadinha,1561.55,2
14,1007,SharkGull,1560.28,2
14,971,Nothing,1558.06,2
14,940,Princess-Mika-Test,1529.89,2
14,1081,ArtZerg,1526.25,2
14,516,27turtles,1518.7,2
14,930,SiriusBot,1518.24,2
14,708,Princess-Mika,1514.25,2
14,858,Crawler,1511.47,3
14,939,RustyNikolaj,1511.26,3
14,836,muravevTerran,1507.01,3
14,1044,DoopyBot,1505.01,3
14,1038,PolyMorph,1491.45,3
14,981,KoB,1472.84,3
14,721,49Terrapins,1471.39,3
14,1050,onlyfans,1455.35,3
14,1042,Creepy_duo_canon,1450.23,3
14,1065,MindMatrix,1447.78,3
14,341,gotest,1438.44,3
14,112,Tyckles,1428.63,3
14,117,Chance,1426.75,3
14,943,puck,1422.5,3
14,1023,MY_SCRIPTING_SON,1412.71,3
14,1085,AgoraLord,1404.34,3
14,876,GenesisLotus,1401.39,3
14,1057,DoopyBot-Test,1387.87,3
14,977,Siriusly,1382.99,3
14,779,oberon,1370.73,3
14,809,PrimordialOrigin,1358.2,3
14,729,Alexa,1341.58,3
14,352,Belzebuth,1317.63,3
14,1052,Starlight,1251.42,3
14,1078,LoremIpsum,1226.35,3
14,1026,WildLupo,1219.31,3
14,1049,TheCatSC2Bot,1000.76,3
15,248,Eris,2189.09,1
15,730,Deimos,2091.09,1
15,496,Zozo,1987.23,1
15,115,BenBotBC,1962.1,1
15,966,ArgoBot,1934.54,1
15,446,Xena,1890.29,1
15,167,TyrT,1881.57,1
15,49,MicroMachine,1871.96,1
15,168,sharkbot,1868.13,1
15,517,VeTerran-revived,1850.43,1
15,1030,who,1847.05,1
15,40,SharpenedEdge,1816.83,1
15,732,GPT,1804.22,1
15,223,DominionDog,1795.54,1
15,346,Sharkling,1763.0,1
15,262,whalemean,1762.44,1
15,338,smallBly,1739.55,1
15,510,PhantomBot,1723.85,1
15,759,BotTato,1721.51,1
15,797,WickedBot,1718.79,1
15,1045,tito,1711.73,1
15,357,12PoolBot,1703.8,1
15,340,MechaShark,1699.76,1
15,1060,WildFire,1695.06,1
15,960,BigDaddy,1691.17,1
15,953,ZeratulsRevengeTest,1686.54,1
15,901,clone,1684.73,1
15,518,norman,1663.63,1
15,1079,JimmyBotT,1662.14,2
15,1080,JimmyBot,1659.89,2
15,961,AvocaDOS,1655.72,2
15,526,Apidae,1654.28,2
15,718,Mulebot,1650.13,2
15,637,72Tortoises,1639.57,2
15,605,nida,1636.45,2
15,998,LordSuperKing,1631.13,2
15,720,PiG_Bot,1630.07,2
15,1054,JimmyBotZ,1618.22,2
15,1058,JimmyBotP,1592.06,2
15,832,muravev,1591.72,2
15,201,QueenBot,1585.66,2
15,1089,WorkingAsIntended,1584.55,2
15,827,smokinggunbot,1583.91,2
15,1007,SharkGull,1578.41,2
15,1082,Dasyatis,1577.22,2
15,699,Clicadinha,1575.15,2
15,516,27turtles,1562.14,2
15,970,TheLAW,1559.69,2
15,275,Lissy,1552.89,2
15,1044,DoopyBot,1530.18,2
15,858,Crawler,1526.72,2
15,930,SiriusBot,1521.29,2
15,939,RustyNikolaj,1520.1,2
15,940,Princess-Mika-Test,1519.94,2
15,1081,ArtZerg,1515.88,2
15,1008,Creepy_canon,1509.73,3
15,708,Princess-Mika,1495.36,3
15,981,KoB,1487.25,3
15,971,Nothing,1485.74,3
15,1050,onlyfans,1480.62,3
15,836,muravevTerran,1476.62,3
15,721,49Terrapins,1474.53,3
15,1042,Creepy_duo_canon,1472.96,3
15,117,Chance,1464.88,3
15,1038,PolyMorph,1454.65,3
15,1065,MindMatrix,1452.47,3
15,943,puck,1435.34,3
15,1023,MY_SCRIPTING_SON,1432.15,3
15,1057,DoopyBot-Test,1415.03,3
15,341,gotest,1411.37,3
15,112,Tyckles,1410.84,3
15,876,GenesisLotus,1383.16,3
15,977,Siriusly,1374.37,3
15,779,oberon,1372.67,3
15,1085,AgoraLord,1360.67,3
15,729,Alexa,1356.4,3
15,809,PrimordialOrigin,1340.63,3
15,352,Belzebuth,1290.09,3
15,1078,LoremIpsum,1244.4,3
15,1052,Starlight,1233.87,3
15,1026,WildLupo,1212.47,3
15,1049,TheCatSC2Bot,1000.97,3
16,248,Eris,2175.56,1
16,730,Deimos,2090.93,1
16,496,Zozo,2022.93,1
16,115,BenBotBC,2006.96,1
16,966,ArgoBot,1915.76,1
16,49,MicroMachine,1912.94,1
16,1030,who,1886.85,1
16,446,Xena,1879.96,1
16,167,TyrT,1876.84,1
16,517,VeTerran-revived,1856.23,1
16,40,SharpenedEdge,1842.85,1
16,223,DominionDog,1830.56,1
16,346,Sharkling,1799.78,1
16,168,sharkbot,1797.62,1
16,262,whalemean,1772.3,1
16,732,GPT,1766.2,1
16,338,smallBly,1751.48,1
16,340,MechaShark,1723.31,1
16,510,PhantomBot,1718.97,1
16,759,BotTato,1712.48,1
16,961,AvocaDOS,1698.85,1
16,1060,WildFire,1698.45,1
16,357,12PoolBot,1696.34,1
16,901,clone,1695.18,1
16,960,BigDaddy,1678.02,1
16,953,ZeratulsRevengeTest,1671.48,1
16,1079,JimmyBotT,1664.73,1
16,1045,tito,1662.7,1
16,518,norman,1661.99,2
16,526,Apidae,1656.36,2
16,797,WickedBot,1651.01,2
16,998,LordSuperKing,1647.81,2
16,718,Mulebot,1645.11,2
16,699,Clicadinha,1635.4,2
16,1089,WorkingAsIntended,1633.45,2
16,201,QueenBot,1632.77,2
16,605,nida,1628.12,2
16,637,72Tortoises,1625.9,2
16,1054,JimmyBotZ,1622.04,2
16,827,smokinggunbot,1620.22,2
16,1082,Dasyatis,1601.56,2
16,832,muravev,1598.68,2
16,1080,JimmyBot,1597.57,2
16,720,PiG_Bot,1594.54,2
16,970,TheLAW,1584.15,2
16,1007,SharkGull,1579.87,2
16,1008,Creepy_canon,1577.32,2
16,1058,JimmyBotP,1568.37,2
16,858,Crawler,1546.46,2
16,516,27turtles,1540.82,2
16,275,Lissy,1529.17,2
16,971,Nothing,1523.29,2
16,1081,ArtZerg,1519.28,2
16,708,Princess-Mika,1513.11,2
16,930,SiriusBot,1497.91,2
16,836,muravevTerran,1496.0,3
16,940,Princess-Mika-Test,1495.21,3
16,939,RustyNikolaj,1483.93,3
16,981,KoB,1482.17,3
16,721,49Terrapins,1481.89,3
16,1050,onlyfans,1474.3,3
16,1044,DoopyBot,1466.81,3
16,1038,PolyMorph,1464.88,3
16,977,Siriusly,1441.32,3
16,1023,MY_SCRIPTING_SON,1437.39,3
16,1065,MindMatrix,1434.86,3
16,1042,Creepy_duo_canon,1420.19,3
16,117,Chance,1419.61,3
16,943,puck,1415.59,3
16,779,oberon,1412.66,3
16,876,GenesisLotus,1408.33,3
16,112,Tyckles,1397.3,3
16,341,gotest,1394.19,3
16,1085,AgoraLord,1379.6,3
16,1057,DoopyBot-Test,1371.03,3
16,729,Alexa,1338.33,3
16,352,Belzebuth,1311.49,3
16,809,PrimordialOrigin,1279.56,3
16,1078,LoremIpsum,1220.52,3
16,1026,WildLupo,1218.06,3
16,1052,Starlight,1216.29,3
16,1049,TheCatSC2Bot,999.98,3
17,248,Eris,2194.32,1
17,730,Deimos,2108.22,1
17,115,BenBotBC,2059.15,1
17,496,Zozo,2002.54,1
17,49,MicroMachine,1933.75,1
17,446,Xena,1881.94,1
17,517,VeTerran-revived,1876.53,1
17,1030,who,1872.74,1
17,966,ArgoBot,1854.98,1
17,167,TyrT,1843.98,1
17,223,DominionDog,1834.62,1
17,262,whalemean,1827.94,1
17,168,sharkbot,1827.05,1
17,346,Sharkling,1781.24,1
17,732,GPT,1767.4,1
17,40,SharpenedEdge,1765.56,1
17,338,smallBly,1743.61,1
17,961,AvocaDOS,1733.59,1
17,1060,WildFire,1718.63,1
17,340,MechaShark,1717.22,1
17,759,BotTato,1712.71,1
17,510,PhantomBot,1707.86,1
17,1045,tito,1700.42,1
17,357,12PoolBot,1694.84,1
17,718,Mulebot,1682.13,1
17,797,WickedBot,1673.22,1
17,901,clone,1670.42,1
17,953,ZeratulsRevengeTest,1667.23,1
17,960,BigDaddy,1667.21,2
17,998,LordSuperKing,1665.21,2
17,518,norman,1665.19,2
17,699,Clicadinha,1646.39,2
17,1054,JimmyBotZ,1646.23,2
17,201,QueenBot,1640.78,2
17,1079,JimmyBotT,1640.56,2
17,832,muravev,1633.03,2
17,1089,WorkingAsIntended,1625.74,2
17,605,nida,1622.92,2
17,1080,JimmyBot,1616.22,2
17,526,Apidae,1615.67,2
17,1082,Dasyatis,1615.37,2
17,1058,JimmyBotP,1599.15,2
17,827,smokinggunbot,1596.18,2
17,637,72Tortoises,1593.76,2
17,970,TheLAW,1583.25,2
17,720,PiG_Bot,1583.13,2
17,1007,SharkGull,1572.91,2
17,275,Lissy,1562.56,2
17,971,Nothing,1548.85,2
17,1008,Creepy_canon,1544.79,2
17,858,Crawler,1531.35,2
17,940,Princess-Mika-Test,1530.51,2
17,516,27turtles,1529.23,2
17,1050,onlyfans,1515.68,2
17,836,muravevTerran,1507.11,2
17,708,Princess-Mika,1499.03,3
17,721,49Terrapins,1484.2,3
17,930,SiriusBot,1477.45,3
17,981,KoB,1466.02,3
17,943,puck,1465.9,3
17,1081,ArtZerg,1462.53,3
17,1038,PolyMorph,1458.45,3
17,939,RustyNikolaj,1448.19,3
17,1044,DoopyBot,1446.99,3
17,1065,MindMatrix,1430.91,3
17,1042,Creepy_duo_canon,1422.51,3
17,977,Siriusly,1421.02,3
17,876,GenesisLotus,1419.71,3
17,341,gotest,1418.38,3
17,1023,MY_SCRIPTING_SON,1414.71,3
17,729,Alexa,1388.77,3
17,1085,AgoraLord,1385.57,3
17,779,oberon,1380.06,3
17,117,Chance,1364.95,3
17,112,Tyckles,1361.57,3
17,1057,DoopyBot-Test,1336.91,3
17,809,PrimordialOrigin,1308.55,3
17,352,Belzebuth,1275.24,3
17,1052,Starlight,1254.33,3
17,1026,WildLupo,1249.65,3
17,1078,LoremIpsum,1207.46,3
17,1049,TheCatSC2Bot,998.13,3
18,248,Eris,2166.34,1
18,730,Deimos,2102.05,1
18,496,Zozo,2053.65,1
18,115,BenBotBC,2007.8,1
18,49,MicroMachine,1970.66,1
18,1030,who,1915.21,1
18,966,ArgoBot,1905.78,1
18,223,DominionDog,1894.3,1
18,732,GPT,1856.56,1
18,517,VeTerran-revived,1845.06,1
18,167,TyrT,1829.58,1
18,262,whalemean,1823.57,1
18,446,Xena,1812.8,1
18,346,Sharkling,1790.54,1
18,168,sharkbot,1783.94,1
18,338,smallBly,1761.94,1
18,40,SharpenedEdge,1754.86,1
18,340,MechaShark,1722.78,1
18,1080,JimmyBot,1721.59,1
18,357,12PoolBot,1718.75,1
18,759,BotTato,1712.33,1
18,961,AvocaDOS,1711.24,1
18,1045,tito,1701.78,1
18,510,PhantomBot,1692.78,1
18,797,WickedBot,1684.02,1
18,718,Mulebot,1680.07,1
18,518,norman,1678.52,1
18,201,QueenBot,1670.49,1
18,1060,WildFire,1666.04,2
18,998,LordSuperKing,1659.62,2
18,605,nida,1659.48,2
18,526,Apidae,1657.45,2
18,953,ZeratulsRevengeTest,1653.46,2
18,960,BigDaddy,1650.78,2
18,1089,WorkingAsIntended,1645.84,2
18,901,clone,1635.94,2
18,699,Clicadinha,1631.63,2
18,1058,JimmyBotP,1622.52,2
18,832,muravev,1618.14,2
18,637,72Tortoises,1614.88,2
18,275,Lissy,1606.13,2
18,970,TheLAW,1596.97,2
18,1054,JimmyBotZ,1592.05,2
18,1079,JimmyBotT,1587.25,2
18,1007,SharkGull,1582.23,2
18,720,PiG_Bot,1577.06,2
18,971,Nothing,1573.22,2
18,827,smokinggunbot,1572.48,2
18,1082,Dasyatis,1560.99,2
18,930,SiriusBot,1550.19,2
18,516,27turtles,1547.49,2
18,1008,Creepy_canon,1529.01,2
18,1044,DoopyBot,1520.47,2
18,708,Princess-Mika,1513.39,2
18,939,RustyNikolaj,1497.92,2
18,858,Crawler,1492.52,3
18,721,49Terrapins,1492.23,3
18,1050,onlyfans,1489.94,3
18,940,Princess-Mika-Test,1489.83,3
18,836,muravevTerran,1470.87,3
18,1038,PolyMorph,1467.09,3
18,943,puck,1457.83,3
18,1081,ArtZerg,1452.12,3
18,1065,MindMatrix,1451.27,3
18,1023,MY_SCRIPTING_SON,1429.04,3
18,977,Siriusly,1410.78,3
18,876,GenesisLotus,1407.27,3
18,981,KoB,1398.65,3
18,1042,Creepy_duo_canon,1387.55,3
18,341,gotest,1382.55,3
18,779,oberon,1365.68,3
18,1085,AgoraLord,1364.44,3
18,112,Tyckles,1362.84,3
18,729,Alexa,1358.33,3
18,117,Chance,1334.08,3
18,1057,DoopyBot-Test,1333.44,3
18,809,PrimordialOrigin,1307.74,3
18,352,Belzebuth,1301.16,3
18,1052,Starlight,1249.35,3
18,1078,LoremIpsum,1244.67,3
18,1026,WildLupo,1232.62,3
18,1049,TheCatSC2Bot,974.49,3
19,248,Eris,2202.47,1
19,730,Deimos,2102.6,1
19,496,Zozo,2052.14,1
19,115,BenBotBC,2008.25,1
19,49,MicroMachine,2003.12,1
19,1030,who,1944.0,1
19,223,DominionDog,1905.09,1
19,966,ArgoBot,1889.0,1
19,517,VeTerran-revived,1838.62,1
19,40,SharpenedEdge,1833.74,1
19,732,GPT,1832.15,1
19,167,TyrT,1811.59,1
19,446,Xena,1806.47,1
19,168,sharkbot,1795.6,1
19,262,whalemean,1793.74,1
19,338,smallBly,1774.83,1
19,346,Sharkling,1754.03,1
19,357,12PoolBot,1747.28,1
19,510,PhantomBot,1741.96,1
19,1045,tito,1737.34,1
19,953,ZeratulsRevengeTest,1710.99,1
19,340,MechaShark,1710.56,1
19,526,Apidae,1707.12,1
19,759,BotTato,1693.82,1
19,961,AvocaDOS,1688.68,1
19,1080,JimmyBot,1675.64,1
19,797,WickedBot,1672.98,1
19,201,QueenBot,1666.9,1
19,1060,WildFire,1666.73,2
19,1058,JimmyBotP,1661.35,2
19,1089,WorkingAsIntended,1659.45,2
19,699,Clicadinha,1656.88,2
19,901,clone,1656.02,2
19,718,Mulebot,1652.44,2
19,832,muravev,1644.93,2
19,605,nida,1635.36,2
19,518,norman,1633.97,2
19,998,LordSuperKing,1628.87,2
19,960,BigDaddy,1628.29,2
19,1054,JimmyBotZ,1611.94,2
19,970,TheLAW,1599.48,2
19,637,72Tortoises,1592.85,2
19,1007,SharkGull,1591.03,2
19,1079,JimmyBotT,1581.23,2
19,827,smokinggunbot,1573.35,2
19,275,Lissy,1573.12,2
19,1082,Dasyatis,1571.26,2
19,1008,Creepy_canon,1561.34,2
19,720,PiG_Bot,1555.74,2
19,971,Nothing,1549.44,2
19,516,27turtles,1544.36,2
19,858,Crawler,1531.14,2
19,1050,onlyfans,1525.77,2
19,939,RustyNikolaj,1516.19,2
19,1044,DoopyBot,1491.55,2
19,836,muravevTerran,1489.77,3
19,930,SiriusBot,1487.27,3
19,943,puck,1482.16,3
19,721,49Terrapins,1479.63,3
19,940,Princess-Mika-Test,1475.56,3
19,1065,MindMatrix,1474.38,3
19,1081,ArtZerg,1473.05,3
19,708,Princess-Mika,1466.49,3
19,1023,MY_SCRIPTING_SON,1454.63,3
19,1038,PolyMorph,1445.91,3
19,1042,Creepy_duo_canon,1412.23,3
19,876,GenesisLotus,1402.11,3
19,112,Tyckles,1400.46,3
19,981,KoB,1388.51,3
19,1085,AgoraLord,1367.22,3
19,1057,DoopyBot-Test,1365.56,3
19,341,gotest,1352.65,3
19,977,Siriusly,1349.22,3
19,779,oberon,1345.51,3
19,117,Chance,1335.78,3
19,729,Alexa,1334.33,3
19,809,PrimordialOrigin,1291.14,3
19,352,Belzebuth,1272.82,3
19,1078,LoremIpsum,1247.23,3
19,1052,Starlight,1220.18,3
19,1026,WildLupo,1201.18,3
19,1049,TheCatSC2Bot,990.27,3
20,248,Eris,2219.05,1
20,730,Deimos,2126.83,1
20,496,Zozo,2026.4,1
20,115,BenBotBC,2001.91,1
20,49,MicroMachine,1978.93,1
20,223,DominionDog,1912.12,1
20,1030,who,1883.72,1
20,966,ArgoBot,1868.27,1
20,732,GPT,1855.38,1
20,40,SharpenedEdge,1853.59,1
20,517,VeTerran-revived,1848.3,1
20,262,whalemean,1841.61,1
20,168,sharkbot,1810.69,1
20,446,Xena,1805.54,1
20,167,TyrT,1779.82,1
20,357,12PoolBot,1775.3,1
20,346,Sharkling,1770.69,1
20,340,MechaShark,1760.58,1
20,510,PhantomBot,1745.73,1
20,338,smallBly,1739.06,1
20,797,WickedBot,1729.61,1
20,961,AvocaDOS,1723.1,1
20,953,ZeratulsRevengeTest,1718.23,1
20,1045,tito,1716.87,1
20,1060,WildFire,1711.78,1
20,1058,JimmyBotP,1708.65,1
20,998,LordSuperKing,1696.91,1
20,901,clone,1682.26,1
20,718,Mulebot,1675.93,2
20,699,Clicadinha,1663.73,2
20,1080,JimmyBot,1663.55,2
20,526,Apidae,1654.78,2
20,759,BotTato,1652.91,2
20,960,BigDaddy,1650.34,2
20,832,muravev,1644.41,2
20,1089,WorkingAsIntended,1642.34,2
20,201,QueenBot,1638.14,2
20,518,norman,1636.33,2
20,637,72Tortoises,1614.67,2
20,1054,JimmyBotZ,1607.56,2
20,605,nida,1594.73,2
20,1007,SharkGull,1591.3,2
20,970,TheLAW,1587.61,2
20,720,PiG_Bot,1582.64,2
20,275,Lissy,1582.34,2
20,1082,Dasyatis,1581.06,2
20,1079,JimmyBotT,1576.53,2
20,971,Nothing,1553.5,2
20,1050,onlyfans,1528.06,2
20,708,Princess-Mika,1514.65,2
20,516,27turtles,1512.27,2
20,827,smokinggunbot,1512.21,2
20,1008,Creepy_canon,1505.11,2
20,930,SiriusBot,1501.79,2
20,940,Princess-Mika-Test,1498.03,2
20,858,Crawler,1493.72,3
20,836,muravevTerran,1493.45,3
20,1081,ArtZerg,1492.61,3
20,939,RustyNikolaj,1490.45,3
20,721,49Terrapins,1481.43,3
20,1044,DoopyBot,1467.64,3
20,943,puck,1462.33,3
20,981,KoB,1450.67,3
20,1023,MY_SCRIPTING_SON,1443.02,3
20,1038,PolyMorph,1427.8,3
20,117,Chance,1408.69,3
20,876,GenesisLotus,1401.65,3
20,1065,MindMatrix,1391.45,3
20,112,Tyckles,1387.92,3
20,977,Siriusly,1383.99,3
20,1085,AgoraLord,1376.13,3
20,1057,DoopyBot-Test,1371.69,3
20,341,gotest,1360.9,3
20,779,oberon,1329.26,3
20,1042,Creepy_duo_canon,1329.07,3
20,729,Alexa,1319.53,3
20,809,PrimordialOrigin,1300.55,3
20,1078,LoremIpsum,1243.74,3
20,352,Belzebuth,1238.52,3
20,1052,Starlight,1224.73,3
20,1026,WildLupo,1192.04,3
20,1049,TheCatSC2Bot,979.6,3
21,248,Eris,2224.84,1
21,730,Deimos,2122.66,1
21,496,Zozo,2051.45,1
21,49,MicroMachine,2026.99,1
21,115,BenBotBC,1972.95,1
21,1030,who,1939.08,1
21,223,DominionDog,1925.59,1
21,732,GPT,1874.4,1
21,262,whalemean,1866.79,1
21,517,VeTerran-revived,1860.56,1
21,40,SharpenedEdge,1848.46,1
21,446,Xena,1830.27,1
21,168,sharkbot,1823.43,1
21,966,ArgoBot,1820.47,1
21,167,TyrT,1787.63,1
21,357,12PoolBot,1779.86,1
21,346,Sharkling,1776.15,1
21,340,MechaShark,1750.15,1
21,1045,tito,1743.74,1
21,953,ZeratulsRevengeTest,1733.15,1
21,961,AvocaDOS,1717.22,1
21,510,PhantomBot,1717.0,1
21,338,smallBly,1710.94,1
21,797,WickedBot,1708.75,1
21,759,BotTato,1703.89,1
21,901,clone,1696.0,1
21,718,Mulebot,1690.1,1
21,518,norman,1684.93,1
21,1060,WildFire,1684.44,2
21,960,BigDaddy,1684.2,2
21,1080,JimmyBot,1681.29,2
21,526,Apidae,1679.49,2
21,1058,JimmyBotP,1668.35,2
21,1089,WorkingAsIntended,1653.46,2
21,637,72Tortoises,1630.18,2
21,998,LordSuperKing,1629.59,2
21,201,QueenBot,1628.81,2
21,699,Clicadinha,1626.09,2
21,605,nida,1621.47,2
21,832,muravev,1620.87,2
21,1054,JimmyBotZ,1614.49,2
21,1079,JimmyBotT,1599.42,2
21,1007,SharkGull,1597.23,2
21,970,TheLAW,1579.92,2
21,971,Nothing,1576.49,2
21,1082,Dasyatis,1560.51,2
21,720,PiG_Bot,1549.82,2
21,275,Lissy,1546.64,2
21,1081,ArtZerg,1539.31,2
21,1008,Creepy_canon,1538.83,2
21,858,Crawler,1528.8,2
21,827,smokinggunbot,1527.03,2
21,516,27turtles,1525.89,2
21,708,Princess-Mika,1501.07,2
21,836,muravevTerran,1493.57,2
21,940,Princess-Mika-Test,1481.63,3
21,1038,PolyMorph,1478.05,3
21,1023,MY_SCRIPTING_SON,1474.95,3
21,939,RustyNikolaj,1472.71,3
21,1044,DoopyBot,1442.72,3
21,930,SiriusBot,1432.05,3
21,1050,onlyfans,1430.72,3
21,943,puck,1427.35,3
21,981,KoB,1418.21,3
21,721,49Terrapins,1409.04,3
21,1065,MindMatrix,1403.7,3
21,1085,AgoraLord,1403.06,3
21,117,Chance,1395.17,3
21,876,GenesisLotus,1392.4,3
21,1057,DoopyBot-Test,1385.43,3
21,112,Tyckles,1378.1,3
21,1042,Creepy_duo_canon,1362.61,3
21,977,Siriusly,1358.5,3
21,341,gotest,1349.04,3
21,779,oberon,1337.09,3
21,809,PrimordialOrigin,1318.71,3
21,729,Alexa,1296.68,3
21,1078,LoremIpsum,1261.52,3
21,1052,Starlight,1253.54,3
21,352,Belzebuth,1206.81,3
21,1026,WildLupo,1191.17,3
21,1049,TheCatSC2Bot,964.34,3
22,248,Eris,2238.56,1
22,730,Deimos,2147.68,1
22,496,Zozo,2095.19,1
22,115,BenBotBC,2007.54,1
22,49,MicroMachine,1981.28,1
22,1030,who,1887.36,1
22,517,VeTerran-revived,1877.74,1
22,446,Xena,1875.37,1
22,223,DominionDog,1870.69,1
22,40,SharpenedEdge,1864.4,1
22,732,GPT,1847.5,1
22,966,ArgoBot,1846.07,1
22,262,whalemean,1843.51,1
22,168,sharkbot,1842.55,1
22,346,Sharkling,1800.5,1
22,1045,tito,1796.29,1
22,167,TyrT,1776.32,1
22,797,WickedBot,1768.37,1
22,357,12PoolBot,1752.74,1
22,340,MechaShark,1738.34,1
22,338,smallBly,1722.59,1
22,953,ZeratulsRevengeTest,1709.91,1
22,901,clone,1703.45,1
22,510,PhantomBot,1702.98,1
22,961,AvocaDOS,1699.86,1
22,759,BotTato,1692.35,1
22,960,BigDaddy,1686.5,1
22,1060,WildFire,1686.26,1
22,699,Clicadinha,1680.05,2
22,1058,JimmyBotP,1667.25,2
22,605,nida,1661.49,2
22,518,norman,1656.09,2
22,832,muravev,1655.62,2
22,970,TheLAW,1648.52,2
22,526,Apidae,1647.84,2
22,998,LordSuperKing,1643.11,2
22,718,Mulebot,1642.2,2
22,1080,JimmyBot,1635.29,2
22,1089,WorkingAsIntended,1633.03,2
22,637,72Tortoises,1626.34,2
22,1079,JimmyBotT,1615.11,2
22,1054,JimmyBotZ,1589.53,2
22,971,Nothing,1581.32,2
22,827,smokinggunbot,1577.01,2
22,1007,SharkGull,1575.38,2
22,1082,Dasyatis,1570.19,2
22,1081,ArtZerg,1557.7,2
22,275,Lissy,1557.48,2
22,1008,Creepy_canon,1552.54,2
22,201,QueenBot,1545.7,2
22,858,Crawler,1539.02,2
22,720,PiG_Bot,1538.34,2
22,939,RustyNikolaj,1505.81,2
22,930,SiriusBot,1504.92,2
22,516,27turtles,1483.46,2
22,836,muravevTerran,1482.66,3
22,940,Princess-Mika-Test,1474.87,3
22,1050,onlyfans,1469.93,3
22,1038,PolyMorph,1462.48,3
22,981,KoB,1450.93,3
22,708,Princess-Mika,1450.5,3
22,943,puck,1446.59,3
22,1044,DoopyBot,1442.99,3
22,876,GenesisLotus,1433.13,3
22,1042,Creepy_duo_canon,1415.07,3
22,1065,MindMatrix,1410.32,3
22,1023,MY_SCRIPTING_SON,1405.6,3
22,721,49Terrapins,1395.55,3
22,117,Chance,1365.12,3
22,1085,AgoraLord,1364.76,3
22,341,gotest,1362.27,3
22,112,Tyckles,1349.18,3
22,977,Siriusly,1343.73,3
22,1057,DoopyBot-Test,1343.05,3
22,779,oberon,1339.82,3
22,809,PrimordialOrigin,1328.53,3
22,729,Alexa,1312.46,3
22,1052,Starlight,1257.75,3
22,1078,LoremIpsum,1247.36,3
22,352,Belzebuth,1186.85,3
22,1026,WildLupo,1148.4,3
22,1049,TheCatSC2Bot,957.85,3
23,248,Eris,2221.29,1
23,730,Deimos,2142.08,1
23,496,Zozo,2128.97,1
23,49,MicroMachine,2009.83,1
23,115,BenBotBC,1957.99,1
23,446,Xena,1916.5,1
23,1030,who,1902.1,1
23,223,DominionDog,1889.21,1
23,966,ArgoBot,1881.0,1
23,732,GPT,1860.28,1
23,40,SharpenedEdge,1852.57,1
23,168,sharkbot,1844.19,1
23,517,VeTerran-revived,1827.92,1
23,346,Sharkling,1798.28,1
23,357,12PoolBot,1797.74,1
23,262,whalemean,1794.17,1
23,167,TyrT,1769.91,1
23,1045,tito,1747.62,1
23,340,MechaShark,1742.73,1
23,960,BigDaddy,1733.94,1
23,901,clone,1725.46,1
23,797,WickedBot,1720.55,1
23,998,LordSuperKing,1714.03,1
23,338,smallBly,1711.01,1
23,1060,WildFire,1709.6,1
23,510,PhantomBot,1707.8,1
23,605,nida,1704.69,1
23,953,ZeratulsRevengeTest,1700.35,1
23,961,AvocaDOS,1699.91,2
23,518,norman,1672.35,2
23,718,Mulebot,1670.15,2
23,759,BotTato,1668.93,2
23,1058,JimmyBotP,1663.38,2
23,832,muravev,1660.86,2
23,1080,JimmyBot,1655.67,2
23,970,TheLAW,1625.6,2
23,1054,JimmyBotZ,1624.65,2
23,526,Apidae,1623.92,2
23,1089,WorkingAsIntended,1615.79,2
23,1079,JimmyBotT,1613.2,2
23,637,72Tortoises,1607.14,2
23,699,Clicadinha,1603.26,2
23,1081,ArtZerg,1591.7,2
23,275,Lissy,1583.46,2
23,827,smokinggunbot,1572.15,2
23,201,QueenBot,1567.37,2
23,1007,SharkGull,1566.91,2
23,971,Nothing,1555.24,2
23,1008,Creepy_canon,1553.7,2
23,1082,Dasyatis,1537.13,2
23,858,Crawler,1535.54,2
23,720,PiG_Bot,1535.53,2
23,708,Princess-Mika,1519.12,2
23,516,27turtles,1509.44,2
23,930,SiriusBot,1494.31,2
23,940,Princess-Mika-Test,1486.23,3
23,943,puck,1477.03,3
23,981,KoB,1465.82,3
23,836,muravevTerran,1459.07,3
23,1042,Creepy_duo_canon,1446.14,3
23,1044,DoopyBot,1442.5,3
23,876,GenesisLotus,1442.1,3
23,1038,PolyMorph,1437.98,3
23,1065,MindMatrix,1437.51,3
23,1050,onlyfans,1437.19,3
23,939,RustyNikolaj,1433.16,3
23,1023,MY_SCRIPTING_SON,1398.21,3
23,112,Tyckles,1388.92,3
23,1085,AgoraLord,1380.99,3
23,721,49Terrapins,1378.45,3
23,117,Chance,1349.11,3
23,1057,DoopyBot-Test,1340.24,3
23,729,Alexa,1330.21,3
23,341,gotest,1325.31,3
23,977,Siriusly,1305.11,3
23,779,oberon,1301.31,3
23,809,PrimordialOrigin,1285.59,3
23,352,Belzebuth,1248.55,3
23,1078,LoremIpsum,1233.88,3
23,1052,Starlight,1215.66,3
23,1026,WildLupo,1156.65,3
23,1049,TheCatSC2Bot,958.84,3
24,248,Eris,2221.72,1
24,496,Zozo,2126.68,1
24,730,Deimos,2118.68,1
24,49,MicroMachine,2026.48,1
24,115,BenBotBC,1976.05,1
24,966,ArgoBot,1901.08,1
24,223,DominionDog,1890.32,1
24,446,Xena,1887.3,1
24,1030,who,1881.67,1
24,517,VeTerran-revived,1869.69,1
24,732,GPT,1862.62,1
24,40,SharpenedEdge,1833.59,1
24,167,TyrT,1826.78,1
24,346,Sharkling,1815.75,1
24,168,sharkbot,1815.03,1
24,262,whalemean,1796.35,1
24,1045,tito,1788.99,1
24,357,12PoolBot,1765.76,1
24,510,PhantomBot,1760.14,1
24,340,MechaShark,1747.79,1
24,960,BigDaddy,1743.67,1
24,338,smallBly,1743.06,1
24,797,WickedBot,1711.85,1
24,718,Mulebot,1708.54,1
24,961,AvocaDOS,1706.26,1
24,953,ZeratulsRevengeTest,1703.2,1
24,1060,WildFire,1697.95,1
24,526,Apidae,1692.32,1
24,998,LordSuperKing,1689.08,2
24,832,muravev,1675.77,2
24,901,clone,1667.25,2
24,1058,JimmyBotP,1658.84,2
24,759,BotTato,1657.51,2
24,1080,JimmyBot,1653.4,2
24,1054,JimmyBotZ,1648.22,2
24,605,nida,1643.29,2
24,970,TheLAW,1629.41,2
24,637,72Tortoises,1626.66,2
24,518,norman,1626.66,2
24,1079,JimmyBotT,1625.87,2
24,827,smokinggunbot,1602.15,2
24,275,Lissy,1593.22,2
24,699,Clicadinha,1590.17,2
24,1007,SharkGull,1588.47,2
24,201,QueenBot,1581.85,2
24,971,Nothing,1568.38,2
24,1081,ArtZerg,1563.89,2
24,720,PiG_Bot,1561.75,2
24,1082,Dasyatis,1552.57,2
24,1008,Creepy_canon,1550.36,2
24,1089,WorkingAsIntended,1550.05,2
24,516,27turtles,1517.64,2
24,1050,onlyfans,1498.98,2
24,858,Crawler,1487.62,2
24,943,puck,1474.32,2
24,981,KoB,1468.74,3
24,1065,MindMatrix,1467.06,3
24,930,SiriusBot,1459.71,3
24,1038,PolyMorph,1456.11,3
24,1044,DoopyBot,1449.25,3
24,708,Princess-Mika,1449.1,3
24,939,RustyNikolaj,1447.57,3
24,836,muravevTerran,1443.04,3
24,940,Princess-Mika-Test,1429.46,3
24,721,49Terrapins,1399.18,3
24,1023,MY_SCRIPTING_SON,1399.12,3
24,1085,AgoraLord,1394.0,3
24,977,Siriusly,1383.79,3
24,1042,Creepy_duo_canon,1377.44,3
24,876,GenesisLotus,1372.65,3
24,779,oberon,1347.13,3
24,112,Tyckles,1345.25,3
24,1057,DoopyBot-Test,1339.95,3
24,729,Alexa,1332.82,3
24,809,PrimordialOrigin,1327.95,3
24,117,Chance,1319.47,3
24,352,Belzebuth,1271.35,3
24,341,gotest,1266.55,3
24,1078,LoremIpsum,1216.38,3
24,1052,Starlight,1204.8,3
24,1026,WildLupo,1171.94,3
24,1049,TheCatSC2Bot,957.49,3
25,248,Eris,2249.45,1
25,730,Deimos,2095.58,1
25,496,Zozo,2093.82,1
25,49,MicroMachine,2014.55,1
25,115,BenBotBC,1985.08,1
25,1030,who,1920.93,1
25,966,ArgoBot,1907.24,1
25,223,DominionDog,1877.21,1
25,446,Xena,1874.25,1
25,40,SharpenedEdge,1872.97,1
25,168,sharkbot,1871.31,1
25,517,VeTerran-revived,1868.79,1
25,167,TyrT,1866.2,1
25,732,GPT,1828.63,1
25,346,Sharkling,1814.57,1
25,1045,tito,1787.4,1
25,357,12PoolBot,1766.32,1
25,510,PhantomBot,1765.33,1
25,262,whalemean,1753.12,1
25,340,MechaShark,1746.14,1
25,960,BigDaddy,1736.07,1
25,338,smallBly,1734.42,1
25,797,WickedBot,1726.02,1
25,953,ZeratulsRevengeTest,1714.84,1
25,961,AvocaDOS,1712.46,1
25,759,BotTato,1692.31,1
25,1060,WildFire,1689.25,1
25,718,Mulebot,1686.42,1
25,1080,JimmyBot,1685.14,2
25,1058,JimmyBotP,1672.75,2
25,901,clone,1671.25,2
25,998,LordSuperKing,1667.62,2
25,605,nida,1662.52,2
25,526,Apidae,1660.95,2
25,637,72Tortoises,1649.92,2
25,699,Clicadinha,1645.87,2
25,832,muravev,1641.58,2
25,1079,JimmyBotT,1632.4,2
25,518,norman,1617.24,2
25,970,TheLAW,1608.93,2
25,275,Lissy,1597.49,2
25,1054,JimmyBotZ,1594.6,2
25,1008,Creepy_canon,1589.11,2
25,971,Nothing,1585.46,2
25,201,QueenBot,1572.88,2
25,1007,SharkGull,1572.75,2
25,1081,ArtZerg,1570.67,2
25,720,PiG_Bot,1564.3,2
25,827,smokinggunbot,1534.65,2
25,1089,WorkingAsIntended,1530.52,2
25,1082,Dasyatis,1529.32,2
25,516,27turtles,1527.35,2
25,858,Crawler,1523.61,2
25,940,Princess-Mika-Test,1496.94,2
25,1050,onlyfans,1485.88,2
25,930,SiriusBot,1472.45,3
25,939,RustyNikolaj,1471.26,3
25,943,puck,1457.26,3
25,981,KoB,1447.09,3
25,1023,MY_SCRIPTING_SON,1435.31,3
25,708,Princess-Mika,1433.24,3
25,1065,MindMatrix,1427.86,3
25,1044,DoopyBot,1425.96,3
25,977,Siriusly,1418.37,3
25,1038,PolyMorph,1416.43,3
25,836,muravevTerran,1410.47,3
25,721,49Terrapins,1392.74,3
25,876,GenesisLotus,1376.66,3
25,1042,Creepy_duo_canon,1364.68,3
25,112,Tyckles,1360.48,3
25,1085,AgoraLord,1358.88,3
25,729,Alexa,1346.58,3
25,117,Chance,1341.94,3
25,809,PrimordialOrigin,1340.27,3
25,779,oberon,1333.77,3
25,1057,DoopyBot-Test,1311.57,3
25,341,gotest,1299.29,3
25,352,Belzebuth,1257.01,3
25,1078,LoremIpsum,1234.39,3
25,1052,Starlight,1185.7,3
25,1026,WildLupo,1159.73,3
25,1049,TheCatSC2Bot,978.19,3
26,248,Eris,2272.79,1
26,730,Deimos,2114.57,1
26,496,Zozo,2046.29,1
26,115,BenBotBC,2009.29,1
26,49,MicroMachine,1989.62,1
26,1030,who,1914.62,1
26,966,ArgoBot,1905.32,1
26,517,VeTerran-revived,1895.72,1
26,446,Xena,1894.54,1
26,223,DominionDog,1889.49,1
26,40,SharpenedEdge,1886.7,1
26,168,sharkbot,1857.35,1
26,167,TyrT,1857.05,1
26,346,Sharkling,1836.19,1
26,510,PhantomBot,1821.17,1
26,732,GPT,1805.78,1
26,340,MechaShark,1785.79,1
26,759,BotTato,1760.98,1
26,338,smallBly,1755.45,1
26,1045,tito,1749.43,1
26,961,AvocaDOS,1740.5,1
26,262,whalemean,1740.16,1
26,953,ZeratulsRevengeTest,1728.31,1
26,357,12PoolBot,1711.67,1
26,797,WickedBot,1706.98,1
26,901,clone,1698.26,1
26,605,nida,1690.29,1
26,1058,JimmyBotP,1684.44,1
26,1080,JimmyBot,1683.02,2
26,637,72Tortoises,1670.02,2
26,1060,WildFire,1669.31,2
26,960,BigDaddy,1662.11,2
26,998,LordSuperKing,1658.98,2
26,970,TheLAW,1651.56,2
26,718,Mulebot,1643.5,2
26,1079,JimmyBotT,1633.03,2
26,526,Apidae,1621.82,2
26,1007,SharkGull,1617.35,2
26,699,Clicadinha,1612.28,2
26,518,norman,1611.43,2
26,832,muravev,1611.41,2
26,858,Crawler,1590.58,2
26,1008,Creepy_canon,1585.92,2
26,1081,ArtZerg,1581.71,2
26,275,Lissy,1579.94,2
26,720,PiG_Bot,1575.5,2
26,1082,Dasyatis,1553.57,2
26,1089,WorkingAsIntended,1552.72,2
26,516,27turtles,1552.23,2
26,201,QueenBot,1544.39,2
26,1054,JimmyBotZ,1541.47,2
26,971,Nothing,1541.29,2
26,827,smokinggunbot,1510.01,2
26,939,RustyNikolaj,1485.03,2
26,930,SiriusBot,1476.66,2
26,1050,onlyfans,1474.02,3
26,1044,DoopyBot,1469.66,3
26,981,KoB,1465.67,3
26,940,Princess-Mika-Test,1464.46,3
26,1065,MindMatrix,1462.13,3
26,836,muravevTerran,1461.61,3
26,708,Princess-Mika,1456.23,3
26,1038,PolyMorph,1451.48,3
26,1023,MY_SCRIPTING_SON,1437.3,3
26,721,49Terrapins,1425.19,3
26,977,Siriusly,1405.84,3
26,943,puck,1387.89,3
26,876,GenesisLotus,1384.03,3
26,779,oberon,1362.59,3
26,809,PrimordialOrigin,1347.2,3
26,1085,AgoraLord,1340.76,3
26,1042,Creepy_duo_canon,1336.26,3
26,1057,DoopyBot-Test,1326.99,3
26,341,gotest,1310.82,3
26,112,Tyckles,1308.74,3
26,729,Alexa,1305.19,3
26,117,Chance,1294.34,3
26,1078,LoremIpsum,1218.83,3
26,352,Belzebuth,1208.77,3
26,1026,WildLupo,1177.54,3
26,1052,Starlight,1176.07,3
26,1049,TheCatSC2Bot,974.8,3
27,248,Eris,2277.71,1
27,730,Deimos,2172.02,1
27,496,Zozo,2084.68,1
27,49,MicroMachine,2000.31,1
27,115,BenBotBC,1985.28,1
27,517,VeTerran-revived,1927.36,1
27,966,ArgoBot,1920.86,1
27,446,Xena,1911.37,1
27,1030,who,1905.33,1
27,40,SharpenedEdge,1899.49,1
27,168,sharkbot,1891.09,1
27,223,DominionDog,1884.06,1
27,732,GPT,1823.3,1
27,346,Sharkling,1814.53,1
27,167,TyrT,1806.3,1
27,262,whalemean,1805.59,1
27,338,smallBly,1788.79,1
27,1045,tito,1787.11,1
27,510,PhantomBot,1772.45,1
27,961,AvocaDOS,1769.76,1
27,340,MechaShark,1749.62,1
27,759,BotTato,1736.99,1
27,953,ZeratulsRevengeTest,1718.29,1
27,797,WickedBot,1712.08,1
27,998,LordSuperKing,1692.59,1
27,1079,JimmyBotT,1684.21,1
27,960,BigDaddy,1667.02,1
27,357,12PoolBot,1662.65,1
27,901,clone,1662.11,2
27,832,muravev,1658.14,2
27,1080,JimmyBot,1655.45,2
27,605,nida,1651.48,2
27,637,72Tortoises,1647.32,2
27,275,Lissy,1643.5,2
27,1060,WildFire,1641.46,2
27,720,PiG_Bot,1639.84,2
27,526,Apidae,1632.54,2
27,1058,JimmyBotP,1628.16,2
27,1007,SharkGull,1619.15,2
27,1008,Creepy_canon,1617.57,2
27,718,Mulebot,1614.34,2
27,1054,JimmyBotZ,1611.31,2
27,699,Clicadinha,1593.62,2
27,518,norman,1590.98,2
27,970,TheLAW,1577.92,2
27,201,QueenBot,1556.17,2
27,1089,WorkingAsIntended,1555.5,2
27,1081,ArtZerg,1550.15,2
27,1082,Dasyatis,1544.71,2
27,827,smokinggunbot,1541.8,2
27,971,Nothing,1541.07,2
27,516,27turtles,1522.97,2
27,858,Crawler,1521.94,2
27,836,muravevTerran,1506.31,2
27,940,Princess-Mika-Test,1495.92,2
27,708,Princess-Mika,1491.43,3
27,930,SiriusBot,1468.1,3
27,1023,MY_SCRIPTING_SON,1459.09,3
27,1050,onlyfans,1458.58,3
27,981,KoB,1458.56,3
27,939,RustyNikolaj,1427.48,3
27,1044,DoopyBot,1422.45,3
27,1065,MindMatrix,1410.83,3
27,721,49Terrapins,1407.86,3
27,1038,PolyMorph,1397.78,3
27,943,puck,1390.1,3
27,1085,AgoraLord,1381.67,3
27,876,GenesisLotus,1367.18,3
27,977,Siriusly,1364.22,3
27,112,Tyckles,1356.54,3
27,1057,DoopyBot-Test,1349.04,3
27,341,gotest,1340.0,3
27,1042,Creepy_duo_canon,1338.42,3
27,779,oberon,1338.18,3
27,729,Alexa,1308.7,3
27,117,Chance,1259.86,3
27,809,PrimordialOrigin,1257.13,3
27,1052,Starlight,1254.48,3
27,1026,WildLupo,1220.61,3
27,352,Belzebuth,1215.48,3
27,1078,LoremIpsum,1195.92,3
27,1049,TheCatSC2Bot,988.05,3
28,248,Eris,2298.05,1
28,730,Deimos,2173.53,1
28,496,Zozo,2087.61,1
28,49,MicroMachine,2006.55,1
28,115,BenBotBC,1994.84,1
28,223,DominionDog,1941.63,1
28,1030,who,1938.92,1
28,446,Xena,1924.81,1
28,40,SharpenedEdge,1897.2,1
28,168,sharkbot,1884.16,1
28,966,ArgoBot,1868.56,1
28,517,VeTerran-revived,1864.01,1
28,262,whalemean,1842.23,1
28,167,TyrT,1839.0,1
28,732,GPT,1819.81,1
28,338,smallBly,1801.01,1
28,510,PhantomBot,1783.15,1
28,1045,tito,1767.66,1
28,346,Sharkling,1762.17,1
28,961,AvocaDOS,1754.51,1
28,759,BotTato,1735.42,1
28,357,12PoolBot,1732.53,1
28,797,WickedBot,1720.95,1
28,340,MechaShark,1712.64,1
28,953,ZeratulsRevengeTest,1702.33,1
28,901,clone,1697.69,1
28,526,Apidae,1684.26,1
28,960,BigDaddy,1681.91,1
28,1060,WildFire,1674.68,2
28,1080,JimmyBot,1666.91,2
28,998,LordSuperKing,1658.42,2
28,1079,JimmyBotT,1657.21,2
28,605,nida,1654.62,2
28,720,PiG_Bot,1645.01,2
28,832,muravev,1643.32,2
28,637,72Tortoises,1639.97,2
28,1054,JimmyBotZ,1633.0,2
28,518,norman,1629.2,2
28,718,Mulebot,1620.84,2
28,1008,Creepy_canon,1609.34,2
28,1089,WorkingAsIntended,1607.23,2
28,201,QueenBot,1606.76,2
28,1058,JimmyBotP,1597.86,2
28,699,Clicadinha,1596.85,2
28,275,Lissy,1583.97,2
28,970,TheLAW,1578.91,2
28,1007,SharkGull,1577.76,2
28,971,Nothing,1557.79,2
28,827,smokinggunbot,1547.29,2
28,516,27turtles,1541.93,2
28,1081,ArtZerg,1537.59,2
28,708,Princess-Mika,1519.42,2
28,858,Crawler,1504.99,2
28,1050,onlyfans,1504.62,2
28,1082,Dasyatis,1500.8,2
28,930,SiriusBot,1482.76,3
28,1023,MY_SCRIPTING_SON,1478.29,3
28,940,Princess-Mika-Test,1473.29,3
28,981,KoB,1460.71,3
28,939,RustyNikolaj,1435.91,3
28,1044,DoopyBot,1428.86,3
28,1065,MindMatrix,1422.21,3
28,1038,PolyMorph,1412.17,3
28,943,puck,1409.53,3
28,836,muravevTerran,1409.53,3
28,1085,AgoraLord,1408.28,3
28,721,49Terrapins,1392.36,3
28,876,GenesisLotus,1365.57,3
28,977,Siriusly,1350.47,3
28,341,gotest,1340.2,3
28,779,oberon,1327.34,3
28,1042,Creepy_duo_canon,1326.07,3
28,112,Tyckles,1324.87,3
28,1057,DoopyBot-Test,1319.77,3
28,729,Alexa,1314.75,3
28,809,PrimordialOrigin,1300.29,3
28,1052,Starlight,1273.84,3
28,352,Belzebuth,1209.67,3
28,117,Chance,1197.06,3
28,1078,LoremIpsum,1184.33,3
28,1026,WildLupo,1179.43,3
28,1049,TheCatSC2Bot,959.0,3
29,248,Eris,2300.88,1
29,730,Deimos,2190.34,1
29,496,Zozo,2063.92,1
29,49,MicroMachine,2018.08,1
29,115,BenBotBC,1979.97,1
29,223,DominionDog,1907.15,1
29,168,sharkbot,1900.92,1
29,966,ArgoBot,1891.0,1
29,446,Xena,1887.95,1
29,40,SharpenedEdge,1879.24,1
29,1030,who,1872.99,1
29,167,TyrT,1861.26,1
29,517,VeTerran-revived,1858.26,1
29,732,GPT,1852.25,1
29,262,whalemean,1827.35,1
29,338,smallBly,1818.33,1
29,1045,tito,1810.15,1
29,797,WickedBot,1763.52,1
29,346,Sharkling,1757.29,1
29,961,AvocaDOS,1754.1,1
29,953,ZeratulsRevengeTest,1753.04,1
29,510,PhantomBot,1751.58,1
29,759,BotTato,1749.46,1
29,340,MechaShark,1744.64,1
29,357,12PoolBot,1728.81,1
29,901,clone,1720.16,1
29,637,72Tortoises,1690.56,1
29,605,nida,1684.99,1
29,1060,WildFire,1682.33,2
29,998,LordSuperKing,1669.73,2
29,518,norman,1659.21,2
29,1079,JimmyBotT,1647.51,2
29,1008,Creepy_canon,1645.0,2
29,960,BigDaddy,1640.86,2
29,718,Mulebot,1640.15,2
29,1080,JimmyBot,1639.56,2
29,526,Apidae,1633.63,2
29,1054,JimmyBotZ,1625.39,2
29,201,QueenBot,1619.2,2
29,832,muravev,1616.52,2
29,970,TheLAW,1613.46,2
29,1007,SharkGull,1597.47,2
29,699,Clicadinha,1589.2,2
29,1089,WorkingAsIntended,1585.87,2
29,827,smokinggunbot,1584.95,2
29,1058,JimmyBotP,1584.5,2
29,516,27turtles,1583.24,2
29,1082,Dasyatis,1568.02,2
29,971,Nothing,1564.93,2
29,720,PiG_Bot,1564.21,2
29,275,Lissy,1540.14,2
29,1050,onlyfans,1529.8,2
29,930,SiriusBot,1485.45,2
29,1081,ArtZerg,1472.94,2
29,708,Princess-Mika,1463.85,2
29,981,KoB,1462.01,3
29,1044,DoopyBot,1456.88,3
29,940,Princess-Mika-Test,1456.52,3
29,836,muravevTerran,1443.69,3
29,1038,PolyMorph,1441.55,3
29,943,puck,1440.65,3
29,858,Crawler,1433.61,3
29,1023,MY_SCRIPTING_SON,1422.09,3
29,939,RustyNikolaj,1420.98,3
29,1065,MindMatrix,1398.96,3
29,876,GenesisLotus,1398.28,3
29,1085,AgoraLord,1395.14,3
29,1042,Creepy_duo_canon,1393.13,3
29,721,49Terrapins,1367.21,3
29,977,Siriusly,1360.36,3
29,112,Tyckles,1348.15,3
29,779,oberon,1341.99,3
29,809,PrimordialOrigin,1338.68,3
29,341,gotest,1327.08,3
29,1057,DoopyBot-Test,1271.13,3
29,1052,Starlight,1269.59,3
29,729,Alexa,1268.92,3
29,117,Chance,1210.71,3
29,352,Belzebuth,1208.65,3
29,1026,WildLupo,1182.21,3
29,1078,LoremIpsum,1141.54,3
29,1049,TheCatSC2Bot,934.97,3
30,248,Eris,2274.37,1
30,730,Deimos,2180.22,1
30,496,Zozo,2036.83,1
30,115,BenBotBC,2004.26,1
30,49,MicroMachine,1978.42,1
30,446,Xena,1968.6,1
30,168,sharkbot,1958.07,1
30,223,DominionDog,1915.09,1
30,966,ArgoBot,1914.66,1
30,40,SharpenedEdge,1913.11,1
30,1030,who,1908.36,1
30,517,VeTerran-revived,1841.2,1
30,262,whalemean,1836.36,1
30,732,GPT,1834.73,1
30,1045,tito,1833.35,1
30,167,TyrT,1819.81,1
30,346,Sharkling,1787.96,1
30,338,smallBly,1782.54,1
30,357,12PoolBot,1780.15,1
30,953,ZeratulsRevengeTest,1776.7,1
30,510,PhantomBot,1739.3,1
30,518,norman,1721.28,1
30,340,MechaShark,1720.27,1
30,901,clone,1719.75,1
30,759,BotTato,1717.9,1
30,998,LordSuperKing,1716.56,1
30,961,AvocaDOS,1711.99,1
30,797,WickedBot,1697.21,1
30,605,nida,1683.86,2
30,637,72Tortoises,1683.13,2
30,718,Mulebot,1668.76,2
30,1060,WildFire,1664.87,2
30,201,QueenBot,1657.38,2
30,960,BigDaddy,1647.34,2
30,526,Apidae,1641.11,2
30,827,smokinggunbot,1639.27,2
30,1058,JimmyBotP,1630.68,2
30,1079,JimmyBotT,1623.11,2
30,970,TheLAW,1617.03,2
30,1007,SharkGull,1611.51,2
30,1054,JimmyBotZ,1610.54,2
30,1080,JimmyBot,1598.13,2
30,1008,Creepy_canon,1585.6,2
30,971,Nothing,1584.79,2
30,832,muravev,1582.52,2
30,699,Clicadinha,1578.7,2
30,1089,WorkingAsIntended,1574.17,2
30,516,27turtles,1570.32,2
30,1082,Dasyatis,1570.18,2
30,720,PiG_Bot,1534.99,2
30,940,Princess-Mika-Test,1524.97,2
30,275,Lissy,1522.02,2
30,1081,ArtZerg,1511.4,2
30,858,Crawler,1509.0,2
30,930,SiriusBot,1487.61,2
30,1050,onlyfans,1480.39,3
30,943,puck,1464.81,3
30,939,RustyNikolaj,1460.53,3
30,981,KoB,1454.54,3
30,836,muravevTerran,1438.55,3
30,1044,DoopyBot,1436.9,3
30,708,Princess-Mika,1416.86,3
30,1042,Creepy_duo_canon,1403.77,3
30,721,49Terrapins,1403.64,3
30,1085,AgoraLord,1398.37,3
30,1038,PolyMorph,1382.8,3
30,876,GenesisLotus,1382.29,3
30,1065,MindMatrix,1371.98,3
30,1023,MY_SCRIPTING_SON,1368.33,3
30,809,PrimordialOrigin,1361.94,3
30,977,Siriusly,1349.13,3
30,779,oberon,1335.38,3
30,112,Tyckles,1331.18,3
30,341,gotest,1315.88,3
30,1057,DoopyBot-Test,1264.93,3
30,1052,Starlight,1254.16,3
30,352,Belzebuth,1250.2,3
30,117,Chance,1244.61,3
30,729,Alexa,1229.97,3
30,1078,LoremIpsum,1150.32,3
30,1026,WildLupo,1147.13,3
30,1049,TheCatSC2Bot,899.36,3
31,248,Eris,2311.25,1
31,730,Deimos,2105.86,1
31,496,Zozo,2086.41,1
31,49,MicroMachine,1993.67,1
31,446,Xena,1987.21,1
31,115,BenBotBC,1968.17,1
31,168,sharkbot,1961.63,1
31,40,SharpenedEdge,1932.95,1
31,966,ArgoBot,1929.84,1
31,223,DominionDog,1904.97,1
31,1030,who,1895.81,1
31,338,smallBly,1871.3,1
31,732,GPT,1835.06,1
31,517,VeTerran-revived,1831.21,1
31,1045,tito,1823.37,1
31,262,whalemean,1809.67,1
31,357,12PoolBot,1807.63,1
31,167,TyrT,1771.42,1
31,953,ZeratulsRevengeTest,1766.75,1
31,797,WickedBot,1765.14,1
31,510,PhantomBot,1760.07,1
31,346,Sharkling,1739.0,1
31,340,MechaShark,1734.02,1
31,901,clone,1714.39,1
31,518,norman,1709.55,1
31,759,BotTato,1705.56,1
31,998,LordSuperKing,1699.73,1
31,1079,JimmyBotT,1684.1,1
31,1054,JimmyBotZ,1683.28,2
31,699,Clicadinha,1670.35,2
31,605,nida,1669.11,2
31,961,AvocaDOS,1667.4,2
31,1008,Creepy_canon,1652.37,2
31,637,72Tortoises,1651.46,2
31,718,Mulebot,1646.54,2
31,827,smokinggunbot,1644.54,2
31,960,BigDaddy,1640.99,2
31,970,TheLAW,1629.15,2
31,526,Apidae,1614.26,2
31,1089,WorkingAsIntended,1613.61,2
31,1080,JimmyBot,1613.1,2
31,201,QueenBot,1603.89,2
31,1060,WildFire,1597.48,2
31,1007,SharkGull,1597.06,2
31,275,Lissy,1578.85,2
31,832,muravev,1576.69,2
31,1058,JimmyBotP,1575.33,2
31,971,Nothing,1565.73,2
31,516,27turtles,1564.05,2
31,1082,Dasyatis,1550.73,2
31,720,PiG_Bot,1540.06,2
31,858,Crawler,1524.17,2
31,1081,ArtZerg,1506.43,2
31,1050,onlyfans,1495.74,2
31,939,RustyNikolaj,1481.16,2
31,940,Princess-Mika-Test,1461.39,3
31,930,SiriusBot,1458.29,3
31,1044,DoopyBot,1444.89,3
31,981,KoB,1441.29,3
31,943,puck,1439.37,3
31,1065,MindMatrix,1423.67,3
31,708,Princess-Mika,1422.88,3
31,876,GenesisLotus,1417.76,3
31,1085,AgoraLord,1403.61,3
31,1038,PolyMorph,1399.64,3
31,1023,MY_SCRIPTING_SON,1391.5,3
31,1042,Creepy_duo_canon,1387.62,3
31,836,muravevTerran,1374.12,3
31,721,49Terrapins,1363.37,3
31,977,Siriusly,1345.2,3
31,779,oberon,1340.97,3
31,112,Tyckles,1338.45,3
31,809,PrimordialOrigin,1301.9,3
31,341,gotest,1300.23,3
31,1057,DoopyBot-Test,1269.3,3
31,729,Alexa,1262.5,3
31,117,Chance,1260.56,3
31,352,Belzebuth,1251.14,3
31,1052,Starlight,1241.63,3
31,1078,LoremIpsum,1169.15,3
31,1026,WildLupo,1138.5,3
31,1049,TheCatSC2Bot,891.82,3
32,248,Eris,2281.78,1
32,730,Deimos,2064.87,1
32,496,Zozo,2063.05,1
32,115,BenBotBC,2024.93,1
32,49,MicroMachine,2011.29,1
32,223,DominionDog,1984.92,1
32,446,Xena,1960.59,1
32,966,ArgoBot,1957.37,1
32,168,sharkbot,1934.76,1
32,40,SharpenedEdge,1906.89,1
32,1030,who,1887.17,1
32,517,VeTerran-revived,1866.14,1
32,357,12PoolBot,1827.49,1
32,338,smallBly,1819.75,1
32,510,PhantomBot,1812.94,1
32,732,GPT,1810.32,1
32,1045,tito,1793.39,1
32,346,Sharkling,1788.63,1
32,262,whalemean,1784.73,1
32,167,TyrT,1776.39,1
32,340,MechaShark,1769.34,1
32,797,WickedBot,1753.3,1
32,953,ZeratulsRevengeTest,1738.61,1
32,759,BotTato,1734.64,1
32,998,LordSuperKing,1730.12,1
32,901,clone,1696.34,1
32,699,Clicadinha,1690.21,1
32,605,nida,1681.56,1
32,526,Apidae,1677.73,2
32,1054,JimmyBotZ,1674.59,2
32,518,norman,1667.11,2
32,1079,JimmyBotT,1658.88,2
32,637,72Tortoises,1653.47,2
32,961,AvocaDOS,1652.76,2
32,1060,WildFire,1646.12,2
32,718,Mulebot,1646.09,2
32,1058,JimmyBotP,1630.94,2
32,1089,WorkingAsIntended,1627.68,2
32,960,BigDaddy,1621.57,2
32,970,TheLAW,1620.93,2
32,1080,JimmyBot,1612.71,2
32,827,smokinggunbot,1600.78,2
32,1008,Creepy_canon,1595.68,2
32,201,QueenBot,1590.89,2
32,832,muravev,1589.33,2
32,720,PiG_Bot,1578.72,2
32,1007,SharkGull,1560.34,2
32,516,27turtles,1557.25,2
32,858,Crawler,1547.49,2
32,971,Nothing,1546.93,2
32,275,Lissy,1546.07,2
32,1082,Dasyatis,1545.09,2
32,939,RustyNikolaj,1520.94,2
32,1081,ArtZerg,1488.55,2
32,981,KoB,1479.66,2
32,708,Princess-Mika,1469.01,3
32,930,SiriusBot,1457.25,3
32,940,Princess-Mika-Test,1453.5,3
32,1050,onlyfans,1449.12,3
32,943,puck,1422.68,3
32,1044,DoopyBot,1418.83,3
32,1065,MindMatrix,1415.61,3
32,1038,PolyMorph,1403.18,3
32,721,49Terrapins,1393.63,3
32,1085,AgoraLord,1381.8,3
32,876,GenesisLotus,1374.8,3
32,1042,Creepy_duo_canon,1374.23,3
32,836,muravevTerran,1372.47,3
32,1023,MY_SCRIPTING_SON,1367.27,3
32,977,Siriusly,1358.55,3
32,1057,DoopyBot-Test,1336.27,3
32,809,PrimordialOrigin,1334.04,3
32,112,Tyckles,1327.64,3
32,117,Chance,1292.53,3
32,779,oberon,1288.42,3
32,341,gotest,1283.15,3
32,729,Alexa,1276.74,3
32,1052,Starlight,1261.54,3
32,352,Belzebuth,1222.83,3
32,1078,LoremIpsum,1159.78,3
32,1026,WildLupo,1130.93,3
32,1049,TheCatSC2Bot,884.39,3
33,248,Eris,2287.38,1
33,730,Deimos,2090.92,1
33,496,Zozo,2077.71,1
33,115,BenBotBC,2060.99,1
33,49,MicroMachine,1977.67,1
33,966,ArgoBot,1952.97,1
33,40,SharpenedEdge,1944.76,1
33,1030,who,1941.81,1
33,446,Xena,1936.45,1
33,168,sharkbot,1932.41,1
33,223,DominionDog,1918.07,1
33,517,VeTerran-revived,1862.58,1
33,732,GPT,1841.98,1
33,346,Sharkling,1819.74,1
33,357,12PoolBot,1814.8,1
33,510,PhantomBot,1808.27,1
33,338,smallBly,1802.35,1
33,262,whalemean,1784.41,1
33,167,TyrT,1782.24,1
33,1045,tito,1779.92,1
33,901,clone,1744.85,1
33,953,ZeratulsRevengeTest,1743.91,1
33,340,MechaShark,1743.17,1
33,759,BotTato,1735.17,1
33,797,WickedBot,1714.47,1
33,637,72Tortoises,1698.03,1
33,699,Clicadinha,1696.07,1
33,961,AvocaDOS,1695.62,1
33,605,nida,1694.38,2
33,1054,JimmyBotZ,1687.5,2
33,718,Mulebot,1686.03,2
33,518,norman,1662.63,2
33,998,LordSuperKing,1662.09,2
33,1080,JimmyBot,1650.99,2
33,960,BigDaddy,1650.27,2
33,526,Apidae,1646.5,2
33,1079,JimmyBotT,1646.43,2
33,1058,JimmyBotP,1642.6,2
33,832,muravev,1641.85,2
33,1060,WildFire,1631.67,2
33,827,smokinggunbot,1622.35,2
33,1008,Creepy_canon,1617.1,2
33,201,QueenBot,1613.86,2
33,970,TheLAW,1607.85,2
33,720,PiG_Bot,1577.5,2
33,1082,Dasyatis,1561.54,2
33,1089,WorkingAsIntended,1558.86,2
33,858,Crawler,1543.8,2
33,939,RustyNikolaj,1542.25,2
33,971,Nothing,1524.34,2
33,275,Lissy,1511.94,2
33,1007,SharkGull,1510.81,2
33,516,27turtles,1479.94,2
33,1081,ArtZerg,1477.16,2
33,1050,onlyfans,1475.54,2
33,708,Princess-Mika,1468.34,3
33,930,SiriusBot,1465.3,3
33,940,Princess-Mika-Test,1459.92,3
33,1044,DoopyBot,1451.78,3
33,981,KoB,1448.89,3
33,1038,PolyMorph,1437.54,3
33,943,puck,1411.73,3
33,721,49Terrapins,1409.08,3
33,836,muravevTerran,1381.25,3
33,1065,MindMatrix,1378.17,3
33,876,GenesisLotus,1376.79,3
33,1023,MY_SCRIPTING_SON,1369.95,3
33,1085,AgoraLord,1361.72,3
33,1042,Creepy_duo_canon,1354.46,3
33,112,Tyckles,1354.14,3
33,729,Alexa,1335.56,3
33,977,Siriusly,1320.71,3
33,809,PrimordialOrigin,1313.22,3
33,1057,DoopyBot-Test,1304.61,3
33,117,Chance,1303.68,3
33,779,oberon,1299.48,3
33,341,gotest,1296.2,3
33,1052,Starlight,1222.55,3
33,352,Belzebuth,1200.56,3
33,1078,LoremIpsum,1150.42,3
33,1026,WildLupo,1137.49,3
33,1049,TheCatSC2Bot,870.0,3
34,248,Eris,2256.54,1
34,496,Zozo,2107.56,1
34,730,Deimos,2102.97,1
34,115,BenBotBC,2037.75,1
34,49,MicroMachine,1982.72,1
34,966,ArgoBot,1956.06,1
34,446,Xena,1949.02,1
34,168,sharkbot,1941.91,1
34,223,DominionDog,1922.52,1
34,1030,who,1919.97,1
34,40,SharpenedEdge,1910.37,1
34,517,VeTerran-revived,1909.35,1
34,732,GPT,1888.97,1
34,346,Sharkling,1844.06,1
34,167,TyrT,1806.85,1
34,1045,tito,1793.87,1
34,262,whalemean,1782.28,1
34,338,smallBly,1780.34,1
34,510,PhantomBot,1777.84,1
34,357,12PoolBot,1759.76,1
34,901,clone,1754.9,1
34,340,MechaShark,1754.29,1
34,759,BotTato,1750.14,1
34,797,WickedBot,1737.51,1
34,605,nida,1736.29,1
34,998,LordSuperKing,1723.99,1
34,953,ZeratulsRevengeTest,1700.79,1
34,637,72Tortoises,1699.84,1
34,961,AvocaDOS,1699.33,2
34,718,Mulebot,1684.69,2
34,1058,JimmyBotP,1678.9,2
34,518,norman,1671.42,2
34,960,BigDaddy,1671.15,2
34,526,Apidae,1662.35,2
34,699,Clicadinha,1661.2,2
34,1060,WildFire,1647.16,2
34,1008,Creepy_canon,1643.15,2
34,1079,JimmyBotT,1639.91,2
34,720,PiG_Bot,1630.4,2
34,1080,JimmyBot,1620.15,2
34,1054,JimmyBotZ,1616.52,2
34,832,muravev,1607.59,2
34,201,QueenBot,1600.88,2
34,970,TheLAW,1600.58,2
34,827,smokinggunbot,1577.36,2
34,1089,WorkingAsIntended,1575.57,2
34,1082,Dasyatis,1556.81,2
34,971,Nothing,1527.44,2
34,858,Crawler,1515.23,2
34,1007,SharkGull,1509.95,2
34,275,Lissy,1509.86,2
34,930,SiriusBot,1506.2,2
34,940,Princess-Mika-Test,1491.01,2
34,1050,onlyfans,1488.67,2
34,708,Princess-Mika,1488.46,2
34,939,RustyNikolaj,1485.17,3
34,981,KoB,1485.07,3
34,516,27turtles,1476.47,3
34,1081,ArtZerg,1470.08,3
34,1038,PolyMorph,1449.77,3
34,1044,DoopyBot,1414.58,3
34,836,muravevTerran,1403.46,3
34,721,49Terrapins,1390.07,3
34,112,Tyckles,1387.12,3
34,943,puck,1384.6,3
34,1065,MindMatrix,1374.45,3
34,1085,AgoraLord,1364.63,3
34,779,oberon,1347.75,3
34,876,GenesisLotus,1339.36,3
34,1057,DoopyBot-Test,1336.56,3
34,341,gotest,1326.8,3
34,729,Alexa,1325.87,3
34,1042,Creepy_duo_canon,1320.76,3
34,1023,MY_SCRIPTING_SON,1319.86,3
34,977,Siriusly,1308.88,3
34,117,Chance,1288.29,3
34,809,PrimordialOrigin,1273.59,3
34,1052,Starlight,1204.78,3
34,352,Belzebuth,1198.54,3
34,1026,WildLupo,1154.39,3
34,1078,LoremIpsum,1132.5,3
34,1049,TheCatSC2Bot,866.2,3
35,248,Eris,2269.08,1
35,730,Deimos,2142.67,1
35,496,Zozo,2077.76,1
35,115,BenBotBC,2054.16,1
35,446,Xena,1993.55,1
35,49,MicroMachine,1972.07,1
35,966,ArgoBot,1949.73,1
35,168,sharkbot,1935.13,1
35,223,DominionDog,1923.81,1
35,732,GPT,1911.65,1
35,40,SharpenedEdge,1900.63,1
35,517,VeTerran-revived,1898.93,1
35,1030,who,1892.42,1
35,346,Sharkling,1855.68,1
35,338,smallBly,1833.01,1
35,510,PhantomBot,1810.57,1
35,1045,tito,1801.64,1
35,262,whalemean,1774.05,1
35,167,TyrT,1764.17,1
35,340,MechaShark,1748.79,1
35,961,AvocaDOS,1744.11,1
35,605,nida,1737.38,1
35,759,BotTato,1734.06,1
35,953,ZeratulsRevengeTest,1732.78,1
35,357,12PoolBot,1732.44,1
35,998,LordSuperKing,1729.85,1
35,901,clone,1720.02,1
35,797,WickedBot,1718.29,1
35,518,norman,1702.74,2
35,637,72Tortoises,1674.15,2
35,960,BigDaddy,1670.4,2
35,699,Clicadinha,1669.52,2
35,1080,JimmyBot,1669.39,2
35,526,Apidae,1667.1,2
35,718,Mulebot,1663.52,2
35,1060,WildFire,1662.62,2
35,1008,Creepy_canon,1660.95,2
35,1058,JimmyBotP,1656.76,2
35,1079,JimmyBotT,1646.38,2
35,720,PiG_Bot,1636.37,2
35,1054,JimmyBotZ,1629.09,2
35,970,TheLAW,1608.6,2
35,201,QueenBot,1580.14,2
35,832,muravev,1574.97,2
35,971,Nothing,1570.79,2
35,1082,Dasyatis,1561.58,2
35,1089,WorkingAsIntended,1552.2,2
35,1007,SharkGull,1539.9,2
35,275,Lissy,1530.9,2
35,827,smokinggunbot,1527.78,2
35,516,27turtles,1522.97,2
35,981,KoB,1513.31,2
35,858,Crawler,1512.87,2
35,1081,ArtZerg,1502.09,2
35,939,RustyNikolaj,1483.74,2
35,930,SiriusBot,1480.83,3
35,940,Princess-Mika-Test,1475.11,3
35,708,Princess-Mika,1444.0,3
35,1050,onlyfans,1443.31,3
35,1038,PolyMorph,1425.9,3
35,1044,DoopyBot,1423.0,3
35,1065,MindMatrix,1407.62,3
35,779,oberon,1406.3,3
35,112,Tyckles,1390.84,3
35,836,muravevTerran,1390.08,3
35,1023,MY_SCRIPTING_SON,1374.74,3
35,943,puck,1374.45,3
35,341,gotest,1348.71,3
35,721,49Terrapins,1330.58,3
35,729,Alexa,1327.67,3
35,1042,Creepy_duo_canon,1327.21,3
35,876,GenesisLotus,1324.58,3
35,977,Siriusly,1317.09,3
35,1057,DoopyBot-Test,1296.96,3
35,1085,AgoraLord,1287.21,3
35,809,PrimordialOrigin,1279.55,3
35,117,Chance,1269.83,3
35,352,Belzebuth,1218.41,3
35,1052,Starlight,1149.89,3
35,1078,LoremIpsum,1143.98,3
35,1026,WildLupo,1138.56,3
35,1049,TheCatSC2Bot,854.33,3
36,248,Eris,2236.31,1
36,730,Deimos,2183.74,1
36,115,BenBotBC,2039.11,1
36,496,Zozo,2029.21,1
36,446,Xena,1980.53,1
36,49,MicroMachine,1957.54,1
36,966,ArgoBot,1957.28,1
36,223,DominionDog,1939.31,1
36,732,GPT,1929.31,1
36,168,sharkbot,1921.4,1
36,1030,who,1903.6,1
36,40,SharpenedEdge,1903.13,1
36,517,VeTerran-revived,1891.71,1
36,338,smallBly,1866.9,1
36,346,Sharkling,1840.34,1
36,510,PhantomBot,1840.29,1
36,1045,tito,1805.46,1
36,262,whalemean,1785.28,1
36,167,TyrT,1781.3,1
36,961,AvocaDOS,1759.23,1
36,605,nida,1755.62,1
36,357,12PoolBot,1746.69,1
36,340,MechaShark,1745.66,1
36,759,BotTato,1744.6,1
36,797,WickedBot,1717.82,1
36,953,ZeratulsRevengeTest,1708.83,1
36,718,Mulebot,1707.43,1
36,1060,WildFire,1703.89,1
36,1080,JimmyBot,1702.24,2
36,998,LordSuperKing,1697.05,2
36,518,norman,1691.72,2
36,901,clone,1691.19,2
36,960,BigDaddy,1679.27,2
36,637,72Tortoises,1655.76,2
36,1054,JimmyBotZ,1645.31,2
36,526,Apidae,1644.91,2
36,970,TheLAW,1642.73,2
36,1058,JimmyBotP,1633.03,2
36,699,Clicadinha,1630.84,2
36,832,muravev,1615.17,2
36,720,PiG_Bot,1609.11,2
36,201,QueenBot,1607.38,2
36,1082,Dasyatis,1593.73,2
36,1079,JimmyBotT,1571.57,2
36,971,Nothing,1570.95,2
36,827,smokinggunbot,1569.84,2
36,1008,Creepy_canon,1565.4,2
36,1089,WorkingAsIntended,1564.23,2
36,1007,SharkGull,1555.99,2
36,516,27turtles,1547.68,2
36,275,Lissy,1531.77,2
36,858,Crawler,1509.91,2
36,981,KoB,1502.43,2
36,930,SiriusBot,1491.41,2
36,1050,onlyfans,1488.37,2
36,708,Princess-Mika,1483.48,3
36,1081,ArtZerg,1478.55,3
36,940,Princess-Mika-Test,1465.46,3
36,939,RustyNikolaj,1459.98,3
36,836,muravevTerran,1430.56,3
36,1038,PolyMorph,1423.54,3
36,943,puck,1421.13,3
36,1044,DoopyBot,1415.3,3
36,1065,MindMatrix,1409.03,3
36,721,49Terrapins,1379.96,3
36,1023,MY_SCRIPTING_SON,1370.84,3
36,112,Tyckles,1369.71,3
36,876,GenesisLotus,1322.95,3
36,341,gotest,1322.72,3
36,809,PrimordialOrigin,1313.92,3
36,729,Alexa,1306.51,3
36,1057,DoopyBot-Test,1301.72,3
36,977,Siriusly,1294.97,3
36,779,oberon,1291.19,3
36,1042,Creepy_duo_canon,1285.68,3
36,1085,AgoraLord,1283.74,3
36,117,Chance,1281.67,3
36,352,Belzebuth,1194.79,3
36,1052,Starlight,1184.49,3
36,1026,WildLupo,1138.02,3
36,1078,LoremIpsum,1135.8,3
36,1049,TheCatSC2Bot,843.79,3
37,248,Eris,2225.73,1
37,730,Deimos,2133.44,1
37,115,BenBotBC,2061.16,1
37,496,Zozo,2057.2,1
37,446,Xena,1977.63,1
37,49,MicroMachine,1969.91,1
37,40,SharpenedEdge,1963.05,1
37,168,sharkbot,1956.57,1
37,1030,who,1924.39,1
37,966,ArgoBot,1919.85,1
37,517,VeTerran-revived,1901.85,1
37,223,DominionDog,1898.71,1
37,732,GPT,1882.76,1
37,167,TyrT,1855.01,1
37,510,PhantomBot,1831.79,1
37,338,smallBly,1824.27,1
37,346,Sharkling,1816.26,1
37,1045,tito,1796.85,1
37,262,whalemean,1796.8,1
37,961,AvocaDOS,1773.0,1
37,357,12PoolBot,1766.83,1
37,340,MechaShark,1747.29,1
37,953,ZeratulsRevengeTest,1745.34,1
37,759,BotTato,1733.02,1
37,998,LordSuperKing,1729.02,1
37,605,nida,1721.32,1
37,518,norman,1720.05,1
37,1060,WildFire,1704.2,1
37,901,clone,1702.29,2
37,797,WickedBot,1700.17,2
37,718,Mulebot,1697.09,2
37,970,TheLAW,1669.4,2
37,1080,JimmyBot,1666.4,2
37,699,Clicadinha,1649.3,2
37,526,Apidae,1647.73,2
37,1054,JimmyBotZ,1645.25,2
37,960,BigDaddy,1645.24,2
37,637,72Tortoises,1627.42,2
37,1058,JimmyBotP,1626.22,2
37,1082,Dasyatis,1625.27,2
37,1008,Creepy_canon,1618.19,2
37,832,muravev,1594.21,2
37,720,PiG_Bot,1590.52,2
37,827,smokinggunbot,1590.17,2
37,516,27turtles,1590.15,2
37,1089,WorkingAsIntended,1586.12,2
37,201,QueenBot,1579.1,2
37,1079,JimmyBotT,1567.54,2
37,971,Nothing,1558.53,2
37,1007,SharkGull,1544.06,2
37,940,Princess-Mika-Test,1519.84,2
37,275,Lissy,1516.45,2
37,939,RustyNikolaj,1495.31,2
37,858,Crawler,1486.76,2
37,930,SiriusBot,1483.07,2
37,1050,onlyfans,1480.61,3
37,981,KoB,1469.95,3
37,708,Princess-Mika,1468.23,3
37,1081,ArtZerg,1463.21,3
37,943,puck,1448.72,3
37,836,muravevTerran,1439.11,3
37,1038,PolyMorph,1424.47,3
37,721,49Terrapins,1413.84,3
37,1044,DoopyBot,1407.28,3
37,1065,MindMatrix,1379.62,3
37,876,GenesisLotus,1348.72,3
37,1023,MY_SCRIPTING_SON,1340.29,3
37,1042,Creepy_duo_canon,1327.09,3
37,977,Siriusly,1324.79,3
37,112,Tyckles,1321.36,3
37,341,gotest,1307.91,3
37,729,Alexa,1296.63,3
37,779,oberon,1288.35,3
37,1085,AgoraLord,1274.28,3
37,809,PrimordialOrigin,1272.0,3
37,1057,DoopyBot-Test,1264.21,3
37,117,Chance,1251.92,3
37,352,Belzebuth,1189.44,3
37,1052,Starlight,1166.98,3
37,1078,LoremIpsum,1160.73,3
37,1026,WildLupo,1150.84,3
37,1049,TheCatSC2Bot,864.3,3
38,248,Eris,2231.24,1
38,730,Deimos,2166.38,1
38,115,BenBotBC,2117.43,1
38,496,Zozo,2018.88,1
38,49,MicroMachine,1982.47,1
38,168,sharkbot,1979.14,1
38,966,ArgoBot,1963.11,1
38,40,SharpenedEdge,1959.42,1
38,446,Xena,1958.77,1
38,1030,who,1951.2,1
38,223,DominionDog,1892.33,1
38,517,VeTerran-revived,1871.51,1
38,262,whalemean,1866.87,1
38,167,TyrT,1863.91,1
38,732,GPT,1861.4,1
38,510,PhantomBot,1843.62,1
38,338,smallBly,1826.33,1
38,346,Sharkling,1820.99,1
38,1045,tito,1806.23,1
38,961,AvocaDOS,1786.03,1
38,759,BotTato,1744.04,1
38,340,MechaShark,1738.96,1
38,1060,WildFire,1731.3,1
38,357,12PoolBot,1724.8,1
38,605,nida,1714.77,1
38,797,WickedBot,1711.32,1
38,699,Clicadinha,1705.59,1
38,953,ZeratulsRevengeTest,1696.87,1
38,718,Mulebot,1695.84,2
38,998,LordSuperKing,1691.69,2
38,901,clone,1688.49,2
38,960,BigDaddy,1658.45,2
38,526,Apidae,1657.38,2
38,1080,JimmyBot,1655.97,2
38,1054,JimmyBotZ,1651.95,2
38,970,TheLAW,1630.37,2
38,827,smokinggunbot,1629.95,2
38,516,27turtles,1626.3,2
38,518,norman,1623.6,2
38,832,muravev,1620.71,2
38,1008,Creepy_canon,1615.4,2
38,1058,JimmyBotP,1613.43,2
38,1089,WorkingAsIntended,1599.06,2
38,637,72Tortoises,1591.8,2
38,1079,JimmyBotT,1588.81,2
38,1007,SharkGull,1585.0,2
38,1082,Dasyatis,1581.42,2
38,201,QueenBot,1578.79,2
38,275,Lissy,1561.76,2
38,720,PiG_Bot,1554.19,2
38,971,Nothing,1526.25,2
38,1081,ArtZerg,1512.47,2
38,940,Princess-Mika-Test,1500.37,2
38,858,Crawler,1486.13,2
38,930,SiriusBot,1467.3,2
38,1050,onlyfans,1455.64,3
38,1044,DoopyBot,1454.16,3
38,939,RustyNikolaj,1439.77,3
38,1065,MindMatrix,1435.65,3
38,721,49Terrapins,1431.59,3
38,836,muravevTerran,1429.33,3
38,943,puck,1420.22,3
38,981,KoB,1411.26,3
38,708,Princess-Mika,1406.33,3
38,977,Siriusly,1382.84,3
38,1038,PolyMorph,1379.57,3
38,1023,MY_SCRIPTING_SON,1359.92,3
38,876,GenesisLotus,1348.44,3
38,112,Tyckles,1331.72,3
38,341,gotest,1328.35,3
38,1042,Creepy_duo_canon,1323.95,3
38,809,PrimordialOrigin,1285.69,3
38,729,Alexa,1276.13,3
38,1085,AgoraLord,1268.86,3
38,1057,DoopyBot-Test,1260.18,3
38,779,oberon,1245.48,3
38,117,Chance,1233.96,3
38,352,Belzebuth,1216.56,3
38,1078,LoremIpsum,1191.37,3
38,1026,WildLupo,1148.68,3
38,1052,Starlight,1140.32,3
38,1049,TheCatSC2Bot,866.22,3
39,248,Eris,2250.05,1
39,730,Deimos,2173.43,1
39,115,BenBotBC,2074.15,1
39,496,Zozo,2057.18,1
39,168,sharkbot,1980.66,1
39,49,MicroMachine,1965.2,1
39,446,Xena,1958.01,1
39,966,ArgoBot,1951.4,1
39,40,SharpenedEdge,1942.57,1
39,1030,who,1926.08,1
39,223,DominionDog,1912.13,1
39,517,VeTerran-revived,1910.09,1
39,732,GPT,1891.2,1
39,346,Sharkling,1874.79,1
39,338,smallBly,1855.36,1
39,167,TyrT,1844.01,1
39,262,whalemean,1841.11,1
39,340,MechaShark,1806.66,1
39,510,PhantomBot,1801.39,1
39,1045,tito,1780.48,1
39,759,BotTato,1763.51,1
39,797,WickedBot,1746.58,1
39,961,AvocaDOS,1737.02,1
39,1060,WildFire,1722.24,1
39,901,clone,1719.29,1
39,953,ZeratulsRevengeTest,1712.08,1
39,357,12PoolBot,1706.48,1
39,998,LordSuperKing,1696.52,1
39,605,nida,1678.62,2
39,699,Clicadinha,1672.43,2
39,718,Mulebot,1671.23,2
39,518,norman,1663.62,2
39,1080,JimmyBot,1660.87,2
39,960,BigDaddy,1659.51,2
39,526,Apidae,1653.19,2
39,970,TheLAW,1647.61,2
39,637,72Tortoises,1619.53,2
39,827,smokinggunbot,1619.49,2
39,1054,JimmyBotZ,1616.99,2
39,720,PiG_Bot,1612.21,2
39,832,muravev,1609.54,2
39,1007,SharkGull,1603.75,2
39,275,Lissy,1597.56,2
39,1058,JimmyBotP,1596.66,2
39,1089,WorkingAsIntended,1591.88,2
39,516,27turtles,1587.79,2
39,1079,JimmyBotT,1579.89,2
39,201,QueenBot,1578.01,2
39,1082,Dasyatis,1553.05,2
39,1081,ArtZerg,1544.84,2
39,1008,Creepy_canon,1531.71,2
39,971,Nothing,1521.88,2
39,1050,onlyfans,1519.42,2
39,940,Princess-Mika-Test,1514.83,2
39,858,Crawler,1481.34,2
39,943,puck,1470.22,3
39,1044,DoopyBot,1467.0,3
39,930,SiriusBot,1460.07,3
39,939,RustyNikolaj,1440.39,3
39,981,KoB,1436.63,3
39,1038,PolyMorph,1435.29,3
39,1065,MindMatrix,1423.12,3
39,836,muravevTerran,1406.84,3
39,977,Siriusly,1395.35,3
39,708,Princess-Mika,1377.48,3
39,721,49Terrapins,1372.48,3
39,876,GenesisLotus,1356.64,3
39,1085,AgoraLord,1320.72,3
39,1042,Creepy_duo_canon,1317.25,3
39,341,gotest,1312.11,3
39,1023,MY_SCRIPTING_SON,1301.6,3
39,112,Tyckles,1298.83,3
39,1057,DoopyBot-Test,1285.73,3
39,809,PrimordialOrigin,1261.72,3
39,117,Chance,1259.96,3
39,729,Alexa,1253.77,3
39,779,oberon,1248.76,3
39,1078,LoremIpsum,1203.87,3
39,352,Belzebuth,1187.85,3
39,1052,Starlight,1140.41,3
39,1026,WildLupo,1110.31,3
39,1049,TheCatSC2Bot,868.45,3
40,248,Eris,2232.03,1
40,730,Deimos,2139.55,1
40,496,Zozo,2069.86,1
40,49,MicroMachine,2028.06,1
40,115,BenBotBC,2014.56,1
40,517,VeTerran-revived,1956.87,1
40,1030,who,1953.7,1
40,168,sharkbot,1946.95,1
40,223,DominionDog,1934.37,1
40,966,ArgoBot,1914.19,1
40,446,Xena,1911.19,1
40,40,SharpenedEdge,1901.43,1
40,167,TyrT,1867.14,1
40,346,Sharkling,1857.86,1
40,338,smallBly,1850.79,1
40,732,GPT,1849.66,1
40,510,PhantomBot,1847.96,1
40,262,whalemean,1830.78,1
40,340,MechaShark,1806.35,1
40,797,WickedBot,1777.07,1
40,961,AvocaDOS,1774.03,1
40,1060,WildFire,1771.27,1
40,1045,tito,1760.39,1
40,759,BotTato,1758.41,1
40,953,ZeratulsRevengeTest,1739.61,1
40,357,12PoolBot,1709.78,1
40,901,clone,1705.36,1
40,832,muravev,1690.91,1
40,998,LordSuperKing,1690.48,2
40,718,Mulebot,1683.63,2
40,605,nida,1675.26,2
40,518,norman,1669.27,2
40,960,BigDaddy,1668.83,2
40,637,72Tortoises,1668.19,2
40,970,TheLAW,1667.43,2
40,526,Apidae,1665.08,2
40,699,Clicadinha,1662.71,2
40,1054,JimmyBotZ,1646.91,2
40,1079,JimmyBotT,1621.99,2
40,827,smokinggunbot,1605.02,2
40,1007,SharkGull,1603.83,2
40,1080,JimmyBot,1603.55,2
40,1058,JimmyBotP,1602.15,2
40,720,PiG_Bot,1589.18,2
40,275,Lissy,1577.53,2
40,1008,Creepy_canon,1571.1,2
40,1089,WorkingAsIntended,1569.26,2
40,201,QueenBot,1568.13,2
40,940,Princess-Mika-Test,1535.38,2
40,516,27turtles,1531.91,2
40,930,SiriusBot,1524.81,2
40,1050,onlyfans,1524.58,2
40,971,Nothing,1521.48,2
40,1082,Dasyatis,1508.38,2
40,858,Crawler,1506.41,2
40,939,RustyNikolaj,1465.73,3
40,1081,ArtZerg,1449.37,3
40,1044,DoopyBot,1440.59,3
40,981,KoB,1437.82,3
40,943,puck,1432.61,3
40,1038,PolyMorph,1411.84,3
40,1065,MindMatrix,1402.31,3
40,708,Princess-Mika,1401.15,3
40,836,muravevTerran,1400.25,3
40,1085,AgoraLord,1386.81,3
40,721,49Terrapins,1377.32,3
40,1042,Creepy_duo_canon,1352.53,3
40,876,GenesisLotus,1348.76,3
40,117,Chance,1336.28,3
40,977,Siriusly,1329.02,3
40,1057,DoopyBot-Test,1311.05,3
40,112,Tyckles,1307.05,3
40,1023,MY_SCRIPTING_SON,1294.18,3
40,341,gotest,1290.86,3
40,779,oberon,1276.41,3
40,809,PrimordialOrigin,1252.54,3
40,729,Alexa,1231.59,3
40,352,Belzebuth,1199.85,3
40,1078,LoremIpsum,1145.28,3
40,1026,WildLupo,1124.88,3
40,1052,Starlight,1077.66,3
40,1049,TheCatSC2Bot,853.66,3
41,248,Eris,2237.67,1
41,730,Deimos,2101.27,1
41,49,MicroMachine,2063.1,1
41,496,Zozo,2062.0,1
41,115,BenBotBC,2045.37,1
41,223,DominionDog,1986.03,1
41,517,VeTerran-revived,1963.33,1
41,966,ArgoBot,1961.43,1
41,1030,who,1921.25,1
41,168,sharkbot,1917.35,1
41,40,SharpenedEdge,1914.49,1
41,446,Xena,1888.82,1
41,167,TyrT,1867.38,1
41,338,smallBly,1851.72,1
41,346,Sharkling,1842.34,1
41,262,whalemean,1824.79,1
41,1045,tito,1819.85,1
41,510,PhantomBot,1819.63,1
41,759,BotTato,1812.07,1
41,732,GPT,1808.05,1
41,340,MechaShark,1772.64,1
41,953,ZeratulsRevengeTest,1764.1,1
41,797,WickedBot,1758.16,1
41,961,AvocaDOS,1754.91,1
41,1060,WildFire,1750.3,1
41,357,12PoolBot,1743.01,1
41,901,clone,1740.3,1
41,718,Mulebot,1722.18,1
41,998,LordSuperKing,1683.38,2
41,518,norman,1675.78,2
41,637,72Tortoises,1671.23,2
41,1054,JimmyBotZ,1669.13,2
41,970,TheLAW,1655.54,2
41,1079,JimmyBotT,1643.41,2
41,605,nida,1635.98,2
41,526,Apidae,1635.74,2
41,1080,JimmyBot,1629.39,2
41,720,PiG_Bot,1616.41,2
41,1058,JimmyBotP,1615.99,2
41,832,muravev,1608.77,2
41,960,BigDaddy,1602.33,2
41,275,Lissy,1600.37,2
41,699,Clicadinha,1587.48,2
41,1007,SharkGull,1580.72,2
41,201,QueenBot,1579.96,2
41,930,SiriusBot,1573.82,2
41,827,smokinggunbot,1570.62,2
41,1089,WorkingAsIntended,1565.15,2
41,1008,Creepy_canon,1552.11,2
41,516,27turtles,1548.64,2
41,971,Nothing,1547.29,2
41,858,Crawler,1537.66,2
41,1082,Dasyatis,1530.26,2
41,940,Princess-Mika-Test,1526.45,2
41,1050,onlyfans,1505.47,2
41,1081,ArtZerg,1443.18,3
41,708,Princess-Mika,1441.32,3
41,943,puck,1438.29,3
41,981,KoB,1435.75,3
41,939,RustyNikolaj,1426.37,3
41,1044,DoopyBot,1423.57,3
41,1038,PolyMorph,1412.79,3
41,1065,MindMatrix,1387.31,3
41,1042,Creepy_duo_canon,1384.31,3
41,876,GenesisLotus,1383.28,3
41,836,muravevTerran,1378.77,3
41,721,49Terrapins,1375.28,3
41,1085,AgoraLord,1371.5,3
41,977,Siriusly,1347.1,3
41,117,Chance,1321.31,3
41,1057,DoopyBot-Test,1320.44,3
41,341,gotest,1310.8,3
41,112,Tyckles,1298.52,3
41,1023,MY_SCRIPTING_SON,1294.8,3
41,779,oberon,1250.68,3
41,729,Alexa,1230.06,3
41,809,PrimordialOrigin,1213.65,3
41,1078,LoremIpsum,1188.31,3
41,352,Belzebuth,1187.08,3
41,1026,WildLupo,1164.19,3
41,1052,Starlight,1068.8,3
41,1049,TheCatSC2Bot,839.94,3
42,248,Eris,2201.43,1
42,730,Deimos,2104.21,1
42,49,MicroMachine,2094.27,1
42,115,BenBotBC,2048.68,1
42,496,Zozo,2043.3,1
42,223,DominionDog,1987.63,1
42,966,ArgoBot,1975.62,1
42,446,Xena,1953.65,1
42,1030,who,1953.01,1
42,517,VeTerran-revived,1938.32,1
42,168,sharkbot,1925.59,1
42,40,SharpenedEdge,1914.45,1
42,732,GPT,1872.7,1
42,167,TyrT,1852.29,1
42,262,whalemean,1848.75,1
42,346,Sharkling,1842.78,1
42,510,PhantomBot,1840.22,1
42,338,smallBly,1825.61,1
42,1045,tito,1814.07,1
42,759,BotTato,1785.0,1
42,961,AvocaDOS,1779.88,1
42,901,clone,1755.65,1
42,1060,WildFire,1754.62,1
42,340,MechaShark,1743.31,1
42,953,ZeratulsRevengeTest,1735.06,1
42,357,12PoolBot,1729.83,1
42,797,WickedBot,1716.68,1
42,518,norman,1699.8,1
42,1054,JimmyBotZ,1693.66,2
42,998,LordSuperKing,1689.91,2
42,718,Mulebot,1676.9,2
42,970,TheLAW,1669.5,2
42,637,72Tortoises,1664.67,2
42,832,muravev,1638.45,2
42,960,BigDaddy,1633.56,2
42,526,Apidae,1632.0,2
42,1079,JimmyBotT,1630.34,2
42,275,Lissy,1604.32,2
42,971,Nothing,1598.48,2
42,516,27turtles,1595.15,2
42,1008,Creepy_canon,1594.75,2
42,827,smokinggunbot,1589.33,2
42,1089,WorkingAsIntended,1584.39,2
42,201,QueenBot,1582.2,2
42,1058,JimmyBotP,1575.11,2
42,858,Crawler,1574.92,2
42,699,Clicadinha,1573.18,2
42,1082,Dasyatis,1570.35,2
42,605,nida,1567.69,2
42,720,PiG_Bot,1563.06,2
42,1080,JimmyBot,1562.8,2
42,1007,SharkGull,1545.19,2
42,930,SiriusBot,1537.45,2
42,1050,onlyfans,1503.06,2
42,940,Princess-Mika-Test,1475.74,2
42,939,RustyNikolaj,1470.91,3
42,1081,ArtZerg,1470.7,3
42,708,Princess-Mika,1440.96,3
42,1042,Creepy_duo_canon,1407.24,3
42,836,muravevTerran,1405.59,3
42,1085,AgoraLord,1403.08,3
42,981,KoB,1400.42,3
42,1044,DoopyBot,1398.07,3
42,943,puck,1393.82,3
42,977,Siriusly,1387.8,3
42,1038,PolyMorph,1380.47,3
42,721,49Terrapins,1377.31,3
42,1065,MindMatrix,1373.92,3
42,876,GenesisLotus,1351.97,3
42,112,Tyckles,1346.75,3
42,1057,DoopyBot-Test,1325.15,3
42,341,gotest,1320.96,3
42,779,oberon,1308.95,3
42,1023,MY_SCRIPTING_SON,1304.58,3
42,117,Chance,1272.49,3
42,809,PrimordialOrigin,1230.89,3
42,729,Alexa,1201.97,3
42,352,Belzebuth,1181.64,3
42,1026,WildLupo,1129.06,3
42,1078,LoremIpsum,1114.59,3
42,1052,Starlight,1101.05,3
42,1049,TheCatSC2Bot,837.08,3
43,248,Eris,2225.82,1
43,730,Deimos,2109.03,1
43,115,BenBotBC,2084.81,1
43,49,MicroMachine,2075.2,1
43,496,Zozo,2070.05,1
43,223,DominionDog,1984.78,1
43,966,ArgoBot,1963.69,1
43,1030,who,1955.09,1
43,446,Xena,1948.02,1
43,40,SharpenedEdge,1943.86,1
43,517,VeTerran-revived,1927.01,1
43,732,GPT,1903.48,1
43,167,TyrT,1885.02,1
43,168,sharkbot,1881.73,1
43,346,Sharkling,1850.9,1
43,262,whalemean,1848.5,1
43,759,BotTato,1826.45,1
43,510,PhantomBot,1823.89,1
43,338,smallBly,1804.74,1
43,1045,tito,1804.65,1
43,961,AvocaDOS,1781.48,1
43,357,12PoolBot,1764.12,1
43,901,clone,1742.22,1
43,1060,WildFire,1734.95,1
43,953,ZeratulsRevengeTest,1728.13,1
43,340,MechaShark,1707.89,1
43,797,WickedBot,1699.96,1
43,1079,JimmyBotT,1689.9,1
43,960,BigDaddy,1687.57,2
43,637,72Tortoises,1675.99,2
43,1058,JimmyBotP,1670.89,2
43,998,LordSuperKing,1663.1,2
43,518,norman,1660.94,2
43,1054,JimmyBotZ,1643.95,2
43,718,Mulebot,1634.34,2
43,970,TheLAW,1623.13,2
43,605,nida,1620.57,2
43,1089,WorkingAsIntended,1615.19,2
43,201,QueenBot,1613.93,2
43,275,Lissy,1607.42,2
43,516,27turtles,1601.84,2
43,720,PiG_Bot,1601.72,2
43,971,Nothing,1596.98,2
43,699,Clicadinha,1588.89,2
43,832,muravev,1584.17,2
43,1080,JimmyBot,1578.33,2
43,526,Apidae,1570.73,2
43,858,Crawler,1562.78,2
43,827,smokinggunbot,1561.65,2
43,1008,Creepy_canon,1548.69,2
43,1007,SharkGull,1547.1,2
43,1082,Dasyatis,1527.66,2
43,1050,onlyfans,1511.21,2
43,930,SiriusBot,1502.91,2
43,940,Princess-Mika-Test,1495.53,2
43,1081,ArtZerg,1487.9,3
43,708,Princess-Mika,1470.06,3
43,939,RustyNikolaj,1464.66,3
43,1044,DoopyBot,1431.36,3
43,943,puck,1403.01,3
43,977,Siriusly,1388.17,3
43,836,muravevTerran,1388.12,3
43,721,49Terrapins,1382.27,3
43,1065,MindMatrix,1379.5,3
43,1042,Creepy_duo_canon,1379.29,3
43,981,KoB,1377.27,3
43,1038,PolyMorph,1376.48,3
43,1085,AgoraLord,1365.67,3
43,112,Tyckles,1352.34,3
43,876,GenesisLotus,1338.75,3
43,1023,MY_SCRIPTING_SON,1317.19,3
43,341,gotest,1315.44,3
43,1057,DoopyBot-Test,1297.19,3
43,729,Alexa,1266.68,3
43,117,Chance,1255.43,3
43,779,oberon,1250.75,3
43,352,Belzebuth,1230.63,3
43,809,PrimordialOrigin,1211.05,3
43,1078,LoremIpsum,1149.91,3
43,1052,Starlight,1146.18,3
43,1026,WildLupo,1086.48,3
43,1049,TheCatSC2Bot,825.62,3
44,248,Eris,2223.43,1
44,730,Deimos,2149.81,1
44,496,Zozo,2054.35,1
44,115,BenBotBC,2051.03,1
44,223,DominionDog,2032.3,1
44,49,MicroMachine,2016.49,1
44,966,ArgoBot,1965.15,1
44,446,Xena,1958.13,1
44,40,SharpenedEdge,1942.69,1
44,1030,who,1919.7,1
44,517,VeTerran-revived,1919.32,1
44,167,TyrT,1917.29,1
44,732,GPT,1899.82,1
44,168,sharkbot,1899.4,1
44,338,smallBly,1842.1,1
44,510,PhantomBot,1839.75,1
44,346,Sharkling,1834.67,1
44,759,BotTato,1834.63,1
44,262,whalemean,1797.63,1
44,357,12PoolBot,1769.13,1
44,1045,tito,1752.0,1
44,797,WickedBot,1751.32,1
44,1060,WildFire,1744.6,1
44,961,AvocaDOS,1740.81,1
44,340,MechaShark,1739.52,1
44,953,ZeratulsRevengeTest,1734.22,1
44,998,LordSuperKing,1732.2,1
44,901,clone,1726.98,1
44,1079,JimmyBotT,1709.1,2
44,1058,JimmyBotP,1696.72,2
44,960,BigDaddy,1686.49,2
44,718,Mulebot,1682.99,2
44,637,72Tortoises,1672.17,2
44,605,nida,1666.29,2
44,518,norman,1661.04,2
44,832,muravev,1647.05,2
44,1054,JimmyBotZ,1644.95,2
44,699,Clicadinha,1634.97,2
44,970,TheLAW,1622.93,2
44,201,QueenBot,1590.41,2
44,971,Nothing,1589.77,2
44,1080,JimmyBot,1586.54,2
44,720,PiG_Bot,1582.97,2
44,1007,SharkGull,1579.26,2
44,1008,Creepy_canon,1574.14,2
44,526,Apidae,1572.99,2
44,827,smokinggunbot,1554.72,2
44,1082,Dasyatis,1540.61,2
44,1089,WorkingAsIntended,1538.23,2
44,275,Lissy,1537.63,2
44,516,27turtles,1527.75,2
44,1050,onlyfans,1522.89,2
44,858,Crawler,1502.57,2
44,1081,ArtZerg,1484.19,2
44,940,Princess-Mika-Test,1480.48,2
44,939,RustyNikolaj,1477.6,3
44,708,Princess-Mika,1469.64,3
44,930,SiriusBot,1468.44,3
44,1044,DoopyBot,1444.68,3
44,1038,PolyMorph,1433.31,3
44,1065,MindMatrix,1392.7,3
44,112,Tyckles,1389.45,3
44,836,muravevTerran,1382.94,3
44,977,Siriusly,1378.73,3
44,981,KoB,1370.98,3
44,943,puck,1366.65,3
44,1042,Creepy_duo_canon,1358.03,3
44,721,49Terrapins,1346.81,3
44,1023,MY_SCRIPTING_SON,1343.52,3
44,1085,AgoraLord,1339.55,3
44,1057,DoopyBot-Test,1325.55,3
44,876,GenesisLotus,1322.59,3
44,341,gotest,1292.03,3
44,779,oberon,1281.14,3
44,117,Chance,1252.51,3
44,729,Alexa,1232.66,3
44,352,Belzebuth,1207.29,3
44,809,PrimordialOrigin,1195.06,3
44,1078,LoremIpsum,1166.87,3
44,1052,Starlight,1130.8,3
44,1026,WildLupo,1099.08,3
44,1049,TheCatSC2Bot,853.03,3
45,248,Eris,2261.73,1
45,730,Deimos,2194.88,1
45,115,BenBotBC,2056.62,1
45,496,Zozo,2053.77,1
45,49,MicroMachine,2029.46,1
45,223,DominionDog,2014.44,1
45,966,ArgoBot,1970.14,1
45,40,SharpenedEdge,1966.15,1
45,168,sharkbot,1941.89,1
45,167,TyrT,1933.22,1
45,446,Xena,1929.37,1
45,517,VeTerran-revived,1922.07,1
45,1030,who,1912.49,1
45,510,PhantomBot,1890.65,1
45,732,GPT,1853.23,1
45,338,smallBly,1836.2,1
45,961,AvocaDOS,1800.76,1
45,346,Sharkling,1792.24,1
45,1045,tito,1778.19,1
45,262,whalemean,1775.6,1
45,759,BotTato,1762.65,1
45,797,WickedBot,1762.41,1
45,953,ZeratulsRevengeTest,1749.28,1
45,1060,WildFire,1743.97,1
45,357,12PoolBot,1735.77,1
45,718,Mulebot,1730.69,1
45,340,MechaShark,1725.92,1
45,901,clone,1714.48,1
45,1054,JimmyBotZ,1699.4,2
45,960,BigDaddy,1691.12,2
45,998,LordSuperKing,1680.87,2
45,526,Apidae,1662.3,2
45,605,nida,1657.29,2
45,970,TheLAW,1655.41,2
45,1058,JimmyBotP,1654.32,2
45,1079,JimmyBotT,1652.89,2
45,637,72Tortoises,1642.9,2
45,518,norman,1636.59,2
45,699,Clicadinha,1624.02,2
45,1089,WorkingAsIntended,1607.45,2
45,1080,JimmyBot,1602.98,2
45,201,QueenBot,1597.33,2
45,1007,SharkGull,1592.14,2
45,832,muravev,1586.02,2
45,1050,onlyfans,1573.75,2
45,971,Nothing,1572.63,2
45,1008,Creepy_canon,1564.03,2
45,827,smokinggunbot,1561.04,2
45,1082,Dasyatis,1542.8,2
45,720,PiG_Bot,1528.98,2
45,516,27turtles,1523.99,2
45,858,Crawler,1509.59,2
45,275,Lissy,1477.15,2
45,940,Princess-Mika-Test,1472.54,2
45,1044,DoopyBot,1470.76,2
45,1081,ArtZerg,1470.52,3
45,708,Princess-Mika,1464.24,3
45,930,SiriusBot,1447.79,3
45,939,RustyNikolaj,1446.88,3
45,112,Tyckles,1414.68,3
45,836,muravevTerran,1409.62,3
45,943,puck,1397.25,3
45,1038,PolyMorph,1395.79,3
45,977,Siriusly,1378.53,3
45,981,KoB,1377.04,3
45,1042,Creepy_duo_canon,1376.11,3
45,1065,MindMatrix,1359.14,3
45,341,gotest,1340.12,3
45,1085,AgoraLord,1337.84,3
45,876,GenesisLotus,1337.39,3
45,1057,DoopyBot-Test,1324.68,3
45,721,49Terrapins,1314.71,3
45,1023,MY_SCRIPTING_SON,1308.82,3
45,779,oberon,1272.21,3
45,117,Chance,1266.97,3
45,809,PrimordialOrigin,1254.43,3
45,729,Alexa,1224.97,3
45,352,Belzebuth,1188.34,3
45,1078,LoremIpsum,1148.36,3
45,1052,Starlight,1118.81,3
45,1026,WildLupo,1105.76,3
45,1049,TheCatSC2Bot,840.43,3
46,248,Eris,2262.45,1
46,730,Deimos,2187.25,1
46,496,Zozo,2093.16,1
46,115,BenBotBC,2026.38,1
46,446,Xena,1987.64,1
46,966,ArgoBot,1986.05,1
46,40,SharpenedEdge,1975.95,1
46,49,MicroMachine,1971.45,1
46,223,DominionDog,1966.6,1
46,517,VeTerran-revived,1924.45,1
46,1030,who,1916.92,1
46,168,sharkbot,1906.32,1
46,510,PhantomBot,1901.25,1
46,732,GPT,1875.54,1
46,338,smallBly,1855.74,1
46,167,TyrT,1842.35,1
46,262,whalemean,1841.24,1
46,346,Sharkling,1836.19,1
46,1045,tito,1790.51,1
46,340,MechaShark,1764.66,1
46,961,AvocaDOS,1761.48,1
46,953,ZeratulsRevengeTest,1757.83,1
46,1060,WildFire,1753.61,1
46,797,WickedBot,1750.2,1
46,718,Mulebot,1734.53,1
46,759,BotTato,1732.74,1
46,357,12PoolBot,1724.71,1
46,901,clone,1711.1,1
46,998,LordSuperKing,1701.01,2
46,526,Apidae,1694.6,2
46,960,BigDaddy,1687.16,2
46,605,nida,1678.09,2
46,637,72Tortoises,1674.72,2
46,518,norman,1671.41,2
46,1054,JimmyBotZ,1670.83,2
46,1058,JimmyBotP,1651.39,2
46,1079,JimmyBotT,1636.65,2
46,699,Clicadinha,1627.84,2
46,1080,JimmyBot,1627.14,2
46,201,QueenBot,1611.17,2
46,970,TheLAW,1592.42,2
46,1089,WorkingAsIntended,1589.13,2
46,827,smokinggunbot,1571.82,2
46,832,muravev,1566.59,2
46,1007,SharkGull,1563.71,2
46,720,PiG_Bot,1563.16,2
46,858,Crawler,1562.84,2
46,1008,Creepy_canon,1555.47,2
46,1082,Dasyatis,1547.7,2
46,971,Nothing,1547.26,2
46,1050,onlyfans,1535.31,2
46,930,SiriusBot,1502.41,2
46,516,27turtles,1496.31,2
46,275,Lissy,1487.27,2
46,708,Princess-Mika,1479.66,2
46,940,Princess-Mika-Test,1471.89,3
46,939,RustyNikolaj,1469.58,3
46,1081,ArtZerg,1462.73,3
46,1044,DoopyBot,1457.37,3
46,1065,MindMatrix,1399.86,3
46,836,muravevTerran,1398.13,3
46,112,Tyckles,1396.62,3
46,876,GenesisLotus,1378.35,3
46,1038,PolyMorph,1372.37,3
46,943,puck,1368.03,3
46,981,KoB,1361.73,3
46,721,49Terrapins,1349.71,3
46,1023,MY_SCRIPTING_SON,1348.33,3
46,977,Siriusly,1326.58,3
46,1042,Creepy_duo_canon,1323.8,3
46,1057,DoopyBot-Test,1314.63,3
46,1085,AgoraLord,1308.82,3
46,341,gotest,1305.03,3
46,117,Chance,1261.94,3
46,779,oberon,1255.76,3
46,809,PrimordialOrigin,1241.68,3
46,729,Alexa,1219.77,3
46,1078,LoremIpsum,1173.91,3
46,352,Belzebuth,1168.23,3
46,1052,Starlight,1152.99,3
46,1026,WildLupo,1129.39,3
46,1049,TheCatSC2Bot,851.34,3
47,248,Eris,2275.97,1
47,730,Deimos,2142.9,1
47,496,Zozo,2095.43,1
47,115,BenBotBC,2011.76,1
47,49,MicroMachine,1991.95,1
47,223,DominionDog,1976.84,1
47,966,ArgoBot,1952.81,1
47,446,Xena,1952.4,1
47,1030,who,1943.49,1
47,517,VeTerran-revived,1932.84,1
47,168,sharkbot,1907.53,1
47,40,SharpenedEdge,1904.96,1
47,510,PhantomBot,1885.59,1
47,732,GPT,1868.85,1
47,338,smallBly,1859.07,1
47,167,TyrT,1854.78,1
47,346,Sharkling,1841.41,1
47,1045,tito,1807.17,1
47,262,whalemean,1803.4,1
47,340,MechaShark,1800.84,1
47,953,ZeratulsRevengeTest,1797.96,1
47,357,12PoolBot,1781.41,1
47,797,WickedBot,1777.79,1
47,901,clone,1759.57,1
47,961,AvocaDOS,1751.65,1
47,998,LordSuperKing,1745.81,1
47,759,BotTato,1736.43,1
47,718,Mulebot,1727.83,1
47,960,BigDaddy,1707.31,2
47,526,Apidae,1705.98,2
47,1060,WildFire,1695.7,2
47,1058,JimmyBotP,1674.37,2
47,637,72Tortoises,1670.41,2
47,1079,JimmyBotT,1663.5,2
47,518,norman,1657.7,2
47,605,nida,1651.95,2
47,699,Clicadinha,1637.11,2
47,1089,WorkingAsIntended,1628.21,2
47,1054,JimmyBotZ,1623.67,2
47,201,QueenBot,1618.59,2
47,1080,JimmyBot,1602.14,2
47,970,TheLAW,1595.19,2
47,1050,onlyfans,1592.02,2
47,832,muravev,1583.95,2
47,1008,Creepy_canon,1574.87,2
47,1007,SharkGull,1566.2,2
47,858,Crawler,1562.33,2
47,275,Lissy,1555.54,2
47,971,Nothing,1554.19,2
47,827,smokinggunbot,1546.91,2
47,940,Princess-Mika-Test,1515.37,2
47,720,PiG_Bot,1512.41,2
47,1082,Dasyatis,1505.83,2
47,516,27turtles,1474.02,2
47,939,RustyNikolaj,1464.78,2
47,708,Princess-Mika,1449.5,3
47,930,SiriusBot,1433.37,3
47,1081,ArtZerg,1425.38,3
47,943,puck,1424.82,3
47,836,muravevTerran,1419.14,3
47,1044,DoopyBot,1412.76,3
47,1065,MindMatrix,1398.32,3
47,721,49Terrapins,1393.28,3
47,876,GenesisLotus,1385.27,3
47,112,Tyckles,1376.2,3
47,1038,PolyMorph,1373.6,3
47,981,KoB,1330.13,3
47,1023,MY_SCRIPTING_SON,1316.3,3
47,1085,AgoraLord,1310.11,3
47,1042,Creepy_duo_canon,1307.57,3
47,341,gotest,1305.18,3
47,779,oberon,1296.26,3
47,1057,DoopyBot-Test,1293.02,3
47,977,Siriusly,1286.14,3
47,809,PrimordialOrigin,1268.02,3
47,117,Chance,1251.92,3
47,729,Alexa,1237.8,3
47,352,Belzebuth,1178.49,3
47,1078,LoremIpsum,1165.53,3
47,1052,Starlight,1140.74,3
47,1026,WildLupo,1129.62,3
47,1049,TheCatSC2Bot,862.85,3
48,248,Eris,2272.28,1
48,730,Deimos,2145.63,1
48,496,Zozo,2092.19,1
48,115,BenBotBC,2064.6,1
48,446,Xena,1983.52,1
48,49,MicroMachine,1972.91,1
48,966,ArgoBot,1970.62,1
48,517,VeTerran-revived,1944.56,1
48,223,DominionDog,1936.61,1
48,40,SharpenedEdge,1926.47,1
48,1030,who,1920.13,1
48,168,sharkbot,1900.79,1
48,338,smallBly,1867.35,1
48,732,GPT,1835.58,1
48,1045,tito,1834.15,1
48,346,Sharkling,1833.58,1
48,510,PhantomBot,1831.98,1
48,167,TyrT,1825.79,1
48,262,whalemean,1813.73,1
48,340,MechaShark,1810.21,1
48,953,ZeratulsRevengeTest,1805.43,1
48,357,12PoolBot,1802.77,1
48,797,WickedBot,1793.27,1
48,759,BotTato,1789.11,1
48,901,clone,1762.41,1
48,998,LordSuperKing,1740.34,1
48,605,nida,1723.22,1
48,961,AvocaDOS,1716.48,1
48,718,Mulebot,1695.95,2
48,960,BigDaddy,1694.4,2
48,518,norman,1692.47,2
48,1060,WildFire,1689.87,2
48,526,Apidae,1674.88,2
48,1058,JimmyBotP,1664.22,2
48,637,72Tortoises,1652.98,2
48,699,Clicadinha,1640.28,2
48,970,TheLAW,1634.98,2
48,1089,WorkingAsIntended,1629.81,2
48,720,PiG_Bot,1620.43,2
48,201,QueenBot,1607.47,2
48,1079,JimmyBotT,1607.04,2
48,832,muravev,1604.7,2
48,1054,JimmyBotZ,1600.11,2
48,1008,Creepy_canon,1586.22,2
48,1007,SharkGull,1573.41,2
48,971,Nothing,1572.11,2
48,1080,JimmyBot,1570.07,2
48,858,Crawler,1564.59,2
48,827,smokinggunbot,1540.04,2
48,275,Lissy,1538.27,2
48,516,27turtles,1509.05,2
48,1082,Dasyatis,1503.65,2
48,939,RustyNikolaj,1492.81,2
48,1050,onlyfans,1479.38,2
48,930,SiriusBot,1476.38,2
48,940,Princess-Mika-Test,1473.78,3
48,708,Princess-Mika,1440.69,3
48,721,49Terrapins,1422.3,3
48,943,puck,1420.63,3
48,836,muravevTerran,1410.72,3
48,981,KoB,1406.98,3
48,1065,MindMatrix,1404.73,3
48,1044,DoopyBot,1402.55,3
48,1081,ArtZerg,1401.72,3
48,1038,PolyMorph,1392.55,3
48,876,GenesisLotus,1366.02,3
48,341,gotest,1353.01,3
48,1042,Creepy_duo_canon,1343.5,3
48,977,Siriusly,1326.05,3
48,112,Tyckles,1321.63,3
48,1023,MY_SCRIPTING_SON,1291.43,3
48,1057,DoopyBot-Test,1283.13,3
48,809,PrimordialOrigin,1261.66,3
48,779,oberon,1256.17,3
48,1085,AgoraLord,1246.15,3
48,117,Chance,1218.02,3
48,352,Belzebuth,1211.07,3
48,729,Alexa,1204.98,3
48,1078,LoremIpsum,1177.25,3
48,1052,Starlight,1151.87,3
48,1026,WildLupo,1116.44,3
48,1049,TheCatSC2Bot,863.71,3
49,248,Eris,2240.51,1
49,730,Deimos,2148.5,1
49,496,Zozo,2106.31,1
49,115,BenBotBC,2076.49,1
49,49,MicroMachine,1989.79,1
49,966,ArgoBot,1977.96,1
49,1030,who,1953.87,1
49,517,VeTerran-revived,1945.88,1
49,223,DominionDog,1943.2,1
49,168,sharkbot,1898.71,1
49,446,Xena,1875.7,1
49,40,SharpenedEdge,1870.14,1
49,346,Sharkling,1867.32,1
49,167,TyrT,1866.19,1
49,338,smallBly,1850.23,1
49,1045,tito,1847.67,1
49,262,whalemean,1840.54,1
49,510,PhantomBot,1834.28,1
49,732,GPT,1827.17,1
49,953,ZeratulsRevengeTest,1819.43,1
49,759,BotTato,1810.39,1
49,357,12PoolBot,1785.08,1
49,340,MechaShark,1782.36,1
49,797,WickedBot,1768.33,1
49,605,nida,1757.42,1
49,901,clone,1757.21,1
49,961,AvocaDOS,1742.35,1
49,998,LordSuperKing,1732.68,1
49,960,BigDaddy,1718.61,2
49,718,Mulebot,1703.73,2
49,1060,WildFire,1690.48,2
49,518,norman,1681.36,2
49,1058,JimmyBotP,1666.66,2
49,970,TheLAW,1666.06,2
49,637,72Tortoises,1660.43,2
49,832,muravev,1660.1,2
49,201,QueenBot,1633.52,2
49,526,Apidae,1620.64,2
49,1079,JimmyBotT,1615.09,2
49,1008,Creepy_canon,1612.9,2
49,1080,JimmyBot,1607.11,2
49,1007,SharkGull,1599.43,2
49,1089,WorkingAsIntended,1598.99,2
49,275,Lissy,1583.71,2
49,699,Clicadinha,1582.22,2
49,827,smokinggunbot,1575.32,2
49,720,PiG_Bot,1560.51,2
49,1054,JimmyBotZ,1559.08,2
49,1082,Dasyatis,1545.82,2
49,971,Nothing,1542.11,2
49,858,Crawler,1522.21,2
49,1050,onlyfans,1511.22,2
49,516,27turtles,1489.99,2
49,939,RustyNikolaj,1472.19,2
49,708,Princess-Mika,1461.49,2
49,721,49Terrapins,1449.26,3
49,940,Princess-Mika-Test,1441.1,3
49,930,SiriusBot,1436.08,3
49,943,puck,1433.41,3
49,1044,DoopyBot,1432.04,3
49,1065,MindMatrix,1426.72,3
49,1081,ArtZerg,1415.51,3
49,836,muravevTerran,1394.08,3
49,1038,PolyMorph,1385.74,3
49,981,KoB,1378.79,3
49,876,GenesisLotus,1363.05,3
49,112,Tyckles,1342.36,3
49,341,gotest,1339.87,3
49,977,Siriusly,1303.17,3
49,1042,Creepy_duo_canon,1292.33,3
49,1023,MY_SCRIPTING_SON,1292.01,3
49,809,PrimordialOrigin,1284.14,3
49,1057,DoopyBot-Test,1275.65,3
49,1085,AgoraLord,1262.9,3
49,117,Chance,1247.51,3
49,779,oberon,1236.7,3
49,352,Belzebuth,1211.56,3
49,729,Alexa,1180.89,3
49,1052,Starlight,1148.29,3
49,1078,LoremIpsum,1148.29,3
49,1026,WildLupo,1142.16,3
49,1049,TheCatSC2Bot,879.73,3
50,248,Eris,2238.95,1
50,496,Zozo,2112.02,1
50,730,Deimos,2101.84,1
50,115,BenBotBC,2098.7,1
50,49,MicroMachine,1992.6,1
50,1030,who,1971.4,1
50,446,Xena,1961.69,1
50,223,DominionDog,1960.7,1
50,966,ArgoBot,1940.64,1
50,517,VeTerran-revived,1929.93,1
50,40,SharpenedEdge,1925.46,1
50,168,sharkbot,1921.76,1
50,262,whalemean,1873.74,1
50,346,Sharkling,1872.18,1
50,167,TyrT,1863.0,1
50,510,PhantomBot,1834.66,1
50,338,smallBly,1832.56,1
50,1045,tito,1822.42,1
50,732,GPT,1820.62,1
50,953,ZeratulsRevengeTest,1807.38,1
50,759,BotTato,1806.98,1
50,901,clone,1786.38,1
50,961,AvocaDOS,1775.68,1
50,340,MechaShark,1770.1,1
50,357,12PoolBot,1751.49,1
50,797,WickedBot,1749.86,1
50,718,Mulebot,1724.1,1
50,1060,WildFire,1705.2,1
50,605,nida,1699.62,2
50,518,norman,1698.28,2
50,970,TheLAW,1695.87,2
50,1058,JimmyBotP,1694.34,2
50,998,LordSuperKing,1693.34,2
50,637,72Tortoises,1687.11,2
50,960,BigDaddy,1683.37,2
50,699,Clicadinha,1661.34,2
50,1079,JimmyBotT,1661.23,2
50,832,muravev,1632.97,2
50,1080,JimmyBot,1619.57,2
50,526,Apidae,1616.59,2
50,1008,Creepy_canon,1606.06,2
50,201,QueenBot,1603.27,2
50,1007,SharkGull,1602.0,2
50,720,PiG_Bot,1589.42,2
50,1054,JimmyBotZ,1577.14,2
50,1089,WorkingAsIntended,1557.29,2
50,827,smokinggunbot,1556.52,2
50,971,Nothing,1551.83,2
50,275,Lissy,1550.36,2
50,858,Crawler,1519.07,2
50,1050,onlyfans,1500.38,2
50,516,27turtles,1489.54,2
50,939,RustyNikolaj,1483.74,2
50,1082,Dasyatis,1483.49,2
50,930,SiriusBot,1453.44,2
50,721,49Terrapins,1445.59,3
50,1044,DoopyBot,1439.63,3
50,943,puck,1431.99,3
50,1081,ArtZerg,1414.76,3
50,940,Princess-Mika-Test,1413.47,3
50,981,KoB,1405.81,3
50,836,muravevTerran,1397.98,3
50,708,Princess-Mika,1390.9,3
50,1038,PolyMorph,1360.0,3
50,341,gotest,1351.03,3
50,876,GenesisLotus,1342.45,3
50,977,Siriusly,1332.84,3
50,1042,Creepy_duo_canon,1332.21,3
50,1065,MindMatrix,1326.73,3
50,1023,MY_SCRIPTING_SON,1300.37,3
50,809,PrimordialOrigin,1291.2,3
50,1085,AgoraLord,1289.81,3
50,112,Tyckles,1279.29,3
50,1057,DoopyBot-Test,1277.64,3
50,779,oberon,1259.77,3
50,117,Chance,1234.33,3
50,729,Alexa,1209.51,3
50,1052,Starlight,1193.64,3
50,352,Belzebuth,1188.28,3
50,1026,WildLupo,1136.57,3
50,1078,LoremIpsum,1122.21,3
50,1049,TheCatSC2Bot,912.77,3
51,248,Eris,2202.24,1
51,730,Deimos,2098.1,1
51,496,Zozo,2092.85,1
51,115,BenBotBC,2071.92,1
51,1030,who,2028.23,1
51,446,Xena,1985.19,1
51,49,MicroMachine,1984.63,1
51,223,DominionDog,1968.46,1
51,966,ArgoBot,1965.03,1
51,40,SharpenedEdge,1964.0,1
51,517,VeTerran-revived,1935.84,1
51,168,sharkbot,1902.5,1
51,167,TyrT,1882.19,1
51,1045,tito,1864.48,1
51,510,PhantomBot,1859.61,1
51,338,smallBly,1858.45,1
51,346,Sharkling,1840.07,1
51,262,whalemean,1838.4,1
51,732,GPT,1831.54,1
51,357,12PoolBot,1795.46,1
51,759,BotTato,1790.26,1
51,901,clone,1789.29,1
51,961,AvocaDOS,1774.57,1
51,797,WickedBot,1769.63,1
51,718,Mulebot,1729.06,1
51,953,ZeratulsRevengeTest,1723.24,1
51,605,nida,1710.21,1
51,1060,WildFire,1709.11,1
51,998,LordSuperKing,1705.41,2
51,518,norman,1699.74,2
51,340,MechaShark,1697.7,2
51,1079,JimmyBotT,1686.0,2
51,637,72Tortoises,1678.17,2
51,970,TheLAW,1670.08,2
51,960,BigDaddy,1665.52,2
51,526,Apidae,1658.94,2
51,1054,JimmyBotZ,1640.69,2
51,201,QueenBot,1638.93,2
51,1058,JimmyBotP,1633.13,2
51,832,muravev,1618.69,2
51,1008,Creepy_canon,1608.69,2
51,699,Clicadinha,1598.22,2
51,1080,JimmyBot,1590.57,2
51,1007,SharkGull,1586.81,2
51,720,PiG_Bot,1576.1,2
51,827,smokinggunbot,1572.92,2
51,971,Nothing,1556.47,2
51,275,Lissy,1552.33,2
51,939,RustyNikolaj,1552.08,2
51,1089,WorkingAsIntended,1544.6,2
51,858,Crawler,1541.05,2
51,1082,Dasyatis,1486.55,2
51,516,27turtles,1478.25,2
51,1050,onlyfans,1473.11,2
51,930,SiriusBot,1443.92,2
51,943,puck,1435.71,3
51,1044,DoopyBot,1434.44,3
51,708,Princess-Mika,1426.06,3
51,940,Princess-Mika-Test,1406.98,3
51,1081,ArtZerg,1406.52,3
51,836,muravevTerran,1405.36,3
51,981,KoB,1404.09,3
51,721,49Terrapins,1396.09,3
51,1065,MindMatrix,1352.75,3
51,1038,PolyMorph,1350.39,3
51,876,GenesisLotus,1327.57,3
51,1023,MY_SCRIPTING_SON,1322.38,3
51,1042,Creepy_duo_canon,1319.09,3
51,341,gotest,1311.61,3
51,1085,AgoraLord,1298.57,3
51,977,Siriusly,1293.54,3
51,112,Tyckles,1292.82,3
51,779,oberon,1288.73,3
51,117,Chance,1286.54,3
51,1057,DoopyBot-Test,1271.61,3
51,729,Alexa,1230.01,3
51,809,PrimordialOrigin,1220.1,3
51,352,Belzebuth,1192.41,3
51,1078,LoremIpsum,1191.88,3
51,1052,Starlight,1169.26,3
51,1026,WildLupo,1133.49,3
51,1049,TheCatSC2Bot,912.79,3
52,248,Eris,2211.51,1
52,496,Zozo,2113.69,1
52,730,Deimos,2088.1,1
52,115,BenBotBC,2078.77,1
52,49,MicroMachine,2000.78,1
52,1030,who,1984.23,1
52,223,DominionDog,1962.42,1
52,168,sharkbot,1957.13,1
52,446,Xena,1948.78,1
52,40,SharpenedEdge,1934.2,1
52,966,ArgoBot,1917.79,1
52,510,PhantomBot,1897.47,1
52,732,GPT,1895.5,1
52,517,VeTerran-revived,1894.62,1
52,346,Sharkling,1873.4,1
52,167,TyrT,1867.03,1
52,262,whalemean,1852.82,1
52,338,smallBly,1846.81,1
52,1045,tito,1834.18,1
52,759,BotTato,1809.68,1
52,901,clone,1777.49,1
52,357,12PoolBot,1773.05,1
52,961,AvocaDOS,1752.73,1
52,797,WickedBot,1752.71,1
52,953,ZeratulsRevengeTest,1750.97,1
52,605,nida,1735.58,1
52,718,Mulebot,1728.82,1
52,1060,WildFire,1724.28,1
52,637,72Tortoises,1710.09,2
52,518,norman,1702.37,2
52,998,LordSuperKing,1694.24,2
52,526,Apidae,1689.75,2
52,1054,JimmyBotZ,1686.92,2
52,340,MechaShark,1674.43,2
52,1079,JimmyBotT,1665.93,2
52,699,Clicadinha,1647.8,2
52,960,BigDaddy,1643.35,2
52,832,muravev,1633.44,2
52,1007,SharkGull,1630.94,2
52,970,TheLAW,1621.9,2
52,1058,JimmyBotP,1617.6,2
52,201,QueenBot,1615.54,2
52,1008,Creepy_canon,1614.79,2
52,827,smokinggunbot,1604.41,2
52,1080,JimmyBot,1595.4,2
52,720,PiG_Bot,1586.88,2
52,971,Nothing,1566.12,2
52,275,Lissy,1540.76,2
52,1082,Dasyatis,1521.32,2
52,858,Crawler,1516.53,2
52,1050,onlyfans,1510.68,2
52,939,RustyNikolaj,1487.75,2
52,1089,WorkingAsIntended,1483.2,2
52,516,27turtles,1473.89,2
52,943,puck,1433.97,2
52,721,49Terrapins,1433.73,3
52,940,Princess-Mika-Test,1431.45,3
52,930,SiriusBot,1418.66,3
52,836,muravevTerran,1412.04,3
52,708,Princess-Mika,1405.89,3
52,1081,ArtZerg,1402.04,3
52,1038,PolyMorph,1391.23,3
52,981,KoB,1375.4,3
52,1065,MindMatrix,1363.29,3
52,1044,DoopyBot,1345.44,3
52,1085,AgoraLord,1340.27,3
52,1023,MY_SCRIPTING_SON,1330.92,3
52,1042,Creepy_duo_canon,1316.46,3
52,876,GenesisLotus,1312.68,3
52,341,gotest,1301.42,3
52,729,Alexa,1296.4,3
52,977,Siriusly,1296.05,3
52,117,Chance,1282.28,3
52,779,oberon,1275.47,3
52,112,Tyckles,1259.87,3
52,809,PrimordialOrigin,1228.59,3
52,1057,DoopyBot-Test,1219.67,3
52,1078,LoremIpsum,1192.73,3
52,352,Belzebuth,1190.53,3
52,1052,Starlight,1183.04,3
52,1026,WildLupo,1123.91,3
52,1049,TheCatSC2Bot,935.99,3
53,248,Eris,2239.71,1
53,496,Zozo,2102.7,1
53,730,Deimos,2102.39,1
53,115,BenBotBC,2093.64,1
53,49,MicroMachine,2014.58,1
53,223,DominionDog,2000.56,1
53,1030,who,1969.89,1
53,966,ArgoBot,1958.83,1
53,446,Xena,1955.45,1
53,40,SharpenedEdge,1927.78,1
53,517,VeTerran-revived,1926.9,1
53,732,GPT,1926.47,1
53,168,sharkbot,1893.62,1
53,510,PhantomBot,1876.65,1
53,167,TyrT,1858.61,1
53,346,Sharkling,1850.2,1
53,262,whalemean,1832.42,1
53,338,smallBly,1797.45,1
53,1045,tito,1794.85,1
53,901,clone,1794.46,1
53,797,WickedBot,1785.89,1
53,357,12PoolBot,1779.3,1
53,953,ZeratulsRevengeTest,1768.05,1
53,759,BotTato,1768.02,1
53,1060,WildFire,1766.16,1
53,605,nida,1750.26,1
53,998,LordSuperKing,1726.6,1
53,718,Mulebot,1719.9,1
53,961,AvocaDOS,1709.83,2
53,518,norman,1706.62,2
53,340,MechaShark,1691.14,2
53,1054,JimmyBotZ,1679.72,2
53,637,72Tortoises,1668.79,2
53,699,Clicadinha,1664.09,2
53,526,Apidae,1661.34,2
53,832,muravev,1659.69,2
53,1058,JimmyBotP,1651.25,2
53,201,QueenBot,1650.31,2
53,1008,Creepy_canon,1638.62,2
53,720,PiG_Bot,1622.31,2
53,960,BigDaddy,1618.19,2
53,827,smokinggunbot,1616.56,2
53,1079,JimmyBotT,1593.91,2
53,970,TheLAW,1580.52,2
53,275,Lissy,1578.73,2
53,1080,JimmyBot,1575.38,2
53,1089,WorkingAsIntended,1546.47,2
53,971,Nothing,1546.21,2
53,1082,Dasyatis,1534.82,2
53,1007,SharkGull,1527.12,2
53,858,Crawler,1522.13,2
53,516,27turtles,1492.41,2
53,939,RustyNikolaj,1481.8,2
53,943,puck,1471.61,2
53,836,muravevTerran,1464.66,2
53,1050,onlyfans,1463.66,3
53,940,Princess-Mika-Test,1449.85,3
53,708,Princess-Mika,1426.25,3
53,1081,ArtZerg,1414.96,3
53,981,KoB,1414.37,3
53,930,SiriusBot,1399.34,3
53,721,49Terrapins,1398.98,3
53,1038,PolyMorph,1386.79,3
53,876,GenesisLotus,1350.36,3
53,1044,DoopyBot,1346.49,3
53,1042,Creepy_duo_canon,1344.64,3
53,779,oberon,1335.48,3
53,1023,MY_SCRIPTING_SON,1329.97,3
53,1065,MindMatrix,1307.31,3
53,117,Chance,1306.7,3
53,1085,AgoraLord,1305.23,3
53,977,Siriusly,1297.71,3
53,112,Tyckles,1286.2,3
53,729,Alexa,1241.76,3
53,1057,DoopyBot-Test,1221.63,3
53,352,Belzebuth,1220.83,3
53,341,gotest,1220.05,3
53,809,PrimordialOrigin,1219.67,3
53,1052,Starlight,1194.01,3
53,1078,LoremIpsum,1180.83,3
53,1026,WildLupo,1100.27,3
53,1049,TheCatSC2Bot,901.13,3
54,248,Eris,2259.62,1
54,730,Deimos,2165.39,1
54,496,Zozo,2117.54,1
54,115,BenBotBC,2063.25,1
54,49,MicroMachine,2008.01,1
54,223,DominionDog,1998.3,1
54,1030,who,1974.56,1
54,446,Xena,1969.93,1
54,966,ArgoBot,1938.15,1
54,40,SharpenedEdge,1914.26,1
54,517,VeTerran-revived,1898.7,1
54,732,GPT,1875.61,1
54,168,sharkbot,1874.52,1
54,167,TyrT,1864.16,1
54,346,Sharkling,1862.05,1
54,510,PhantomBot,1857.76,1
54,262,whalemean,1845.71,1
54,338,smallBly,1810.04,1
54,357,12PoolBot,1804.4,1
54,901,clone,1803.48,1
54,759,BotTato,1785.13,1
54,1045,tito,1784.06,1
54,797,WickedBot,1775.7,1
54,953,ZeratulsRevengeTest,1766.71,1
54,961,AvocaDOS,1766.63,1
54,1060,WildFire,1766.29,1
54,605,nida,1748.01,1
54,718,Mulebot,1731.56,1
54,340,MechaShark,1729.97,2
54,998,LordSuperKing,1718.4,2
54,637,72Tortoises,1704.14,2
54,518,norman,1703.57,2
54,526,Apidae,1663.85,2
54,1058,JimmyBotP,1654.41,2
54,201,QueenBot,1651.92,2
54,1079,JimmyBotT,1642.46,2
54,832,muravev,1642.3,2
54,960,BigDaddy,1635.62,2
54,699,Clicadinha,1634.44,2
54,827,smokinggunbot,1605.37,2
54,1054,JimmyBotZ,1603.89,2
54,720,PiG_Bot,1596.36,2
54,1080,JimmyBot,1572.62,2
54,275,Lissy,1569.73,2
54,1008,Creepy_canon,1568.62,2
54,971,Nothing,1564.66,2
54,1007,SharkGull,1555.44,2
54,1089,WorkingAsIntended,1553.8,2
54,970,TheLAW,1549.16,2
54,1082,Dasyatis,1543.8,2
54,858,Crawler,1533.56,2
54,516,27turtles,1518.5,2
54,943,puck,1483.34,2
54,930,SiriusBot,1468.82,2
54,1050,onlyfans,1467.36,2
54,836,muravevTerran,1464.18,3
54,939,RustyNikolaj,1441.88,3
54,981,KoB,1428.98,3
54,940,Princess-Mika-Test,1425.53,3
54,1081,ArtZerg,1419.08,3
54,708,Princess-Mika,1386.98,3
54,1038,PolyMorph,1384.39,3
54,1044,DoopyBot,1362.76,3
54,1065,MindMatrix,1352.99,3
54,1085,AgoraLord,1340.7,3
54,721,49Terrapins,1340.42,3
54,876,GenesisLotus,1328.81,3
54,112,Tyckles,1313.89,3
54,779,oberon,1310.97,3
54,1023,MY_SCRIPTING_SON,1300.79,3
54,1042,Creepy_duo_canon,1300.73,3
54,977,Siriusly,1286.04,3
54,1057,DoopyBot-Test,1260.37,3
54,729,Alexa,1245.62,3
54,809,PrimordialOrigin,1226.1,3
54,1078,LoremIpsum,1223.2,3
54,341,gotest,1221.22,3
54,1052,Starlight,1201.63,3
54,352,Belzebuth,1188.2,3
54,117,Chance,1187.24,3
54,1026,WildLupo,1140.37,3
54,1049,TheCatSC2Bot,951.28,3
55,248,Eris,2276.66,1
55,730,Deimos,2145.89,1
55,496,Zozo,2108.01,1
55,115,BenBotBC,2080.5,1
55,1030,who,1992.98,1
55,49,MicroMachine,1986.76,1
55,223,DominionDog,1980.2,1
55,517,VeTerran-revived,1951.87,1
55,446,Xena,1945.07,1
55,966,ArgoBot,1936.84,1
55,168,sharkbot,1908.31,1
55,732,GPT,1907.19,1
55,40,SharpenedEdge,1876.22,1
55,510,PhantomBot,1867.03,1
55,357,12PoolBot,1853.42,1
55,262,whalemean,1852.68,1
55,346,Sharkling,1849.43,1
55,167,TyrT,1839.9,1
55,759,BotTato,1803.19,1
55,1060,WildFire,1800.34,1
55,338,smallBly,1799.21,1
55,797,WickedBot,1794.44,1
55,1045,tito,1786.2,1
55,998,LordSuperKing,1770.31,1
55,961,AvocaDOS,1764.1,1
55,901,clone,1755.67,1
55,340,MechaShark,1731.44,1
55,953,ZeratulsRevengeTest,1729.9,1
55,718,Mulebot,1723.15,2
55,518,norman,1717.27,2
55,605,nida,1714.38,2
55,832,muravev,1665.37,2
55,699,Clicadinha,1651.0,2
55,637,72Tortoises,1648.57,2
55,960,BigDaddy,1642.91,2
55,526,Apidae,1639.46,2
55,1058,JimmyBotP,1636.62,2
55,1080,JimmyBot,1621.57,2
55,201,QueenBot,1620.68,2
55,1079,JimmyBotT,1617.3,2
55,1054,JimmyBotZ,1616.87,2
55,970,TheLAW,1608.47,2
55,1007,SharkGull,1607.19,2
55,971,Nothing,1577.53,2
55,1082,Dasyatis,1568.78,2
55,1008,Creepy_canon,1556.5,2
55,1089,WorkingAsIntended,1556.34,2
55,827,smokinggunbot,1553.88,2
55,275,Lissy,1531.38,2
55,943,puck,1525.4,2
55,720,PiG_Bot,1523.43,2
55,516,27turtles,1520.72,2
55,858,Crawler,1496.64,2
55,930,SiriusBot,1481.61,2
55,981,KoB,1455.35,2
55,1050,onlyfans,1448.84,3
55,1081,ArtZerg,1447.74,3
55,939,RustyNikolaj,1442.23,3
55,940,Princess-Mika-Test,1435.56,3
55,708,Princess-Mika,1416.77,3
55,1065,MindMatrix,1396.87,3
55,836,muravevTerran,1391.06,3
55,1038,PolyMorph,1378.34,3
55,721,49Terrapins,1354.5,3
55,1042,Creepy_duo_canon,1351.86,3
55,1044,DoopyBot,1347.16,3
55,876,GenesisLotus,1327.3,3
55,1085,AgoraLord,1326.52,3
55,1023,MY_SCRIPTING_SON,1309.5,3
55,779,oberon,1305.57,3
55,977,Siriusly,1295.8,3
55,112,Tyckles,1274.21,3
55,1057,DoopyBot-Test,1271.65,3
55,341,gotest,1235.82,3
55,729,Alexa,1235.78,3
55,809,PrimordialOrigin,1225.69,3
55,1078,LoremIpsum,1216.35,3
55,117,Chance,1207.11,3
55,352,Belzebuth,1178.03,3
55,1052,Starlight,1171.54,3
55,1026,WildLupo,1108.25,3
55,1049,TheCatSC2Bot,927.79,3
56,248,Eris,2305.71,1
56,730,Deimos,2161.32,1
56,115,BenBotBC,2099.76,1
56,496,Zozo,2092.77,1
56,49,MicroMachine,2024.31,1
56,1030,who,2011.65,1
56,223,DominionDog,1958.71,1
56,966,ArgoBot,1947.15,1
56,168,sharkbot,1943.3,1
56,517,VeTerran-revived,1936.42,1
56,446,Xena,1935.24,1
56,40,SharpenedEdge,1928.3,1
56,732,GPT,1897.22,1
56,510,PhantomBot,1868.09,1
56,797,WickedBot,1855.12,1
56,346,Sharkling,1831.87,1
56,167,TyrT,1822.4,1
56,338,smallBly,1817.55,1
56,1045,tito,1809.17,1
56,759,BotTato,1806.37,1
56,1060,WildFire,1802.39,1
56,357,12PoolBot,1799.03,1
56,262,whalemean,1784.52,1
56,340,MechaShark,1773.26,1
56,953,ZeratulsRevengeTest,1751.23,1
56,961,AvocaDOS,1749.21,1
56,718,Mulebot,1733.67,1
56,901,clone,1705.19,1
56,518,norman,1690.54,2
56,637,72Tortoises,1688.88,2
56,699,Clicadinha,1680.88,2
56,998,LordSuperKing,1676.5,2
56,1080,JimmyBot,1672.31,2
56,1079,JimmyBotT,1649.78,2
56,526,Apidae,1643.97,2
56,970,TheLAW,1630.46,2
56,605,nida,1629.15,2
56,201,QueenBot,1627.21,2
56,1058,JimmyBotP,1625.45,2
56,832,muravev,1616.42,2
56,960,BigDaddy,1613.34,2
56,1089,WorkingAsIntended,1609.0,2
56,1054,JimmyBotZ,1603.56,2
56,971,Nothing,1600.69,2
56,1007,SharkGull,1591.33,2
56,720,PiG_Bot,1589.45,2
56,275,Lissy,1573.85,2
56,1008,Creepy_canon,1547.87,2
56,827,smokinggunbot,1537.94,2
56,1082,Dasyatis,1537.12,2
56,858,Crawler,1517.12,2
56,1081,ArtZerg,1505.39,2
56,516,27turtles,1501.81,2
56,943,puck,1473.57,2
56,708,Princess-Mika,1456.46,2
56,1050,onlyfans,1454.34,3
56,940,Princess-Mika-Test,1451.16,3
56,981,KoB,1446.75,3
56,930,SiriusBot,1446.26,3
56,939,RustyNikolaj,1416.2,3
56,836,muravevTerran,1403.94,3
56,1044,DoopyBot,1383.09,3
56,1065,MindMatrix,1367.38,3
56,1038,PolyMorph,1353.33,3
56,876,GenesisLotus,1334.58,3
56,1085,AgoraLord,1332.34,3
56,1042,Creepy_duo_canon,1332.22,3
56,1057,DoopyBot-Test,1317.79,3
56,721,49Terrapins,1312.37,3
56,112,Tyckles,1303.39,3
56,1023,MY_SCRIPTING_SON,1278.52,3
56,341,gotest,1272.05,3
56,977,Siriusly,1265.28,3
56,117,Chance,1262.55,3
56,779,oberon,1252.3,3
56,729,Alexa,1231.78,3
56,809,PrimordialOrigin,1218.99,3
56,352,Belzebuth,1179.71,3
56,1052,Starlight,1179.65,3
56,1078,LoremIpsum,1166.02,3
56,1026,WildLupo,1102.9,3
56,1049,TheCatSC2Bot,894.11,3
57,248,Eris,2314.56,1
57,730,Deimos,2133.66,1
57,115,BenBotBC,2110.28,1
57,496,Zozo,2105.39,1
57,1030,who,2014.1,1
57,49,MicroMachine,1994.95,1
57,168,sharkbot,1966.75,1
57,966,ArgoBot,1956.16,1
57,40,SharpenedEdge,1942.49,1
57,223,DominionDog,1919.78,1
57,446,Xena,1892.74,1
57,1045,tito,1873.68,1
57,167,TyrT,1858.17,1
57,517,VeTerran-revived,1856.74,1
57,338,smallBly,1850.12,1
57,732,GPT,1846.16,1
57,797,WickedBot,1844.89,1
57,346,Sharkling,1844.1,1
57,510,PhantomBot,1843.35,1
57,262,whalemean,1813.48,1
57,357,12PoolBot,1802.88,1
57,759,BotTato,1792.47,1
57,961,AvocaDOS,1784.86,1
57,1060,WildFire,1769.8,1
57,953,ZeratulsRevengeTest,1767.55,1
57,340,MechaShark,1766.49,1
57,901,clone,1754.68,1
57,718,Mulebot,1730.64,1
57,518,norman,1706.0,2
57,998,LordSuperKing,1691.13,2
57,1080,JimmyBot,1677.68,2
57,699,Clicadinha,1675.21,2
57,960,BigDaddy,1664.71,2
57,526,Apidae,1656.9,2
57,1054,JimmyBotZ,1639.58,2
57,637,72Tortoises,1634.29,2
57,1058,JimmyBotP,1631.94,2
57,1089,WorkingAsIntended,1631.77,2
57,970,TheLAW,1626.57,2
57,201,QueenBot,1618.53,2
57,1079,JimmyBotT,1617.29,2
57,275,Lissy,1616.24,2
57,605,nida,1611.1,2
57,832,muravev,1608.62,2
57,1008,Creepy_canon,1580.63,2
57,720,PiG_Bot,1578.65,2
57,827,smokinggunbot,1563.62,2
57,1007,SharkGull,1562.16,2
57,971,Nothing,1549.3,2
57,1082,Dasyatis,1520.11,2
57,858,Crawler,1517.82,2
57,943,puck,1505.6,2
57,1081,ArtZerg,1481.21,2
57,516,27turtles,1478.81,2
57,939,RustyNikolaj,1458.3,2
57,708,Princess-Mika,1444.63,3
57,940,Princess-Mika-Test,1442.23,3
57,1050,onlyfans,1442.22,3
57,981,KoB,1432.72,3
57,836,muravevTerran,1425.34,3
57,930,SiriusBot,1424.97,3
57,1044,DoopyBot,1390.76,3
57,1038,PolyMorph,1377.02,3
57,1065,MindMatrix,1365.24,3
57,1042,Creepy_duo_canon,1358.76,3
57,1057,DoopyBot-Test,1327.54,3
57,876,GenesisLotus,1324.42,3
57,1023,MY_SCRIPTING_SON,1305.37,3
57,112,Tyckles,1297.22,3
57,977,Siriusly,1296.27,3
57,721,49Terrapins,1293.5,3
57,1085,AgoraLord,1293.38,3
57,117,Chance,1286.89,3
57,779,oberon,1235.96,3
57,341,gotest,1235.92,3
57,729,Alexa,1233.54,3
57,809,PrimordialOrigin,1203.81,3
57,1078,LoremIpsum,1187.24,3
57,352,Belzebuth,1171.87,3
57,1052,Starlight,1141.59,3
57,1026,WildLupo,1107.02,3
57,1049,TheCatSC2Bot,899.9,3
58,248,Eris,2277.71,1
58,730,Deimos,2156.44,1
58,496,Zozo,2079.16,1
58,49,MicroMachine,2054.92,1
58,115,BenBotBC,2038.88,1
58,1030,who,1989.04,1
58,40,SharpenedEdge,1952.58,1
58,966,ArgoBot,1949.87,1
58,168,sharkbot,1945.78,1
58,223,DominionDog,1926.04,1
58,167,TyrT,1898.98,1
58,510,PhantomBot,1893.76,1
58,446,Xena,1881.11,1
58,797,WickedBot,1879.81,1
58,346,Sharkling,1870.16,1
58,1045,tito,1864.54,1
58,517,VeTerran-revived,1849.66,1
58,262,whalemean,1830.23,1
58,338,smallBly,1828.36,1
58,340,MechaShark,1817.2,1
58,732,GPT,1816.45,1
58,357,12PoolBot,1794.75,1
58,953,ZeratulsRevengeTest,1794.59,1
58,759,BotTato,1790.08,1
58,961,AvocaDOS,1770.21,1
58,901,clone,1744.34,1
58,1060,WildFire,1739.66,1
58,718,Mulebot,1716.63,1
58,1080,JimmyBot,1709.22,2
58,526,Apidae,1706.57,2
58,960,BigDaddy,1690.85,2
58,998,LordSuperKing,1689.15,2
58,970,TheLAW,1678.15,2
58,518,norman,1659.05,2
58,699,Clicadinha,1651.52,2
58,637,72Tortoises,1649.7,2
58,605,nida,1649.46,2
58,1058,JimmyBotP,1631.07,2
58,1054,JimmyBotZ,1624.12,2
58,1079,JimmyBotT,1618.68,2
58,201,QueenBot,1615.72,2
58,1089,WorkingAsIntended,1593.74,2
58,832,muravev,1593.68,2
58,1007,SharkGull,1591.64,2
58,720,PiG_Bot,1588.68,2
58,1008,Creepy_canon,1587.16,2
58,275,Lissy,1563.63,2
58,827,smokinggunbot,1545.04,2
58,1082,Dasyatis,1531.2,2
58,971,Nothing,1513.8,2
58,943,puck,1507.93,2
58,516,27turtles,1493.47,2
58,1081,ArtZerg,1479.76,2
58,939,RustyNikolaj,1471.94,2
58,858,Crawler,1468.8,2
58,1050,onlyfans,1465.78,3
58,708,Princess-Mika,1440.4,3
58,836,muravevTerran,1429.67,3
58,981,KoB,1424.36,3
58,930,SiriusBot,1416.59,3
58,1065,MindMatrix,1412.68,3
58,1038,PolyMorph,1405.61,3
58,940,Princess-Mika-Test,1393.88,3
58,1044,DoopyBot,1369.1,3
58,876,GenesisLotus,1355.24,3
58,977,Siriusly,1320.67,3
58,1042,Creepy_duo_canon,1318.39,3
58,117,Chance,1303.28,3
58,721,49Terrapins,1301.05,3
58,1023,MY_SCRIPTING_SON,1298.92,3
58,1085,AgoraLord,1293.45,3
58,112,Tyckles,1283.18,3
58,1057,DoopyBot-Test,1270.14,3
58,341,gotest,1248.15,3
58,779,oberon,1234.27,3
58,729,Alexa,1228.65,3
58,352,Belzebuth,1221.47,3
58,809,PrimordialOrigin,1209.61,3
58,1078,LoremIpsum,1187.59,3
58,1052,Starlight,1139.23,3
58,1026,WildLupo,1096.97,3
58,1049,TheCatSC2Bot,877.0,3
59,248,Eris,2292.1,1
59,730,Deimos,2110.81,1
59,496,Zozo,2101.65,1
59,49,MicroMachine,2057.62,1
59,115,BenBotBC,2002.6,1
59,966,ArgoBot,1983.08,1
59,1030,who,1974.39,1
59,223,DominionDog,1967.14,1
59,168,sharkbot,1950.65,1
59,40,SharpenedEdge,1946.37,1
59,510,PhantomBot,1902.72,1
59,446,Xena,1893.13,1
59,167,TyrT,1892.27,1
59,1045,tito,1870.01,1
59,517,VeTerran-revived,1869.89,1
59,346,Sharkling,1867.63,1
59,338,smallBly,1839.12,1
59,797,WickedBot,1833.58,1
59,732,GPT,1826.76,1
59,262,whalemean,1817.67,1
59,953,ZeratulsRevengeTest,1807.41,1
59,901,clone,1791.3,1
59,357,12PoolBot,1785.13,1
59,340,MechaShark,1778.38,1
59,961,AvocaDOS,1759.64,1
59,759,BotTato,1754.46,1
59,1060,WildFire,1746.74,1
59,526,Apidae,1735.4,1
59,718,Mulebot,1728.68,2
59,998,LordSuperKing,1719.6,2
59,1080,JimmyBot,1719.14,2
59,970,TheLAW,1705.75,2
59,637,72Tortoises,1689.99,2
59,605,nida,1675.51,2
59,699,Clicadinha,1656.61,2
59,960,BigDaddy,1647.34,2
59,1054,JimmyBotZ,1633.94,2
59,1079,JimmyBotT,1628.85,2
59,1058,JimmyBotP,1623.06,2
59,1089,WorkingAsIntended,1617.71,2
59,720,PiG_Bot,1602.76,2
59,518,norman,1601.84,2
59,1007,SharkGull,1590.28,2
59,201,QueenBot,1585.71,2
59,1008,Creepy_canon,1580.66,2
59,832,muravev,1576.02,2
59,827,smokinggunbot,1572.29,2
59,275,Lissy,1542.3,2
59,1082,Dasyatis,1535.33,2
59,971,Nothing,1519.15,2
59,516,27turtles,1500.5,2
59,858,Crawler,1491.96,2
59,1050,onlyfans,1490.25,2
59,1081,ArtZerg,1482.91,2
59,943,puck,1460.31,2
59,708,Princess-Mika,1459.82,3
59,930,SiriusBot,1453.99,3
59,836,muravevTerran,1420.57,3
59,981,KoB,1409.83,3
59,939,RustyNikolaj,1408.8,3
59,940,Princess-Mika-Test,1402.42,3
59,1038,PolyMorph,1402.02,3
59,1065,MindMatrix,1383.75,3
59,1044,DoopyBot,1353.42,3
59,341,gotest,1328.6,3
59,1023,MY_SCRIPTING_SON,1319.55,3
59,112,Tyckles,1314.92,3
59,1085,AgoraLord,1314.07,3
59,876,GenesisLotus,1306.08,3
59,1057,DoopyBot-Test,1305.79,3
59,1042,Creepy_duo_canon,1295.17,3
59,721,49Terrapins,1277.85,3
59,977,Siriusly,1264.02,3
59,809,PrimordialOrigin,1257.23,3
59,117,Chance,1235.42,3
59,352,Belzebuth,1215.66,3
59,779,oberon,1193.47,3
59,729,Alexa,1191.3,3
59,1052,Starlight,1185.21,3
59,1078,LoremIpsum,1176.29,3
59,1026,WildLupo,1107.44,3
59,1049,TheCatSC2Bot,881.19,3
60,248,Eris,2331.17,1
60,496,Zozo,2136.47,1
60,730,Deimos,2105.04,1
60,49,MicroMachine,2043.97,1
60,966,ArgoBot,2003.07,1
60,115,BenBotBC,1996.41,1
60,1030,who,1972.14,1
60,168,sharkbot,1968.32,1
60,40,SharpenedEdge,1952.31,1
60,446,Xena,1937.61,1
60,223,DominionDog,1928.5,1
60,517,VeTerran-revived,1891.28,1
60,167,TyrT,1887.89,1
60,510,PhantomBot,1874.36,1
60,797,WickedBot,1854.6,1
60,1045,tito,1851.39,1
60,338,smallBly,1850.82,1
60,262,whalemean,1844.32,1
60,346,Sharkling,1841.37,1
60,732,GPT,1836.39,1
60,340,MechaShark,1800.26,1
60,357,12PoolBot,1780.99,1
60,759,BotTato,1770.98,1
60,901,clone,1761.74,1
60,961,AvocaDOS,1750.28,1
60,953,ZeratulsRevengeTest,1748.83,1
60,1060,WildFire,1737.84,1
60,605,nida,1733.18,1
60,718,Mulebot,1727.03,2
60,526,Apidae,1699.31,2
60,1080,JimmyBot,1694.77,2
60,637,72Tortoises,1686.5,2
60,998,LordSuperKing,1680.12,2
60,699,Clicadinha,1676.12,2
60,970,TheLAW,1672.45,2
60,1054,JimmyBotZ,1639.84,2
60,201,QueenBot,1618.92,2
60,1089,WorkingAsIntended,1611.53,2
60,960,BigDaddy,1606.16,2
60,518,norman,1605.53,2
60,1058,JimmyBotP,1604.85,2
60,1008,Creepy_canon,1603.17,2
60,720,PiG_Bot,1603.04,2
60,832,muravev,1598.73,2
60,1079,JimmyBotT,1593.38,2
60,1007,SharkGull,1582.79,2
60,1082,Dasyatis,1557.92,2
60,516,27turtles,1555.83,2
60,827,smokinggunbot,1550.06,2
60,971,Nothing,1539.92,2
60,275,Lissy,1514.13,2
60,1081,ArtZerg,1513.89,2
60,858,Crawler,1509.03,2
60,708,Princess-Mika,1489.36,2
60,1050,onlyfans,1475.43,2
60,940,Princess-Mika-Test,1457.51,3
60,930,SiriusBot,1445.34,3
60,943,puck,1424.15,3
60,939,RustyNikolaj,1420.55,3
60,1065,MindMatrix,1412.17,3
60,836,muravevTerran,1408.15,3
60,1038,PolyMorph,1394.57,3
60,981,KoB,1362.48,3
60,1044,DoopyBot,1359.32,3
60,876,GenesisLotus,1310.79,3
60,721,49Terrapins,1308.86,3
60,1085,AgoraLord,1301.54,3
60,341,gotest,1301.04,3
60,1042,Creepy_duo_canon,1299.97,3
60,112,Tyckles,1295.35,3
60,1023,MY_SCRIPTING_SON,1292.73,3
60,977,Siriusly,1255.54,3
60,1057,DoopyBot-Test,1254.68,3
60,729,Alexa,1246.12,3
60,352,Belzebuth,1236.03,3
60,809,PrimordialOrigin,1216.82,3
60,117,Chance,1214.54,3
60,779,oberon,1211.38,3
60,1078,LoremIpsum,1174.17,3
60,1052,Starlight,1160.66,3
60,1026,WildLupo,1120.02,3
60,1049,TheCatSC2Bot,914.22,3
61,248,Eris,2334.47,1
61,496,Zozo,2162.06,1
61,730,Deimos,2127.8,1
61,49,MicroMachine,2048.01,1
61,115,BenBotBC,2030.76,1
61,966,ArgoBot,2018.34,1
61,40,SharpenedEdge,2017.48,1
61,1030,who,1919.65,1
61,223,DominionDog,1913.67,1
61,167,TyrT,1903.92,1
61,446,Xena,1902.26,1
61,517,VeTerran-revived,1892.4,1
61,168,sharkbot,1887.39,1
61,732,GPT,1869.7,1
61,510,PhantomBot,1866.93,1
61,346,Sharkling,1859.09,1
61,338,smallBly,1853.86,1
61,262,whalemean,1848.96,1
61,340,MechaShark,1825.37,1
61,1045,tito,1816.46,1
61,797,WickedBot,1815.67,1
61,357,12PoolBot,1809.27,1
61,961,AvocaDOS,1808.8,1
61,759,BotTato,1787.79,1
61,605,nida,1734.0,1
61,901,clone,1724.61,1
61,718,Mulebot,1724.23,1
61,953,ZeratulsRevengeTest,1723.76,1
61,998,LordSuperKing,1713.93,2
61,1060,WildFire,1689.03,2
61,1079,JimmyBotT,1669.29,2
61,1080,JimmyBot,1656.88,2
61,637,72Tortoises,1653.35,2
61,1008,Creepy_canon,1646.88,2
61,526,Apidae,1642.99,2
61,1089,WorkingAsIntended,1638.6,2
61,518,norman,1638.25,2
61,960,BigDaddy,1631.32,2
61,1058,JimmyBotP,1628.49,2
61,699,Clicadinha,1627.51,2
61,201,QueenBot,1625.27,2
61,720,PiG_Bot,1623.36,2
61,832,muravev,1622.61,2
61,970,TheLAW,1615.84,2
61,516,27turtles,1580.42,2
61,827,smokinggunbot,1567.64,2
61,971,Nothing,1566.33,2
61,1054,JimmyBotZ,1551.13,2
61,1007,SharkGull,1539.11,2
61,275,Lissy,1520.66,2
61,708,Princess-Mika,1519.07,2
61,1050,onlyfans,1517.57,2
61,858,Crawler,1500.98,2
61,1082,Dasyatis,1498.78,2
61,1081,ArtZerg,1489.3,2
61,930,SiriusBot,1464.86,3
61,940,Princess-Mika-Test,1445.85,3
61,1065,MindMatrix,1436.76,3
61,836,muravevTerran,1415.3,3
61,939,RustyNikolaj,1412.17,3
61,1038,PolyMorph,1408.13,3
61,1044,DoopyBot,1375.25,3
61,943,puck,1367.49,3
61,981,KoB,1343.2,3
61,876,GenesisLotus,1337.35,3
61,1042,Creepy_duo_canon,1329.81,3
61,341,gotest,1327.01,3
61,721,49Terrapins,1310.73,3
61,1023,MY_SCRIPTING_SON,1296.7,3
61,1057,DoopyBot-Test,1287.34,3
61,112,Tyckles,1278.67,3
61,1085,AgoraLord,1266.24,3
61,729,Alexa,1256.89,3
61,352,Belzebuth,1236.52,3
61,977,Siriusly,1235.75,3
61,117,Chance,1223.25,3
61,779,oberon,1222.22,3
61,809,PrimordialOrigin,1214.68,3
61,1078,LoremIpsum,1150.28,3
61,1052,Starlight,1134.6,3
61,1026,WildLupo,1110.61,3
61,1049,TheCatSC2Bot,911.02,3
62,248,Eris,2338.85,1
62,730,Deimos,2167.04,1
62,496,Zozo,2142.03,1
62,966,ArgoBot,2036.12,1
62,115,BenBotBC,2033.85,1
62,40,SharpenedEdge,2008.61,1
62,49,MicroMachine,2001.46,1
62,167,TyrT,1951.96,1
62,168,sharkbot,1945.99,1
62,223,DominionDog,1941.21,1
62,446,Xena,1936.69,1
62,1030,who,1904.23,1
62,338,smallBly,1899.07,1
62,517,VeTerran-revived,1899.01,1
62,346,Sharkling,1876.7,1
62,732,GPT,1846.09,1
62,797,WickedBot,1835.98,1
62,510,PhantomBot,1833.36,1
62,357,12PoolBot,1827.0,1
62,1045,tito,1815.32,1
62,262,whalemean,1803.72,1
62,340,MechaShark,1793.63,1
62,718,Mulebot,1781.49,1
62,961,AvocaDOS,1775.16,1
62,759,BotTato,1718.54,1
62,953,ZeratulsRevengeTest,1718.42,1
62,998,LordSuperKing,1703.39,1
62,901,clone,1703.23,1
62,605,nida,1691.95,2
62,1060,WildFire,1689.76,2
62,1079,JimmyBotT,1682.74,2
62,637,72Tortoises,1664.44,2
62,960,BigDaddy,1664.35,2
62,518,norman,1658.89,2
62,720,PiG_Bot,1654.67,2
62,201,QueenBot,1638.97,2
62,526,Apidae,1638.88,2
62,1080,JimmyBot,1629.77,2
62,970,TheLAW,1628.01,2
62,1008,Creepy_canon,1624.65,2
62,1058,JimmyBotP,1616.86,2
62,699,Clicadinha,1582.67,2
62,827,smokinggunbot,1581.1,2
62,1054,JimmyBotZ,1580.77,2
62,1089,WorkingAsIntended,1579.79,2
62,832,muravev,1574.95,2
62,516,27turtles,1572.5,2
62,1007,SharkGull,1570.85,2
62,275,Lissy,1549.39,2
62,971,Nothing,1540.57,2
62,1082,Dasyatis,1538.93,2
62,858,Crawler,1527.34,2
62,1081,ArtZerg,1519.81,2
62,1050,onlyfans,1490.62,2
62,708,Princess-Mika,1469.92,2
62,930,SiriusBot,1455.26,3
62,940,Princess-Mika-Test,1453.08,3
62,939,RustyNikolaj,1440.01,3
62,943,puck,1422.77,3
62,836,muravevTerran,1418.28,3
62,1065,MindMatrix,1411.5,3
62,1038,PolyMorph,1382.58,3
62,1044,DoopyBot,1380.93,3
62,981,KoB,1345.02,3
62,721,49Terrapins,1332.82,3
62,876,GenesisLotus,1327.81,3
62,1085,AgoraLord,1313.19,3
62,1042,Creepy_duo_canon,1311.32,3
62,341,gotest,1306.56,3
62,977,Siriusly,1300.32,3
62,112,Tyckles,1283.28,3
62,1023,MY_SCRIPTING_SON,1276.35,3
62,1057,DoopyBot-Test,1274.21,3
62,729,Alexa,1245.3,3
62,117,Chance,1236.1,3
62,779,oberon,1212.66,3
62,809,PrimordialOrigin,1209.57,3
62,352,Belzebuth,1182.4,3
62,1078,LoremIpsum,1150.28,3
62,1026,WildLupo,1136.72,3
62,1052,Starlight,1112.5,3
62,1049,TheCatSC2Bot,877.88,3
63,248,Eris,2340.44,1
63,730,Deimos,2155.88,1
63,496,Zozo,2126.26,1
63,115,BenBotBC,2099.97,1
63,966,ArgoBot,2058.06,1
63,49,MicroMachine,2002.7,1
63,40,SharpenedEdge,1987.46,1
63,1030,who,1969.59,1
63,446,Xena,1963.38,1
63,167,TyrT,1952.53,1
63,223,DominionDog,1935.98,1
63,168,sharkbot,1924.6,1
63,517,VeTerran-revived,1922.57,1
63,732,GPT,1880.51,1
63,346,Sharkling,1859.43,1
63,338,smallBly,1837.38,1
63,357,12PoolBot,1836.86,1
63,510,PhantomBot,1824.37,1
63,262,whalemean,1811.78,1
63,1045,tito,1806.28,1
63,718,Mulebot,1794.42,1
63,961,AvocaDOS,1793.62,1
63,797,WickedBot,1772.89,1
63,340,MechaShark,1763.35,1
63,605,nida,1761.12,1
63,901,clone,1719.66,1
63,759,BotTato,1713.44,1
63,953,ZeratulsRevengeTest,1708.72,1
63,526,Apidae,1694.52,2
63,1079,JimmyBotT,1677.54,2
63,998,LordSuperKing,1676.03,2
63,1060,WildFire,1662.24,2
63,960,BigDaddy,1655.93,2
63,699,Clicadinha,1643.32,2
63,1058,JimmyBotP,1642.57,2
63,518,norman,1641.85,2
63,970,TheLAW,1631.71,2
63,637,72Tortoises,1615.37,2
63,1080,JimmyBot,1610.01,2
63,201,QueenBot,1608.41,2
63,720,PiG_Bot,1607.7,2
63,1007,SharkGull,1592.99,2
63,275,Lissy,1591.69,2
63,971,Nothing,1588.73,2
63,1054,JimmyBotZ,1587.87,2
63,516,27turtles,1587.42,2
63,1008,Creepy_canon,1582.56,2
63,827,smokinggunbot,1559.76,2
63,1089,WorkingAsIntended,1555.59,2
63,832,muravev,1540.74,2
63,1050,onlyfans,1539.74,2
63,1081,ArtZerg,1513.72,2
63,858,Crawler,1506.46,2
63,708,Princess-Mika,1501.08,2
63,1082,Dasyatis,1462.5,2
63,939,RustyNikolaj,1460.76,3
63,836,muravevTerran,1453.43,3
63,930,SiriusBot,1426.46,3
63,940,Princess-Mika-Test,1418.38,3
63,1044,DoopyBot,1408.82,3
63,943,puck,1394.83,3
63,1038,PolyMorph,1379.05,3
63,981,KoB,1354.0,3
63,977,Siriusly,1351.7,3
63,1065,MindMatrix,1347.73,3
63,876,GenesisLotus,1346.49,3
63,1085,AgoraLord,1336.79,3
63,721,49Terrapins,1323.96,3
63,1023,MY_SCRIPTING_SON,1318.67,3
63,341,gotest,1301.26,3
63,117,Chance,1290.27,3
63,112,Tyckles,1263.84,3
63,729,Alexa,1258.72,3
63,1042,Creepy_duo_canon,1254.46,3
63,809,PrimordialOrigin,1252.43,3
63,1057,DoopyBot-Test,1212.35,3
63,779,oberon,1211.19,3
63,352,Belzebuth,1199.14,3
63,1052,Starlight,1146.95,3
63,1078,LoremIpsum,1132.16,3
63,1026,WildLupo,1081.62,3
63,1049,TheCatSC2Bot,873.2,3
64,248,Eris,2327.15,1
64,730,Deimos,2182.31,1
64,115,BenBotBC,2096.1,1
64,496,Zozo,2090.51,1
64,966,ArgoBot,2050.11,1
64,1030,who,2003.81,1
64,49,MicroMachine,1989.86,1
64,446,Xena,1972.2,1
64,168,sharkbot,1943.59,1
64,732,GPT,1935.83,1
64,167,TyrT,1934.06,1
64,517,VeTerran-revived,1929.77,1
64,40,SharpenedEdge,1913.91,1
64,223,DominionDog,1891.53,1
64,346,Sharkling,1877.1,1
64,262,whalemean,1861.42,1
64,338,smallBly,1856.23,1
64,340,MechaShark,1839.37,1
64,510,PhantomBot,1830.15,1
64,1045,tito,1811.85,1
64,357,12PoolBot,1802.24,1
64,961,AvocaDOS,1800.85,1
64,759,BotTato,1760.18,1
64,718,Mulebot,1752.87,1
64,797,WickedBot,1748.26,1
64,953,ZeratulsRevengeTest,1717.2,1
64,605,nida,1706.69,1
64,960,BigDaddy,1699.2,1
64,901,clone,1698.1,2
64,1060,WildFire,1689.96,2
64,526,Apidae,1688.82,2
64,1058,JimmyBotP,1685.03,2
64,970,TheLAW,1680.97,2
64,518,norman,1673.86,2
64,998,LordSuperKing,1663.32,2
64,1079,JimmyBotT,1644.57,2
64,637,72Tortoises,1623.53,2
64,699,Clicadinha,1621.45,2
64,201,QueenBot,1609.94,2
64,1007,SharkGull,1593.71,2
64,971,Nothing,1590.89,2
64,720,PiG_Bot,1589.09,2
64,275,Lissy,1584.81,2
64,1080,JimmyBot,1573.82,2
64,832,muravev,1573.29,2
64,1054,JimmyBotZ,1566.93,2
64,1008,Creepy_canon,1563.2,2
64,1081,ArtZerg,1550.61,2
64,1089,WorkingAsIntended,1542.72,2
64,516,27turtles,1541.21,2
64,827,smokinggunbot,1538.64,2
64,1082,Dasyatis,1515.36,2
64,708,Princess-Mika,1513.81,2
64,858,Crawler,1502.87,2
64,930,SiriusBot,1458.55,2
64,1050,onlyfans,1456.45,3
64,836,muravevTerran,1442.29,3
64,1044,DoopyBot,1417.48,3
64,940,Princess-Mika-Test,1409.31,3
64,939,RustyNikolaj,1402.84,3
64,943,puck,1372.93,3
64,981,KoB,1345.99,3
64,721,49Terrapins,1344.54,3
64,876,GenesisLotus,1342.74,3
64,1038,PolyMorph,1339.08,3
64,1023,MY_SCRIPTING_SON,1328.99,3
64,1085,AgoraLord,1328.33,3
64,977,Siriusly,1324.38,3
64,1042,Creepy_duo_canon,1308.02,3
64,1057,DoopyBot-Test,1288.41,3
64,1065,MindMatrix,1284.68,3
64,117,Chance,1275.59,3
64,779,oberon,1274.62,3
64,112,Tyckles,1254.49,3
64,341,gotest,1253.96,3
64,729,Alexa,1252.81,3
64,809,PrimordialOrigin,1245.42,3
64,352,Belzebuth,1226.65,3
64,1052,Starlight,1176.82,3
64,1078,LoremIpsum,1121.36,3
64,1026,WildLupo,1106.71,3
64,1049,TheCatSC2Bot,871.68,3
65,248,Eris,2333.59,1
65,730,Deimos,2166.14,1
65,496,Zozo,2063.51,1
65,115,BenBotBC,2045.43,1
65,49,MicroMachine,2027.91,1
65,966,ArgoBot,2001.49,1
65,446,Xena,1994.18,1
65,1030,who,1985.46,1
65,168,sharkbot,1943.47,1
65,346,Sharkling,1914.08,1
65,510,PhantomBot,1909.85,1
65,167,TyrT,1908.88,1
65,517,VeTerran-revived,1907.97,1
65,223,DominionDog,1907.7,1
65,732,GPT,1905.35,1
65,262,whalemean,1884.55,1
65,40,SharpenedEdge,1872.23,1
65,338,smallBly,1850.65,1
65,1045,tito,1845.9,1
65,961,AvocaDOS,1826.92,1
65,340,MechaShark,1815.09,1
65,953,ZeratulsRevengeTest,1806.77,1
65,357,12PoolBot,1805.42,1
65,759,BotTato,1758.73,1
65,797,WickedBot,1752.42,1
65,605,nida,1735.62,1
65,518,norman,1689.87,1
65,960,BigDaddy,1687.02,1
65,998,LordSuperKing,1681.81,2
65,901,clone,1681.26,2
65,526,Apidae,1680.58,2
65,637,72Tortoises,1673.86,2
65,1060,WildFire,1670.83,2
65,1079,JimmyBotT,1668.97,2
65,718,Mulebot,1668.01,2
65,1008,Creepy_canon,1664.74,2
65,1058,JimmyBotP,1653.0,2
65,970,TheLAW,1640.37,2
65,699,Clicadinha,1621.99,2
65,201,QueenBot,1612.81,2
65,1054,JimmyBotZ,1611.53,2
65,275,Lissy,1583.97,2
65,832,muravev,1583.59,2
65,720,PiG_Bot,1580.87,2
65,1080,JimmyBot,1555.69,2
65,1082,Dasyatis,1554.94,2
65,1007,SharkGull,1554.05,2
65,971,Nothing,1553.9,2
65,858,Crawler,1551.26,2
65,1081,ArtZerg,1537.08,2
65,827,smokinggunbot,1518.99,2
65,516,27turtles,1509.95,2
65,1089,WorkingAsIntended,1505.18,2
65,708,Princess-Mika,1487.66,2
65,930,SiriusBot,1450.28,2
65,836,muravevTerran,1425.02,3
65,939,RustyNikolaj,1411.58,3
65,1044,DoopyBot,1410.56,3
65,1038,PolyMorph,1392.19,3
65,1050,onlyfans,1390.55,3
65,940,Princess-Mika-Test,1382.87,3
65,981,KoB,1381.28,3
65,943,puck,1377.91,3
65,721,49Terrapins,1376.81,3
65,876,GenesisLotus,1344.7,3
65,1065,MindMatrix,1317.43,3
65,1085,AgoraLord,1315.72,3
65,1042,Creepy_duo_canon,1312.1,3
65,117,Chance,1309.08,3
65,341,gotest,1291.83,3
65,1057,DoopyBot-Test,1291.31,3
65,1023,MY_SCRIPTING_SON,1289.88,3
65,977,Siriusly,1286.11,3
65,112,Tyckles,1258.45,3
65,729,Alexa,1247.24,3
65,779,oberon,1244.97,3
65,809,PrimordialOrigin,1208.78,3
65,352,Belzebuth,1194.7,3
65,1052,Starlight,1186.79,3
65,1026,WildLupo,1145.96,3
65,1078,LoremIpsum,1132.97,3
65,1049,TheCatSC2Bot,869.79,3
66,248,Eris,2294.46,1
66,730,Deimos,2193.53,1
66,496,Zozo,2099.63,1
66,115,BenBotBC,2094.82,1
66,49,MicroMachine,2057.2,1
66,446,Xena,1982.74,1
66,966,ArgoBot,1980.74,1
66,1030,who,1976.92,1
66,168,sharkbot,1951.83,1
66,517,VeTerran-revived,1939.6,1
66,223,DominionDog,1922.45,1
66,40,SharpenedEdge,1912.84,1
66,167,TyrT,1911.01,1
66,732,GPT,1898.48,1
66,262,whalemean,1886.65,1
66,510,PhantomBot,1881.9,1
66,346,Sharkling,1868.5,1
66,338,smallBly,1860.83,1
66,357,12PoolBot,1843.28,1
66,1045,tito,1838.15,1
66,961,AvocaDOS,1808.29,1
66,797,WickedBot,1784.02,1
66,340,MechaShark,1778.89,1
66,759,BotTato,1773.13,1
66,953,ZeratulsRevengeTest,1769.72,1
66,1058,JimmyBotP,1727.6,1
66,901,clone,1689.77,1
66,718,Mulebot,1688.36,1
66,518,norman,1685.01,2
66,970,TheLAW,1683.33,2
66,960,BigDaddy,1676.43,2
66,605,nida,1675.17,2
66,526,Apidae,1666.95,2
66,998,LordSuperKing,1657.03,2
66,1060,WildFire,1655.2,2
66,637,72Tortoises,1652.4,2
66,720,PiG_Bot,1624.17,2
66,1079,JimmyBotT,1623.91,2
66,1008,Creepy_canon,1617.04,2
66,699,Clicadinha,1606.5,2
66,1054,JimmyBotZ,1600.81,2
66,832,muravev,1598.97,2
66,1080,JimmyBot,1598.74,2
66,275,Lissy,1584.04,2
66,201,QueenBot,1571.41,2
66,516,27turtles,1567.06,2
66,971,Nothing,1553.0,2
66,1082,Dasyatis,1551.25,2
66,1007,SharkGull,1543.55,2
66,1081,ArtZerg,1528.69,2
66,827,smokinggunbot,1524.56,2
66,858,Crawler,1512.52,2
66,1089,WorkingAsIntended,1501.75,2
66,708,Princess-Mika,1487.18,2
66,930,SiriusBot,1441.41,2
66,943,puck,1426.81,3
66,1044,DoopyBot,1412.3,3
66,939,RustyNikolaj,1411.22,3
66,836,muravevTerran,1410.77,3
66,940,Princess-Mika-Test,1405.96,3
66,981,KoB,1381.28,3
66,1050,onlyfans,1373.79,3
66,721,49Terrapins,1358.68,3
66,876,GenesisLotus,1354.49,3
66,1042,Creepy_duo_canon,1354.29,3
66,1065,MindMatrix,1350.2,3
66,1038,PolyMorph,1336.27,3
66,977,Siriusly,1318.38,3
66,1023,MY_SCRIPTING_SON,1305.97,3
66,1085,AgoraLord,1292.31,3
66,112,Tyckles,1290.93,3
66,341,gotest,1280.04,3
66,1057,DoopyBot-Test,1253.52,3
66,809,PrimordialOrigin,1251.46,3
66,729,Alexa,1236.56,3
66,117,Chance,1235.25,3
66,779,oberon,1233.59,3
66,1026,WildLupo,1184.31,3
66,1052,Starlight,1173.54,3
66,352,Belzebuth,1170.59,3
66,1078,LoremIpsum,1134.42,3
66,1049,TheCatSC2Bot,859.69,3
67,248,Eris,2300.27,1
67,730,Deimos,2193.69,1
67,496,Zozo,2141.32,1
67,115,BenBotBC,2072.5,1
67,49,MicroMachine,2052.34,1
67,446,Xena,2003.7,1
67,517,VeTerran-revived,1995.34,1
67,966,ArgoBot,1966.61,1
67,167,TyrT,1955.79,1
67,223,DominionDog,1939.11,1
67,1030,who,1936.91,1
67,40,SharpenedEdge,1931.2,1
67,510,PhantomBot,1905.8,1
67,168,sharkbot,1904.39,1
67,262,whalemean,1896.83,1
67,346,Sharkling,1876.54,1
67,338,smallBly,1872.56,1
67,732,GPT,1846.59,1
67,1045,tito,1814.62,1
67,357,12PoolBot,1805.52,1
67,797,WickedBot,1781.17,1
67,961,AvocaDOS,1776.17,1
67,340,MechaShark,1759.06,1
67,901,clone,1758.41,1
67,759,BotTato,1744.82,1
67,953,ZeratulsRevengeTest,1743.44,1
67,637,72Tortoises,1736.56,1
67,718,Mulebot,1731.17,1
67,518,norman,1725.01,2
67,1058,JimmyBotP,1709.48,2
67,526,Apidae,1686.28,2
67,1079,JimmyBotT,1668.68,2
67,970,TheLAW,1666.84,2
67,605,nida,1661.0,2
67,1060,WildFire,1656.46,2
67,960,BigDaddy,1639.1,2
67,998,LordSuperKing,1632.04,2
67,699,Clicadinha,1628.25,2
67,1054,JimmyBotZ,1604.67,2
67,832,muravev,1600.69,2
67,971,Nothing,1599.8,2
67,720,PiG_Bot,1594.73,2
67,1082,Dasyatis,1585.8,2
67,201,QueenBot,1583.32,2
67,1080,JimmyBot,1581.45,2
67,275,Lissy,1561.2,2
67,1008,Creepy_canon,1552.1,2
67,1089,WorkingAsIntended,1545.86,2
67,1081,ArtZerg,1535.6,2
67,858,Crawler,1531.16,2
67,827,smokinggunbot,1520.96,2
67,516,27turtles,1516.4,2
67,1007,SharkGull,1509.51,2
67,930,SiriusBot,1442.84,2
67,1044,DoopyBot,1440.54,2
67,836,muravevTerran,1433.71,3
67,708,Princess-Mika,1421.79,3
67,939,RustyNikolaj,1416.57,3
67,940,Princess-Mika-Test,1411.75,3
67,943,puck,1392.33,3
67,1050,onlyfans,1379.3,3
67,981,KoB,1362.49,3
67,1065,MindMatrix,1359.66,3
67,1038,PolyMorph,1354.63,3
67,721,49Terrapins,1322.62,3
67,876,GenesisLotus,1321.67,3
67,1085,AgoraLord,1316.39,3
67,977,Siriusly,1309.05,3
67,1057,DoopyBot-Test,1300.77,3
67,1023,MY_SCRIPTING_SON,1295.81,3
67,112,Tyckles,1293.47,3
67,1042,Creepy_duo_canon,1288.03,3
67,341,gotest,1282.67,3
67,779,oberon,1255.66,3
67,729,Alexa,1249.43,3
67,117,Chance,1241.19,3
67,809,PrimordialOrigin,1210.62,3
67,352,Belzebuth,1189.73,3
67,1052,Starlight,1180.72,3
67,1026,WildLupo,1155.76,3
67,1078,LoremIpsum,1151.6,3
67,1049,TheCatSC2Bot,880.43,3
68,248,Eris,2296.65,1
68,730,Deimos,2205.76,1
68,496,Zozo,2173.46,1
68,115,BenBotBC,2054.55,1
68,49,MicroMachine,2046.78,1
68,446,Xena,2008.64,1
68,1030,who,1981.61,1
68,223,DominionDog,1953.14,1
68,966,ArgoBot,1939.72,1
68,168,sharkbot,1938.74,1
68,167,TyrT,1932.94,1
68,517,VeTerran-revived,1927.63,1
68,40,SharpenedEdge,1921.17,1
68,510,PhantomBot,1899.29,1
68,346,Sharkling,1875.29,1
68,732,GPT,1872.13,1
68,338,smallBly,1850.4,1
68,262,whalemean,1848.23,1
68,1045,tito,1845.26,1
68,357,12PoolBot,1836.09,1
68,901,clone,1795.95,1
68,797,WickedBot,1791.0,1
68,953,ZeratulsRevengeTest,1776.42,1
68,759,BotTato,1773.15,1
68,340,MechaShark,1750.95,1
68,718,Mulebot,1747.09,1
68,1058,JimmyBotP,1707.04,1
68,961,AvocaDOS,1705.93,1
68,605,nida,1702.73,2
68,637,72Tortoises,1694.46,2
68,1060,WildFire,1693.11,2
68,518,norman,1689.32,2
68,1080,JimmyBot,1672.57,2
68,998,LordSuperKing,1671.9,2
68,526,Apidae,1669.01,2
68,699,Clicadinha,1653.51,2
68,1079,JimmyBotT,1642.16,2
68,960,BigDaddy,1640.55,2
68,832,muravev,1625.04,2
68,970,TheLAW,1620.88,2
68,720,PiG_Bot,1599.09,2
68,1089,WorkingAsIntended,1584.49,2
68,1054,JimmyBotZ,1578.19,2
68,275,Lissy,1562.54,2
68,201,QueenBot,1562.11,2
68,1007,SharkGull,1560.53,2
68,1081,ArtZerg,1558.23,2
68,971,Nothing,1556.94,2
68,858,Crawler,1554.72,2
68,1008,Creepy_canon,1538.43,2
68,827,smokinggunbot,1533.32,2
68,1082,Dasyatis,1509.7,2
68,516,27turtles,1484.81,2
68,939,RustyNikolaj,1452.42,2
68,708,Princess-Mika,1444.14,2
68,940,Princess-Mika-Test,1434.51,3
68,1044,DoopyBot,1429.6,3
68,1050,onlyfans,1423.41,3
68,943,puck,1398.42,3
68,836,muravevTerran,1390.67,3
68,930,SiriusBot,1379.24,3
68,1065,MindMatrix,1374.44,3
68,1038,PolyMorph,1364.87,3
68,981,KoB,1358.29,3
68,1042,Creepy_duo_canon,1345.52,3
68,876,GenesisLotus,1328.49,3
68,721,49Terrapins,1318.87,3
68,977,Siriusly,1305.78,3
68,1023,MY_SCRIPTING_SON,1284.49,3
68,1085,AgoraLord,1275.51,3
68,729,Alexa,1273.73,3
68,341,gotest,1270.31,3
68,112,Tyckles,1264.42,3
68,779,oberon,1255.86,3
68,809,PrimordialOrigin,1241.27,3
68,1057,DoopyBot-Test,1224.12,3
68,352,Belzebuth,1211.72,3
68,117,Chance,1210.94,3
68,1052,Starlight,1171.54,3
68,1026,WildLupo,1139.82,3
68,1078,LoremIpsum,1131.29,3
68,1049,TheCatSC2Bot,882.96,3
69,248,Eris,2267.68,1
69,730,Deimos,2240.04,1
69,496,Zozo,2161.79,1
69,115,BenBotBC,2054.66,1
69,49,MicroMachine,2019.2,1
69,446,Xena,1993.61,1
69,1030,who,1970.53,1
69,966,ArgoBot,1966.56,1
69,223,DominionDog,1958.61,1
69,517,VeTerran-revived,1949.74,1
69,40,SharpenedEdge,1939.85,1
69,167,TyrT,1911.76,1
69,262,whalemean,1909.96,1
69,510,PhantomBot,1907.21,1
69,168,sharkbot,1906.74,1
69,346,Sharkling,1881.1,1
69,338,smallBly,1871.64,1
69,732,GPT,1867.84,1
69,357,12PoolBot,1855.1,1
69,1045,tito,1843.95,1
69,759,BotTato,1795.18,1
69,797,WickedBot,1762.95,1
69,961,AvocaDOS,1746.11,1
69,953,ZeratulsRevengeTest,1744.26,1
69,340,MechaShark,1737.82,1
69,1058,JimmyBotP,1731.33,1
69,901,clone,1730.56,1
69,718,Mulebot,1729.24,1
69,998,LordSuperKing,1707.96,2
69,1080,JimmyBot,1700.04,2
69,1060,WildFire,1699.58,2
69,960,BigDaddy,1697.2,2
69,518,norman,1673.94,2
69,699,Clicadinha,1673.16,2
69,605,nida,1668.08,2
69,526,Apidae,1653.05,2
69,637,72Tortoises,1645.02,2
69,1054,JimmyBotZ,1628.38,2
69,1081,ArtZerg,1618.09,2
69,1079,JimmyBotT,1612.27,2
69,720,PiG_Bot,1595.98,2
69,970,TheLAW,1590.25,2
69,201,QueenBot,1584.25,2
69,832,muravev,1583.52,2
69,275,Lissy,1579.3,2
69,858,Crawler,1562.68,2
69,827,smokinggunbot,1553.37,2
69,1008,Creepy_canon,1548.45,2
69,1089,WorkingAsIntended,1541.43,2
69,516,27turtles,1537.38,2
69,1007,SharkGull,1534.93,2
69,971,Nothing,1534.44,2
69,1082,Dasyatis,1515.67,2
69,930,SiriusBot,1446.85,2
69,1050,onlyfans,1433.29,2
69,940,Princess-Mika-Test,1432.23,3
69,939,RustyNikolaj,1422.02,3
69,836,muravevTerran,1420.55,3
69,708,Princess-Mika,1394.45,3
69,943,puck,1380.65,3
69,1044,DoopyBot,1377.76,3
69,1038,PolyMorph,1374.78,3
69,981,KoB,1370.65,3
69,1065,MindMatrix,1358.42,3
69,721,49Terrapins,1336.53,3
69,1042,Creepy_duo_canon,1329.59,3
69,876,GenesisLotus,1324.48,3
69,779,oberon,1290.8,3
69,117,Chance,1285.34,3
69,809,PrimordialOrigin,1285.11,3
69,977,Siriusly,1284.55,3
69,341,gotest,1268.31,3
69,112,Tyckles,1258.17,3
69,729,Alexa,1253.27,3
69,1023,MY_SCRIPTING_SON,1248.06,3
69,1085,AgoraLord,1241.08,3
69,1057,DoopyBot-Test,1220.81,3
69,352,Belzebuth,1179.69,3
69,1078,LoremIpsum,1162.13,3
69,1052,Starlight,1141.86,3
69,1026,WildLupo,1107.68,3
69,1049,TheCatSC2Bot,877.46,3
70,730,Deimos,2253.03,1
70,248,Eris,2228.29,1
70,496,Zozo,2212.61,1
70,49,MicroMachine,2047.3,1
70,115,BenBotBC,2031.71,1
70,966,ArgoBot,2025.81,1
70,1030,who,1987.87,1
70,446,Xena,1981.57,1
70,223,DominionDog,1974.94,1
70,517,VeTerran-revived,1965.33,1
70,40,SharpenedEdge,1946.06,1
70,167,TyrT,1918.86,1
70,338,smallBly,1883.68,1
70,357,12PoolBot,1882.46,1
70,168,sharkbot,1868.17,1
70,262,whalemean,1863.14,1
70,510,PhantomBot,1860.06,1
70,346,Sharkling,1852.16,1
70,1045,tito,1830.74,1
70,732,GPT,1827.86,1
70,961,AvocaDOS,1788.05,1
70,797,WickedBot,1786.24,1
70,759,BotTato,1772.22,1
70,901,clone,1754.76,1
70,1058,JimmyBotP,1741.73,1
70,340,MechaShark,1735.14,1
70,953,ZeratulsRevengeTest,1724.69,1
70,998,LordSuperKing,1721.38,1
70,718,Mulebot,1710.53,2
70,526,Apidae,1697.39,2
70,1060,WildFire,1693.21,2
70,960,BigDaddy,1677.95,2
70,605,nida,1675.86,2
70,518,norman,1656.88,2
70,1080,JimmyBot,1646.06,2
70,1054,JimmyBotZ,1643.74,2
70,637,72Tortoises,1638.78,2
70,699,Clicadinha,1636.66,2
70,1079,JimmyBotT,1630.0,2
70,201,QueenBot,1612.57,2
70,970,TheLAW,1604.28,2
70,832,muravev,1596.26,2
70,858,Crawler,1584.23,2
70,720,PiG_Bot,1572.6,2
70,971,Nothing,1570.57,2
70,1081,ArtZerg,1561.34,2
70,1082,Dasyatis,1560.64,2
70,275,Lissy,1554.36,2
70,516,27turtles,1549.63,2
70,1089,WorkingAsIntended,1548.63,2
70,1007,SharkGull,1544.05,2
70,827,smokinggunbot,1522.95,2
70,1008,Creepy_canon,1501.52,2
70,930,SiriusBot,1482.48,2
70,1050,onlyfans,1434.55,2
70,939,RustyNikolaj,1426.93,3
70,940,Princess-Mika-Test,1426.22,3
70,708,Princess-Mika,1399.89,3
70,943,puck,1387.54,3
70,981,KoB,1376.74,3
70,1038,PolyMorph,1372.91,3
70,836,muravevTerran,1360.12,3
70,876,GenesisLotus,1350.97,3
70,1044,DoopyBot,1344.26,3
70,1065,MindMatrix,1339.45,3
70,721,49Terrapins,1332.99,3
70,1023,MY_SCRIPTING_SON,1326.2,3
70,117,Chance,1320.16,3
70,1042,Creepy_duo_canon,1302.49,3
70,779,oberon,1289.93,3
70,112,Tyckles,1288.74,3
70,1057,DoopyBot-Test,1262.07,3
70,809,PrimordialOrigin,1261.94,3
70,1085,AgoraLord,1261.31,3
70,341,gotest,1250.09,3
70,977,Siriusly,1245.4,3
70,729,Alexa,1229.7,3
70,1078,LoremIpsum,1216.41,3
70,1026,WildLupo,1137.5,3
70,352,Belzebuth,1136.46,3
70,1052,Starlight,1129.09,3
70,1049,TheCatSC2Bot,850.9,3
71,248,Eris,2271.21,1
71,730,Deimos,2263.13,1
71,496,Zozo,2166.26,1
71,49,MicroMachine,2070.12,1
71,115,BenBotBC,2034.03,1
71,1030,who,2021.32,1
71,446,Xena,1990.04,1
71,966,ArgoBot,1981.61,1
71,40,SharpenedEdge,1977.67,1
71,223,DominionDog,1966.1,1
71,517,VeTerran-revived,1938.97,1
71,168,sharkbot,1926.22,1
71,167,TyrT,1919.62,1
71,338,smallBly,1888.99,1
71,357,12PoolBot,1887.05,1
71,346,Sharkling,1860.0,1
71,510,PhantomBot,1847.62,1
71,732,GPT,1843.85,1
71,262,whalemean,1833.94,1
71,1045,tito,1821.78,1
71,961,AvocaDOS,1801.78,1
71,340,MechaShark,1788.87,1
71,797,WickedBot,1776.86,1
71,759,BotTato,1751.74,1
71,901,clone,1749.26,1
71,1058,JimmyBotP,1733.81,1
71,718,Mulebot,1706.82,1
71,960,BigDaddy,1696.9,1
71,953,ZeratulsRevengeTest,1686.07,2
71,526,Apidae,1674.95,2
71,998,LordSuperKing,1667.92,2
71,699,Clicadinha,1659.35,2
71,518,norman,1658.9,2
71,605,nida,1655.21,2
71,1054,JimmyBotZ,1654.06,2
71,1060,WildFire,1651.52,2
71,637,72Tortoises,1650.61,2
71,201,QueenBot,1636.42,2
71,970,TheLAW,1628.39,2
71,1079,JimmyBotT,1623.17,2
71,1080,JimmyBot,1608.7,2
71,832,muravev,1605.41,2
71,720,PiG_Bot,1594.84,2
71,1007,SharkGull,1583.01,2
71,1081,ArtZerg,1576.02,2
71,1089,WorkingAsIntended,1560.3,2
71,516,27turtles,1559.53,2
71,971,Nothing,1558.55,2
71,1008,Creepy_canon,1548.44,2
71,827,smokinggunbot,1546.1,2
71,858,Crawler,1534.43,2
71,1082,Dasyatis,1527.72,2
71,275,Lissy,1523.3,2
71,1050,onlyfans,1458.21,2
71,930,SiriusBot,1426.86,2
71,940,Princess-Mika-Test,1403.19,3
71,981,KoB,1401.59,3
71,939,RustyNikolaj,1399.13,3
71,1044,DoopyBot,1394.29,3
71,943,puck,1392.56,3
71,1065,MindMatrix,1390.85,3
71,708,Princess-Mika,1374.03,3
71,1038,PolyMorph,1371.43,3
71,836,muravevTerran,1364.87,3
71,876,GenesisLotus,1350.15,3
71,721,49Terrapins,1348.51,3
71,977,Siriusly,1322.65,3
71,779,oberon,1319.54,3
71,1023,MY_SCRIPTING_SON,1317.35,3
71,1042,Creepy_duo_canon,1297.21,3
71,341,gotest,1285.96,3
71,112,Tyckles,1271.01,3
71,1057,DoopyBot-Test,1242.8,3
71,1085,AgoraLord,1240.64,3
71,117,Chance,1235.11,3
71,809,PrimordialOrigin,1227.05,3
71,729,Alexa,1220.23,3
71,352,Belzebuth,1183.9,3
71,1078,LoremIpsum,1171.57,3
71,1052,Starlight,1150.87,3
71,1026,WildLupo,1099.51,3
71,1049,TheCatSC2Bot,850.42,3
72,248,Eris,2276.09,1
72,730,Deimos,2249.9,1
72,496,Zozo,2201.0,1
72,115,BenBotBC,2065.36,1
72,49,MicroMachine,2037.81,1
72,446,Xena,1997.48,1
72,1030,who,1972.69,1
72,517,VeTerran-revived,1968.72,1
72,40,SharpenedEdge,1968.02,1
72,223,DominionDog,1957.89,1
72,966,ArgoBot,1947.33,1
72,167,TyrT,1909.34,1
72,732,GPT,1900.49,1
72,357,12PoolBot,1899.99,1
72,168,sharkbot,1897.22,1
72,1045,tito,1885.02,1
72,346,Sharkling,1874.93,1
72,510,PhantomBot,1839.8,1
72,262,whalemean,1835.31,1
72,338,smallBly,1829.84,1
72,797,WickedBot,1824.01,1
72,340,MechaShark,1798.99,1
72,961,AvocaDOS,1763.63,1
72,1058,JimmyBotP,1748.78,1
72,901,clone,1738.24,1
72,960,BigDaddy,1726.8,1
72,718,Mulebot,1708.37,1
72,998,LordSuperKing,1704.35,1
72,953,ZeratulsRevengeTest,1697.26,2
72,759,BotTato,1692.54,2
72,526,Apidae,1673.01,2
72,1080,JimmyBot,1665.59,2
72,605,nida,1665.38,2
72,1060,WildFire,1662.33,2
72,637,72Tortoises,1655.78,2
72,970,TheLAW,1653.03,2
72,1079,JimmyBotT,1643.52,2
72,971,Nothing,1640.95,2
72,699,Clicadinha,1635.41,2
72,1054,JimmyBotZ,1624.29,2
72,720,PiG_Bot,1601.52,2
72,201,QueenBot,1594.08,2
72,518,norman,1593.09,2
72,516,27turtles,1589.75,2
72,827,smokinggunbot,1589.21,2
72,832,muravev,1578.72,2
72,1089,WorkingAsIntended,1548.45,2
72,1081,ArtZerg,1536.58,2
72,1008,Creepy_canon,1528.92,2
72,1007,SharkGull,1528.31,2
72,1082,Dasyatis,1518.01,2
72,858,Crawler,1511.35,2
72,275,Lissy,1498.96,2
72,930,SiriusBot,1467.27,2
72,1050,onlyfans,1452.9,2
72,939,RustyNikolaj,1435.28,3
72,981,KoB,1422.52,3
72,1065,MindMatrix,1405.46,3
72,1044,DoopyBot,1400.01,3
72,940,Princess-Mika-Test,1386.3,3
72,1038,PolyMorph,1384.94,3
72,708,Princess-Mika,1382.16,3
72,836,muravevTerran,1376.42,3
72,943,puck,1371.58,3
72,977,Siriusly,1358.84,3
72,721,49Terrapins,1346.41,3
72,876,GenesisLotus,1346.17,3
72,1023,MY_SCRIPTING_SON,1344.01,3
72,1042,Creepy_duo_canon,1295.22,3
72,112,Tyckles,1289.65,3
72,1085,AgoraLord,1273.6,3
72,779,oberon,1267.98,3
72,1057,DoopyBot-Test,1244.02,3
72,341,gotest,1239.56,3
72,729,Alexa,1239.28,3
72,809,PrimordialOrigin,1217.11,3
72,117,Chance,1210.79,3
72,352,Belzebuth,1173.86,3
72,1052,Starlight,1137.16,3
72,1078,LoremIpsum,1127.24,3
72,1026,WildLupo,1070.36,3
72,1049,TheCatSC2Bot,880.48,3
73,248,Eris,2264.77,1
73,730,Deimos,2212.85,1
73,496,Zozo,2199.57,1
73,446,Xena,2068.66,1
73,49,MicroMachine,2052.24,1
73,115,BenBotBC,2046.68,1
73,1030,who,2010.89,1
73,966,ArgoBot,1999.45,1
73,40,SharpenedEdge,1962.55,1
73,223,DominionDog,1953.49,1
73,168,sharkbot,1945.66,1
73,167,TyrT,1928.23,1
73,517,VeTerran-revived,1906.63,1
73,357,12PoolBot,1876.97,1
73,1045,tito,1871.15,1
73,346,Sharkling,1864.75,1
73,510,PhantomBot,1859.93,1
73,732,GPT,1854.96,1
73,338,smallBly,1853.32,1
73,262,whalemean,1815.0,1
73,797,WickedBot,1798.86,1
73,718,Mulebot,1776.17,1
73,961,AvocaDOS,1775.91,1
73,340,MechaShark,1758.79,1
73,960,BigDaddy,1748.6,1
73,759,BotTato,1740.09,1
73,1058,JimmyBotP,1729.51,1
73,953,ZeratulsRevengeTest,1724.49,1
73,901,clone,1724.3,2
73,1079,JimmyBotT,1693.58,2
73,526,Apidae,1681.77,2
73,637,72Tortoises,1678.46,2
73,1060,WildFire,1673.39,2
73,998,LordSuperKing,1667.5,2
73,1054,JimmyBotZ,1639.22,2
73,605,nida,1635.63,2
73,1080,JimmyBot,1635.39,2
73,699,Clicadinha,1619.5,2
73,971,Nothing,1609.32,2
73,516,27turtles,1607.31,2
73,201,QueenBot,1605.42,2
73,1007,SharkGull,1599.62,2
73,832,muravev,1591.51,2
73,1008,Creepy_canon,1589.25,2
73,970,TheLAW,1588.83,2
73,518,norman,1586.88,2
73,827,smokinggunbot,1566.03,2
73,720,PiG_Bot,1563.16,2
73,1082,Dasyatis,1527.94,2
73,275,Lissy,1527.17,2
73,1081,ArtZerg,1526.1,2
73,1089,WorkingAsIntended,1487.68,2
73,858,Crawler,1479.67,2
73,930,SiriusBot,1447.48,2
73,708,Princess-Mika,1445.5,2
73,836,muravevTerran,1438.64,3
73,939,RustyNikolaj,1428.54,3
73,1050,onlyfans,1421.3,3
73,940,Princess-Mika-Test,1403.78,3
73,943,puck,1390.09,3
73,981,KoB,1380.29,3
73,1044,DoopyBot,1380.01,3
73,1038,PolyMorph,1374.8,3
73,721,49Terrapins,1362.04,3
73,876,GenesisLotus,1359.57,3
73,1023,MY_SCRIPTING_SON,1350.17,3
73,1085,AgoraLord,1309.06,3
73,1065,MindMatrix,1305.32,3
73,779,oberon,1285.51,3
73,1042,Creepy_duo_canon,1284.2,3
73,977,Siriusly,1279.85,3
73,112,Tyckles,1268.31,3
73,1057,DoopyBot-Test,1268.14,3
73,341,gotest,1253.75,3
73,729,Alexa,1230.02,3
73,809,PrimordialOrigin,1228.51,3
73,117,Chance,1219.12,3
73,352,Belzebuth,1178.02,3
73,1052,Starlight,1157.25,3
73,1078,LoremIpsum,1121.61,3
73,1026,WildLupo,1036.07,3
73,1049,TheCatSC2Bot,888.27,3
74,248,Eris,2274.5,1
74,730,Deimos,2224.58,1
74,496,Zozo,2156.56,1
74,115,BenBotBC,2081.17,1
74,966,ArgoBot,2043.25,1
74,49,MicroMachine,2040.94,1
74,1030,who,2033.8,1
74,446,Xena,2029.79,1
74,167,TyrT,1970.28,1
74,40,SharpenedEdge,1951.53,1
74,223,DominionDog,1917.99,1
74,517,VeTerran-revived,1915.09,1
74,168,sharkbot,1908.53,1
74,1045,tito,1894.85,1
74,732,GPT,1882.89,1
74,357,12PoolBot,1874.54,1
74,797,WickedBot,1861.05,1
74,338,smallBly,1850.38,1
74,510,PhantomBot,1839.76,1
74,346,Sharkling,1837.3,1
74,262,whalemean,1805.93,1
74,961,AvocaDOS,1789.05,1
74,759,BotTato,1768.7,1
74,340,MechaShark,1767.03,1
74,960,BigDaddy,1733.2,1
74,718,Mulebot,1721.54,1
74,1058,JimmyBotP,1717.08,1
74,953,ZeratulsRevengeTest,1708.86,1
74,901,clone,1703.42,2
74,998,LordSuperKing,1678.52,2
74,526,Apidae,1670.34,2
74,1079,JimmyBotT,1669.81,2
74,637,72Tortoises,1666.08,2
74,605,nida,1655.07,2
74,832,muravev,1652.18,2
74,518,norman,1629.54,2
74,1060,WildFire,1627.77,2
74,1054,JimmyBotZ,1620.27,2
74,201,QueenBot,1608.98,2
74,516,27turtles,1601.27,2
74,1008,Creepy_canon,1594.89,2
74,699,Clicadinha,1591.94,2
74,1080,JimmyBot,1590.31,2
74,1082,Dasyatis,1588.45,2
74,971,Nothing,1587.89,2
74,970,TheLAW,1565.41,2
74,1089,WorkingAsIntended,1564.78,2
74,720,PiG_Bot,1562.86,2
74,1007,SharkGull,1559.23,2
74,275,Lissy,1530.01,2
74,858,Crawler,1529.56,2
74,1081,ArtZerg,1529.4,2
74,827,smokinggunbot,1523.58,2
74,708,Princess-Mika,1487.13,2
74,940,Princess-Mika-Test,1446.88,2
74,1050,onlyfans,1435.0,3
74,930,SiriusBot,1408.9,3
74,1044,DoopyBot,1408.8,3
74,939,RustyNikolaj,1404.0,3
74,1038,PolyMorph,1391.08,3
74,836,muravevTerran,1387.11,3
74,981,KoB,1382.75,3
74,721,49Terrapins,1374.97,3
74,876,GenesisLotus,1340.63,3
74,1023,MY_SCRIPTING_SON,1336.65,3
74,943,puck,1333.95,3
74,1065,MindMatrix,1331.12,3
74,1085,AgoraLord,1309.92,3
74,112,Tyckles,1304.43,3
74,1057,DoopyBot-Test,1295.73,3
74,1042,Creepy_duo_canon,1282.38,3
74,977,Siriusly,1276.6,3
74,341,gotest,1275.05,3
74,779,oberon,1259.66,3
74,809,PrimordialOrigin,1233.65,3
74,729,Alexa,1231.02,3
74,117,Chance,1221.35,3
74,352,Belzebuth,1146.63,3
74,1052,Starlight,1126.82,3
74,1078,LoremIpsum,1109.77,3
74,1026,WildLupo,1054.65,3
74,1049,TheCatSC2Bot,901.63,3
75,248,Eris,2293.95,1
75,730,Deimos,2186.34,1
75,496,Zozo,2137.7,1
75,115,BenBotBC,2092.88,1
75,49,MicroMachine,2051.57,1
75,966,ArgoBot,2040.71,1
75,446,Xena,2017.26,1
75,1030,who,1985.22,1
75,40,SharpenedEdge,1972.62,1
75,167,TyrT,1972.06,1
75,1045,tito,1929.27,1
75,223,DominionDog,1917.38,1
75,168,sharkbot,1900.24,1
75,732,GPT,1898.28,1
75,517,VeTerran-revived,1884.54,1
75,262,whalemean,1861.42,1
75,510,PhantomBot,1855.69,1
75,346,Sharkling,1831.17,1
75,357,12PoolBot,1828.94,1
75,797,WickedBot,1806.43,1
75,338,smallBly,1795.38,1
75,340,MechaShark,1794.35,1
75,953,ZeratulsRevengeTest,1780.97,1
75,961,AvocaDOS,1780.95,1
75,759,BotTato,1780.06,1
75,960,BigDaddy,1760.21,1
75,718,Mulebot,1750.48,1
75,1058,JimmyBotP,1694.09,1
75,201,QueenBot,1667.31,2
75,605,nida,1665.57,2
75,526,Apidae,1664.42,2
75,901,clone,1663.95,2
75,1060,WildFire,1660.06,2
75,998,LordSuperKing,1655.01,2
75,518,norman,1646.21,2
75,970,TheLAW,1641.75,2
75,1079,JimmyBotT,1638.75,2
75,637,72Tortoises,1632.42,2
75,1054,JimmyBotZ,1630.16,2
75,832,muravev,1629.08,2
75,699,Clicadinha,1624.48,2
75,720,PiG_Bot,1602.54,2
75,1082,Dasyatis,1594.05,2
75,1089,WorkingAsIntended,1588.97,2
75,1007,SharkGull,1581.06,2
75,516,27turtles,1571.64,2
75,971,Nothing,1571.6,2
75,275,Lissy,1560.82,2
75,858,Crawler,1545.03,2
75,1008,Creepy_canon,1532.37,2
75,1080,JimmyBot,1530.21,2
75,1081,ArtZerg,1519.82,2
75,940,Princess-Mika-Test,1479.75,2
75,708,Princess-Mika,1469.4,2
75,827,smokinggunbot,1469.15,2
75,1050,onlyfans,1452.25,3
75,930,SiriusBot,1424.51,3
75,1044,DoopyBot,1403.23,3
75,1038,PolyMorph,1403.01,3
75,943,puck,1391.72,3
75,1065,MindMatrix,1360.14,3
75,876,GenesisLotus,1353.75,3
75,939,RustyNikolaj,1349.4,3
75,1023,MY_SCRIPTING_SON,1345.96,3
75,836,muravevTerran,1341.47,3
75,981,KoB,1341.34,3
75,721,49Terrapins,1331.06,3
75,1042,Creepy_duo_canon,1315.42,3
75,341,gotest,1307.96,3
75,1085,AgoraLord,1295.05,3
75,112,Tyckles,1292.77,3
75,977,Siriusly,1292.5,3
75,1057,DoopyBot-Test,1278.36,3
75,117,Chance,1251.45,3
75,809,PrimordialOrigin,1244.41,3
75,729,Alexa,1237.82,3
75,779,oberon,1231.12,3
75,1026,WildLupo,1123.36,3
75,1078,LoremIpsum,1112.42,3
75,352,Belzebuth,1098.89,3
75,1052,Starlight,1079.33,3
75,1049,TheCatSC2Bot,905.54,3
76,248,Eris,2268.65,1
76,730,Deimos,2201.32,1
76,496,Zozo,2171.18,1
76,115,BenBotBC,2146.39,1
76,49,MicroMachine,2083.17,1
76,966,ArgoBot,2032.7,1
76,446,Xena,2005.06,1
76,1030,who,1992.75,1
76,40,SharpenedEdge,1951.45,1
76,223,DominionDog,1919.78,1
76,168,sharkbot,1907.64,1
76,167,TyrT,1898.03,1
76,1045,tito,1886.69,1
76,517,VeTerran-revived,1873.99,1
76,262,whalemean,1872.88,1
76,732,GPT,1870.59,1
76,338,smallBly,1845.18,1
76,759,BotTato,1835.13,1
76,510,PhantomBot,1833.68,1
76,357,12PoolBot,1826.57,1
76,340,MechaShark,1812.11,1
76,346,Sharkling,1809.47,1
76,953,ZeratulsRevengeTest,1799.25,1
76,797,WickedBot,1792.73,1
76,960,BigDaddy,1758.07,1
76,1058,JimmyBotP,1746.02,1
76,961,AvocaDOS,1732.32,1
76,718,Mulebot,1727.35,1
76,1060,WildFire,1677.56,2
76,605,nida,1675.72,2
76,1054,JimmyBotZ,1675.22,2
76,901,clone,1674.74,2
76,637,72Tortoises,1660.33,2
76,518,norman,1659.06,2
76,720,PiG_Bot,1655.69,2
76,699,Clicadinha,1650.78,2
76,998,LordSuperKing,1647.45,2
76,1079,JimmyBotT,1644.39,2
76,201,QueenBot,1643.27,2
76,526,Apidae,1630.83,2
76,970,TheLAW,1603.2,2
76,1080,JimmyBot,1594.95,2
76,1082,Dasyatis,1581.6,2
76,1007,SharkGull,1577.74,2
76,275,Lissy,1569.02,2
76,516,27turtles,1567.27,2
76,832,muravev,1564.07,2
76,1089,WorkingAsIntended,1560.45,2
76,858,Crawler,1545.77,2
76,971,Nothing,1538.57,2
76,827,smokinggunbot,1523.45,2
76,1081,ArtZerg,1497.56,2
76,1008,Creepy_canon,1497.22,2
76,708,Princess-Mika,1478.78,2
76,940,Princess-Mika-Test,1440.88,2
76,930,SiriusBot,1423.42,3
76,1038,PolyMorph,1399.6,3
76,943,puck,1388.97,3
76,1050,onlyfans,1386.83,3
76,1044,DoopyBot,1380.37,3
76,939,RustyNikolaj,1377.61,3
76,981,KoB,1365.41,3
76,1065,MindMatrix,1353.89,3
76,836,muravevTerran,1350.21,3
76,112,Tyckles,1345.61,3
76,1023,MY_SCRIPTING_SON,1342.51,3
76,876,GenesisLotus,1332.75,3
76,1085,AgoraLord,1325.59,3
76,1042,Creepy_duo_canon,1323.82,3
76,721,49Terrapins,1319.72,3
76,809,PrimordialOrigin,1291.9,3
76,977,Siriusly,1288.21,3
76,1057,DoopyBot-Test,1279.78,3
76,341,gotest,1263.85,3
76,117,Chance,1248.05,3
76,729,Alexa,1230.91,3
76,779,oberon,1224.61,3
76,1078,LoremIpsum,1125.49,3
76,352,Belzebuth,1100.18,3
76,1052,Starlight,1094.23,3
76,1026,WildLupo,1091.48,3
76,1049,TheCatSC2Bot,909.25,3
77,248,Eris,2318.37,1
77,730,Deimos,2170.33,1
77,496,Zozo,2167.09,1
77,115,BenBotBC,2131.08,1
77,49,MicroMachine,2070.92,1
77,446,Xena,2013.65,1
77,966,ArgoBot,1993.66,1
77,1030,who,1991.15,1
77,40,SharpenedEdge,1972.98,1
77,168,sharkbot,1915.51,1
77,517,VeTerran-revived,1912.05,1
77,223,DominionDog,1903.68,1
77,167,TyrT,1899.83,1
77,1045,tito,1889.45,1
77,732,GPT,1866.94,1
77,338,smallBly,1863.35,1
77,510,PhantomBot,1861.39,1
77,346,Sharkling,1845.84,1
77,262,whalemean,1844.46,1
77,759,BotTato,1834.18,1
77,953,ZeratulsRevengeTest,1829.81,1
77,797,WickedBot,1820.58,1
77,340,MechaShark,1815.39,1
77,961,AvocaDOS,1755.52,1
77,1058,JimmyBotP,1750.67,1
77,357,12PoolBot,1730.47,1
77,960,BigDaddy,1720.49,1
77,718,Mulebot,1711.34,1
77,1060,WildFire,1694.34,2
77,699,Clicadinha,1684.37,2
77,605,nida,1680.6,2
77,901,clone,1663.57,2
77,998,LordSuperKing,1657.72,2
77,1054,JimmyBotZ,1650.69,2
77,518,norman,1647.35,2
77,526,Apidae,1646.94,2
77,1079,JimmyBotT,1643.68,2
77,637,72Tortoises,1622.82,2
77,720,PiG_Bot,1614.33,2
77,1080,JimmyBot,1612.84,2
77,1082,Dasyatis,1608.6,2
77,832,muravev,1608.22,2
77,970,TheLAW,1603.89,2
77,1007,SharkGull,1594.87,2
77,1089,WorkingAsIntended,1581.73,2
77,858,Crawler,1568.62,2
77,1008,Creepy_canon,1568.28,2
77,201,QueenBot,1560.68,2
77,516,27turtles,1554.92,2
77,275,Lissy,1547.6,2
77,971,Nothing,1530.89,2
77,827,smokinggunbot,1525.67,2
77,1081,ArtZerg,1497.64,2
77,708,Princess-Mika,1454.66,2
77,930,SiriusBot,1420.4,2
77,940,Princess-Mika-Test,1410.06,3
77,1044,DoopyBot,1403.97,3
77,836,muravevTerran,1385.83,3
77,1038,PolyMorph,1383.11,3
77,981,KoB,1381.26,3
77,1050,onlyfans,1376.68,3
77,939,RustyNikolaj,1371.46,3
77,721,49Terrapins,1363.2,3
77,943,puck,1358.18,3
77,876,GenesisLotus,1344.0,3
77,1065,MindMatrix,1327.22,3
77,112,Tyckles,1320.31,3
77,1042,Creepy_duo_canon,1316.85,3
77,1085,AgoraLord,1309.32,3
77,977,Siriusly,1300.62,3
77,341,gotest,1285.83,3
77,1057,DoopyBot-Test,1274.83,3
77,1023,MY_SCRIPTING_SON,1273.33,3
77,809,PrimordialOrigin,1266.43,3
77,117,Chance,1247.52,3
77,779,oberon,1237.88,3
77,729,Alexa,1214.89,3
77,352,Belzebuth,1161.17,3
77,1078,LoremIpsum,1135.88,3
77,1052,Starlight,1129.02,3
77,1026,WildLupo,1078.18,3
77,1049,TheCatSC2Bot,896.9,3
78,248,Eris,2328.45,1
78,730,Deimos,2161.11,1
78,115,BenBotBC,2156.42,1
78,496,Zozo,2133.21,1
78,49,MicroMachine,2071.22,1
78,966,ArgoBot,2012.25,1
78,446,Xena,2002.05,1
78,1030,who,1974.68,1
78,223,DominionDog,1973.61,1
78,40,SharpenedEdge,1936.33,1
78,517,VeTerran-revived,1923.06,1
78,168,sharkbot,1920.59,1
78,167,TyrT,1882.0,1
78,732,GPT,1879.93,1
78,338,smallBly,1878.28,1
78,262,whalemean,1856.9,1
78,1045,tito,1850.84,1
78,510,PhantomBot,1848.59,1
78,797,WickedBot,1832.49,1
78,759,BotTato,1830.93,1
78,346,Sharkling,1817.61,1
78,953,ZeratulsRevengeTest,1794.39,1
78,340,MechaShark,1782.79,1
78,718,Mulebot,1778.58,1
78,960,BigDaddy,1755.93,1
78,1058,JimmyBotP,1752.11,1
78,357,12PoolBot,1736.65,1
78,961,AvocaDOS,1729.17,1
78,605,nida,1705.39,2
78,1079,JimmyBotT,1695.05,2
78,901,clone,1674.18,2
78,998,LordSuperKing,1673.76,2
78,1054,JimmyBotZ,1662.38,2
78,1060,WildFire,1657.93,2
78,518,norman,1653.92,2
78,526,Apidae,1647.21,2
78,637,72Tortoises,1644.91,2
78,699,Clicadinha,1618.01,2
78,720,PiG_Bot,1617.77,2
78,832,muravev,1617.26,2
78,970,TheLAW,1614.18,2
78,1007,SharkGull,1611.54,2
78,1082,Dasyatis,1593.78,2
78,1089,WorkingAsIntended,1592.95,2
78,201,QueenBot,1586.12,2
78,275,Lissy,1584.44,2
78,1008,Creepy_canon,1563.48,2
78,1080,JimmyBot,1562.07,2
78,971,Nothing,1542.5,2
78,1081,ArtZerg,1527.93,2
78,827,smokinggunbot,1524.79,2
78,516,27turtles,1512.99,2
78,858,Crawler,1497.32,2
78,708,Princess-Mika,1459.41,2
78,940,Princess-Mika-Test,1438.45,2
78,981,KoB,1421.52,3
78,939,RustyNikolaj,1412.07,3
78,1044,DoopyBot,1405.08,3
78,930,SiriusBot,1404.65,3
78,721,49Terrapins,1391.15,3
78,836,muravevTerran,1384.27,3
78,1038,PolyMorph,1368.98,3
78,977,Siriusly,1333.17,3
78,1050,onlyfans,1332.78,3
78,1042,Creepy_duo_canon,1331.79,3
78,943,puck,1330.71,3
78,876,GenesisLotus,1324.3,3
78,1065,MindMatrix,1322.78,3
78,1023,MY_SCRIPTING_SON,1303.27,3
78,779,oberon,1296.58,3
78,112,Tyckles,1289.09,3
78,809,PrimordialOrigin,1268.93,3
78,341,gotest,1260.61,3
78,1057,DoopyBot-Test,1247.1,3
78,117,Chance,1242.23,3
78,1085,AgoraLord,1239.24,3
78,729,Alexa,1232.65,3
78,1052,Starlight,1171.08,3
78,352,Belzebuth,1151.25,3
78,1078,LoremIpsum,1111.95,3
78,1026,WildLupo,1062.47,3
78,1049,TheCatSC2Bot,880.39,3
79,248,Eris,2321.69,1
79,496,Zozo,2166.58,1
79,730,Deimos,2160.29,1
79,49,MicroMachine,2095.94,1
79,115,BenBotBC,2078.4,1
79,966,ArgoBot,2024.93,1
79,446,Xena,2007.61,1
79,223,DominionDog,1983.89,1
79,1030,who,1970.89,1
79,40,SharpenedEdge,1954.13,1
79,168,sharkbot,1940.83,1
79,517,VeTerran-revived,1931.95,1
79,510,PhantomBot,1889.9,1
79,338,smallBly,1880.97,1
79,167,TyrT,1863.63,1
79,262,whalemean,1862.66,1
79,346,Sharkling,1856.12,1
79,759,BotTato,1837.72,1
79,797,WickedBot,1835.84,1
79,732,GPT,1835.57,1
79,960,BigDaddy,1799.3,1
79,1045,tito,1798.78,1
79,953,ZeratulsRevengeTest,1797.76,1
79,340,MechaShark,1779.69,1
79,357,12PoolBot,1746.69,1
79,718,Mulebot,1736.75,1
79,1058,JimmyBotP,1726.65,1
79,961,AvocaDOS,1715.01,1
79,518,norman,1712.58,2
79,1060,WildFire,1706.48,2
79,998,LordSuperKing,1704.09,2
79,605,nida,1691.92,2
79,901,clone,1684.14,2
79,1079,JimmyBotT,1672.75,2
79,637,72Tortoises,1661.66,2
79,526,Apidae,1654.47,2
79,1054,JimmyBotZ,1650.14,2
79,1080,JimmyBot,1630.65,2
79,699,Clicadinha,1626.33,2
79,970,TheLAW,1615.91,2
79,1089,WorkingAsIntended,1612.62,2
79,720,PiG_Bot,1607.08,2
79,971,Nothing,1593.49,2
79,1007,SharkGull,1590.09,2
79,275,Lissy,1575.14,2
79,1082,Dasyatis,1573.47,2
79,832,muravev,1563.8,2
79,201,QueenBot,1556.88,2
79,827,smokinggunbot,1514.28,2
79,1008,Creepy_canon,1506.53,2
79,858,Crawler,1499.59,2
79,516,27turtles,1498.32,2
79,1081,ArtZerg,1492.3,2
79,940,Princess-Mika-Test,1457.67,2
79,981,KoB,1443.1,2
79,708,Princess-Mika,1427.35,3
79,836,muravevTerran,1399.1,3
79,1044,DoopyBot,1396.64,3
79,939,RustyNikolaj,1394.33,3
79,930,SiriusBot,1390.4,3
79,1038,PolyMorph,1382.57,3
79,1050,onlyfans,1366.34,3
79,943,puck,1364.48,3
79,721,49Terrapins,1361.16,3
79,1065,MindMatrix,1337.87,3
79,1042,Creepy_duo_canon,1320.38,3
79,977,Siriusly,1311.55,3
79,1023,MY_SCRIPTING_SON,1305.27,3
79,117,Chance,1302.25,3
79,876,GenesisLotus,1291.14,3
79,809,PrimordialOrigin,1289.08,3
79,1085,AgoraLord,1267.58,3
79,779,oberon,1258.47,3
79,112,Tyckles,1241.55,3
79,1057,DoopyBot-Test,1236.04,3
79,341,gotest,1218.81,3
79,729,Alexa,1212.56,3
79,352,Belzebuth,1179.71,3
79,1052,Starlight,1171.45,3
79,1078,LoremIpsum,1120.48,3
79,1026,WildLupo,1068.63,3
79,1049,TheCatSC2Bot,889.16,3
80,248,Eris,2336.47,1
80,496,Zozo,2149.68,1
80,730,Deimos,2147.0,1
80,49,MicroMachine,2082.34,1
80,115,BenBotBC,2049.71,1
80,446,Xena,2001.15,1
80,966,ArgoBot,1987.39,1
80,40,SharpenedEdge,1983.16,1
80,223,DominionDog,1975.16,1
80,517,VeTerran-revived,1947.18,1
80,1030,who,1944.78,1
80,167,TyrT,1925.4,1
80,168,sharkbot,1905.87,1
80,732,GPT,1896.32,1
80,338,smallBly,1891.23,1
80,510,PhantomBot,1871.61,1
80,346,Sharkling,1841.2,1
80,262,whalemean,1837.13,1
80,1045,tito,1830.15,1
80,960,BigDaddy,1821.61,1
80,797,WickedBot,1816.05,1
80,759,BotTato,1783.66,1
80,340,MechaShark,1780.01,1
80,357,12PoolBot,1778.57,1
80,953,ZeratulsRevengeTest,1766.02,1
80,718,Mulebot,1758.44,1
80,1058,JimmyBotP,1755.06,1
80,961,AvocaDOS,1737.83,1
80,1060,WildFire,1736.72,2
80,518,norman,1713.33,2
80,637,72Tortoises,1711.0,2
80,1079,JimmyBotT,1707.14,2
80,998,LordSuperKing,1688.65,2
80,901,clone,1685.68,2
80,699,Clicadinha,1674.79,2
80,526,Apidae,1671.62,2
80,605,nida,1664.97,2
80,1054,JimmyBotZ,1640.92,2
80,1080,JimmyBot,1638.29,2
80,720,PiG_Bot,1610.45,2
80,970,TheLAW,1608.86,2
80,1082,Dasyatis,1606.65,2
80,1089,WorkingAsIntended,1606.15,2
80,832,muravev,1595.27,2
80,1007,SharkGull,1578.69,2
80,971,Nothing,1564.52,2
80,275,Lissy,1559.95,2
80,516,27turtles,1527.68,2
80,858,Crawler,1509.21,2
80,201,QueenBot,1505.77,2
80,1008,Creepy_canon,1504.88,2
80,827,smokinggunbot,1493.64,2
80,1081,ArtZerg,1484.14,2
80,930,SiriusBot,1428.33,2
80,939,RustyNikolaj,1414.95,2
80,981,KoB,1411.63,3
80,1044,DoopyBot,1408.78,3
80,708,Princess-Mika,1405.49,3
80,940,Princess-Mika-Test,1394.86,3
80,721,49Terrapins,1384.52,3
80,1038,PolyMorph,1383.72,3
80,1050,onlyfans,1382.71,3
80,1065,MindMatrix,1377.68,3
80,943,puck,1352.31,3
80,836,muravevTerran,1337.29,3
80,1042,Creepy_duo_canon,1318.68,3
80,977,Siriusly,1309.14,3
80,117,Chance,1304.0,3
80,1057,DoopyBot-Test,1293.84,3
80,876,GenesisLotus,1293.26,3
80,1023,MY_SCRIPTING_SON,1290.26,3
80,1085,AgoraLord,1283.57,3
80,779,oberon,1249.29,3
80,809,PrimordialOrigin,1245.71,3
80,729,Alexa,1232.26,3
80,112,Tyckles,1207.47,3
80,341,gotest,1206.85,3
80,1052,Starlight,1173.13,3
80,352,Belzebuth,1144.04,3
80,1078,LoremIpsum,1135.66,3
80,1026,WildLupo,1052.58,3
80,1049,TheCatSC2Bot,888.84,3
81,248,Eris,2317.09,1
81,730,Deimos,2188.32,1
81,496,Zozo,2147.76,1
81,115,BenBotBC,2044.3,1
81,49,MicroMachine,2026.21,1
81,446,Xena,2025.51,1
81,40,SharpenedEdge,1967.82,1
81,223,DominionDog,1961.78,1
81,966,ArgoBot,1953.68,1
81,517,VeTerran-revived,1943.52,1
81,338,smallBly,1939.6,1
81,168,sharkbot,1939.07,1
81,1030,who,1938.39,1
81,167,TyrT,1924.86,1
81,732,GPT,1920.37,1
81,346,Sharkling,1879.72,1
81,262,whalemean,1867.2,1
81,510,PhantomBot,1850.7,1
81,1045,tito,1835.19,1
81,357,12PoolBot,1830.24,1
81,797,WickedBot,1828.84,1
81,960,BigDaddy,1778.89,1
81,718,Mulebot,1770.08,1
81,759,BotTato,1760.9,1
81,961,AvocaDOS,1757.78,1
81,1058,JimmyBotP,1748.93,1
81,637,72Tortoises,1733.61,1
81,340,MechaShark,1729.68,1
81,1060,WildFire,1727.79,2
81,953,ZeratulsRevengeTest,1723.74,2
81,605,nida,1700.24,2
81,518,norman,1695.63,2
81,1054,JimmyBotZ,1688.81,2
81,526,Apidae,1679.59,2
81,699,Clicadinha,1669.7,2
81,901,clone,1659.44,2
81,998,LordSuperKing,1655.22,2
81,1079,JimmyBotT,1654.14,2
81,832,muravev,1631.34,2
81,720,PiG_Bot,1611.58,2
81,1089,WorkingAsIntended,1601.67,2
81,275,Lissy,1595.95,2
81,970,TheLAW,1586.01,2
81,1007,SharkGull,1585.83,2
81,1080,JimmyBot,1574.11,2
81,1082,Dasyatis,1542.51,2
81,858,Crawler,1541.34,2
81,1081,ArtZerg,1532.32,2
81,201,QueenBot,1522.12,2
81,1008,Creepy_canon,1518.47,2
81,827,smokinggunbot,1510.48,2
81,971,Nothing,1509.47,2
81,516,27turtles,1489.58,2
81,930,SiriusBot,1462.13,2
81,939,RustyNikolaj,1453.2,2
81,940,Princess-Mika-Test,1422.6,3
81,943,puck,1403.41,3
81,981,KoB,1400.64,3
81,1050,onlyfans,1399.29,3
81,708,Princess-Mika,1393.2,3
81,1044,DoopyBot,1388.64,3
81,1065,MindMatrix,1370.83,3
81,1038,PolyMorph,1342.73,3
81,721,49Terrapins,1340.16,3
81,1042,Creepy_duo_canon,1330.39,3
81,836,muravevTerran,1328.66,3
81,117,Chance,1322.59,3
81,876,GenesisLotus,1308.39,3
81,1085,AgoraLord,1299.79,3
81,809,PrimordialOrigin,1299.21,3
81,977,Siriusly,1291.09,3
81,1023,MY_SCRIPTING_SON,1288.22,3
81,779,oberon,1275.88,3
81,729,Alexa,1265.96,3
81,1057,DoopyBot-Test,1216.58,3
81,341,gotest,1216.14,3
81,112,Tyckles,1209.53,3
81,1052,Starlight,1176.36,3
81,352,Belzebuth,1161.47,3
81,1078,LoremIpsum,1093.77,3
81,1026,WildLupo,1056.37,3
81,1049,TheCatSC2Bot,865.64,3
82,248,Eris,2297.72,1
82,730,Deimos,2202.54,1
82,496,Zozo,2126.03,1
82,49,MicroMachine,2062.34,1
82,115,BenBotBC,2044.03,1
82,446,Xena,2016.93,1
82,223,DominionDog,1965.44,1
82,517,VeTerran-revived,1956.32,1
82,966,ArgoBot,1955.71,1
82,168,sharkbot,1944.76,1
82,1030,who,1942.9,1
82,338,smallBly,1941.26,1
82,40,SharpenedEdge,1940.44,1
82,732,GPT,1930.69,1
82,167,TyrT,1903.06,1
82,510,PhantomBot,1879.44,1
82,346,Sharkling,1859.55,1
82,357,12PoolBot,1858.46,1
82,718,Mulebot,1838.08,1
82,262,whalemean,1833.77,1
82,797,WickedBot,1833.15,1
82,1045,tito,1832.58,1
82,960,BigDaddy,1772.79,1
82,340,MechaShark,1761.63,1
82,518,norman,1749.83,1
82,953,ZeratulsRevengeTest,1747.32,1
82,961,AvocaDOS,1745.78,1
82,759,BotTato,1744.54,1
82,1058,JimmyBotP,1726.18,2
82,605,nida,1703.78,2
82,637,72Tortoises,1693.93,2
82,699,Clicadinha,1680.82,2
82,1060,WildFire,1678.5,2
82,526,Apidae,1673.39,2
82,832,muravev,1664.1,2
82,1054,JimmyBotZ,1661.27,2
82,998,LordSuperKing,1659.5,2
82,901,clone,1655.62,2
82,1079,JimmyBotT,1651.32,2
82,720,PiG_Bot,1635.26,2
82,970,TheLAW,1620.4,2
82,201,QueenBot,1568.05,2
82,1080,JimmyBot,1563.89,2
82,1007,SharkGull,1558.53,2
82,1089,WorkingAsIntended,1557.54,2
82,275,Lissy,1552.86,2
82,827,smokinggunbot,1538.2,2
82,1082,Dasyatis,1534.13,2
82,1008,Creepy_canon,1530.63,2
82,971,Nothing,1528.05,2
82,858,Crawler,1527.97,2
82,1081,ArtZerg,1518.25,2
82,516,27turtles,1486.1,2
82,939,RustyNikolaj,1446.84,2
82,940,Princess-Mika-Test,1446.75,2
82,930,SiriusBot,1430.23,3
82,943,puck,1403.73,3
82,708,Princess-Mika,1394.77,3
82,1050,onlyfans,1393.64,3
82,836,muravevTerran,1383.9,3
82,981,KoB,1381.73,3
82,1038,PolyMorph,1375.95,3
82,1065,MindMatrix,1369.85,3
82,1044,DoopyBot,1369.52,3
82,721,49Terrapins,1361.34,3
82,876,GenesisLotus,1318.88,3
82,1042,Creepy_duo_canon,1302.06,3
82,1085,AgoraLord,1287.0,3
82,112,Tyckles,1275.2,3
82,1023,MY_SCRIPTING_SON,1272.41,3
82,117,Chance,1266.71,3
82,1057,DoopyBot-Test,1265.85,3
82,729,Alexa,1249.21,3
82,779,oberon,1242.06,3
82,977,Siriusly,1235.77,3
82,809,PrimordialOrigin,1224.08,3
82,341,gotest,1211.84,3
82,1052,Starlight,1201.45,3
82,352,Belzebuth,1156.16,3
82,1026,WildLupo,1105.62,3
82,1078,LoremIpsum,1095.69,3
82,1049,TheCatSC2Bot,876.4,3
83,248,Eris,2324.9,1
83,730,Deimos,2212.14,1
83,496,Zozo,2074.6,1
83,115,BenBotBC,2039.66,1
83,49,MicroMachine,2029.62,1
83,446,Xena,2019.56,1
83,517,VeTerran-revived,1996.09,1
83,168,sharkbot,1993.72,1
83,966,ArgoBot,1982.79,1
83,1030,who,1976.87,1
83,338,smallBly,1940.65,1
83,167,TyrT,1933.09,1
83,732,GPT,1918.6,1
83,223,DominionDog,1916.02,1
83,40,SharpenedEdge,1914.59,1
83,510,PhantomBot,1895.0,1
83,262,whalemean,1887.07,1
83,346,Sharkling,1855.78,1
83,1045,tito,1848.56,1
83,357,12PoolBot,1844.6,1
83,340,MechaShark,1805.63,1
83,797,WickedBot,1798.82,1
83,718,Mulebot,1795.91,1
83,953,ZeratulsRevengeTest,1752.0,1
83,960,BigDaddy,1750.83,1
83,961,AvocaDOS,1733.2,1
83,518,norman,1732.84,1
83,605,nida,1729.09,1
83,759,BotTato,1713.96,2
83,1058,JimmyBotP,1686.27,2
83,1060,WildFire,1683.36,2
83,998,LordSuperKing,1678.22,2
83,526,Apidae,1665.76,2
83,901,clone,1662.04,2
83,970,TheLAW,1656.02,2
83,637,72Tortoises,1653.27,2
83,720,PiG_Bot,1629.34,2
83,1079,JimmyBotT,1629.3,2
83,832,muravev,1628.57,2
83,699,Clicadinha,1624.42,2
83,1080,JimmyBot,1623.66,2
83,1054,JimmyBotZ,1602.8,2
83,201,QueenBot,1595.61,2
83,827,smokinggunbot,1592.14,2
83,1081,ArtZerg,1580.46,2
83,1007,SharkGull,1572.21,2
83,275,Lissy,1552.65,2
83,1008,Creepy_canon,1545.63,2
83,516,27turtles,1536.55,2
83,971,Nothing,1532.37,2
83,858,Crawler,1525.96,2
83,1082,Dasyatis,1504.34,2
83,1089,WorkingAsIntended,1483.88,2
83,708,Princess-Mika,1464.62,2
83,940,Princess-Mika-Test,1446.16,2
83,939,RustyNikolaj,1441.81,3
83,943,puck,1424.14,3
83,1038,PolyMorph,1415.75,3
83,981,KoB,1401.42,3
83,1050,onlyfans,1395.66,3
83,930,SiriusBot,1389.9,3
83,836,muravevTerran,1387.89,3
83,1044,DoopyBot,1384.19,3
83,1065,MindMatrix,1372.93,3
83,721,49Terrapins,1343.81,3
83,876,GenesisLotus,1337.08,3
83,1057,DoopyBot-Test,1299.46,3
83,779,oberon,1283.61,3
83,977,Siriusly,1273.1,3
83,117,Chance,1272.22,3
83,1042,Creepy_duo_canon,1260.18,3
83,112,Tyckles,1259.59,3
83,1085,AgoraLord,1233.5,3
83,1023,MY_SCRIPTING_SON,1230.63,3
83,729,Alexa,1223.68,3
83,341,gotest,1219.12,3
83,809,PrimordialOrigin,1216.37,3
83,1052,Starlight,1194.71,3
83,352,Belzebuth,1153.06,3
83,1078,LoremIpsum,1100.6,3
83,1026,WildLupo,1059.53,3
83,1049,TheCatSC2Bot,854.29,3
84,248,Eris,2334.11,1
84,730,Deimos,2201.38,1
84,115,BenBotBC,2104.64,1
84,496,Zozo,2101.65,1
84,49,MicroMachine,2053.49,1
84,1030,who,2021.2,1
84,446,Xena,1989.79,1
84,517,VeTerran-revived,1987.8,1
84,966,ArgoBot,1976.75,1
84,168,sharkbot,1945.39,1
84,167,TyrT,1933.58,1
84,732,GPT,1916.22,1
84,223,DominionDog,1912.23,1
84,40,SharpenedEdge,1906.13,1
84,510,PhantomBot,1901.43,1
84,262,whalemean,1879.03,1
84,346,Sharkling,1865.24,1
84,338,smallBly,1857.34,1
84,357,12PoolBot,1831.72,1
84,340,MechaShark,1825.81,1
84,718,Mulebot,1819.78,1
84,1045,tito,1815.17,1
84,797,WickedBot,1812.15,1
84,953,ZeratulsRevengeTest,1790.22,1
84,961,AvocaDOS,1779.1,1
84,960,BigDaddy,1739.68,1
84,759,BotTato,1717.28,1
84,518,norman,1702.71,1
84,605,nida,1698.46,2
84,1060,WildFire,1693.47,2
84,998,LordSuperKing,1686.02,2
84,637,72Tortoises,1683.82,2
84,526,Apidae,1683.42,2
84,901,clone,1676.67,2
84,1058,JimmyBotP,1670.75,2
84,1054,JimmyBotZ,1651.04,2
84,832,muravev,1650.55,2
84,1079,JimmyBotT,1647.14,2
84,970,TheLAW,1633.02,2
84,699,Clicadinha,1622.32,2
84,720,PiG_Bot,1612.71,2
84,1081,ArtZerg,1599.35,2
84,1080,JimmyBot,1590.88,2
84,971,Nothing,1558.95,2
84,275,Lissy,1558.94,2
84,1007,SharkGull,1554.27,2
84,201,QueenBot,1550.69,2
84,827,smokinggunbot,1544.08,2
84,858,Crawler,1533.85,2
84,1089,WorkingAsIntended,1532.04,2
84,1008,Creepy_canon,1507.77,2
84,940,Princess-Mika-Test,1485.19,2
84,516,27turtles,1483.53,2
84,1082,Dasyatis,1480.99,2
84,708,Princess-Mika,1460.83,2
84,1038,PolyMorph,1442.83,3
84,939,RustyNikolaj,1421.01,3
84,1050,onlyfans,1411.15,3
84,836,muravevTerran,1396.45,3
84,943,puck,1394.82,3
84,930,SiriusBot,1382.88,3
84,1044,DoopyBot,1378.24,3
84,981,KoB,1373.76,3
84,1065,MindMatrix,1361.48,3
84,977,Siriusly,1310.31,3
84,876,GenesisLotus,1310.11,3
84,721,49Terrapins,1304.38,3
84,779,oberon,1289.02,3
84,1057,DoopyBot-Test,1288.31,3
84,112,Tyckles,1288.08,3
84,117,Chance,1285.57,3
84,1042,Creepy_duo_canon,1271.43,3
84,341,gotest,1255.93,3
84,729,Alexa,1245.96,3
84,1085,AgoraLord,1240.55,3
84,809,PrimordialOrigin,1238.06,3
84,1023,MY_SCRIPTING_SON,1207.35,3
84,1052,Starlight,1139.48,3
84,1078,LoremIpsum,1122.54,3
84,352,Belzebuth,1116.68,3
84,1026,WildLupo,1085.61,3
84,1049,TheCatSC2Bot,866.23,3
85,248,Eris,2341.26,1
85,730,Deimos,2166.78,1
85,496,Zozo,2122.59,1
85,115,BenBotBC,2112.55,1
85,49,MicroMachine,2041.36,1
85,1030,who,1991.82,1
85,966,ArgoBot,1988.22,1
85,446,Xena,1971.96,1
85,517,VeTerran-revived,1959.25,1
85,168,sharkbot,1939.33,1
85,167,TyrT,1936.67,1
85,40,SharpenedEdge,1913.13,1
85,732,GPT,1912.07,1
85,262,whalemean,1904.06,1
85,346,Sharkling,1897.99,1
85,338,smallBly,1892.55,1
85,223,DominionDog,1890.06,1
85,510,PhantomBot,1889.34,1
85,357,12PoolBot,1853.41,1
85,797,WickedBot,1848.3,1
85,340,MechaShark,1826.47,1
85,1045,tito,1802.9,1
85,953,ZeratulsRevengeTest,1786.29,1
85,718,Mulebot,1774.45,1
85,759,BotTato,1762.06,1
85,960,BigDaddy,1758.45,1
85,961,AvocaDOS,1752.49,1
85,1060,WildFire,1747.73,1
85,901,clone,1707.1,2
85,518,norman,1685.22,2
85,998,LordSuperKing,1684.13,2
85,1058,JimmyBotP,1673.77,2
85,832,muravev,1671.17,2
85,1079,JimmyBotT,1669.26,2
85,526,Apidae,1656.7,2
85,637,72Tortoises,1648.15,2
85,605,nida,1640.3,2
85,970,TheLAW,1630.0,2
85,1080,JimmyBot,1618.52,2
85,699,Clicadinha,1614.27,2
85,1054,JimmyBotZ,1591.28,2
85,971,Nothing,1583.97,2
85,201,QueenBot,1583.21,2
85,858,Crawler,1576.73,2
85,1081,ArtZerg,1569.15,2
85,720,PiG_Bot,1560.32,2
85,1008,Creepy_canon,1559.68,2
85,1007,SharkGull,1550.93,2
85,827,smokinggunbot,1546.32,2
85,275,Lissy,1535.71,2
85,516,27turtles,1534.52,2
85,1089,WorkingAsIntended,1503.99,2
85,1082,Dasyatis,1501.58,2
85,940,Princess-Mika-Test,1453.81,2
85,939,RustyNikolaj,1441.09,2
85,708,Princess-Mika,1438.41,3
85,1038,PolyMorph,1422.66,3
85,930,SiriusBot,1417.42,3
85,836,muravevTerran,1415.39,3
85,1050,onlyfans,1406.78,3
85,981,KoB,1385.14,3
85,1065,MindMatrix,1354.93,3
85,943,puck,1348.31,3
85,1044,DoopyBot,1346.18,3
85,977,Siriusly,1341.03,3
85,721,49Terrapins,1328.03,3
85,809,PrimordialOrigin,1291.93,3
85,876,GenesisLotus,1291.39,3
85,112,Tyckles,1279.29,3
85,117,Chance,1276.99,3
85,1057,DoopyBot-Test,1271.72,3
85,779,oberon,1271.68,3
85,1085,AgoraLord,1257.89,3
85,1042,Creepy_duo_canon,1255.03,3
85,729,Alexa,1247.76,3
85,1023,MY_SCRIPTING_SON,1243.64,3
85,341,gotest,1240.64,3
85,1052,Starlight,1148.69,3
85,352,Belzebuth,1119.89,3
85,1078,LoremIpsum,1113.66,3
85,1026,WildLupo,1063.5,3
85,1049,TheCatSC2Bot,847.54,3
86,248,Eris,2346.76,1
86,730,Deimos,2189.29,1
86,115,BenBotBC,2148.53,1
86,496,Zozo,2129.59,1
86,49,MicroMachine,2047.47,1
86,1030,who,1988.06,1
86,966,ArgoBot,1980.23,1
86,446,Xena,1966.15,1
86,40,SharpenedEdge,1956.87,1
86,517,VeTerran-revived,1947.89,1
86,223,DominionDog,1938.43,1
86,168,sharkbot,1937.31,1
86,167,TyrT,1916.45,1
86,732,GPT,1915.91,1
86,262,whalemean,1904.4,1
86,357,12PoolBot,1889.4,1
86,346,Sharkling,1871.06,1
86,510,PhantomBot,1867.5,1
86,797,WickedBot,1855.95,1
86,338,smallBly,1846.79,1
86,961,AvocaDOS,1788.05,1
86,340,MechaShark,1785.58,1
86,759,BotTato,1774.54,1
86,1045,tito,1766.36,1
86,1060,WildFire,1762.96,1
86,718,Mulebot,1758.89,1
86,960,BigDaddy,1755.93,1
86,953,ZeratulsRevengeTest,1747.18,1
86,832,muravev,1697.88,2
86,998,LordSuperKing,1682.59,2
86,518,norman,1676.27,2
86,1058,JimmyBotP,1675.81,2
86,526,Apidae,1668.75,2
86,901,clone,1666.53,2
86,637,72Tortoises,1663.76,2
86,1079,JimmyBotT,1662.31,2
86,1080,JimmyBot,1660.97,2
86,699,Clicadinha,1650.65,2
86,605,nida,1638.1,2
86,1054,JimmyBotZ,1605.68,2
86,720,PiG_Bot,1603.13,2
86,201,QueenBot,1582.53,2
86,1081,ArtZerg,1567.3,2
86,970,TheLAW,1566.89,2
86,1007,SharkGull,1566.7,2
86,1008,Creepy_canon,1558.73,2
86,971,Nothing,1558.14,2
86,858,Crawler,1555.32,2
86,275,Lissy,1544.72,2
86,516,27turtles,1535.18,2
86,827,smokinggunbot,1531.38,2
86,1082,Dasyatis,1504.58,2
86,708,Princess-Mika,1477.58,2
86,1089,WorkingAsIntended,1463.43,2
86,940,Princess-Mika-Test,1455.48,2
86,939,RustyNikolaj,1448.06,3
86,943,puck,1418.22,3
86,1044,DoopyBot,1405.36,3
86,1038,PolyMorph,1400.31,3
86,1050,onlyfans,1395.6,3
86,977,Siriusly,1373.38,3
86,930,SiriusBot,1371.32,3
86,981,KoB,1359.77,3
86,721,49Terrapins,1359.69,3
86,1065,MindMatrix,1346.16,3
86,836,muravevTerran,1341.2,3
86,1023,MY_SCRIPTING_SON,1301.12,3
86,1042,Creepy_duo_canon,1296.96,3
86,1085,AgoraLord,1295.3,3
86,876,GenesisLotus,1294.97,3
86,112,Tyckles,1293.93,3
86,809,PrimordialOrigin,1257.73,3
86,341,gotest,1250.18,3
86,779,oberon,1244.57,3
86,729,Alexa,1241.71,3
86,1057,DoopyBot-Test,1217.33,3
86,117,Chance,1209.59,3
86,1052,Starlight,1138.51,3
86,1078,LoremIpsum,1111.82,3
86,352,Belzebuth,1111.63,3
86,1026,WildLupo,1043.45,3
86,1049,TheCatSC2Bot,868.19,3
87,248,Eris,2352.04,1
87,730,Deimos,2166.97,1
87,115,BenBotBC,2130.47,1
87,496,Zozo,2085.58,1
87,49,MicroMachine,2076.44,1
87,966,ArgoBot,1980.68,1
87,40,SharpenedEdge,1978.34,1
87,446,Xena,1973.26,1
87,1030,who,1971.89,1
87,517,VeTerran-revived,1965.75,1
87,223,DominionDog,1937.65,1
87,167,TyrT,1917.54,1
87,168,sharkbot,1917.46,1
87,346,Sharkling,1902.79,1
87,262,whalemean,1893.03,1
87,510,PhantomBot,1887.78,1
87,357,12PoolBot,1882.07,1
87,732,GPT,1870.61,1
87,797,WickedBot,1830.87,1
87,1045,tito,1828.53,1
87,338,smallBly,1813.66,1
87,961,AvocaDOS,1812.41,1
87,340,MechaShark,1799.43,1
87,1060,WildFire,1797.43,1
87,718,Mulebot,1764.33,1
87,759,BotTato,1753.49,1
87,953,ZeratulsRevengeTest,1747.31,1
87,960,BigDaddy,1745.75,1
87,998,LordSuperKing,1721.69,2
87,832,muravev,1706.53,2
87,526,Apidae,1694.56,2
87,637,72Tortoises,1693.14,2
87,605,nida,1672.12,2
87,901,clone,1663.2,2
87,518,norman,1643.3,2
87,1054,JimmyBotZ,1631.21,2
87,720,PiG_Bot,1624.83,2
87,970,TheLAW,1623.95,2
87,1079,JimmyBotT,1603.27,2
87,699,Clicadinha,1597.88,2
87,201,QueenBot,1596.64,2
87,1080,JimmyBot,1587.23,2
87,1081,ArtZerg,1587.14,2
87,1058,JimmyBotP,1586.08,2
87,971,Nothing,1582.33,2
87,1008,Creepy_canon,1578.06,2
87,858,Crawler,1574.58,2
87,1089,WorkingAsIntended,1543.74,2
87,827,smokinggunbot,1542.87,2
87,1007,SharkGull,1530.0,2
87,516,27turtles,1529.85,2
87,275,Lissy,1515.18,2
87,1082,Dasyatis,1490.4,2
87,940,Princess-Mika-Test,1478.2,2
87,939,RustyNikolaj,1465.45,2
87,1044,DoopyBot,1430.9,3
87,708,Princess-Mika,1422.47,3
87,836,muravevTerran,1390.67,3
87,981,KoB,1390.62,3
87,1038,PolyMorph,1388.33,3
87,943,puck,1384.88,3
87,930,SiriusBot,1384.44,3
87,977,Siriusly,1371.76,3
87,1050,onlyfans,1371.34,3
87,1065,MindMatrix,1357.65,3
87,1042,Creepy_duo_canon,1356.73,3
87,721,49Terrapins,1335.72,3
87,876,GenesisLotus,1296.82,3
87,1085,AgoraLord,1296.3,3
87,112,Tyckles,1296.1,3
87,809,PrimordialOrigin,1267.85,3
87,1023,MY_SCRIPTING_SON,1262.27,3
87,779,oberon,1249.76,3
87,1057,DoopyBot-Test,1241.02,3
87,341,gotest,1230.81,3
87,729,Alexa,1217.96,3
87,117,Chance,1193.81,3
87,1052,Starlight,1103.14,3
87,352,Belzebuth,1086.43,3
87,1078,LoremIpsum,1085.66,3
87,1026,WildLupo,1063.45,3
87,1049,TheCatSC2Bot,876.17,3
88,248,Eris,2319.68,1
88,730,Deimos,2174.39,1
88,496,Zozo,2139.34,1
88,115,BenBotBC,2120.86,1
88,49,MicroMachine,2094.07,1
88,966,ArgoBot,1983.67,1
88,1030,who,1975.37,1
88,167,TyrT,1969.17,1
88,446,Xena,1963.6,1
88,40,SharpenedEdge,1961.43,1
88,517,VeTerran-revived,1944.91,1
88,223,DominionDog,1934.32,1
88,168,sharkbot,1933.37,1
88,732,GPT,1906.95,1
88,262,whalemean,1879.92,1
88,510,PhantomBot,1866.89,1
88,346,Sharkling,1865.04,1
88,797,WickedBot,1863.57,1
88,357,12PoolBot,1848.18,1
88,961,AvocaDOS,1824.06,1
88,338,smallBly,1806.25,1
88,1060,WildFire,1793.05,1
88,718,Mulebot,1788.11,1
88,340,MechaShark,1786.13,1
88,759,BotTato,1769.81,1
88,960,BigDaddy,1760.74,1
88,1045,tito,1759.39,1
88,953,ZeratulsRevengeTest,1751.25,1
88,998,LordSuperKing,1731.31,2
88,605,nida,1695.33,2
88,832,muravev,1694.02,2
88,526,Apidae,1688.6,2
88,637,72Tortoises,1675.92,2
88,901,clone,1660.71,2
88,1079,JimmyBotT,1658.58,2
88,518,norman,1656.68,2
88,970,TheLAW,1641.98,2
88,699,Clicadinha,1628.01,2
88,827,smokinggunbot,1614.45,2
88,720,PiG_Bot,1605.57,2
88,1080,JimmyBot,1591.01,2
88,1054,JimmyBotZ,1588.82,2
88,1008,Creepy_canon,1582.2,2
88,1058,JimmyBotP,1581.19,2
88,201,QueenBot,1561.89,2
88,1089,WorkingAsIntended,1557.31,2
88,1082,Dasyatis,1547.13,2
88,1081,ArtZerg,1540.02,2
88,971,Nothing,1532.81,2
88,516,27turtles,1523.86,2
88,939,RustyNikolaj,1521.91,2
88,1007,SharkGull,1511.27,2
88,275,Lissy,1510.58,2
88,858,Crawler,1503.97,2
88,940,Princess-Mika-Test,1458.26,2
88,930,SiriusBot,1438.3,3
88,1050,onlyfans,1434.11,3
88,708,Princess-Mika,1428.74,3
88,943,puck,1417.09,3
88,1038,PolyMorph,1401.35,3
88,981,KoB,1367.67,3
88,836,muravevTerran,1366.6,3
88,1065,MindMatrix,1331.29,3
88,977,Siriusly,1330.08,3
88,1044,DoopyBot,1328.53,3
88,1085,AgoraLord,1318.53,3
88,779,oberon,1308.8,3
88,1042,Creepy_duo_canon,1298.42,3
88,721,49Terrapins,1289.87,3
88,876,GenesisLotus,1288.27,3
88,112,Tyckles,1284.29,3
88,117,Chance,1255.18,3
88,1057,DoopyBot-Test,1251.92,3
88,809,PrimordialOrigin,1248.71,3
88,341,gotest,1244.25,3
88,1023,MY_SCRIPTING_SON,1243.51,3
88,729,Alexa,1220.45,3
88,1078,LoremIpsum,1128.72,3
88,352,Belzebuth,1114.34,3
88,1052,Starlight,1099.45,3
88,1026,WildLupo,1046.4,3
88,1049,TheCatSC2Bot,868.21,3
89,248,Eris,2301.98,1
89,730,Deimos,2184.08,1
89,496,Zozo,2163.58,1
89,115,BenBotBC,2146.84,1
89,49,MicroMachine,2131.2,1
89,1030,who,2022.43,1
89,223,DominionDog,2002.52,1
89,446,Xena,1990.4,1
89,168,sharkbot,1934.89,1
89,517,VeTerran-revived,1932.82,1
89,966,ArgoBot,1927.64,1
89,40,SharpenedEdge,1920.89,1
89,346,Sharkling,1911.72,1
89,732,GPT,1907.34,1
89,167,TyrT,1899.37,1
89,510,PhantomBot,1863.81,1
89,797,WickedBot,1846.62,1
89,262,whalemean,1839.78,1
89,357,12PoolBot,1825.5,1
89,718,Mulebot,1804.22,1
89,961,AvocaDOS,1796.56,1
89,340,MechaShark,1789.45,1
89,338,smallBly,1788.6,1
89,953,ZeratulsRevengeTest,1786.92,1
89,1045,tito,1784.25,1
89,1060,WildFire,1780.83,1
89,998,LordSuperKing,1767.88,1
89,759,BotTato,1757.68,1
89,960,BigDaddy,1741.64,2
89,832,muravev,1672.05,2
89,518,norman,1666.62,2
89,901,clone,1663.13,2
89,720,PiG_Bot,1657.89,2
89,637,72Tortoises,1657.48,2
89,605,nida,1657.13,2
89,1054,JimmyBotZ,1651.89,2
89,1058,JimmyBotP,1649.03,2
89,970,TheLAW,1649.02,2
89,699,Clicadinha,1648.26,2
89,526,Apidae,1643.95,2
89,827,smokinggunbot,1608.23,2
89,1080,JimmyBot,1597.33,2
89,1008,Creepy_canon,1584.43,2
89,971,Nothing,1563.39,2
89,201,QueenBot,1554.13,2
89,1079,JimmyBotT,1551.6,2
89,516,27turtles,1548.13,2
89,275,Lissy,1539.59,2
89,1007,SharkGull,1539.33,2
89,1089,WorkingAsIntended,1537.25,2
89,858,Crawler,1537.14,2
89,1082,Dasyatis,1524.51,2
89,1081,ArtZerg,1508.18,2
89,1050,onlyfans,1473.17,2
89,930,SiriusBot,1446.16,2
89,939,RustyNikolaj,1443.92,3
89,940,Princess-Mika-Test,1441.92,3
89,943,puck,1400.11,3
89,708,Princess-Mika,1397.11,3
89,836,muravevTerran,1388.27,3
89,1065,MindMatrix,1361.56,3
89,1038,PolyMorph,1352.39,3
89,1044,DoopyBot,1350.2,3
89,1085,AgoraLord,1332.16,3
89,721,49Terrapins,1329.98,3
89,981,KoB,1329.28,3
89,1042,Creepy_duo_canon,1324.32,3
89,117,Chance,1319.35,3
89,112,Tyckles,1314.55,3
89,977,Siriusly,1307.95,3
89,779,oberon,1293.58,3
89,341,gotest,1282.06,3
89,876,GenesisLotus,1260.5,3
89,1057,DoopyBot-Test,1258.53,3
89,809,PrimordialOrigin,1247.44,3
89,1023,MY_SCRIPTING_SON,1214.39,3
89,729,Alexa,1186.71,3
89,1078,LoremIpsum,1109.75,3
89,352,Belzebuth,1083.98,3
89,1052,Starlight,1072.0,3
89,1026,WildLupo,1055.35,3
89,1049,TheCatSC2Bot,862.21,3
90,248,Eris,2346.08,1
90,730,Deimos,2215.05,1
90,496,Zozo,2176.78,1
90,115,BenBotBC,2140.73,1
90,49,MicroMachine,2086.25,1
90,1030,who,2025.31,1
90,446,Xena,1993.86,1
90,40,SharpenedEdge,1977.42,1
90,966,ArgoBot,1969.23,1
90,223,DominionDog,1960.71,1
90,517,VeTerran-revived,1941.56,1
90,168,sharkbot,1930.63,1
90,167,TyrT,1890.19,1
90,346,Sharkling,1883.12,1
90,510,PhantomBot,1881.83,1
90,262,whalemean,1876.0,1
90,732,GPT,1862.55,1
90,357,12PoolBot,1838.55,1
90,338,smallBly,1837.46,1
90,759,BotTato,1833.04,1
90,797,WickedBot,1825.67,1
90,953,ZeratulsRevengeTest,1796.76,1
90,340,MechaShark,1788.84,1
90,1060,WildFire,1756.43,1
90,718,Mulebot,1751.88,1
90,1045,tito,1750.95,1
90,961,AvocaDOS,1741.01,1
90,998,LordSuperKing,1731.93,1
90,518,norman,1688.03,2
90,637,72Tortoises,1679.97,2
90,901,clone,1675.32,2
90,605,nida,1672.23,2
90,526,Apidae,1659.76,2
90,960,BigDaddy,1647.11,2
90,970,TheLAW,1646.78,2
90,1054,JimmyBotZ,1643.97,2
90,1079,JimmyBotT,1637.25,2
90,1058,JimmyBotP,1628.11,2
90,1080,JimmyBot,1621.95,2
90,720,PiG_Bot,1619.6,2
90,827,smokinggunbot,1615.6,2
90,832,muravev,1611.68,2
90,699,Clicadinha,1606.7,2
90,1008,Creepy_canon,1599.69,2
90,971,Nothing,1595.45,2
90,1007,SharkGull,1591.58,2
90,858,Crawler,1584.4,2
90,201,QueenBot,1568.48,2
90,516,27turtles,1561.15,2
90,275,Lissy,1523.42,2
90,1089,WorkingAsIntended,1522.19,2
90,1082,Dasyatis,1516.66,2
90,1081,ArtZerg,1502.05,2
90,1050,onlyfans,1437.3,2
90,940,Princess-Mika-Test,1432.68,2
90,943,puck,1429.41,3
90,939,RustyNikolaj,1420.59,3
90,930,SiriusBot,1414.21,3
90,1065,MindMatrix,1391.08,3
90,708,Princess-Mika,1377.99,3
90,1038,PolyMorph,1374.83,3
90,1044,DoopyBot,1356.32,3
90,721,49Terrapins,1352.24,3
90,977,Siriusly,1349.29,3
90,981,KoB,1344.52,3
90,836,muravevTerran,1326.89,3
90,117,Chance,1316.58,3
90,1042,Creepy_duo_canon,1301.34,3
90,1085,AgoraLord,1298.59,3
90,1023,MY_SCRIPTING_SON,1292.03,3
90,779,oberon,1288.04,3
90,341,gotest,1272.47,3
90,876,GenesisLotus,1270.69,3
90,112,Tyckles,1265.62,3
90,1057,DoopyBot-Test,1235.6,3
90,729,Alexa,1233.78,3
90,809,PrimordialOrigin,1220.25,3
90,1078,LoremIpsum,1141.36,3
90,352,Belzebuth,1072.31,3
90,1052,Starlight,1067.66,3
90,1026,WildLupo,1060.61,3
90,1049,TheCatSC2Bot,826.82,3
91,248,Eris,2367.52,1
91,730,Deimos,2200.09,1
91,496,Zozo,2187.15,1
91,115,BenBotBC,2123.09,1
91,49,MicroMachine,2082.86,1
91,40,SharpenedEdge,2004.12,1
91,446,Xena,1989.85,1
91,1030,who,1988.67,1
91,223,DominionDog,1978.22,1
91,517,VeTerran-revived,1964.26,1
91,966,ArgoBot,1934.54,1
91,346,Sharkling,1911.26,1
91,732,GPT,1904.18,1
91,168,sharkbot,1900.23,1
91,262,whalemean,1896.08,1
91,797,WickedBot,1869.39,1
91,167,TyrT,1867.16,1
91,510,PhantomBot,1860.53,1
91,357,12PoolBot,1845.86,1
91,759,BotTato,1830.07,1
91,338,smallBly,1820.46,1
91,1045,tito,1798.34,1
91,340,MechaShark,1773.06,1
91,1060,WildFire,1758.8,1
91,953,ZeratulsRevengeTest,1752.51,1
91,961,AvocaDOS,1738.33,1
91,998,LordSuperKing,1735.66,1
91,718,Mulebot,1727.5,1
91,637,72Tortoises,1699.47,2
91,970,TheLAW,1694.65,2
91,526,Apidae,1675.13,2
91,518,norman,1673.37,2
91,1054,JimmyBotZ,1673.23,2
91,605,nida,1670.9,2
91,1079,JimmyBotT,1662.8,2
91,960,BigDaddy,1657.72,2
91,1058,JimmyBotP,1654.21,2
91,901,clone,1650.79,2
91,720,PiG_Bot,1644.7,2
91,699,Clicadinha,1640.12,2
91,832,muravev,1620.63,2
91,1008,Creepy_canon,1597.16,2
91,1007,SharkGull,1596.09,2
91,971,Nothing,1583.8,2
91,201,QueenBot,1570.17,2
91,1080,JimmyBot,1558.09,2
91,516,27turtles,1542.62,2
91,275,Lissy,1526.95,2
91,858,Crawler,1519.87,2
91,1089,WorkingAsIntended,1516.71,2
91,1082,Dasyatis,1510.4,2
91,827,smokinggunbot,1506.28,2
91,1050,onlyfans,1497.16,2
91,1081,ArtZerg,1490.57,2
91,940,Princess-Mika-Test,1455.5,2
91,708,Princess-Mika,1452.71,3
91,939,RustyNikolaj,1425.79,3
91,981,KoB,1411.86,3
91,1038,PolyMorph,1401.19,3
91,930,SiriusBot,1376.26,3
91,943,puck,1370.08,3
91,1065,MindMatrix,1358.72,3
91,721,49Terrapins,1339.02,3
91,836,muravevTerran,1332.36,3
91,1044,DoopyBot,1312.64,3
91,876,GenesisLotus,1312.4,3
91,1085,AgoraLord,1312.25,3
91,977,Siriusly,1310.42,3
91,1042,Creepy_duo_canon,1304.06,3
91,117,Chance,1298.72,3
91,1023,MY_SCRIPTING_SON,1282.22,3
91,1057,DoopyBot-Test,1279.99,3
91,779,oberon,1272.14,3
91,341,gotest,1266.79,3
91,112,Tyckles,1264.25,3
91,809,PrimordialOrigin,1240.15,3
91,729,Alexa,1216.89,3
91,1078,LoremIpsum,1149.11,3
91,1026,WildLupo,1071.68,3
91,1052,Starlight,1058.77,3
91,352,Belzebuth,1053.5,3
91,1049,TheCatSC2Bot,827.13,3
92,248,Eris,2340.91,1
92,730,Deimos,2215.87,1
92,496,Zozo,2154.6,1
92,115,BenBotBC,2140.98,1
92,49,MicroMachine,2036.53,1
92,223,DominionDog,1971.39,1
92,446,Xena,1971.3,1
92,1030,who,1956.45,1
92,40,SharpenedEdge,1950.8,1
92,168,sharkbot,1947.29,1
92,517,VeTerran-revived,1937.43,1
92,966,ArgoBot,1936.82,1
92,732,GPT,1935.45,1
92,346,Sharkling,1913.82,1
92,338,smallBly,1897.28,1
92,167,TyrT,1892.46,1
92,262,whalemean,1886.78,1
92,759,BotTato,1873.78,1
92,1045,tito,1850.77,1
92,797,WickedBot,1846.35,1
92,357,12PoolBot,1812.03,1
92,510,PhantomBot,1807.8,1
92,953,ZeratulsRevengeTest,1794.09,1
92,961,AvocaDOS,1790.8,1
92,1060,WildFire,1775.7,1
92,340,MechaShark,1748.69,1
92,718,Mulebot,1729.62,1
92,1079,JimmyBotT,1698.04,1
92,998,LordSuperKing,1693.99,2
92,970,TheLAW,1686.75,2
92,637,72Tortoises,1679.94,2
92,605,nida,1676.93,2
92,699,Clicadinha,1664.95,2
92,960,BigDaddy,1663.41,2
92,832,muravev,1662.14,2
92,901,clone,1657.96,2
92,526,Apidae,1656.27,2
92,1054,JimmyBotZ,1654.04,2
92,518,norman,1647.11,2
92,1058,JimmyBotP,1633.16,2
92,720,PiG_Bot,1632.61,2
92,971,Nothing,1593.49,2
92,1080,JimmyBot,1593.24,2
92,1007,SharkGull,1591.94,2
92,201,QueenBot,1591.53,2
92,516,27turtles,1586.24,2
92,1008,Creepy_canon,1563.89,2
92,1082,Dasyatis,1522.91,2
92,827,smokinggunbot,1512.23,2
92,275,Lissy,1505.29,2
92,1050,onlyfans,1493.57,2
92,1089,WorkingAsIntended,1488.81,2
92,1081,ArtZerg,1481.07,2
92,858,Crawler,1477.73,2
92,940,Princess-Mika-Test,1473.84,2
92,708,Princess-Mika,1428.53,3
92,930,SiriusBot,1410.23,3
92,939,RustyNikolaj,1409.97,3
92,836,muravevTerran,1387.19,3
92,1065,MindMatrix,1381.94,3
92,981,KoB,1377.8,3
92,943,puck,1357.36,3
92,1038,PolyMorph,1357.12,3
92,977,Siriusly,1334.34,3
92,876,GenesisLotus,1331.18,3
92,1044,DoopyBot,1330.02,3
92,721,49Terrapins,1314.88,3
92,1042,Creepy_duo_canon,1288.19,3
92,1085,AgoraLord,1284.58,3
92,1057,DoopyBot-Test,1283.19,3
92,112,Tyckles,1282.35,3
92,779,oberon,1272.5,3
92,341,gotest,1271.75,3
92,809,PrimordialOrigin,1262.26,3
92,117,Chance,1256.53,3
92,1023,MY_SCRIPTING_SON,1248.14,3
92,729,Alexa,1199.53,3
92,1026,WildLupo,1114.06,3
92,1078,LoremIpsum,1105.62,3
92,352,Belzebuth,1102.89,3
92,1052,Starlight,1065.31,3
92,1049,TheCatSC2Bot,843.66,3
93,248,Eris,2363.54,1
93,730,Deimos,2207.52,1
93,496,Zozo,2125.04,1
93,115,BenBotBC,2109.41,1
93,49,MicroMachine,2041.91,1
93,168,sharkbot,2000.77,1
93,40,SharpenedEdge,1999.53,1
93,223,DominionDog,1992.1,1
93,446,Xena,1977.75,1
93,1030,who,1958.74,1
93,346,Sharkling,1935.76,1
93,732,GPT,1919.44,1
93,517,VeTerran-revived,1918.35,1
93,167,TyrT,1896.0,1
93,966,ArgoBot,1894.34,1
93,338,smallBly,1880.27,1
93,759,BotTato,1865.45,1
93,262,whalemean,1858.33,1
93,1045,tito,1843.82,1
93,510,PhantomBot,1827.23,1
93,953,ZeratulsRevengeTest,1817.22,1
93,961,AvocaDOS,1814.06,1
93,797,WickedBot,1792.55,1
93,1060,WildFire,1791.61,1
93,1079,JimmyBotT,1782.59,1
93,357,12PoolBot,1751.69,1
93,718,Mulebot,1743.54,1
93,340,MechaShark,1705.32,1
93,699,Clicadinha,1703.85,2
93,998,LordSuperKing,1698.16,2
93,970,TheLAW,1689.91,2
93,960,BigDaddy,1687.02,2
93,832,muravev,1664.6,2
93,518,norman,1661.88,2
93,605,nida,1661.3,2
93,526,Apidae,1648.23,2
93,1054,JimmyBotZ,1646.37,2
93,637,72Tortoises,1640.59,2
93,720,PiG_Bot,1636.57,2
93,1080,JimmyBot,1632.63,2
93,1058,JimmyBotP,1624.34,2
93,901,clone,1613.07,2
93,201,QueenBot,1612.65,2
93,516,27turtles,1599.51,2
93,1007,SharkGull,1596.41,2
93,971,Nothing,1585.35,2
93,1008,Creepy_canon,1580.89,2
93,827,smokinggunbot,1541.61,2
93,1082,Dasyatis,1513.09,2
93,275,Lissy,1506.7,2
93,1081,ArtZerg,1493.69,2
93,1050,onlyfans,1482.44,2
93,858,Crawler,1457.22,2
93,940,Princess-Mika-Test,1455.04,2
93,1089,WorkingAsIntended,1451.91,2
93,708,Princess-Mika,1428.53,3
93,930,SiriusBot,1410.23,3
93,939,RustyNikolaj,1409.97,3
93,836,muravevTerran,1387.19,3
93,1065,MindMatrix,1381.94,3
93,981,KoB,1377.8,3
93,943,puck,1357.36,3
93,1038,PolyMorph,1357.12,3
93,977,Siriusly,1334.34,3
93,876,GenesisLotus,1331.18,3
93,1044,DoopyBot,1330.02,3
93,721,49Terrapins,1314.88,3
93,1042,Creepy_duo_canon,1288.19,3
93,1085,AgoraLord,1284.58,3
93,1057,DoopyBot-Test,1283.19,3
93,112,Tyckles,1282.35,3
93,779,oberon,1272.5,3
93,341,gotest,1271.75,3
93,809,PrimordialOrigin,1262.26,3
93,117,Chance,1256.53,3
93,1023,MY_SCRIPTING_SON,1248.14,3
93,729,Alexa,1199.53,3
93,1026,WildLupo,1114.06,3
93,1078,LoremIpsum,1105.62,3
93,352,Belzebuth,1102.89,3
93,1052,Starlight,1065.31,3
93,1049,TheCatSC2Bot,843.66,3
