match_id,time_start,time_end,bot_a,bot_b,outcome_a,duration_minutes,category,elo_diff
8,0.0,6.58,1030,1045,1.0,6.58,normal,0.0
2,0.0,7.81,357,1038,1.0,7.81,normal,0.0
10,0.0,8.03,262,971,1.0,8.03,normal,0.0
3,0.0,9.66,637,1080,1.0,9.66,normal,0.0
6,0.0,9.69,730,1007,0.0,9.69,normal,0.0
9,0.0,10.16,759,1008,1.0,10.16,normal,0.0
7,0.0,10.53,352,718,0.0,10.53,normal,0.0
5,0.0,10.6,248,953,1.0,10.6,normal,0.0
11,0.0,10.73,510,516,1.0,10.73,normal,0.0
1,0.0,10.96,526,1085,1.0,10.96,normal,0.0
0,0.0,11.13,930,981,0.0,11.13,normal,0.0
4,0.0,12.29,729,809,1.0,12.29,normal,0.0
13,7.81,16.59,708,970,0.0,8.78,normal,0.0
20,10.73,17.37,346,1060,1.0,6.64,normal,0.0
18,10.53,17.67,718,729,0.0,7.14,normal,8.0
19,10.6,18.93,338,1058,1.0,8.33,normal,0.0
14,8.03,19.08,262,1085,1.0,11.05,normal,8.0
15,9.66,19.14,518,966,0.0,9.48,normal,0.0
21,10.96,20.31,1045,1078,0.0,9.35,normal,8.0
12,6.58,21.03,732,1080,1.0,14.45,normal,0.0
17,10.16,21.52,759,1065,1.0,11.36,normal,8.0
23,12.29,22.01,49,340,1.0,9.72,normal,0.0
28,19.08,22.49,516,970,1.0,3.41,abnormal,16.0
27,18.93,24.07,338,1085,1.0,5.14,abnormal,16.0
16,9.69,25.27,730,971,1.0,15.58,normal,0.0
26,17.67,25.56,605,1023,0.0,7.89,normal,0.0
24,16.59,26.04,876,1049,1.0,9.45,normal,0.0
22,11.13,26.82,201,516,1.0,15.69,normal,8.0
25,17.37,28.68,167,809,1.0,11.31,normal,8.0
29,19.14,30.12,699,1044,1.0,10.98,normal,0.0
31,21.03,30.63,262,961,1.0,9.6,normal,15.63
32,21.52,31.06,708,1065,1.0,9.54,normal,0.18
30,20.31,31.58,953,1082,1.0,11.27,normal,8.0
34,22.49,32.18,526,970,0.0,9.69,normal,8.37
33,22.01,33.1,517,998,0.0,11.09,normal,0.0
37,25.56,34.73,971,1007,0.0,9.17,normal,24.0
40,28.68,35.78,49,930,1.0,7.1,normal,16.0
35,24.07,36.13,112,223,0.0,12.06,normal,0.0
38,26.04,36.16,168,1060,1.0,10.12,normal,8.0
39,26.82,36.47,1049,1057,0.0,9.65,normal,8.0
36,25.27,36.67,730,836,1.0,11.4,normal,0.0
42,30.63,40.02,961,1057,1.0,9.39,normal,7.64
41,30.12,40.26,117,1023,1.0,10.14,abnormal,8.0
46,33.1,40.38,699,960,0.0,7.28,normal,8.0
43,31.06,40.68,167,832,1.0,9.62,normal,7.82
44,31.58,41.43,40,1050,1.0,9.85,normal,0.0
45,32.18,42.28,526,1008,0.0,10.1,normal,7.81
49,36.13,43.09,112,248,0.0,6.96,normal,16.0
52,36.67,44.44,168,797,1.0,7.77,normal,7.82
47,34.73,44.87,971,1080,0.0,10.14,normal,7.63
51,36.47,46.21,637,1049,1.0,9.74,normal,23.82
50,36.16,46.8,223,605,1.0,10.64,normal,16.0
57,41.43,49.16,1052,1060,1.0,7.73,normal,15.82
56,40.68,49.47,981,1050,0.0,8.79,normal,8.0
53,40.02,49.79,730,1065,1.0,9.77,normal,23.82
48,35.78,49.88,516,1050,1.0,14.1,normal,7.64
54,40.26,50.05,49,446,0.0,9.79,normal,15.63
55,40.38,50.13,115,352,1.0,9.75,normal,8.0
63,46.8,51.59,1026,1080,0.0,4.79,normal,7.99
59,43.09,52.88,827,953,0.0,9.79,normal,0.18
61,44.87,53.24,275,943,0.0,8.37,normal,0.0
58,42.28,54.43,526,1089,0.0,12.15,normal,8.37
60,44.44,54.44,167,1045,1.0,10.0,normal,31.45
62,46.21,56.82,998,1078,0.0,10.61,abnormal,0.18
64,49.16,56.89,275,1058,0.0,7.73,normal,8.0
68,50.05,57.06,49,518,1.0,7.01,normal,15.27
65,49.47,60.63,605,930,1.0,11.16,normal,0.0
72,53.24,60.94,759,836,1.0,7.7,normal,23.82
66,49.79,60.94,1065,1079,0.0,11.15,normal,23.27
67,49.88,61.27,720,730,0.0,11.39,normal,15.45
70,51.59,61.85,201,939,1.0,10.26,normal,8.01
71,52.88,64.02,827,943,1.0,11.14,normal,8.0
77,57.06,64.58,248,779,1.0,7.52,normal,15.63
73,54.43,65.45,708,1089,0.0,11.02,normal,7.8
69,50.13,66.18,112,352,0.0,16.05,normal,0.18
74,54.44,66.2,340,797,1.0,11.76,normal,0.18
76,56.89,66.28,797,1042,1.0,9.39,normal,7.82
75,56.82,67.32,168,446,0.0,10.5,normal,7.28
79,60.94,69.79,637,943,0.0,8.85,normal,7.45
82,61.85,71.26,858,1054,0.0,9.41,normal,0.0
78,60.63,71.99,901,1049,1.0,11.36,normal,23.27
81,61.27,73.72,338,720,1.0,12.45,normal,23.1
85,65.45,74.21,117,966,0.0,8.76,abnormal,0.18
84,64.58,74.46,223,759,1.0,9.88,normal,7.64
87,66.2,75.83,340,1045,0.0,9.63,normal,23.1
86,66.18,76.4,977,998,0.0,10.22,normal,0.0
88,66.28,78.74,836,971,0.0,12.46,normal,15.82
89,67.32,78.79,446,1023,1.0,11.47,normal,16.71
91,71.26,78.81,729,1042,0.0,7.55,normal,24.36
80,60.94,81.54,939,1065,1.0,20.6,normal,30.74
94,74.21,81.89,117,1042,0.0,7.68,normal,8.54
95,74.46,82.22,223,1044,1.0,7.76,normal,31.81
90,69.79,82.24,718,759,0.0,12.45,normal,23.27
83,64.02,82.82,779,977,0.0,18.8,normal,0.0
93,73.72,84.42,40,1042,1.0,10.7,normal,16.36
97,76.4,84.67,901,1007,0.0,8.27,normal,7.98
96,75.83,85.27,517,1052,1.0,9.44,normal,15.64
99,78.79,88.9,496,943,1.0,10.11,normal,8.0
102,81.89,89.12,117,729,0.0,7.23,normal,15.26
100,78.81,89.13,759,970,1.0,10.32,normal,7.27
103,82.22,89.45,346,1085,1.0,7.23,normal,31.09
106,84.42,90.37,40,357,0.0,5.95,normal,8.0
104,82.24,91.46,953,1078,1.0,9.22,normal,7.64
98,78.74,91.69,779,1030,0.0,12.95,normal,15.64
107,84.67,92.41,338,510,0.0,7.74,normal,14.93
101,81.54,93.02,341,518,0.0,11.48,normal,15.65
108,85.27,93.27,168,998,1.0,8.0,normal,0.53
105,82.82,93.68,966,1057,1.0,10.86,normal,16.54
110,89.12,97.04,115,699,1.0,7.92,normal,8.0
111,89.13,97.16,117,809,0.0,8.03,normal,0.35
112,89.45,97.33,201,346,0.0,7.88,normal,0.54
109,88.9,97.57,248,960,1.0,8.67,normal,15.09
114,91.46,99.92,275,357,0.0,8.46,normal,32.18
113,90.37,100.9,809,940,0.0,10.53,normal,15.82
115,91.69,101.08,809,1038,0.0,9.39,abnormal,7.82
116,92.41,101.09,699,981,0.0,8.68,normal,0.18
118,93.27,101.36,201,496,0.0,8.09,normal,7.64
123,97.57,103.7,960,1044,0.0,6.13,normal,15.8
117,93.02,104.43,605,1060,1.0,11.41,normal,15.82
121,97.16,105.09,117,699,0.0,7.93,normal,15.48
122,97.33,107.69,1057,1058,0.0,10.36,abnormal,8.16
119,93.68,108.93,730,827,1.0,15.25,normal,22.72
120,97.04,109.04,953,961,0.0,12.0,normal,15.64
127,101.09,109.37,637,1054,1.0,8.28,normal,0.91
124,99.92,110.45,708,1026,1.0,10.53,normal,0.37
125,100.9,111.12,275,720,1.0,10.22,normal,8.15
130,104.43,112.41,940,1042,1.0,7.98,normal,7.63
126,101.08,113.37,346,1054,1.0,12.29,normal,15.3
131,105.09,114.77,167,517,0.0,9.68,normal,22.55
128,101.36,115.13,1044,1050,0.0,13.77,normal,7.45
135,109.37,117.13,168,357,0.0,7.76,normal,7.96
133,108.93,118.06,827,901,0.0,9.13,normal,6.75
132,107.69,119.34,526,605,0.0,11.65,normal,16.18
134,109.04,119.77,115,446,1.0,10.73,normal,8.51
136,110.45,121.23,730,1008,0.0,10.78,normal,30.39
138,112.41,122.86,809,981,1.0,10.45,normal,30.91
129,103.7,122.87,699,1042,1.0,19.17,abnormal,16.02
139,113.37,123.09,248,977,1.0,9.72,normal,30.92
137,111.12,124.26,516,720,0.0,13.14,normal,23.84
141,115.13,127.47,721,876,1.0,12.34,normal,8.0
140,114.77,127.89,167,729,1.0,13.12,normal,0.69
142,117.13,128.8,357,779,1.0,11.67,normal,54.37
144,119.34,129.42,939,961,0.0,10.08,normal,9.42
149,123.09,130.94,930,1042,1.0,7.85,normal,7.99
147,122.86,131.95,340,1030,0.0,9.09,normal,23.98
92,71.99,131.99,262,1082,0.5,60.0,timelimit,31.46
145,119.77,133.72,446,1081,1.0,13.95,normal,15.95
146,121.23,134.0,708,943,0.0,12.77,normal,0.36
148,122.87,135.34,40,517,1.0,12.47,normal,1.06
143,118.06,135.61,516,1049,1.0,17.55,normal,31.28
150,124.26,137.26,721,970,0.0,13.0,normal,0.17
154,129.42,138.94,730,1085,1.0,9.52,normal,52.25
152,127.89,139.2,518,901,1.0,11.31,normal,14.78
159,134.0,140.09,708,1023,0.0,6.09,abnormal,0.03
151,127.47,141.76,718,876,1.0,14.29,normal,7.47
153,128.8,141.77,357,1044,1.0,12.97,normal,52.95
156,131.95,141.87,117,1079,0.0,9.92,normal,38.77
157,131.99,142.3,262,943,1.0,10.31,normal,22.74
155,130.94,143.37,797,1044,1.0,12.43,normal,7.47
158,133.72,143.41,832,1052,1.0,9.69,normal,7.1
162,137.26,145.12,809,858,0.0,7.86,normal,6.74
161,135.61,146.17,1049,1081,0.0,10.56,normal,30.58
163,138.94,147.43,275,1008,0.0,8.49,normal,23.95
165,140.09,148.79,510,708,1.0,8.7,normal,32.18
164,139.2,150.3,201,901,0.0,11.1,normal,0.67
167,141.77,151.38,112,1045,0.0,9.61,normal,9.07
170,143.37,152.88,1026,1054,0.0,9.51,abnormal,8.69
166,141.76,153.22,718,930,1.0,11.46,normal,15.97
169,142.3,153.9,262,970,1.0,11.6,normal,21.86
173,146.17,154.35,858,1058,1.0,8.18,normal,7.97
168,141.87,154.66,352,966,0.0,12.79,normal,31.44
171,143.41,156.9,876,1080,1.0,13.49,normal,8.55
172,145.12,159.15,971,1008,0.0,14.03,normal,31.79
177,151.38,159.17,960,1045,1.0,7.79,normal,1.06
176,150.3,160.27,901,1089,0.0,9.97,normal,8.46
180,153.9,161.46,115,1050,1.0,7.56,normal,23.62
174,147.43,161.72,605,1044,1.0,14.29,normal,37.02
175,148.79,162.28,223,518,1.0,13.49,normal,30.03
179,153.22,162.78,930,1078,1.0,9.56,normal,30.72
181,154.35,163.36,605,1042,1.0,9.01,normal,31.46
184,159.15,164.01,720,971,1.0,4.86,abnormal,15.26
182,154.66,165.87,516,797,0.0,11.21,normal,0.74
178,152.88,166.04,112,940,1.0,13.16,normal,47.07
183,156.9,167.12,809,977,0.0,10.22,normal,15.31
187,161.46,168.56,940,977,1.0,7.1,normal,22.93
190,162.78,168.85,117,496,0.5,6.07,normal,54.59
185,159.17,169.05,526,1007,0.0,9.88,normal,47.07
186,160.27,170.38,446,858,0.0,10.11,normal,15.55
188,161.72,170.66,637,1058,1.0,8.94,normal,15.48
191,163.36,172.22,49,167,0.0,8.86,normal,7.49
189,162.28,173.69,605,718,1.0,11.41,normal,6.63
195,167.12,175.17,729,1030,0.0,8.05,normal,15.83
193,165.87,175.26,779,1060,0.0,9.39,normal,1.22
194,166.04,175.78,112,518,1.0,9.74,normal,16.09
192,164.01,176.42,168,966,0.0,12.41,normal,23.24
196,168.56,177.65,699,1023,1.0,9.09,normal,0.19
198,169.05,178.45,721,1089,0.0,9.4,normal,23.43
199,170.38,178.84,836,1079,0.0,8.46,normal,38.39
197,168.85,180.23,876,961,0.0,11.38,normal,17.02
200,170.66,181.64,223,1054,1.0,10.98,normal,38.07
202,173.69,182.25,446,977,1.0,8.56,normal,22.71
201,172.22,183.76,49,977,1.0,11.54,normal,14.58
205,175.78,185.06,112,858,1.0,9.28,normal,30.37
204,175.26,185.66,939,970,0.0,10.4,normal,8.98
203,175.17,186.3,1030,1038,1.0,11.13,normal,30.72
207,177.65,187.39,510,901,1.0,9.74,normal,24.24
208,178.45,189.89,338,832,1.0,11.44,normal,14.24
210,180.23,189.97,1045,1052,0.0,9.74,normal,5.91
209,178.84,191.28,699,1078,1.0,12.44,normal,9.07
213,183.76,191.49,940,960,0.0,7.73,normal,14.23
211,181.64,192.12,223,718,1.0,10.48,normal,45.05
212,182.25,192.14,341,446,0.0,9.89,normal,31.06
214,185.06,193.44,1038,1089,0.0,8.38,normal,31.07
217,187.39,195.05,510,876,1.0,7.66,normal,38.82
160,135.34,195.34,517,518,0.5,60.0,timelimit,8.14
215,185.66,195.62,516,836,1.0,9.96,normal,22.43
218,189.89,197.68,732,1008,1.0,7.79,normal,15.61
216,186.3,199.97,112,1030,0.0,13.67,normal,43.12
221,191.49,200.89,338,1008,1.0,9.4,normal,1.17
219,189.97,201.39,809,998,0.0,11.42,normal,30.22
222,192.12,201.62,346,836,1.0,9.5,normal,61.7
224,193.44,204.15,1038,1054,0.0,10.71,normal,7.78
220,191.28,204.84,1052,1078,1.0,13.56,normal,7.83
223,192.14,205.09,496,961,1.0,12.95,normal,9.54
225,195.05,205.29,510,939,1.0,10.24,normal,54.08
227,195.62,205.87,901,966,0.0,10.25,normal,46.45
226,195.34,206.06,517,960,1.0,10.72,normal,8.02
228,197.68,211.09,637,858,0.0,13.41,normal,15.06
230,200.89,211.4,953,970,1.0,10.51,normal,0.65
235,205.09,215.02,496,1080,1.0,9.93,normal,31.15
231,201.39,215.23,940,998,0.0,13.84,normal,1.19
233,204.15,215.52,729,1044,0.0,11.37,normal,35.98
239,211.09,216.24,346,510,1.0,5.15,normal,7.73
236,205.29,216.28,518,1038,1.0,10.99,normal,8.14
238,206.06,216.73,876,1065,0.0,10.67,normal,23.33
237,205.87,217.49,720,732,0.0,11.62,normal,23.28
232,201.62,218.87,201,1079,0.0,17.25,normal,29.89
234,204.84,220.77,977,1052,0.0,15.93,normal,29.26
240,211.4,223.48,718,779,1.0,12.08,normal,31.39
242,215.23,224.37,966,1030,0.0,9.14,normal,0.46
247,217.49,225.35,732,779,0.0,7.86,normal,61.53
243,215.52,225.46,341,977,0.0,9.94,normal,6.81
244,216.24,225.72,759,1054,0.0,9.48,normal,29.39
245,216.28,226.24,49,1078,1.0,9.96,normal,31.26
229,199.97,226.44,352,930,1.0,26.47,abnormal,0.71
248,218.87,227.73,779,797,1.0,8.86,normal,46.09
246,216.73,228.5,759,1085,1.0,11.77,normal,67.58
253,225.46,232.79,357,960,0.0,7.33,normal,44.48
249,220.77,233.21,40,797,1.0,12.44,normal,7.65
241,215.02,233.29,275,605,1.0,18.27,normal,52.1
250,223.48,233.96,340,446,0.0,10.48,normal,45.96
255,226.24,234.17,637,1007,1.0,7.93,normal,15.78
256,226.44,236.12,797,977,1.0,9.68,normal,29.66
206,176.42,236.42,1050,1060,0.5,60.0,timelimit,15.81
252,225.35,237.28,248,341,1.0,11.93,normal,53.86
254,225.72,237.63,721,836,1.0,11.91,normal,37.39
258,228.5,240.64,876,1085,1.0,12.14,normal,20.42
251,224.37,240.85,943,1026,1.0,16.48,normal,24.13
260,233.21,242.8,40,939,1.0,9.59,normal,46.15
267,237.63,243.27,1060,1081,1.0,5.64,normal,22.36
257,227.73,243.6,201,275,0.0,15.87,normal,7.01
261,233.29,245.56,827,971,1.0,12.27,normal,22.71
266,237.28,246.06,961,1079,1.0,8.78,normal,12.76
264,236.12,246.41,797,858,1.0,10.29,normal,16.76
265,236.42,249.15,223,526,0.5,12.73,normal,83.21
262,233.96,249.27,518,832,1.0,15.31,normal,0.87
263,234.17,249.69,352,1078,1.0,15.52,normal,16.88
271,243.27,250.79,943,953,1.0,7.52,normal,8.41
272,243.6,251.27,340,960,1.0,7.67,normal,32.28
269,240.85,251.91,720,876,0.0,11.06,normal,1.32
270,242.8,252.48,40,168,1.0,9.68,normal,30.21
275,246.41,253.31,953,1058,0.0,6.9,normal,24.03
268,240.64,254.99,115,357,1.0,14.35,normal,4.51
273,245.56,255.27,971,1089,1.0,9.71,normal,83.15
274,246.06,255.9,721,1065,1.0,9.84,normal,29.35
277,249.27,257.5,517,699,1.0,8.23,normal,7.12
278,249.69,258.25,832,1045,0.0,8.56,normal,7.35
280,251.27,260.67,338,718,1.0,9.4,normal,29.31
281,251.91,261.03,720,1079,0.0,9.12,normal,43.31
282,252.48,261.57,117,832,0.0,9.09,normal,21.86
279,250.79,261.99,49,1023,1.0,11.2,normal,29.67
276,249.15,263.22,223,248,0.0,14.07,normal,5.8
285,255.27,265.0,341,357,0.0,9.73,normal,58.24
283,253.31,266.77,167,981,1.0,13.46,normal,31.49
291,261.57,267.95,346,970,1.0,6.38,normal,44.73
286,255.9,268.73,759,961,0.0,12.83,normal,3.84
288,258.25,270.45,637,827,1.0,12.2,normal,30.24
289,260.67,271.76,352,960,0.0,11.09,normal,0.07
290,261.03,271.87,998,1050,1.0,10.84,normal,22.88
292,261.99,272.02,112,446,0.0,10.03,normal,49.23
287,257.5,273.61,836,1057,0.0,16.11,normal,36.02
293,263.22,276.19,223,832,0.0,12.97,normal,58.26
297,268.73,276.36,720,953,0.0,7.63,normal,29.06
284,254.99,277.17,115,858,1.0,22.18,abnormal,31.74
296,267.95,277.97,721,1079,0.0,10.02,normal,20.72
295,266.77,278.26,167,340,1.0,11.49,normal,51.7
294,265.0,280.12,1038,1058,0.0,15.12,normal,30.57
301,272.02,280.34,168,940,1.0,8.32,normal,5.23
302,273.61,281.47,117,248,0.0,7.86,normal,97.78
299,271.76,283.76,275,1065,1.0,12.0,normal,31.62
298,270.45,284.09,721,1085,0.0,13.64,normal,58.37
300,271.87,285.54,1007,1026,1.0,13.67,normal,53.24
303,276.19,286.31,1030,1052,1.0,10.12,normal,38.73
304,276.36,287.53,40,1081,1.0,11.17,normal,46.56
307,278.26,290.07,341,939,0.0,11.81,normal,7.6
305,277.17,290.88,49,115,1.0,13.71,abnormal,17.47
310,281.47,292.12,496,1054,1.0,10.65,normal,20.75
315,287.53,292.26,1007,1081,0.0,4.73,normal,44.39
259,232.79,292.79,732,1049,0.5,60.0,timelimit,59.58
306,277.97,292.95,346,1007,1.0,14.98,normal,30.52
309,280.34,293.37,262,876,1.0,13.03,normal,45.56
308,280.12,293.76,1050,1078,1.0,13.64,normal,16.48
312,284.09,294.75,981,1042,1.0,10.66,normal,22.41
314,286.31,295.0,940,1044,1.0,8.69,normal,17.72
313,285.54,297.61,1057,1080,0.0,12.07,normal,6.49
311,283.76,297.67,718,998,1.0,13.91,normal,29.28
322,293.37,299.38,797,1038,1.0,6.01,normal,45.18
319,292.26,300.26,1058,1081,1.0,8.0,normal,14.41
316,290.07,300.36,1057,1082,0.0,10.29,normal,1.34
325,295.0,301.26,858,981,1.0,6.26,normal,1.42
320,292.79,301.72,939,1049,1.0,8.93,normal,22.35
323,293.76,302.64,352,517,0.0,8.88,normal,24.31
321,292.95,303.0,732,827,1.0,10.05,normal,27.49
324,294.75,303.96,1008,1026,1.0,9.21,normal,45.44
317,290.88,304.59,720,721,1.0,13.71,normal,27.26
326,297.61,308.35,248,966,1.0,10.74,normal,21.44
328,299.38,309.04,940,1052,1.0,9.66,normal,9.42
318,292.12,309.28,730,1050,1.0,17.16,normal,43.77
329,300.26,311.47,262,1008,1.0,11.21,normal,37.43
334,303.0,311.62,732,970,1.0,8.62,normal,26.43
333,302.64,311.7,40,1023,1.0,9.06,normal,59.77
330,300.36,314.06,708,836,1.0,13.7,normal,36.07
327,297.67,314.5,496,836,1.0,16.83,normal,97.12
337,308.35,314.55,759,1082,0.0,6.2,normal,19.97
336,304.59,315.21,115,981,1.0,10.62,normal,47.27
335,303.96,315.47,346,1008,1.0,11.51,normal,45.4
331,301.26,318.61,201,971,1.0,17.35,normal,11.8
339,309.28,319.15,730,1080,1.0,9.87,normal,42.99
341,311.62,319.69,1007,1038,1.0,8.07,normal,56.83
332,301.72,319.79,340,940,1.0,18.07,normal,18.6
340,311.47,321.84,262,1089,1.0,10.37,normal,23.83
347,315.47,322.61,346,1042,1.0,7.14,normal,104.81
346,315.21,322.82,708,1049,1.0,7.61,normal,35.71
338,309.04,322.97,779,1052,0.0,13.93,normal,25.4
343,314.06,323.63,953,1080,1.0,9.57,normal,13.93
344,314.5,325.01,961,1026,1.0,10.51,normal,77.79
342,311.7,325.4,49,832,1.0,13.7,normal,44.05
348,318.61,327.27,341,1023,1.0,8.66,normal,23.29
345,314.55,327.57,167,526,0.0,13.02,normal,73.18
351,319.79,329.85,338,1080,0.0,10.06,normal,51.57
349,319.15,331.42,832,930,1.0,12.27,normal,15.93
354,322.82,332.27,340,352,1.0,9.45,normal,2.52
353,322.61,333.34,1081,1089,0.0,10.73,normal,35.12
350,319.69,333.6,1079,1082,1.0,13.91,normal,26.47
357,325.01,335.1,708,1082,0.5,10.09,normal,17.52
355,322.97,335.88,1044,1052,0.0,12.91,normal,41.52
358,325.4,336.15,168,518,1.0,10.75,normal,0.51
360,327.57,337.03,262,1065,0.0,9.46,abnormal,103.69
356,323.63,337.59,721,827,0.0,13.96,normal,3.84
365,333.6,339.52,1054,1081,0.0,5.92,normal,23.79
359,327.27,339.71,496,732,1.0,12.44,normal,16.15
362,331.42,340.9,901,1054,1.0,9.48,normal,17.18
361,329.85,340.92,275,1049,1.0,11.07,normal,60.71
364,333.34,342.34,1026,1089,0.0,9.0,normal,79.28
368,336.15,343.72,168,517,0.0,7.57,normal,15.26
366,335.1,347.4,167,1078,1.0,12.3,normal,73.86
369,337.03,348.47,1057,1065,0.0,11.44,normal,9.23
371,339.52,349.11,966,1050,1.0,9.59,normal,44.43
367,335.88,351.08,201,1057,1.0,15.2,normal,9.0
363,332.27,351.25,352,981,1.0,18.98,abnormal,6.91
372,339.71,351.42,496,510,1.0,11.71,normal,14.51
374,340.92,351.8,637,1030,0.0,10.88,normal,29.89
376,343.72,352.19,1058,1079,0.0,8.47,normal,27.32
373,340.9,352.6,901,943,1.0,11.7,normal,22.62
378,348.47,356.49,115,998,1.0,8.02,abnormal,31.11
370,337.59,356.75,827,939,1.0,19.16,normal,0.26
375,342.34,357.29,729,1038,0.0,14.95,normal,41.8
377,347.4,357.64,605,779,1.0,10.24,normal,54.41
385,352.6,358.44,340,981,1.0,5.84,normal,19.65
380,351.08,359.28,1057,1079,0.0,8.2,normal,83.18
384,352.19,360.98,637,1089,0.0,8.79,normal,11.32
383,351.8,361.68,510,1026,1.0,9.88,normal,86.69
382,351.42,362.41,496,1058,1.0,10.99,normal,43.6
381,351.25,362.64,40,341,1.0,11.39,normal,87.8
379,349.11,365.09,341,966,0.0,15.98,normal,73.29
390,358.44,365.71,699,930,0.0,7.27,normal,37.83
386,356.49,367.2,516,1007,0.0,10.71,normal,20.07
387,356.75,367.53,827,1081,1.0,10.78,normal,7.02
391,359.28,367.57,275,1085,1.0,8.29,normal,50.71
388,357.29,368.25,341,998,0.0,10.96,normal,43.29
389,357.64,368.95,939,1082,0.0,11.31,normal,23.46
393,361.68,369.29,732,1085,1.0,7.61,normal,62.05
392,360.98,370.04,338,943,1.0,9.06,normal,20.79
394,362.41,373.97,516,961,0.0,11.56,normal,39.89
395,362.64,374.56,721,1082,1.0,11.92,normal,27.55
397,365.71,375.6,112,357,0.0,9.89,normal,53.53
396,365.09,376.67,115,729,1.0,11.58,normal,70.81
402,368.95,377.19,729,930,0.0,8.24,normal,2.97
404,370.04,380.3,338,1082,1.0,10.26,normal,26.98
400,367.57,380.34,526,1082,0.0,12.77,normal,20.34
398,367.2,380.39,832,858,1.0,13.19,normal,14.01
399,367.53,381.25,1030,1081,1.0,13.72,normal,88.2
352,321.84,381.84,1045,1060,0.5,60.0,timelimit,0.31
401,368.25,381.99,248,517,1.0,13.74,normal,34.31
403,369.29,382.19,510,732,0.0,12.9,normal,8.84
407,381.84,390.95,960,1060,0.0,9.11,normal,22.8
406,381.84,391.43,809,1045,0.0,9.59,normal,23.06
405,380.34,394.56,201,526,1.0,14.22,normal,18.79
408,390.95,398.57,1026,1060,0.0,7.62,normal,57.99
420,398.57,406.26,352,930,1.0,7.69,abnormal,1.29
415,398.57,406.87,827,901,0.0,8.3,normal,0.07
416,398.57,407.4,446,732,0.0,8.83,normal,9.32
409,398.57,408.32,876,1065,1.0,9.75,normal,10.93
412,398.57,408.99,729,981,0.0,10.42,normal,1.02
411,398.57,410.02,1007,1052,1.0,11.45,normal,13.32
414,398.57,410.87,718,1058,0.0,12.3,normal,1.02
417,398.57,412.36,168,699,1.0,13.79,normal,2.6
413,398.57,412.39,201,1058,1.0,13.82,normal,1.67
424,408.32,413.66,341,876,1.0,5.34,normal,48.41
418,398.57,415.37,797,1042,1.0,16.8,abnormal,58.71
422,406.87,415.42,699,1054,1.0,8.55,normal,13.36
423,407.4,416.51,446,517,0.0,9.11,normal,10.87
410,398.57,416.52,40,341,1.0,17.95,normal,112.78
421,406.26,416.54,1023,1044,0.0,10.28,normal,12.06
425,408.99,416.61,953,1023,1.0,7.62,normal,44.6
419,398.57,416.72,201,940,1.0,18.15,normal,2.24
426,410.02,417.62,338,961,1.0,7.6,normal,3.01
429,412.39,420.4,605,953,1.0,8.01,normal,12.84
428,412.36,421.58,510,1089,1.0,9.22,normal,14.9
427,410.87,422.22,637,718,1.0,11.35,normal,20.92
433,416.51,423.1,809,1042,0.0,6.59,normal,5.73
434,416.52,424.69,40,346,1.0,8.17,normal,9.06
436,416.61,426.05,352,721,0.0,9.44,normal,10.94
431,415.37,426.13,939,1085,1.0,10.76,normal,25.71
430,413.66,427.61,115,262,1.0,13.95,normal,9.75
437,416.72,427.64,168,518,0.0,10.92,normal,15.81
435,416.54,427.72,876,930,0.0,11.18,normal,5.26
440,421.58,428.37,338,510,1.0,6.79,normal,15.58
438,417.62,429.06,901,1052,1.0,11.44,normal,4.14
432,415.42,429.93,516,858,0.0,14.51,normal,15.5
439,420.4,430.11,49,446,1.0,9.71,normal,17.24
441,422.22,431.52,718,940,1.0,9.3,normal,2.86
443,424.69,431.94,40,167,1.0,7.25,normal,30.2
442,423.1,432.12,720,939,1.0,9.02,normal,1.46
447,427.64,435.32,262,797,1.0,7.68,normal,20.04
450,429.06,435.77,338,357,1.0,6.71,normal,17.34
445,426.13,436.27,708,1060,0.0,10.14,normal,9.52
451,429.93,438.98,832,1045,0.0,9.05,normal,9.68
453,431.52,439.75,117,729,1.0,8.23,normal,10.02
444,426.05,439.89,1030,1057,1.0,13.84,normal,119.8
446,427.61,441.04,115,730,1.0,13.43,normal,23.76
448,427.72,443.01,729,1081,0.0,15.29,normal,13.7
452,430.11,444.37,516,977,0.5,14.26,normal,6.04
457,435.77,444.59,338,496,0.0,8.82,normal,0.33
454,431.94,444.93,167,248,0.0,12.99,normal,39.77
461,439.89,445.14,346,1030,1.0,5.25,normal,14.8
456,435.32,447.26,112,930,1.0,11.94,normal,12.64
458,436.27,447.53,708,1050,0.0,11.26,normal,5.33
463,443.01,450.98,981,1081,0.0,7.97,normal,4.23
462,441.04,451.98,223,517,0.0,10.94,normal,0.17
464,444.37,452.68,262,1026,1.0,8.31,normal,119.19
467,445.14,454.66,40,836,1.0,9.52,normal,150.5
459,438.98,456.54,732,1089,1.0,17.56,normal,9.22
465,444.59,456.97,338,1052,0.0,12.38,normal,60.41
466,444.93,458.07,167,518,1.0,13.14,normal,24.73
469,447.53,458.72,168,1082,1.0,11.19,normal,0.59
470,450.98,458.89,112,1081,1.0,7.91,normal,6.12
455,432.12,459.75,526,809,0.0,27.63,abnormal,18.66
468,447.26,461.7,248,496,1.0,14.44,normal,6.78
472,452.68,462.25,262,961,1.0,9.57,normal,16.51
471,451.98,463.42,1038,1049,1.0,11.44,normal,23.2
475,456.97,465.04,338,966,1.0,8.07,normal,5.72
479,459.75,466.56,168,998,1.0,6.81,normal,4.57
476,458.07,467.09,953,1052,1.0,9.02,normal,6.2
477,458.72,467.27,517,953,1.0,8.55,normal,27.74
474,456.54,467.32,341,1030,0.0,10.78,normal,122.35
478,458.89,468.7,779,971,0.0,9.81,normal,2.21
473,454.66,469.09,352,981,0.0,14.43,abnormal,16.66
480,461.7,471.34,637,730,0.0,9.64,normal,12.87
487,467.32,473.58,1030,1044,1.0,6.26,normal,109.67
481,462.25,474.24,961,1008,1.0,11.99,normal,30.0
486,467.27,475.43,223,605,1.0,8.16,normal,9.87
482,463.42,475.49,275,1082,1.0,12.07,normal,22.97
483,465.04,477.05,832,1060,1.0,12.01,normal,14.35
485,467.09,477.94,496,797,1.0,10.85,normal,52.17
484,466.56,478.6,1044,1078,0.5,12.04,normal,11.43
489,469.09,480.73,352,1054,0.0,11.64,normal,0.83
493,475.43,482.51,262,732,1.0,7.08,normal,11.35
491,473.58,482.85,832,1030,0.0,9.27,normal,86.71
488,468.7,482.87,516,1065,0.0,14.17,normal,10.23
494,475.49,483.33,970,1081,1.0,7.84,normal,5.94
490,471.34,485.67,779,981,0.0,14.33,normal,25.65
498,480.73,485.99,201,346,0.0,5.26,normal,56.75
496,477.94,487.23,699,1082,1.0,9.29,normal,13.81
492,474.24,487.73,115,961,1.0,13.49,normal,36.68
495,477.05,487.8,827,953,1.0,10.75,normal,19.78
449,428.37,488.37,510,729,0.5,60.0,timelimit,68.26
497,478.6,488.48,40,1057,0.0,9.88,abnormal,135.09
500,482.85,491.0,1045,1050,1.0,8.15,normal,14.71
501,482.87,491.78,112,357,0.0,8.91,normal,43.05
505,487.23,492.25,1042,1049,1.0,5.02,normal,30.29
502,483.33,494.89,49,1085,1.0,11.56,normal,115.07
499,482.51,495.08,943,1058,0.0,12.57,normal,1.15
504,485.99,496.2,517,605,1.0,10.21,normal,21.74
509,488.48,498.05,117,1038,1.0,9.57,normal,7.66
511,491.78,498.99,901,1045,0.0,7.21,normal,8.74
508,488.37,499.16,248,1079,1.0,10.79,normal,32.42
460,439.75,499.75,977,1042,0.5,60.0,timelimit,13.45
506,487.73,500.0,223,961,0.0,12.27,normal,3.12
510,491.0,500.09,40,446,0.0,9.09,normal,52.53
507,487.8,502.79,275,637,0.0,14.99,normal,7.98
513,494.89,504.24,49,732,1.0,9.35,normal,14.88
514,495.08,504.26,779,809,1.0,9.18,normal,11.52
512,492.25,505.83,346,1049,1.0,13.58,normal,159.09
517,498.99,506.35,340,718,1.0,7.36,normal,8.46
518,499.16,506.76,357,517,1.0,7.6,normal,15.47
516,498.05,507.25,262,966,0.0,9.2,normal,34.47
519,499.75,508.09,729,1023,0.0,8.34,normal,9.1
521,500.09,511.98,40,496,1.0,11.89,normal,9.65
523,504.24,512.74,49,1079,0.0,8.5,normal,16.57
525,505.83,513.77,858,1080,0.0,7.94,normal,19.99
528,507.25,515.65,971,1038,1.0,8.4,normal,8.01
527,506.76,516.29,357,1079,0.0,9.53,normal,0.19
526,506.35,517.22,340,797,0.0,10.87,normal,3.97
524,504.26,517.43,720,1044,0.0,13.17,normal,19.59
522,502.79,519.87,836,1085,1.0,17.08,normal,8.41
529,508.09,519.91,112,729,0.0,11.82,normal,45.73
520,500.0,520.72,352,1065,1.0,20.72,abnormal,6.02
531,512.74,521.4,49,930,1.0,8.66,normal,78.5
534,516.29,522.49,275,357,0.0,6.2,normal,26.46
530,511.98,522.76,759,943,1.0,10.78,normal,20.05
537,519.87,525.92,960,1058,1.0,6.05,normal,8.8
532,513.77,526.03,201,901,1.0,12.26,normal,0.69
536,517.43,526.38,939,1049,1.0,8.95,normal,54.28
533,515.65,528.95,275,605,1.0,13.3,normal,4.64
538,519.91,529.04,446,526,1.0,9.13,normal,71.85
540,521.4,531.46,759,827,1.0,10.06,normal,9.61
539,520.72,532.9,1054,1065,0.0,12.18,normal,18.91
542,522.76,534.11,730,1089,1.0,11.35,normal,17.43
543,525.92,534.32,930,970,1.0,8.4,normal,21.95
547,529.04,536.77,338,732,0.0,7.73,normal,21.47
545,526.38,537.03,729,779,0.0,10.65,normal,5.24
541,522.49,538.14,718,1060,0.0,15.65,normal,13.62
548,531.46,538.39,341,1049,1.0,6.93,normal,34.2
544,526.03,539.23,901,1008,1.0,13.2,abnormal,8.61
550,534.11,543.0,708,961,0.0,8.89,normal,62.73
555,538.39,543.04,876,1042,0.0,4.65,normal,10.87
551,534.32,543.33,275,730,0.0,9.01,normal,35.2
546,528.95,543.45,49,248,0.0,14.5,normal,32.52
552,536.77,544.71,516,729,1.0,7.94,normal,21.71
549,532.9,545.49,637,1082,1.0,12.59,normal,45.8
503,485.67,545.67,977,981,0.5,60.0,timelimit,13.25
553,537.03,548.39,201,1008,1.0,11.36,normal,23.95
556,539.23,548.77,901,943,1.0,9.54,normal,24.95
560,543.45,552.41,223,1030,0.0,8.96,normal,62.08
558,543.04,552.83,971,1054,1.0,9.79,normal,4.21
561,544.71,552.83,526,876,1.0,8.12,normal,16.74
557,543.0,553.35,1026,1085,0.0,10.35,normal,0.84
564,548.39,553.46,858,960,0.0,5.07,normal,9.08
515,496.2,556.2,939,1044,0.5,60.0,timelimit,9.27
562,545.49,556.33,1023,1050,0.0,10.84,normal,16.41
563,545.67,556.85,357,981,0.0,11.18,normal,64.57
559,543.33,557.38,275,998,0.0,14.05,normal,2.92
565,548.77,558.59,943,1082,0.0,9.82,normal,6.55
567,552.83,559.46,117,1042,0.0,6.63,normal,7.34
570,553.46,562.06,1054,1080,0.0,8.6,normal,27.14
566,552.41,562.9,275,1007,0.0,10.49,normal,25.95
572,556.33,563.16,708,960,0.0,6.83,normal,47.06
574,557.38,563.97,971,1023,1.0,6.59,normal,26.18
573,556.85,564.02,1045,1060,0.0,7.17,normal,8.92
568,552.83,564.35,721,876,0.0,11.52,normal,31.59
569,553.35,567.0,167,275,1.0,13.65,normal,25.71
571,556.2,568.04,201,858,1.0,11.84,normal,32.59
575,558.59,568.91,1038,1081,1.0,10.32,normal,23.22
577,562.06,570.42,970,1050,1.0,8.36,normal,0.84
576,559.46,570.74,112,1054,0.0,11.28,normal,5.44
580,563.97,572.84,117,971,0.0,8.87,normal,30.46
579,563.16,572.94,446,730,0.0,9.78,normal,22.6
584,568.04,574.54,262,357,1.0,6.5,normal,21.77
582,564.35,574.81,836,876,0.0,10.46,normal,36.35
581,564.02,575.52,248,732,1.0,11.5,normal,59.31
583,567.0,576.51,49,167,0.0,9.51,normal,14.78
535,517.22,577.22,1057,1078,0.5,60.0,timelimit,4.49
578,562.9,577.53,721,939,1.0,14.63,normal,14.57
585,568.91,579.52,516,1081,0.0,10.61,normal,11.9
588,572.84,581.26,971,1065,1.0,8.42,normal,20.64
587,570.74,581.58,605,759,0.0,10.84,normal,15.98
589,572.94,582.08,943,1080,1.0,9.14,normal,34.84
590,574.54,582.41,1030,1079,1.0,7.87,normal,29.05
591,574.81,582.79,876,970,0.0,7.98,normal,18.68
592,575.52,583.27,721,797,0.0,7.75,normal,33.1
595,577.53,585.32,720,1054,1.0,7.79,normal,1.47
586,570.42,586.78,168,960,1.0,16.36,normal,5.96
594,577.22,587.9,1078,1085,0.0,10.68,normal,23.23
596,579.52,590.56,1050,1054,1.0,11.04,normal,8.53
601,582.79,591.03,809,970,0.0,8.24,normal,54.19
597,581.26,592.02,112,809,0.0,10.76,normal,19.11
602,583.27,594.49,732,1007,1.0,11.22,normal,4.56
593,576.51,595.37,167,223,0.0,18.86,normal,30.73
599,582.08,595.42,721,977,0.0,13.34,normal,18.66
598,581.58,595.83,340,1052,1.0,14.25,normal,3.64
554,538.14,598.14,352,518,0.5,60.0,timelimit,17.57
605,587.9,600.33,1065,1078,1.0,12.43,normal,21.32
604,586.78,601.31,960,1089,0.0,14.53,normal,3.23
606,590.56,601.82,832,940,0.0,11.26,normal,15.17
607,591.03,603.32,1042,1050,1.0,12.29,normal,5.14
608,592.02,604.26,977,1049,1.0,12.24,normal,69.89
609,594.49,605.3,977,1044,0.0,10.81,normal,2.28
610,595.37,605.98,759,1058,0.0,10.61,normal,33.93
611,595.42,607.2,516,1080,0.0,11.78,normal,27.16
612,595.83,607.74,340,858,1.0,11.91,normal,26.57
614,600.33,609.33,971,1078,1.0,9.0,normal,64.52
615,601.31,610.9,510,605,1.0,9.59,normal,22.35
613,598.14,612.46,112,352,1.0,14.32,normal,19.74
617,603.32,613.99,115,117,1.0,10.67,normal,130.62
616,601.82,614.29,517,966,0.0,12.47,normal,3.77
619,605.3,614.49,940,1080,0.0,9.19,normal,4.99
618,604.26,615.26,1044,1049,0.0,11.0,normal,73.84
621,607.2,616.48,341,836,1.0,9.28,normal,25.59
622,607.74,618.14,168,832,1.0,10.4,normal,36.99
620,605.98,619.88,167,901,1.0,13.9,normal,24.11
623,609.33,622.26,1038,1078,1.0,12.93,normal,25.62
626,613.99,622.34,115,720,0.5,8.35,normal,107.03
627,614.29,623.41,496,1038,1.0,9.12,normal,106.73
624,610.9,623.91,510,732,0.0,13.01,normal,11.83
629,615.26,624.11,970,1065,1.0,8.85,normal,32.95
630,616.48,627.74,779,1079,1.0,11.26,normal,97.67
631,618.14,630.52,168,858,1.0,12.38,normal,55.56
632,619.88,631.26,637,901,0.0,11.38,normal,20.8
628,614.49,631.28,721,1023,0.0,16.79,normal,26.72
625,612.46,632.4,340,1060,1.0,19.94,normal,1.77
635,623.41,632.62,720,977,1.0,9.21,normal,4.49
637,624.11,633.45,732,961,1.0,9.34,normal,7.88
634,622.34,633.82,115,1089,1.0,11.48,normal,57.96
633,622.26,636.03,939,1078,1.0,13.77,normal,43.48
640,631.26,637.78,341,809,1.0,6.52,normal,8.43
642,632.4,640.71,998,1060,0.0,8.31,normal,5.08
641,631.28,640.91,718,970,1.0,9.63,normal,36.06
644,633.45,641.48,248,1008,1.0,8.03,normal,131.83
639,630.52,641.58,223,496,0.0,11.06,normal,42.86
638,627.74,642.0,637,998,1.0,14.26,normal,16.5
600,582.41,642.41,1026,1042,0.5,60.0,timelimit,64.63
636,623.91,643.89,510,966,0.0,19.98,normal,26.5
646,636.03,644.42,637,1045,0.0,8.39,normal,12.63
643,632.62,644.6,605,943,1.0,11.98,normal,18.42
603,585.32,645.32,708,1082,0.5,60.0,timelimit,16.32
645,633.82,646.19,338,1079,0.0,12.37,normal,0.69
647,637.78,646.92,115,346,1.0,9.14,normal,7.2
650,641.48,648.68,340,953,1.0,7.2,normal,20.99
652,642.0,650.87,248,1089,1.0,8.87,normal,95.31
648,640.71,651.64,517,1007,1.0,10.93,normal,6.19
651,641.58,653.46,940,1078,0.5,11.88,normal,64.27
657,645.32,653.68,518,708,1.0,8.36,normal,31.57
653,642.41,653.75,981,1026,1.0,11.34,normal,75.45
658,646.19,655.65,940,1045,0.0,9.46,normal,35.33
659,646.92,655.7,223,346,1.0,8.78,normal,55.23
660,648.68,656.21,340,1082,0.0,7.53,normal,55.56
656,644.6,656.32,168,759,1.0,11.72,normal,13.23
662,651.64,657.37,338,1030,1.0,5.73,normal,61.24
654,643.89,658.06,510,730,0.0,14.17,normal,47.3
649,640.91,658.26,201,699,0.0,17.35,normal,24.87
655,644.42,660.62,275,797,0.0,16.2,normal,36.47
669,656.32,662.46,637,953,0.0,6.14,normal,23.08
664,653.68,662.97,516,708,0.0,9.29,normal,4.98
661,650.87,663.63,112,516,0.0,12.76,normal,5.82
667,655.7,665.05,637,1007,1.0,9.35,normal,4.88
665,653.75,665.71,1026,1057,0.0,11.96,normal,47.35
668,656.21,666.79,49,759,1.0,10.58,normal,21.7
671,658.06,666.93,720,730,0.0,8.87,normal,82.68
663,653.46,668.04,167,966,1.0,14.58,normal,11.2
673,660.62,668.25,940,1082,1.0,7.63,abnormal,13.93
678,665.71,669.12,1026,1044,0.0,3.41,abnormal,62.65
672,658.26,669.77,352,526,0.0,11.51,normal,9.72
666,655.65,671.1,516,1045,0.0,15.45,normal,64.31
676,663.63,674.33,340,1008,1.0,10.7,normal,51.72
674,662.46,674.94,729,1065,0.0,12.48,normal,36.19
677,665.05,676.36,112,1050,0.0,11.31,normal,20.27
679,666.79,676.61,49,346,1.0,9.82,normal,11.5
681,668.04,677.68,275,966,0.0,9.64,normal,72.3
682,668.25,677.92,1008,1058,0.0,9.67,normal,36.85
680,666.93,680.28,720,721,1.0,13.35,normal,17.99
685,671.1,680.28,526,729,1.0,9.18,normal,35.73
683,669.12,680.85,977,1026,1.0,11.73,normal,71.18
675,662.97,682.9,708,1008,1.0,19.93,abnormal,9.3
689,676.61,683.65,1058,1080,0.0,7.04,normal,0.34
686,674.33,683.84,1050,1078,1.0,9.51,normal,58.74
687,674.94,684.68,1057,1085,0.0,9.74,normal,25.9
684,669.77,685.61,223,248,0.0,15.84,normal,90.85
688,676.36,686.52,201,352,1.0,10.16,normal,62.09
690,677.68,686.94,759,960,0.0,9.26,normal,3.87
693,680.28,689.57,876,1007,0.0,9.29,normal,49.83
694,680.85,689.63,526,1026,1.0,8.78,normal,82.56
698,684.68,689.73,357,1007,1.0,5.05,normal,14.29
695,682.9,692.39,168,827,1.0,9.49,normal,52.14
692,680.28,693.0,516,720,0.0,12.72,normal,37.24
697,683.84,693.25,1060,1085,1.0,9.41,normal,76.48
696,683.65,694.99,718,943,1.0,11.34,normal,18.09
691,677.92,695.6,340,832,1.0,17.68,normal,50.11
703,689.63,697.83,223,1026,1.0,8.2,normal,138.05
699,685.61,698.25,977,1038,1.0,12.64,normal,16.32
704,689.73,698.9,876,1089,0.0,9.17,normal,52.95
701,686.94,699.46,943,970,1.0,12.52,abnormal,36.5
705,692.39,700.97,809,966,0.0,8.58,normal,116.43
702,689.57,702.39,759,998,0.0,12.82,normal,5.0
708,694.99,703.7,718,953,1.0,8.71,normal,10.54
709,695.6,706.92,797,953,1.0,11.32,normal,23.51
713,699.46,708.26,167,446,0.0,8.8,normal,28.6
707,693.25,708.35,518,1078,1.0,15.1,normal,88.6
710,697.83,709.2,832,1008,0.0,11.37,normal,23.29
712,698.9,709.26,836,930,0.0,10.36,normal,63.81
715,702.39,710.99,1079,1081,1.0,8.6,normal,83.2
714,700.97,713.75,248,966,1.0,12.78,normal,63.57
716,703.7,717.02,517,1079,1.0,13.32,normal,7.96
700,686.52,717.34,352,708,1.0,30.82,abnormal,17.2
670,657.37,717.37,699,1080,0.5,60.0,timelimit,3.41
719,708.35,718.58,721,970,1.0,10.23,normal,39.46
721,709.26,720.58,930,1065,1.0,11.32,normal,12.28
720,709.2,721.78,1008,1082,1.0,12.58,normal,19.56
717,706.92,721.89,832,998,1.0,14.97,normal,31.65
718,708.26,724.4,732,940,0.0,16.14,abnormal,78.88
726,717.37,725.5,117,981,0.0,8.13,normal,54.19
723,713.75,725.53,262,1049,1.0,11.78,normal,163.41
722,710.99,725.95,971,1026,1.0,14.96,normal,129.06
725,717.34,729.02,708,943,0.0,11.68,normal,8.51
728,720.58,730.26,930,1045,0.0,9.68,normal,36.08
731,724.4,730.31,496,1030,1.0,5.91,abnormal,14.6
730,721.89,733.38,977,1081,1.0,11.49,normal,17.27
727,718.58,733.75,779,1038,0.0,15.17,normal,18.31
733,725.53,734.79,1023,1049,1.0,9.26,normal,55.63
732,725.5,735.61,720,981,1.0,10.11,normal,8.22
729,721.78,737.23,1050,1065,0.0,15.45,normal,24.74
737,730.31,740.21,496,1007,1.0,9.9,normal,69.37
736,730.26,741.36,518,1054,1.0,11.1,normal,52.99
734,725.95,741.67,779,1057,0.0,15.72,normal,12.77
740,734.79,743.13,112,1023,0.0,8.34,normal,12.61
739,733.75,744.61,730,858,1.0,10.86,normal,108.4
738,733.38,745.09,1050,1081,0.0,11.71,normal,33.49
735,729.02,745.47,446,1044,1.0,16.45,normal,62.53
741,735.61,745.6,167,517,0.0,9.99,normal,7.98
742,737.23,748.3,605,961,0.0,11.07,normal,33.61
745,741.67,750.42,223,357,1.0,8.75,normal,10.67
743,740.21,752.11,721,930,0.0,11.9,normal,20.95
706,693.0,753.0,779,1085,0.5,60.0,timelimit,21.47
747,744.61,755.83,115,832,0.0,11.22,normal,123.92
752,750.42,757.53,1080,1082,1.0,7.11,normal,47.34
748,745.09,757.66,779,1052,0.0,12.57,normal,37.69
711,698.25,758.25,939,1023,0.5,60.0,timelimit,19.21
749,745.47,760.18,510,1007,1.0,14.71,normal,1.34
744,741.36,760.61,340,699,1.0,19.25,normal,22.97
751,748.3,761.34,526,939,1.0,13.04,normal,5.25
750,745.6,761.68,168,201,1.0,16.08,normal,24.3
753,752.11,761.73,797,939,1.0,9.62,normal,61.66
754,753.0,764.09,939,971,0.0,11.09,normal,39.67
746,743.13,765.55,966,1058,1.0,22.42,abnormal,48.03
755,755.83,766.31,262,496,0.5,10.48,normal,19.27
759,760.18,768.07,115,1054,0.0,7.89,normal,140.22
757,757.66,768.87,827,1052,1.0,11.21,normal,10.58
760,760.61,769.86,809,1038,0.0,9.25,abnormal,24.58
756,757.53,770.81,718,759,0.0,13.28,normal,9.2
762,761.68,771.8,510,721,1.0,10.12,normal,59.83
758,758.25,772.69,901,940,1.0,14.44,normal,26.16
764,764.09,772.99,971,1057,1.0,8.9,normal,56.23
761,761.34,774.41,797,1007,0.0,13.07,normal,35.02
767,768.07,776.74,262,730,0.0,8.67,normal,10.8
724,717.02,777.02,346,1089,0.5,60.0,timelimit,37.82
763,761.73,777.62,248,517,1.0,15.89,normal,69.44
766,766.31,778.33,496,526,1.0,12.02,normal,103.26
769,769.86,778.76,930,1080,0.0,8.9,normal,29.51
765,765.55,779.59,605,966,1.0,14.04,normal,67.01
770,770.81,780.01,201,1045,0.0,9.2,normal,16.37
771,771.8,781.24,510,998,1.0,9.44,normal,28.86
773,772.99,782.23,40,961,1.0,9.24,normal,27.0
774,774.41,783.29,720,1038,0.0,8.88,normal,38.77
772,772.69,783.81,858,901,0.0,11.12,normal,60.59
768,768.87,785.87,699,827,1.0,17.0,normal,11.5
778,778.33,786.69,117,809,0.0,8.36,normal,10.53
776,777.02,787.94,346,446,0.0,10.92,normal,14.17
775,776.74,788.61,699,718,0.0,11.87,normal,11.96
777,777.62,790.15,605,1089,0.0,12.53,normal,24.91
782,781.24,790.96,836,1049,1.0,9.72,normal,16.67
781,780.01,793.11,1052,1058,0.0,13.1,normal,11.25
779,778.76,793.2,115,357,1.0,14.44,normal,45.59
788,787.94,793.94,338,346,0.0,6.0,normal,0.55
780,779.59,794.13,730,1079,1.0,14.54,normal,38.58
784,783.29,794.23,49,998,1.0,10.94,normal,73.54
785,783.81,794.63,759,858,0.0,10.82,normal,44.98
783,782.23,795.71,809,1057,0.0,13.48,normal,30.51
789,788.61,797.62,446,961,1.0,9.01,normal,14.47
790,790.15,798.41,518,699,1.0,8.26,normal,7.26
795,794.13,798.92,40,1030,0.0,4.79,normal,4.89
793,793.2,799.2,779,1023,1.0,6.0,abnormal,24.38
786,785.87,799.46,637,827,1.0,13.59,normal,32.11
796,794.23,801.74,117,1044,0.0,7.51,normal,36.89
792,793.11,802.22,832,1052,1.0,9.11,normal,2.9
794,793.94,802.99,1079,1089,0.0,9.05,normal,24.41
791,790.96,804.38,960,1008,0.0,13.42,normal,47.15
799,797.62,805.25,797,1057,1.0,7.63,normal,68.15
797,794.63,805.45,858,943,0.0,10.82,normal,12.25
798,795.71,805.93,1042,1085,1.0,10.22,normal,44.96
801,798.92,809.29,518,1058,1.0,10.37,normal,12.79
802,799.2,810.66,518,1045,0.0,11.46,normal,23.89
800,798.41,811.58,341,1085,0.0,13.17,normal,22.66
810,805.93,811.79,953,1081,1.0,5.86,normal,23.54
805,802.22,811.87,1052,1060,0.0,9.65,normal,48.49
804,801.74,812.38,117,699,0.0,10.64,normal,75.67
807,804.38,812.9,940,960,0.0,8.52,normal,21.86
803,799.46,813.03,827,998,0.0,13.57,normal,2.19
806,802.99,813.57,341,526,0.0,10.58,normal,17.57
808,805.25,815.4,981,998,0.0,10.15,normal,15.0
809,805.45,816.53,518,1080,1.0,11.08,normal,10.19
811,811.87,818.81,1042,1060,0.0,6.94,normal,35.5
812,812.9,820.14,960,970,1.0,7.24,normal,24.97
813,813.57,824.17,117,526,0.0,10.6,normal,73.01
814,818.81,830.07,827,1060,0.0,11.26,normal,63.93
815,830.07,845.84,827,960,0.0,15.77,normal,54.31
787,786.69,846.69,341,1057,0.5,60.0,timelimit,6.38
825,846.69,854.25,960,971,1.0,7.56,normal,0.74
816,846.69,855.41,605,1085,1.0,8.72,normal,53.97
820,846.69,856.06,49,346,1.0,9.37,normal,12.54
821,846.69,856.11,167,1079,1.0,9.42,normal,2.28
824,846.69,856.22,248,1044,1.0,9.53,normal,164.9
817,846.69,856.68,340,730,0.0,9.99,normal,53.41
819,846.69,857.3,168,966,0.0,10.61,normal,7.29
823,846.69,858.77,1044,1082,0.0,12.08,normal,10.91
826,846.69,859.12,112,827,0.0,12.43,normal,17.38
818,846.69,859.27,352,1050,0.0,12.58,normal,12.42
827,846.69,859.55,939,1085,1.0,12.86,normal,9.92
822,846.69,859.58,510,732,1.0,12.89,normal,17.69
828,854.25,864.83,496,1030,0.0,10.58,normal,5.85
834,857.3,865.39,981,1042,1.0,8.09,normal,2.92
831,856.11,866.11,49,1044,1.0,10.0,normal,102.63
835,858.77,868.01,960,961,0.0,9.24,normal,6.4
839,859.58,868.93,341,939,0.0,9.35,normal,12.41
833,856.68,869.24,223,340,0.0,12.56,normal,1.77
838,859.55,869.53,167,338,1.0,9.98,normal,6.47
832,856.22,870.18,836,1050,0.0,13.96,normal,56.88
837,859.27,870.75,832,940,0.0,11.48,normal,16.65
830,856.06,871.43,759,1065,0.0,15.37,normal,17.99
836,859.12,872.38,809,827,0.0,13.26,normal,38.45
841,865.39,873.91,357,901,1.0,8.52,normal,7.53
845,869.24,875.98,262,1030,1.0,6.74,normal,34.11
843,868.01,876.45,732,1045,1.0,8.44,normal,11.05
842,866.11,879.32,729,797,1.0,13.21,abnormal,123.4
840,864.83,880.43,496,876,1.0,15.6,normal,135.42
846,869.53,880.71,168,510,1.0,11.18,normal,11.32
848,870.75,881.69,275,1057,1.0,10.94,normal,12.96
850,872.38,881.94,518,960,1.0,9.56,normal,2.74
844,868.93,884.17,112,1008,0.0,15.24,normal,42.14
849,871.43,884.23,1038,1065,0.0,12.8,normal,7.68
853,876.45,885.44,970,1058,1.0,8.99,normal,20.39
847,870.18,886.16,275,721,1.0,15.98,normal,19.79
856,880.71,888.47,49,115,1.0,7.76,normal,1.04
857,881.69,890.67,1042,1054,0.0,8.98,normal,20.64
852,875.98,891.27,1026,1030,0.0,15.29,normal,215.29
858,881.94,891.77,338,1023,1.0,9.83,normal,71.58
854,879.32,891.8,729,809,0.0,12.48,normal,6.3
855,880.43,892.39,446,496,0.0,11.96,normal,35.14
861,885.44,894.36,961,1080,1.0,8.92,normal,13.51
862,886.16,894.7,352,966,0.0,8.54,normal,107.19
860,884.23,894.77,168,730,1.0,10.54,normal,45.09
863,888.47,897.06,49,517,1.0,8.59,abnormal,33.47
868,892.39,899.91,446,943,1.0,7.52,normal,65.02
859,884.17,901.17,112,721,0.0,17.0,normal,24.88
867,891.8,903.0,1060,1079,0.0,11.2,normal,13.85
865,891.27,903.12,341,1052,0.0,11.85,normal,26.04
866,891.77,903.67,248,338,1.0,11.9,normal,103.94
871,894.77,903.73,966,1089,1.0,8.96,normal,30.31
864,890.67,904.81,526,939,0.5,14.14,normal,27.02
869,894.36,908.13,496,1007,1.0,13.77,normal,90.58
873,899.91,909.26,1049,1054,0.0,9.35,normal,81.03
870,894.7,909.46,516,1078,1.0,14.76,normal,39.99
851,873.91,909.78,940,1023,1.0,35.87,abnormal,22.97
875,903.0,911.39,517,1060,1.0,8.39,normal,14.65
879,904.81,912.37,718,1030,0.0,7.56,normal,90.34
872,897.06,912.46,721,1050,0.0,15.4,normal,43.77
878,903.73,913.34,117,827,1.0,9.61,normal,63.82
874,901.17,913.51,112,961,1.0,12.34,normal,124.89
877,903.67,913.79,876,1052,1.0,10.12,normal,26.28
876,903.12,914.53,40,637,1.0,11.41,normal,43.09
829,855.41,915.41,699,930,0.5,60.0,timelimit,17.32
886,912.46,918.84,1023,1081,0.0,6.38,normal,11.29
882,909.46,920.01,708,1038,1.0,10.55,normal,13.71
883,909.78,920.59,977,1065,0.0,10.81,normal,1.08
884,911.39,921.23,526,1080,1.0,9.84,normal,20.42
880,908.13,921.62,809,1079,0.0,13.49,normal,108.08
887,913.34,922.58,117,1026,1.0,9.24,normal,48.24
891,915.41,923.54,930,970,0.0,8.13,normal,1.15
888,913.51,923.57,518,1007,1.0,10.06,normal,33.33
890,914.53,923.75,167,1045,0.0,9.22,normal,10.56
885,912.37,925.35,718,759,0.0,12.98,normal,12.71
889,913.79,926.02,876,1078,1.0,12.23,normal,57.7
892,918.84,928.19,759,953,1.0,9.35,normal,12.68
899,923.57,930.39,201,352,1.0,6.82,normal,65.12
895,921.23,930.97,526,720,1.0,9.74,normal,6.73
896,921.62,931.18,977,981,1.0,9.56,normal,15.04
893,920.01,932.0,201,977,0.0,11.99,normal,23.25
897,922.58,934.4,516,1085,1.0,11.82,normal,24.02
898,923.54,935.93,708,1057,1.0,12.39,normal,11.52
901,925.35,936.05,930,1007,1.0,10.7,normal,17.22
903,928.19,936.96,167,960,1.0,8.77,normal,27.95
902,926.02,938.75,699,718,0.0,12.73,normal,15.1
900,923.75,938.89,115,1045,1.0,15.14,normal,22.18
905,930.97,939.85,526,1042,1.0,8.88,normal,41.33
904,930.39,940.95,275,1054,1.0,10.56,normal,14.29
907,932.0,941.46,117,1081,0.0,9.46,normal,40.28
906,931.18,942.66,1052,1057,0.0,11.48,abnormal,14.58
908,934.4,943.45,49,1060,1.0,9.05,normal,70.25
911,936.96,945.81,338,966,0.0,8.85,normal,40.51
909,935.93,946.45,961,1089,1.0,10.52,normal,4.45
916,941.46,948.73,117,729,1.0,7.27,normal,0.01
917,942.66,949.36,970,1042,0.0,6.7,normal,33.78
914,939.85,949.84,526,977,1.0,9.99,normal,19.15
913,938.89,949.9,730,1045,0.0,11.01,normal,50.68
881,909.26,952.31,858,1023,1.0,43.05,abnormal,3.52
919,945.81,953.39,341,732,0.0,7.58,normal,116.51
918,943.45,954.33,49,1008,1.0,10.88,normal,120.27
915,940.95,955.86,516,1054,1.0,14.91,normal,4.34
920,946.45,956.72,40,1089,1.0,10.27,normal,55.82
924,949.9,958.48,998,1045,0.0,8.58,normal,55.75
925,952.31,959.92,341,1078,1.0,7.61,normal,41.21
921,948.73,961.9,510,961,0.0,13.17,normal,8.44
922,949.36,963.2,201,1080,1.0,13.84,normal,4.32
923,949.84,965.34,248,797,1.0,15.5,normal,119.5
928,955.86,965.65,518,1060,0.0,9.79,normal,24.22
929,956.72,966.51,1080,1089,0.0,9.79,normal,7.52
927,954.33,967.14,275,1050,0.0,12.81,normal,1.04
931,959.92,969.32,901,1079,0.0,9.4,normal,20.15
930,958.48,969.42,49,732,1.0,10.94,normal,53.53
933,963.2,973.95,167,971,1.0,10.75,normal,34.52
932,961.9,973.96,966,1079,1.0,12.06,normal,38.22
935,965.65,975.25,275,341,1.0,9.6,normal,59.29
937,967.14,978.07,346,496,0.0,10.93,normal,58.15
934,965.34,978.9,721,832,0.0,13.56,normal,39.13
894,920.59,980.59,1008,1065,0.5,60.0,timelimit,16.02
938,969.32,980.99,516,809,0.0,11.67,normal,44.94
936,966.51,981.06,446,1042,1.0,14.55,normal,85.89
941,973.96,981.42,953,1030,0.0,7.46,normal,110.41
939,969.42,982.0,730,732,0.0,12.58,normal,38.19
940,973.95,982.66,699,981,0.0,8.71,normal,6.87
943,978.07,988.13,510,637,1.0,10.06,normal,5.29
944,978.9,991.22,699,961,0.0,12.32,normal,53.49
947,981.06,991.27,699,832,1.0,10.21,normal,4.58
946,980.99,993.0,720,998,1.0,12.01,normal,2.96
942,975.25,993.04,1026,1078,0.0,17.79,normal,20.74
945,980.59,993.37,930,1065,1.0,12.78,normal,10.73
949,982.0,993.76,730,797,1.0,11.76,normal,53.88
948,981.42,994.08,526,605,0.0,12.66,normal,21.83
950,982.66,994.16,517,966,1.0,11.5,normal,31.58
952,991.22,995.78,1023,1057,1.0,4.56,abnormal,19.59
910,936.05,996.05,112,939,0.5,60.0,timelimit,39.06
951,988.13,996.82,223,1060,1.0,8.69,normal,0.79
912,938.75,998.75,352,779,0.5,60.0,timelimit,12.18
954,993.0,1001.57,699,720,1.0,8.57,normal,7.72
960,995.78,1002.54,340,971,1.0,6.76,normal,33.51
953,991.27,1002.61,939,1082,0.0,11.34,normal,1.77
955,993.04,1002.79,809,1049,1.0,9.75,normal,53.55
957,993.76,1004.56,827,1054,0.0,10.8,normal,7.6
958,994.08,1005.78,248,262,1.0,11.7,normal,80.67
956,993.37,1006.16,1023,1065,0.0,12.79,abnormal,58.28
966,1002.61,1006.68,346,797,1.0,4.07,normal,24.57
959,994.16,1007.96,357,605,0.0,13.8,normal,18.94
963,998.75,1008.48,352,721,0.0,9.73,normal,4.22
964,1001.57,1009.23,730,1079,1.0,7.66,normal,41.49
961,996.05,1010.42,112,779,0.0,14.37,normal,22.9
962,996.82,1011.78,223,901,1.0,14.96,normal,21.02
968,1004.56,1012.95,977,1042,1.0,8.39,normal,26.02
926,953.39,1013.39,858,1081,0.5,60.0,timelimit,7.68
972,1007.96,1013.5,953,1052,1.0,5.54,normal,26.54
965,1002.54,1013.6,720,1058,1.0,11.06,normal,3.4
967,1002.79,1014.07,40,496,1.0,11.28,normal,29.5
975,1010.42,1017.89,338,510,1.0,7.47,normal,6.64
969,1005.78,1018.43,275,970,0.0,12.65,normal,5.33
970,1006.16,1018.69,1065,1082,1.0,12.53,normal,18.43
979,1013.5,1019.68,341,809,1.0,6.18,normal,11.11
971,1006.68,1020.6,729,1049,1.0,13.92,normal,38.89
976,1011.78,1020.6,732,1079,0.0,8.82,normal,21.33
977,1012.95,1022.64,953,998,1.0,9.69,normal,0.16
981,1014.07,1022.83,352,876,0.0,8.76,normal,29.25
974,1009.23,1023.13,730,966,1.0,13.9,normal,11.98
978,1013.39,1023.86,858,1057,1.0,10.47,normal,22.77
973,1008.48,1024.69,115,248,0.0,16.21,normal,77.99
982,1017.89,1025.75,338,960,1.0,7.86,normal,23.16
980,1013.6,1026.94,1038,1050,0.0,13.34,normal,43.82
984,1018.69,1026.98,1044,1065,1.0,8.29,normal,49.23
983,1018.43,1027.89,981,1007,0.0,9.46,normal,8.61
987,1020.6,1028.64,732,901,1.0,8.04,normal,41.23
993,1025.75,1031.48,1054,1081,1.0,5.73,normal,8.59
985,1019.68,1032.01,1038,1052,1.0,12.33,normal,9.91
992,1024.69,1033.06,248,1030,1.0,8.37,normal,61.44
989,1022.83,1033.45,718,953,0.0,10.62,normal,1.5
991,1023.86,1033.51,836,858,0.0,9.65,normal,62.97
995,1026.98,1035.75,637,1080,0.0,8.77,normal,20.62
988,1022.64,1035.89,729,1026,1.0,13.25,normal,61.6
986,1020.6,1036.79,1049,1078,0.0,16.19,normal,27.3
997,1028.64,1038.1,275,876,1.0,9.46,normal,14.6
1002,1033.51,1038.93,858,960,1.0,5.42,normal,23.8
998,1031.48,1040.52,168,732,0.0,9.04,normal,12.88
994,1026.94,1041.68,115,518,1.0,14.74,normal,40.01
996,1027.89,1042.25,953,981,0.0,14.36,normal,10.0
1004,1035.89,1043.87,970,1054,1.0,7.98,normal,23.0
1001,1033.45,1045.1,1008,1023,0.0,11.65,normal,44.57
1005,1036.79,1046.28,720,1080,1.0,9.49,normal,3.01
999,1032.01,1047.89,637,797,0.0,15.88,normal,2.29
1008,1040.52,1048.33,40,346,0.0,7.81,normal,43.24
1007,1038.93,1049.51,858,1050,1.0,10.58,normal,21.72
1003,1035.75,1049.98,1008,1050,0.0,14.23,normal,32.06
1010,1042.25,1050.87,943,1008,1.0,8.62,normal,1.17
1006,1038.1,1051.37,605,1038,1.0,13.27,normal,60.48
1012,1045.1,1052.55,1052,1081,0.0,7.45,normal,23.49
1011,1043.87,1054.86,759,1058,1.0,10.99,normal,16.88
1015,1048.33,1058.0,40,446,1.0,9.67,normal,19.77
1014,1047.89,1060.28,998,1007,0.0,12.39,normal,20.69
1013,1046.28,1060.42,720,977,0.0,14.14,normal,5.87
1016,1049.51,1060.49,518,797,0.0,10.98,normal,11.4
1020,1052.55,1061.14,708,1049,1.0,8.59,normal,112.44
1009,1041.68,1061.27,797,832,0.0,19.59,normal,26.79
1018,1050.87,1063.5,836,1078,1.0,12.63,normal,4.19
1019,1051.37,1063.87,940,981,1.0,12.5,normal,5.75
1017,1049.98,1064.05,943,1058,1.0,14.07,normal,4.57
1022,1058.0,1067.61,40,1045,1.0,9.61,normal,29.92
1025,1060.49,1067.76,346,943,1.0,7.27,normal,71.04
1027,1061.27,1068.76,117,876,1.0,7.49,normal,35.69
1023,1060.28,1069.04,446,966,1.0,8.76,normal,15.82
1026,1061.14,1071.38,605,943,1.0,10.24,normal,40.52
1021,1054.86,1072.51,721,1057,0.0,17.65,normal,10.07
1028,1063.5,1073.15,699,1078,1.0,9.65,normal,105.45
1029,1063.87,1074.54,510,518,1.0,10.67,normal,4.19
1030,1064.05,1074.58,49,340,1.0,10.53,normal,62.49
1024,1060.42,1074.62,720,759,1.0,14.2,normal,11.8
1031,1067.61,1077.44,40,168,1.0,9.83,normal,37.75
1034,1069.04,1078.0,779,1080,0.0,8.96,normal,30.65
1033,1068.76,1078.91,112,876,1.0,10.15,normal,30.48
1032,1067.76,1081.28,961,1082,1.0,13.52,normal,84.49
1035,1071.38,1081.55,526,970,0.0,10.17,normal,13.9
990,1023.13,1083.13,827,1085,0.5,60.0,timelimit,34.59
1041,1077.44,1085.15,357,971,1.0,7.71,normal,17.96
1037,1073.15,1086.17,836,1081,0.0,13.02,normal,60.74
1043,1078.91,1087.42,718,1080,1.0,8.51,normal,9.71
1039,1074.58,1087.88,340,1079,0.0,13.3,normal,1.99
1036,1072.51,1089.13,167,223,1.0,16.62,normal,17.58
1038,1074.54,1089.28,1057,1082,1.0,14.74,normal,27.25
1042,1078.0,1090.52,275,858,1.0,12.52,normal,4.4
1040,1074.62,1090.54,939,1089,1.0,15.92,normal,61.73
1044,1081.28,1092.82,510,1049,1.0,11.54,normal,180.49
1045,1081.55,1092.83,759,1042,1.0,11.28,abnormal,42.09
1000,1033.06,1093.06,248,1065,0.5,60.0,timelimit,177.35
1049,1087.42,1096.25,357,446,0.0,8.83,normal,33.79
1047,1085.15,1096.61,262,496,1.0,11.46,normal,37.27
1048,1086.17,1096.94,40,759,1.0,10.77,normal,105.09
1051,1089.13,1097.01,167,977,1.0,7.88,normal,61.7
1052,1089.28,1098.06,970,1038,1.0,8.78,normal,57.92
1053,1090.52,1098.06,930,953,0.0,7.54,normal,2.15
1054,1090.54,1099.3,809,1085,1.0,8.76,normal,8.84
1050,1087.88,1102.72,516,1052,0.0,14.84,normal,25.21
1057,1093.06,1103.58,248,1045,1.0,10.52,normal,115.65
1056,1092.83,1104.29,759,981,0.0,11.46,normal,18.23
1046,1083.13,1106.24,729,827,0.0,23.11,abnormal,30.41
1059,1096.61,1107.34,262,966,0.0,10.73,normal,12.59
1060,1096.94,1107.69,1042,1050,1.0,10.75,normal,57.98
1067,1104.29,1110.82,117,981,1.0,6.53,normal,61.41
1063,1098.06,1111.74,496,1082,1.0,13.68,normal,138.93
1058,1096.25,1112.33,605,832,0.0,16.08,normal,42.82
1061,1097.01,1113.26,167,759,1.0,16.25,normal,73.92
1062,1098.06,1113.72,836,1057,1.0,15.66,normal,47.23
1066,1103.58,1114.94,516,1082,0.0,11.36,normal,5.84
1070,1107.69,1115.06,953,977,0.0,7.37,abnormal,5.75
1068,1106.24,1115.41,827,1065,0.0,9.17,normal,36.95
1055,1092.82,1117.2,340,1060,1.0,24.38,normal,17.52
1069,1107.34,1118.33,262,720,1.0,10.99,normal,62.79
1065,1102.72,1119.04,201,971,0.0,16.32,normal,21.62
1071,1110.82,1122.33,518,1045,0.0,11.51,normal,35.48
1078,1115.41,1123.71,827,1008,0.0,8.3,normal,0.97
1076,1114.94,1124.21,1038,1081,0.0,9.27,normal,32.08
1074,1113.26,1124.69,960,1089,1.0,11.43,normal,17.3
1072,1111.74,1125.01,836,1026,1.0,13.27,normal,55.23
1079,1117.2,1125.01,340,901,0.0,7.81,normal,45.47
1080,1118.33,1126.22,930,1058,0.0,7.89,normal,19.57
1077,1115.06,1126.77,518,1080,1.0,11.71,normal,21.95
1081,1119.04,1127.28,971,981,1.0,8.24,normal,18.02
1075,1113.72,1128.16,1023,1038,0.0,14.44,normal,4.43
1073,1112.33,1129.72,516,939,1.0,17.39,normal,18.86
1086,1125.01,1130.82,40,1030,0.0,5.81,normal,12.71
1084,1124.21,1131.42,940,977,1.0,7.21,normal,9.08
1087,1125.01,1132.52,201,1007,0.0,7.51,normal,6.51
1082,1122.33,1133.79,797,1045,0.0,11.46,normal,38.62
1083,1123.71,1134.64,836,1060,0.0,10.93,normal,98.93
1089,1126.77,1135.5,1050,1082,1.0,8.73,normal,40.07
1093,1130.82,1135.71,49,168,0.0,4.89,abnormal,68.77
1090,1127.28,1136.78,779,971,1.0,9.5,normal,59.76
1088,1126.22,1137.53,1049,1058,0.0,11.31,normal,129.04
1092,1129.72,1138.13,223,357,1.0,8.41,normal,12.66
1085,1124.69,1138.72,1008,1044,0.0,14.03,normal,2.31
1095,1132.52,1140.9,876,1023,0.0,8.38,normal,10.61
1099,1135.71,1141.51,341,858,0.0,5.8,normal,52.55
1094,1131.42,1144.14,940,998,0.0,12.72,normal,39.44
1100,1136.78,1145.65,832,1007,0.0,8.87,normal,11.4
1097,1134.64,1145.95,1060,1089,0.0,11.31,normal,14.97
1091,1128.16,1146.27,115,517,1.0,18.11,normal,17.65
1101,1137.53,1146.73,117,1049,1.0,9.2,normal,102.42
1096,1133.79,1148.26,832,930,1.0,14.47,normal,21.05
1098,1135.5,1148.33,518,779,0.0,12.83,normal,59.44
1103,1138.72,1149.1,637,730,0.0,10.38,normal,103.67
1102,1138.13,1149.22,223,961,0.0,11.09,normal,18.11
1104,1140.9,1151.15,876,939,0.0,10.25,normal,24.06
1109,1146.27,1151.24,201,517,1.0,4.97,abnormal,55.41
1110,1146.73,1152.87,341,352,1.0,6.14,abnormal,3.12
1106,1144.14,1153.79,858,1054,1.0,9.65,normal,30.32
1112,1148.33,1155.54,262,732,1.0,7.21,normal,10.19
1107,1145.65,1155.64,940,970,1.0,9.99,normal,19.57
1108,1145.95,1158.44,49,940,1.0,12.49,normal,113.65
1064,1099.3,1159.3,1079,1080,0.5,60.0,timelimit,61.71
1111,1148.26,1159.34,1044,1054,1.0,11.08,normal,7.19
1116,1151.24,1161.9,517,797,0.0,10.66,normal,38.91
1117,1152.87,1162.72,832,1038,1.0,9.85,normal,52.82
1114,1149.22,1163.4,223,510,1.0,14.18,normal,0.76
1115,1151.15,1163.51,721,876,0.0,12.36,normal,8.04
1118,1153.79,1164.5,112,809,1.0,10.71,normal,6.67
1120,1155.64,1165.33,1042,1044,0.0,9.69,normal,12.24
1119,1155.54,1165.34,708,1023,1.0,9.8,normal,32.77
1113,1149.1,1167.02,779,1078,1.0,17.92,normal,86.05
1123,1159.34,1168.23,168,699,1.0,8.89,normal,59.9
1125,1162.72,1170.75,797,1089,0.0,8.03,normal,5.99
1124,1161.9,1171.9,446,1026,1.0,10.0,normal,228.12
1122,1159.3,1172.3,605,718,0.0,13.0,normal,28.16
1126,1163.4,1172.45,223,971,1.0,9.05,normal,40.0
1130,1165.34,1174.64,117,1052,0.0,9.3,normal,8.24
1131,1167.02,1177.02,517,637,1.0,10.0,normal,49.76
1121,1158.44,1177.13,939,1057,0.5,18.69,normal,25.12
1129,1165.33,1178.02,167,901,0.0,12.69,normal,71.98
1132,1168.23,1179.39,605,1007,0.0,11.16,normal,5.72
1133,1170.75,1179.92,340,637,1.0,9.17,normal,47.03
1127,1163.51,1180.1,832,977,0.0,16.59,normal,7.14
1135,1172.3,1180.22,718,1026,1.0,7.92,normal,166.07
1136,1172.45,1183.27,168,223,0.0,10.82,normal,18.25
1134,1171.9,1183.88,115,446,1.0,11.98,normal,15.68
1137,1174.64,1184.05,971,1060,1.0,9.41,normal,13.75
1139,1177.13,1187.55,930,1008,0.0,10.42,normal,17.59
1142,1179.92,1188.04,1007,1058,0.0,8.12,normal,45.63
1143,1180.1,1188.35,827,1081,1.0,8.25,normal,39.14
1140,1178.02,1189.8,201,901,0.0,11.78,normal,7.5
1138,1177.02,1190.7,940,943,0.0,13.68,normal,20.53
1144,1180.22,1191.51,248,346,1.0,11.29,normal,110.09
1141,1179.39,1192.2,201,637,0.0,12.81,normal,28.64
1147,1184.05,1194.87,943,1038,1.0,10.82,normal,39.97
1146,1183.88,1195.46,115,1030,1.0,11.58,normal,8.4
1145,1183.27,1196.71,223,966,0.0,13.44,normal,12.09
1150,1188.35,1196.83,262,517,1.0,8.48,normal,35.56
1148,1187.55,1197.74,518,971,1.0,10.19,normal,1.34
1151,1189.8,1199.89,168,901,1.0,10.09,normal,34.07
1152,1190.7,1200.12,201,729,1.0,9.42,normal,86.35
1149,1188.04,1201.21,637,961,1.0,13.17,normal,93.14
1105,1141.51,1201.51,338,357,0.5,60.0,timelimit,26.3
1153,1191.51,1202.9,930,943,0.0,11.39,normal,25.94
1156,1195.46,1204.32,832,1030,1.0,8.86,normal,99.12
1154,1192.2,1204.86,729,779,1.0,12.66,normal,60.82
1155,1194.87,1205.33,510,1089,0.0,10.46,normal,8.19
1159,1197.74,1208.89,940,1050,0.0,11.15,normal,13.65
1160,1199.89,1209.4,112,836,1.0,9.51,normal,25.39
1163,1201.51,1209.68,338,1079,1.0,8.17,normal,9.56
1164,1202.9,1210.22,357,699,1.0,7.32,normal,19.93
1158,1196.83,1210.42,943,998,1.0,13.59,normal,19.26
1157,1196.71,1210.46,718,998,0.0,13.75,normal,33.37
1162,1201.21,1211.78,346,827,0.0,10.57,normal,102.84
1165,1204.32,1213.22,960,998,0.0,8.9,normal,26.48
1161,1200.12,1213.4,1026,1049,1.0,13.28,normal,1.54
1166,1204.86,1214.39,352,1082,0.0,9.53,normal,34.0
1168,1208.89,1216.97,720,930,1.0,8.08,normal,41.99
1167,1205.33,1217.8,248,446,1.0,12.47,normal,112.91
1170,1209.68,1218.63,168,338,0.0,8.95,normal,18.73
1172,1210.42,1218.94,40,262,0.0,8.52,normal,13.55
1176,1213.4,1221.47,779,1049,1.0,8.07,normal,139.66
1169,1209.4,1221.72,779,1085,0.0,12.32,normal,54.38
1173,1210.46,1221.8,516,718,0.0,11.34,normal,50.2
1171,1210.22,1222.19,357,1089,1.0,11.97,normal,5.09
1174,1211.78,1222.72,115,346,1.0,10.94,normal,57.72
1175,1213.22,1222.98,699,953,0.0,9.76,normal,9.33
1128,1164.5,1224.5,341,836,0.5,60.0,timelimit,22.64
1180,1218.63,1225.04,338,732,1.0,6.41,normal,1.62
1177,1214.39,1228.07,112,708,0.0,13.68,normal,35.16
1182,1221.47,1228.33,730,1085,1.0,6.86,normal,190.52
1178,1216.97,1230.02,729,1057,0.0,13.05,normal,23.19
1184,1221.8,1230.77,340,721,1.0,8.97,normal,114.28
1183,1221.72,1231.96,759,1008,1.0,10.24,normal,24.16
1185,1222.19,1232.33,201,357,0.0,10.14,normal,30.45
1188,1224.5,1232.36,117,809,1.0,7.86,normal,12.13
1181,1218.94,1232.6,605,998,1.0,13.66,normal,21.74
1179,1217.8,1232.8,729,836,0.0,15.0,normal,13.26
1190,1228.07,1236.06,901,961,1.0,7.99,normal,39.72
1191,1228.33,1237.35,346,446,0.0,9.02,normal,19.77
1189,1225.04,1238.0,1081,1085,0.0,12.96,normal,53.82
1193,1230.77,1238.71,708,809,1.0,7.94,normal,59.41
1186,1222.72,1238.92,115,496,1.0,16.2,normal,12.62
1196,1232.36,1240.04,275,943,0.0,7.68,normal,10.32
1187,1222.98,1241.54,1052,1082,0.5,18.56,normal,8.86
1199,1236.06,1244.12,526,1058,1.0,8.06,normal,17.71
1197,1232.6,1244.37,721,1054,0.0,11.77,normal,26.55
1201,1238.0,1244.73,858,1085,1.0,6.73,normal,74.18
1192,1230.02,1245.16,516,779,1.0,15.14,normal,19.78
1202,1238.71,1246.3,117,708,0.0,7.59,normal,46.03
1195,1232.33,1247.35,167,357,1.0,15.02,normal,32.68
1200,1237.35,1248.87,352,939,0.0,11.52,normal,56.56
1198,1232.8,1248.93,275,516,1.0,16.13,normal,56.19
1194,1231.96,1249.91,341,1085,1.0,17.95,normal,17.29
1207,1244.37,1250.77,953,970,1.0,6.4,normal,4.07
1204,1240.04,1251.03,510,1045,0.0,10.99,normal,41.81
1205,1241.54,1251.79,637,960,1.0,10.25,normal,0.31
1203,1238.92,1254.12,115,262,1.0,15.2,normal,23.3
1211,1247.35,1255.53,496,1058,1.0,8.18,normal,109.16
1206,1244.12,1255.8,526,998,0.0,11.68,normal,36.75
1214,1249.91,1255.83,346,1060,1.0,5.92,normal,32.03
1208,1244.73,1256.01,940,1044,0.0,11.28,normal,2.38
1210,1246.3,1256.38,708,1081,1.0,10.08,normal,35.26
1209,1245.16,1256.67,981,1044,1.0,11.51,normal,7.54
1212,1248.87,1259.38,517,901,1.0,10.51,normal,10.65
1215,1250.77,1259.5,970,1052,1.0,8.73,normal,50.71
1217,1251.79,1260.05,960,1078,0.0,8.26,normal,106.96
1218,1254.12,1262.26,262,730,0.0,8.14,normal,18.98
1213,1248.93,1262.68,352,1044,0.0,13.75,normal,83.2
1216,1251.03,1262.83,605,1058,0.0,11.8,normal,32.89
1219,1255.53,1263.45,720,1042,0.5,7.92,normal,52.56
1220,1255.8,1266.31,526,1007,0.0,10.51,normal,11.08
1222,1259.38,1270.69,340,517,0.0,11.31,normal,2.06
1221,1256.38,1271.07,708,721,1.0,14.69,normal,94.15
1223,1271.07,1281.83,708,1078,1.0,10.76,normal,126.05
1234,1281.83,1287.46,953,1007,1.0,5.63,normal,12.58
1227,1281.83,1288.22,1080,1081,0.5,6.39,normal,23.62
1226,1281.83,1288.6,117,341,0.0,6.77,normal,0.96
1230,1281.83,1290.38,496,858,1.0,8.55,normal,89.0
1224,1281.83,1290.45,699,998,1.0,8.62,normal,7.69
1225,1281.83,1290.53,1042,1052,0.0,8.7,normal,9.75
1235,1281.83,1292.01,518,943,1.0,10.18,normal,6.8
1231,1281.83,1292.49,168,1060,1.0,10.66,normal,64.61
1228,1281.83,1293.31,720,797,0.0,11.48,normal,6.17
1229,1281.83,1294.25,939,1026,1.0,12.42,normal,130.97
1233,1281.83,1295.38,637,981,0.0,13.55,normal,14.14
1232,1281.83,1295.49,275,1050,0.0,13.66,normal,14.4
1236,1287.46,1297.12,340,1045,1.0,9.66,normal,28.43
1238,1288.6,1298.1,510,901,1.0,9.5,normal,7.29
1241,1290.53,1299.76,338,730,0.0,9.23,normal,50.71
1237,1288.22,1300.83,516,729,0.5,12.61,normal,40.78
1244,1293.31,1301.58,49,1030,0.0,8.27,normal,29.86
1242,1292.01,1302.45,1049,1082,0.0,10.44,normal,135.42
1243,1292.49,1302.8,526,1060,1.0,10.31,normal,11.28
1246,1295.38,1303.13,797,943,1.0,7.75,normal,7.53
1240,1290.45,1303.44,836,1044,1.0,12.99,normal,77.26
1248,1297.12,1304.16,720,960,0.0,7.04,normal,19.64
1249,1298.1,1305.41,901,970,1.0,7.31,normal,4.05
1247,1295.49,1306.93,112,827,0.0,11.44,normal,25.98
1250,1299.76,1309.43,338,496,0.0,9.67,normal,45.3
1251,1300.83,1310.0,262,517,0.0,9.17,normal,27.41
1254,1302.8,1312.36,1060,1065,1.0,9.56,normal,25.63
1256,1303.44,1312.45,516,1008,0.0,9.01,normal,10.38
1252,1301.58,1312.66,721,876,0.0,11.08,normal,27.06
1253,1302.45,1313.29,510,518,1.0,10.84,normal,1.58
1258,1305.41,1313.96,732,939,1.0,8.55,normal,68.64
1255,1303.13,1314.35,526,977,1.0,11.22,normal,0.84
1259,1306.93,1315.25,827,930,1.0,8.32,normal,24.57
1257,1304.16,1317.59,201,275,1.0,13.43,normal,1.7
1260,1309.43,1319.48,966,1045,1.0,10.05,normal,18.58
1264,1312.66,1321.55,876,1081,0.0,8.89,normal,16.49
1263,1312.45,1322.11,1023,1054,1.0,9.66,abnormal,22.25
1261,1310.0,1322.7,112,117,0.0,12.7,normal,2.47
1268,1315.25,1322.92,943,953,1.0,7.67,normal,19.38
1266,1313.96,1323.43,960,961,0.5,9.47,normal,65.41
1262,1312.36,1324.37,168,248,0.0,12.01,normal,119.36
1267,1314.35,1327.04,721,809,0.0,12.69,normal,13.19
1269,1317.59,1327.27,981,1030,0.0,9.68,normal,99.96
1265,1313.29,1328.09,699,779,0.0,14.8,normal,33.24
1270,1319.48,1330.16,357,966,0.0,10.68,normal,55.08
1273,1322.7,1331.03,117,1060,0.0,8.33,normal,46.0
1271,1321.55,1331.19,876,1089,1.0,9.64,normal,83.25
1272,1322.11,1334.22,340,1081,1.0,12.11,normal,80.53
1275,1323.43,1334.46,517,1079,1.0,11.03,normal,21.09
1274,1322.92,1334.67,112,930,0.0,11.75,normal,16.72
1276,1324.37,1336.88,248,510,1.0,12.51,normal,161.32
1277,1327.04,1337.28,115,346,1.0,10.24,normal,86.54
1279,1328.09,1337.66,341,939,0.0,9.57,normal,20.79
1278,1327.27,1338.59,1023,1052,0.0,11.32,normal,8.4
1282,1331.19,1338.68,1023,1089,1.0,7.49,abnormal,66.72
1280,1330.16,1341.4,1007,1065,0.0,11.24,normal,20.26
1281,1331.03,1342.56,117,223,0.0,11.53,normal,115.32
1283,1334.22,1344.31,836,1054,0.0,10.09,normal,23.3
1286,1336.88,1344.7,699,1080,1.0,7.82,normal,3.74
1288,1337.66,1348.25,605,708,1.0,10.59,normal,14.11
1284,1334.46,1348.56,1023,1085,0.5,14.1,normal,29.22
1290,1338.68,1348.57,832,901,0.0,9.89,normal,11.07
1289,1338.59,1348.73,168,352,1.0,10.14,normal,162.49
1239,1290.38,1350.38,721,1085,0.5,60.0,timelimit,4.25
1291,1341.4,1350.83,526,1050,1.0,9.43,normal,6.43
1287,1337.28,1351.68,115,262,0.5,14.4,normal,60.47
1292,1342.56,1352.45,1030,1052,1.0,9.89,normal,142.37
1245,1294.25,1354.25,721,1026,0.5,60.0,timelimit,72.13
1294,1344.7,1355.57,340,446,0.0,10.87,normal,13.46
1296,1348.56,1356.65,117,1057,1.0,8.09,normal,20.26
1297,1348.57,1357.16,338,1079,1.0,8.59,normal,16.98
1293,1344.31,1357.24,605,998,0.0,12.93,normal,27.2
1295,1348.25,1358.06,1044,1065,1.0,9.81,normal,22.65
1300,1350.83,1358.98,797,858,1.0,8.15,normal,22.66
1301,1351.68,1359.15,960,1080,1.0,7.47,normal,10.61
1298,1348.73,1360.34,836,1081,1.0,11.61,normal,44.44
1299,1350.38,1361.33,827,1080,1.0,10.95,normal,5.31
1303,1354.25,1362.42,516,1026,1.0,8.17,normal,97.42
1304,1355.57,1363.37,40,446,1.0,7.8,normal,17.42
1302,1352.45,1366.7,809,836,0.0,14.25,normal,5.58
1306,1357.16,1368.4,168,496,1.0,11.24,normal,45.83
1307,1357.24,1368.55,708,797,0.0,11.31,normal,12.6
1310,1359.15,1368.7,720,970,0.0,9.55,normal,12.89
1308,1358.06,1369.06,797,901,0.0,11.0,normal,2.33
1309,1358.98,1371.28,275,526,1.0,12.3,normal,39.41
1311,1360.34,1371.79,940,998,0.0,11.45,normal,11.77
1312,1361.33,1372.22,827,1044,1.0,10.89,normal,3.29
1313,1362.42,1373.33,248,732,1.0,10.91,normal,140.79
1315,1366.7,1373.33,939,960,0.0,6.63,normal,13.58
1305,1356.65,1373.72,117,352,1.0,17.07,abnormal,45.61
1317,1368.55,1376.72,708,953,0.0,8.17,normal,7.88
1321,1371.79,1378.3,729,1042,1.0,6.51,normal,39.72
1318,1368.7,1379.6,510,970,0.0,10.9,normal,16.74
1323,1373.33,1380.98,729,827,0.0,7.65,normal,91.01
1324,1373.33,1382.26,940,1008,0.0,8.93,normal,6.63
1325,1373.72,1382.32,352,1008,0.0,8.6,normal,76.11
1320,1371.28,1384.12,168,223,0.0,12.84,normal,17.21
1322,1372.22,1386.49,730,876,1.0,14.27,normal,176.12
1319,1369.06,1387.51,115,517,0.0,18.45,normal,61.73
1326,1376.72,1390.37,759,998,1.0,13.65,normal,2.58
1328,1379.6,1390.59,943,970,0.0,10.99,normal,5.55
1331,1382.32,1391.2,977,1089,1.0,8.88,normal,0.62
1330,1382.26,1391.99,340,357,0.0,9.73,normal,23.04
1332,1384.12,1392.55,223,708,1.0,8.43,normal,67.64
1285,1334.67,1394.67,112,1082,0.5,60.0,timelimit,47.06
1327,1378.3,1394.7,721,966,0.0,16.4,normal,199.03
1329,1380.98,1395.99,939,1078,1.0,15.01,normal,87.84
1333,1386.49,1398.38,858,1050,0.0,11.89,normal,18.09
1336,1390.59,1399.3,809,1023,0.0,8.71,normal,29.05
1334,1387.51,1399.62,759,1065,1.0,12.11,normal,3.5
1338,1391.99,1401.99,759,940,1.0,10.0,normal,40.86
1337,1391.2,1403.1,901,1050,1.0,11.9,normal,22.67
1335,1390.37,1403.33,338,1038,1.0,12.96,normal,125.5
1339,1392.55,1405.16,223,1089,1.0,12.61,normal,79.06
1341,1394.7,1406.12,496,966,1.0,11.42,normal,4.68
1343,1398.38,1406.9,637,1060,1.0,8.52,normal,2.02
1345,1399.62,1407.41,730,1030,0.0,7.79,normal,20.14
1346,1401.99,1411.59,720,1044,1.0,9.6,normal,4.07
1348,1403.33,1411.94,779,1081,0.0,8.61,normal,10.66
1340,1394.67,1412.14,516,1049,1.0,17.47,normal,123.94
1349,1405.16,1412.95,223,338,1.0,7.79,normal,13.46
1347,1403.1,1413.28,827,1058,0.0,10.18,normal,16.28
1350,1406.12,1413.9,1045,1065,1.0,7.78,normal,63.25
1351,1406.9,1416.38,517,732,1.0,9.48,normal,30.78
1355,1412.14,1417.16,876,1042,0.0,5.02,normal,6.18
1352,1407.41,1419.48,939,1080,0.0,12.07,normal,18.58
1353,1411.59,1419.99,1008,1023,1.0,8.4,normal,24.78
1354,1411.94,1420.33,960,1008,0.0,8.39,normal,24.68
1344,1399.3,1421.85,939,1052,1.0,22.55,normal,23.72
1356,1412.95,1422.53,40,168,0.0,9.58,normal,35.92
1314,1363.37,1423.37,262,446,0.5,60.0,timelimit,5.81
1357,1413.28,1425.52,605,1060,1.0,12.24,normal,18.74
1358,1413.9,1427.07,496,1045,0.0,13.17,normal,50.34
1362,1419.99,1427.15,112,971,0.0,7.16,normal,78.69
1359,1416.38,1427.77,223,961,0.0,11.39,normal,37.03
1316,1368.4,1428.4,1008,1085,0.5,60.0,timelimit,48.0
1363,1420.33,1428.62,779,876,0.0,8.29,normal,21.47
1366,1423.37,1429.8,262,338,0.0,6.43,normal,17.87
1361,1419.48,1430.17,977,1065,0.0,10.69,normal,25.06
1360,1417.16,1430.26,836,1085,0.0,13.1,normal,20.37
1367,1425.52,1435.12,446,732,0.0,9.6,normal,27.0
1365,1422.53,1435.33,779,1054,0.0,12.8,normal,0.4
1364,1421.85,1435.96,779,1052,1.0,14.11,normal,8.64
1373,1429.8,1436.06,338,346,1.0,6.26,normal,29.95
1368,1427.07,1436.32,998,1080,0.0,9.25,normal,19.96
1370,1427.77,1437.22,167,168,0.0,9.45,normal,4.12
1371,1428.4,1437.66,1079,1089,0.0,9.26,normal,40.6
1369,1427.15,1439.05,516,1082,0.0,11.9,normal,15.21
1374,1430.17,1439.89,223,953,1.0,9.72,normal,55.63
1372,1428.62,1439.96,759,981,1.0,11.34,normal,26.06
1379,1436.06,1440.48,346,732,0.0,4.42,normal,22.8
1377,1435.33,1444.81,718,858,1.0,9.48,normal,20.15
1375,1430.26,1445.59,117,1085,0.0,15.33,normal,21.22
1376,1435.12,1446.08,939,1058,1.0,10.96,normal,16.98
1385,1439.96,1446.33,517,981,1.0,6.37,abnormal,104.14
1383,1439.05,1447.18,168,1052,1.0,8.13,normal,143.47
1381,1437.22,1449.46,526,1058,0.0,12.24,normal,19.62
1382,1437.66,1450.7,1057,1082,1.0,13.04,normal,20.6
1387,1444.81,1451.62,708,858,0.0,6.81,normal,10.85
1388,1445.59,1453.14,117,1082,0.0,7.55,normal,33.11
1386,1440.48,1453.22,720,832,0.0,12.74,normal,13.55
1389,1446.08,1454.18,901,1007,0.0,8.1,normal,34.55
1384,1439.89,1454.34,1038,1054,1.0,14.45,normal,35.62
1391,1447.18,1455.2,341,1058,0.0,8.02,normal,41.98
1342,1395.99,1455.99,1026,1078,0.5,60.0,timelimit,45.25
1390,1446.33,1458.21,940,981,0.0,11.88,normal,23.4
1394,1451.62,1462.19,730,1045,1.0,10.57,normal,50.27
1393,1450.7,1462.4,248,496,0.0,11.7,normal,99.49
1392,1449.46,1463.09,526,998,0.0,13.63,normal,25.83
1397,1454.18,1464.63,201,809,1.0,10.45,normal,93.17
1396,1453.22,1464.66,718,1050,1.0,11.44,normal,2.08
1398,1454.34,1465.26,346,1079,1.0,10.92,normal,2.35
1395,1453.14,1466.81,961,966,0.0,13.67,normal,31.8
1400,1455.99,1467.2,721,1078,1.0,11.21,normal,12.63
1401,1458.21,1467.52,797,1026,1.0,9.31,normal,197.72
1399,1455.2,1467.84,953,977,1.0,12.64,normal,14.92
1402,1462.19,1471.29,518,970,1.0,9.1,normal,12.5
1405,1464.63,1472.07,1042,1082,0.0,7.44,normal,24.93
1407,1465.26,1474.39,446,943,1.0,9.13,normal,57.53
1403,1462.4,1474.8,510,605,1.0,12.4,normal,2.08
1410,1467.52,1474.95,40,1026,1.0,7.43,abnormal,262.07
1404,1463.09,1475.73,526,759,0.0,12.64,normal,26.94
1409,1467.2,1476.99,1007,1050,1.0,9.79,normal,12.59
1406,1464.66,1479.36,718,1060,1.0,14.7,normal,43.1
1411,1467.84,1481.07,858,1089,0.0,13.23,normal,6.82
1378,1435.96,1482.48,352,1023,0.0,46.52,abnormal,64.25
1415,1474.8,1483.5,732,1045,1.0,8.7,normal,3.45
1408,1466.81,1483.95,167,961,1.0,17.14,normal,20.36
1413,1472.07,1485.83,939,1008,1.0,13.76,normal,4.7
1418,1476.99,1486.27,341,357,0.0,9.28,normal,95.57
1414,1474.39,1486.51,248,446,1.0,12.12,normal,122.63
1412,1471.29,1486.72,940,1057,1.0,15.43,normal,4.3
1419,1479.36,1486.99,275,1060,0.0,7.63,normal,19.51
1416,1474.95,1488.82,708,901,1.0,13.87,normal,52.15
1420,1481.07,1489.24,832,1089,0.0,8.17,normal,5.82
1417,1475.73,1490.25,526,1026,1.0,14.52,normal,162.08
1421,1482.48,1491.29,352,1038,0.0,8.81,abnormal,63.4
1425,1486.27,1493.34,357,797,1.0,7.07,normal,2.9
1423,1483.95,1495.03,49,966,1.0,11.08,normal,12.44
1380,1436.32,1496.32,201,759,0.5,60.0,timelimit,15.19
1426,1486.51,1496.75,167,517,1.0,10.24,normal,15.09
1427,1486.72,1498.07,518,718,1.0,11.35,normal,10.45
1424,1485.83,1498.47,112,1057,1.0,12.64,normal,39.17
1422,1483.5,1498.88,201,970,0.0,15.38,normal,8.46
1430,1489.24,1499.31,518,1007,0.0,10.07,normal,5.76
1428,1486.99,1500.35,516,876,0.0,13.36,normal,2.77
1431,1490.25,1503.1,721,1058,0.0,12.85,normal,103.87
1434,1495.03,1504.46,510,827,1.0,9.43,normal,29.9
1432,1491.29,1504.57,352,729,0.0,13.28,abnormal,41.01
1433,1493.34,1505.2,981,1080,1.0,11.86,normal,8.15
1429,1488.82,1505.42,40,115,1.0,16.6,normal,27.43
1441,1500.35,1507.18,338,732,0.0,6.83,normal,6.22
1440,1499.31,1507.37,729,1054,0.0,8.06,normal,46.93
1435,1496.32,1507.44,168,340,0.0,11.12,normal,48.26
1436,1496.75,1507.6,759,971,0.0,10.85,normal,27.96
1437,1498.07,1510.85,275,940,1.0,12.78,normal,29.53
1439,1498.88,1512.38,1049,1078,0.0,13.5,normal,56.66
1446,1505.42,1513.38,40,1080,1.0,7.96,normal,135.13
1438,1498.47,1513.83,112,721,0.0,15.36,normal,22.56
1442,1503.1,1514.1,605,1080,1.0,11.0,normal,29.34
1447,1507.18,1514.3,115,708,1.0,7.12,normal,122.37
1450,1507.6,1515.27,341,1054,0.0,7.67,normal,30.6
1443,1504.46,1515.73,510,1065,1.0,11.27,normal,40.04
1444,1504.57,1516.64,930,1052,1.0,12.07,normal,14.78
1445,1505.2,1517.41,605,981,1.0,12.21,normal,13.38
1449,1507.44,1517.76,352,1007,0.0,10.32,normal,173.55
1451,1510.85,1520.06,338,1085,1.0,9.21,normal,131.01
1452,1512.38,1521.14,516,1078,1.0,8.76,normal,55.51
1448,1507.37,1521.15,223,966,1.0,13.78,normal,5.29
1458,1515.73,1524.85,510,977,1.0,9.12,normal,46.87
1454,1513.83,1526.15,112,836,0.0,12.32,normal,14.61
1460,1517.41,1526.22,526,1045,1.0,8.81,normal,59.19
1453,1513.38,1526.66,40,730,1.0,13.28,normal,16.3
1459,1516.64,1527.53,518,1065,1.0,10.89,normal,35.74
1461,1517.76,1528.22,708,832,0.0,10.46,normal,14.1
1456,1514.3,1528.32,275,998,1.0,14.02,normal,3.15
1463,1521.14,1531.55,718,981,0.0,10.41,normal,36.85
1465,1524.85,1531.8,940,1081,0.0,6.95,normal,14.19
1464,1521.15,1532.08,248,346,1.0,10.93,normal,166.7
1462,1520.06,1534.13,201,1085,1.0,14.07,normal,72.0
1457,1515.27,1534.29,779,1023,1.0,19.02,abnormal,3.42
1466,1526.15,1534.38,117,1023,0.0,8.23,normal,21.09
1467,1526.22,1535.27,759,960,1.0,9.05,normal,29.18
1471,1528.32,1535.56,998,1026,1.0,7.24,normal,157.4
1470,1528.22,1535.57,446,517,0.0,7.35,normal,22.91
1455,1514.1,1538.08,49,961,0.0,23.98,abnormal,74.02
1468,1526.66,1539.32,730,1079,1.0,12.66,normal,107.1
1469,1527.53,1539.53,352,836,0.0,12.0,normal,78.27
1473,1531.8,1539.7,341,1081,0.0,7.9,normal,44.94
1472,1531.55,1541.03,718,970,0.0,9.48,normal,10.37
1479,1535.56,1544.3,338,340,1.0,8.74,normal,21.17
1474,1532.08,1544.77,40,248,0.0,12.69,normal,81.82
1478,1535.27,1545.38,809,930,0.0,10.11,normal,54.17
1476,1534.29,1545.48,526,1078,1.0,11.19,normal,133.72
1480,1535.57,1545.63,346,446,0.0,10.06,normal,30.44
1477,1534.38,1545.72,201,977,0.0,11.34,normal,21.7
1484,1539.7,1546.76,637,966,0.0,7.06,normal,78.64
1481,1538.08,1547.14,49,517,1.0,9.06,normal,14.71
1485,1541.03,1548.24,1080,1082,0.0,7.21,normal,19.83
1475,1534.13,1548.26,832,858,1.0,14.13,normal,27.86
1482,1539.32,1549.62,779,961,0.0,10.3,normal,96.41
1483,1539.53,1552.22,167,262,1.0,12.69,normal,20.16
1486,1544.3,1554.59,876,1054,0.0,10.29,normal,18.8
1487,1544.77,1554.99,516,809,1.0,10.22,normal,36.47
1491,1545.72,1556.22,605,977,0.0,10.5,normal,27.48
1490,1545.63,1556.35,168,346,1.0,10.72,normal,61.69
1488,1545.38,1557.45,930,1057,1.0,12.07,normal,29.16
1493,1547.14,1557.75,49,1050,1.0,10.61,normal,116.85
1489,1545.48,1558.54,1078,1085,0.0,13.06,normal,56.91
1496,1549.62,1559.38,340,961,1.0,9.76,normal,17.35
1492,1546.76,1560.73,940,1079,0.0,13.97,normal,64.65
1494,1548.24,1561.07,730,1054,1.0,12.83,normal,153.18
1499,1554.99,1562.1,699,1054,1.0,7.11,normal,10.72
1497,1552.22,1562.75,518,971,1.0,10.53,normal,15.7
1495,1548.26,1564.03,699,1008,0.5,15.77,normal,5.11
1501,1556.35,1564.36,858,1044,1.0,8.01,normal,2.32
1503,1557.75,1565.42,49,167,1.0,7.67,normal,26.11
1498,1554.59,1566.89,510,1050,1.0,12.3,normal,47.83
1502,1557.45,1567.53,1008,1052,1.0,10.08,normal,56.28
1500,1556.22,1567.91,729,836,1.0,11.69,normal,32.14
1504,1558.54,1570.2,1038,1042,1.0,11.66,normal,6.74
1506,1560.73,1571.54,960,1082,1.0,10.81,normal,1.41
1508,1562.1,1572.79,940,1058,0.0,10.69,normal,74.26
1512,1565.42,1573.7,699,1060,0.0,8.28,normal,13.51
1505,1559.38,1574.09,637,759,0.0,14.71,normal,33.9
1507,1561.07,1574.86,605,720,1.0,13.79,normal,32.14
1511,1564.36,1575.91,971,1065,0.0,11.55,normal,26.76
1509,1562.75,1576.02,729,1079,0.0,13.27,normal,102.73
1510,1564.03,1577.56,248,730,1.0,13.53,normal,77.98
1517,1571.54,1579.34,940,960,0.0,7.8,normal,60.46
1515,1567.91,1579.49,262,496,0.0,11.58,normal,52.07
1516,1570.2,1580.49,718,1007,1.0,10.29,normal,32.52
1520,1574.09,1580.64,517,1030,1.0,6.55,normal,30.96
1513,1566.89,1581.96,275,637,0.0,15.07,normal,3.88
1522,1575.91,1582.65,637,943,0.0,6.74,normal,7.69
1514,1567.53,1583.45,721,836,1.0,15.92,normal,39.44
1519,1573.7,1586.11,1038,1052,1.0,12.41,normal,31.85
1518,1572.79,1586.47,708,943,0.0,13.68,normal,17.14
1525,1579.34,1587.28,960,971,0.0,7.94,normal,4.87
1521,1574.86,1587.45,275,720,1.0,12.59,normal,26.84
1530,1582.65,1589.0,943,1007,1.0,6.35,normal,25.14
1531,1583.45,1589.65,346,1045,1.0,6.2,normal,34.15
1526,1579.49,1589.83,981,1058,0.0,10.34,normal,19.71
1528,1580.64,1590.86,496,1030,0.0,10.22,normal,10.73
1523,1576.02,1593.17,275,901,1.0,17.15,normal,26.18
1524,1577.56,1593.27,49,248,0.0,15.71,normal,84.47
1527,1580.49,1594.01,1044,1058,0.0,13.52,normal,46.34
1535,1587.45,1594.71,117,809,1.0,7.26,normal,33.71
1529,1581.96,1596.18,115,730,0.0,14.22,normal,1.71
1533,1586.47,1596.27,446,961,0.0,9.8,normal,11.97
1536,1589.0,1598.13,953,1050,0.0,9.13,normal,36.46
1539,1590.86,1598.45,1007,1030,0.0,7.59,normal,94.09
1532,1586.11,1598.84,939,998,0.0,12.73,normal,9.1
1534,1587.28,1599.82,341,827,1.0,12.54,normal,69.56
1543,1594.71,1599.9,346,357,0.0,5.19,normal,28.15
1537,1589.65,1602.37,341,1038,1.0,12.72,normal,41.47
1542,1594.01,1602.97,341,930,1.0,8.96,normal,53.25
1541,1593.27,1603.94,248,720,1.0,10.67,normal,252.74
1540,1593.17,1606.38,167,901,0.0,13.21,normal,69.29
1545,1596.27,1607.14,699,1058,1.0,10.87,normal,41.25
1544,1596.18,1607.9,730,732,1.0,11.72,normal,55.0
1547,1598.45,1608.38,998,1081,0.0,9.93,normal,8.87
1548,1598.84,1611.69,699,1049,1.0,12.85,normal,180.34
1538,1589.83,1611.85,797,970,1.0,22.02,abnormal,3.3
1552,1602.97,1612.48,729,930,0.0,9.51,normal,50.77
1553,1603.94,1614.14,858,971,1.0,10.2,normal,22.15
1549,1599.82,1614.77,112,1038,1.0,14.95,normal,54.66
1546,1598.13,1614.97,1038,1057,1.0,16.84,normal,32.03
1551,1602.37,1616.25,637,1044,1.0,13.88,normal,27.97
1557,1608.38,1616.86,708,1007,0.0,8.48,normal,43.42
1555,1607.14,1618.42,1052,1054,0.0,11.28,normal,52.17
1560,1612.48,1618.54,732,1030,0.0,6.06,normal,53.3
1554,1606.38,1619.43,167,1042,1.0,13.05,normal,147.67
1556,1607.9,1620.48,517,966,0.5,12.58,normal,6.43
1561,1614.14,1622.52,1042,1057,0.0,8.38,normal,2.33
1558,1611.69,1622.66,201,1065,0.0,10.97,normal,12.18
1559,1611.85,1623.23,49,1081,1.0,11.38,normal,136.55
1564,1616.25,1627.36,446,496,0.0,11.11,normal,55.9
1563,1614.97,1627.67,115,518,1.0,12.7,normal,76.75
1570,1622.52,1629.62,858,977,1.0,7.1,normal,12.11
1571,1622.66,1630.42,341,1042,1.0,7.76,normal,28.26
1569,1620.48,1630.66,961,1057,1.0,10.18,normal,138.73
1565,1616.86,1630.87,201,718,0.0,14.01,normal,16.29
1568,1619.43,1630.88,797,971,1.0,11.45,normal,41.27
1572,1623.23,1630.98,827,970,0.0,7.75,normal,45.96
1567,1618.54,1631.11,759,1044,1.0,12.57,normal,83.44
1566,1618.42,1632.32,352,516,0.0,13.9,normal,96.22
1574,1627.67,1634.43,1030,1045,0.0,6.76,normal,92.33
1573,1627.36,1635.22,729,1023,0.0,7.86,normal,46.5
1577,1630.66,1636.16,809,1042,0.0,5.5,normal,27.51
1578,1630.87,1638.24,1038,1081,1.0,7.37,normal,30.91
1576,1630.42,1640.42,262,809,1.0,10.0,normal,170.38
1580,1630.98,1641.0,953,1057,1.0,10.02,normal,90.94
1575,1629.62,1641.99,637,720,1.0,12.37,normal,33.94
1579,1630.88,1643.97,718,971,1.0,13.09,normal,33.83
1581,1631.11,1645.18,518,637,0.0,14.07,normal,32.6
1585,1636.16,1646.36,797,1082,1.0,10.2,normal,66.88
1583,1634.43,1646.66,836,930,1.0,12.23,normal,45.76
1582,1632.32,1646.69,167,732,0.0,14.37,normal,20.85
1584,1635.22,1648.22,40,496,1.0,13.0,normal,4.51
1586,1638.24,1649.25,1008,1058,0.0,11.01,normal,29.46
1587,1640.42,1649.75,49,346,1.0,9.33,normal,114.86
1592,1646.36,1654.04,832,977,1.0,7.68,normal,22.19
1594,1646.69,1654.27,876,1082,0.0,7.58,normal,26.69
1588,1641.0,1655.74,1050,1079,0.0,14.74,normal,22.53
1590,1643.97,1655.76,115,961,1.0,11.79,normal,54.91
1595,1648.22,1656.19,699,1078,1.0,7.97,normal,141.74
1591,1645.18,1656.71,262,779,1.0,11.53,normal,106.06
1550,1599.9,1659.9,357,943,0.5,60.0,timelimit,34.25
1589,1641.99,1660.96,827,960,0.0,18.97,normal,21.65
1593,1646.66,1661.87,201,605,0.0,15.21,normal,37.12
1596,1649.25,1662.81,223,943,1.0,13.56,normal,71.5
1602,1656.19,1663.55,971,1044,1.0,7.36,normal,33.4
1597,1649.75,1664.07,201,637,0.0,14.32,normal,29.6
1599,1654.27,1664.84,352,809,0.0,10.57,normal,25.98
1600,1655.74,1665.65,40,1045,0.0,9.91,normal,74.14
1603,1656.71,1666.94,49,262,1.0,10.23,normal,70.05
1604,1659.9,1668.27,357,901,0.0,8.37,normal,26.76
1598,1654.04,1669.09,605,1044,0.0,15.05,normal,72.13
1607,1662.81,1671.36,953,1089,1.0,8.55,normal,7.83
1601,1655.76,1672.45,115,167,1.0,16.69,normal,51.53
1605,1660.96,1674.76,721,729,1.0,13.8,normal,12.33
1562,1614.77,1674.77,340,1079,0.5,60.0,timelimit,32.22
1613,1668.27,1675.71,223,357,1.0,7.44,normal,53.05
1606,1661.87,1677.72,779,1057,0.0,15.85,normal,28.1
1612,1666.94,1678.16,832,970,0.0,11.22,normal,6.99
1611,1665.65,1678.46,930,1085,1.0,12.81,normal,31.2
1609,1664.07,1678.83,699,977,1.0,14.76,abnormal,18.63
1610,1664.84,1680.1,953,1079,0.0,15.26,normal,5.27
1614,1669.09,1681.28,876,1038,1.0,12.19,normal,21.65
1616,1672.45,1683.22,115,1030,1.0,10.77,normal,13.93
1620,1677.72,1684.65,981,1060,0.0,6.93,normal,3.43
1615,1671.36,1684.77,518,1089,0.0,13.41,normal,16.67
1617,1674.76,1685.83,112,718,0.0,11.07,normal,115.67
1621,1678.16,1685.84,720,953,0.0,7.68,normal,71.98
1618,1674.77,1687.59,262,340,1.0,12.82,normal,6.72
1624,1680.1,1689.16,510,832,1.0,9.06,normal,36.82
1623,1678.83,1689.45,40,966,1.0,10.62,normal,22.94
1619,1675.71,1689.48,167,357,0.0,13.77,normal,28.28
1622,1678.46,1690.5,779,930,0.0,12.04,normal,31.27
1627,1687.59,1696.74,340,1089,1.0,9.15,normal,28.86
1625,1681.28,1696.88,1042,1085,0.0,15.6,normal,4.88
1628,1689.48,1698.16,357,832,1.0,8.68,normal,38.39
1626,1683.22,1698.25,275,971,1.0,15.03,normal,19.61
1608,1663.55,1723.55,1026,1049,0.5,60.0,timelimit,16.02
1629,1723.55,1735.32,832,1026,1.0,11.77,normal,183.01
1641,1735.32,1741.97,827,977,1.0,6.65,normal,15.63
1635,1735.32,1743.99,721,1030,0.0,8.67,normal,192.53
1632,1735.32,1744.26,1042,1078,1.0,8.94,normal,55.17
1637,1735.32,1744.83,779,1049,1.0,9.51,normal,125.49
1634,1735.32,1745.05,637,729,1.0,9.73,normal,129.43
1639,1735.32,1745.71,168,262,0.0,10.39,normal,21.76
1630,1735.32,1745.87,112,809,1.0,10.55,normal,30.63
1636,1735.32,1746.32,940,1026,1.0,11.0,normal,106.42
1633,1735.32,1747.55,518,858,0.0,12.23,normal,13.62
1631,1735.32,1747.75,732,759,1.0,12.43,normal,26.34
1640,1735.32,1748.56,721,1085,0.0,13.24,normal,11.69
1638,1735.32,1751.9,1050,1065,1.0,16.58,normal,7.25
1646,1745.05,1752.97,201,971,0.0,7.92,abnormal,12.38
1652,1748.56,1754.33,341,876,1.0,5.77,normal,7.56
1645,1744.83,1755.77,1049,1057,0.0,10.94,normal,127.19
1644,1744.26,1755.89,201,1038,1.0,11.63,normal,18.99
1647,1745.71,1756.11,262,496,0.0,10.4,normal,36.27
1648,1745.87,1756.31,168,961,1.0,10.44,normal,20.05
1650,1747.55,1758.12,858,1089,1.0,10.57,normal,1.93
1651,1747.75,1758.15,981,1008,1.0,10.4,normal,3.77
1653,1751.9,1759.23,930,1008,0.0,7.33,normal,8.21
1643,1743.99,1760.11,729,1052,1.0,16.12,normal,16.09
1654,1752.97,1760.72,832,1007,1.0,7.75,normal,16.68
1657,1755.89,1762.93,1044,1081,0.0,7.04,normal,20.99
1659,1756.31,1764.29,605,953,0.0,7.98,normal,8.8
1658,1756.11,1765.13,352,730,0.0,9.02,normal,299.64
1655,1754.33,1765.53,248,732,1.0,11.2,normal,144.26
1661,1758.15,1768.34,876,1085,0.0,10.19,normal,0.2
1656,1755.77,1769.09,729,809,0.0,13.32,normal,14.54
1664,1760.72,1769.23,357,961,1.0,8.51,normal,5.08
1660,1758.12,1771.8,275,759,0.0,13.68,normal,20.49
1669,1768.34,1774.18,1080,1082,1.0,5.84,normal,27.86
1671,1769.23,1775.63,346,960,0.0,6.4,normal,6.35
1665,1762.93,1776.07,223,966,1.0,13.14,normal,25.24
1667,1765.13,1776.71,275,1079,0.0,11.58,normal,17.9
1668,1765.53,1777.15,248,340,1.0,11.62,normal,177.77
1666,1764.29,1779.93,201,1054,0.0,15.64,normal,3.49
1670,1769.09,1781.75,446,1079,1.0,12.66,normal,13.65
1673,1774.18,1783.11,708,1081,0.0,8.93,normal,13.9
1675,1776.07,1783.76,827,876,1.0,7.69,normal,42.8
1677,1777.15,1784.75,346,901,1.0,7.6,normal,37.52
1663,1760.11,1784.8,721,1052,1.0,24.69,normal,8.55
1676,1776.71,1785.87,518,1050,1.0,9.16,normal,8.38
1674,1775.63,1788.94,718,759,0.0,13.31,normal,8.69
1672,1771.8,1789.6,352,1078,0.0,17.8,normal,12.49
1678,1779.93,1790.2,605,699,0.0,10.27,normal,3.56
1679,1781.75,1791.39,262,446,0.0,9.64,normal,9.95
1682,1784.75,1791.64,496,971,1.0,6.89,normal,126.95
1680,1783.11,1792.18,526,858,1.0,9.07,normal,5.66
1684,1785.87,1794.23,1042,1058,1.0,8.36,normal,111.39
1683,1784.8,1794.71,940,1052,1.0,9.91,normal,36.69
1688,1791.39,1796.81,730,797,1.0,5.42,abnormal,88.74
1685,1788.94,1797.16,201,1008,1.0,8.22,normal,22.27
1681,1783.76,1797.58,340,605,0.0,13.82,normal,34.98
1689,1791.64,1799.75,971,1082,1.0,8.11,normal,14.21
1687,1790.2,1800.91,998,1050,1.0,10.71,abnormal,2.21
1642,1741.97,1801.97,518,832,0.5,60.0,timelimit,6.37
1690,1792.18,1802.56,526,809,1.0,10.38,normal,138.37
1686,1789.6,1802.81,827,1057,0.0,13.21,normal,48.26
1649,1746.32,1806.32,605,1026,0.5,60.0,timelimit,208.16
1694,1797.16,1806.59,518,943,1.0,9.43,normal,3.19
1695,1797.58,1808.23,168,340,1.0,10.65,normal,49.09
1693,1796.81,1810.16,248,510,1.0,13.35,normal,170.56
1697,1800.91,1810.91,446,901,1.0,10.0,normal,36.23
1696,1799.75,1811.81,971,1057,1.0,12.06,normal,60.47
1692,1794.71,1813.72,1052,1078,0.5,19.01,normal,28.04
1698,1801.97,1814.18,637,970,0.0,12.21,normal,13.96
1702,1806.59,1814.27,338,517,0.0,7.68,normal,16.18
1699,1802.56,1817.44,167,732,1.0,14.88,normal,14.12
1700,1802.81,1818.12,1038,1057,0.0,15.31,normal,2.08
1662,1759.23,1819.23,797,1079,0.5,60.0,timelimit,16.79
1703,1808.23,1820.87,832,1089,0.0,12.64,normal,17.15
1704,1810.16,1823.24,223,510,0.0,13.08,normal,57.02
1701,1806.32,1826.66,827,939,1.0,20.34,normal,16.84
1708,1814.18,1827.41,779,1007,0.0,13.23,normal,80.01
1711,1818.12,1827.67,901,961,0.0,9.55,normal,21.58
1713,1820.87,1827.91,1065,1089,1.0,7.04,normal,18.98
1709,1814.27,1828.3,248,730,0.0,14.03,normal,89.89
1712,1819.23,1828.44,1058,1079,1.0,9.21,normal,16.72
1714,1823.24,1828.97,858,981,1.0,5.73,normal,19.47
1710,1817.44,1830.84,496,732,1.0,13.4,normal,56.73
1718,1827.91,1834.18,1080,1081,1.0,6.27,normal,28.1
1720,1828.44,1834.96,117,836,1.0,6.52,normal,2.42
1719,1828.3,1835.65,248,1058,1.0,7.35,normal,208.29
1716,1827.41,1837.79,721,1042,1.0,10.38,normal,12.06
1717,1827.67,1837.94,446,961,1.0,10.27,normal,21.48
1721,1828.97,1839.15,858,1082,0.0,10.18,normal,52.8
1706,1811.81,1840.47,939,971,1.0,28.66,abnormal,11.3
1715,1826.66,1841.11,357,759,0.0,14.45,normal,10.85
1722,1830.84,1841.5,49,732,1.0,10.66,normal,81.33
1723,1834.18,1842.58,338,901,1.0,8.4,normal,57.46
1725,1835.65,1846.17,930,1080,0.0,10.52,normal,0.49
1724,1834.96,1847.13,981,1054,1.0,12.17,normal,0.2
1705,1810.91,1848.43,275,1023,0.0,37.52,abnormal,42.42
1727,1837.94,1849.65,1023,1050,0.0,11.71,normal,21.46
1726,1837.79,1849.85,40,223,0.0,12.06,normal,14.53
1730,1841.11,1850.45,446,718,1.0,9.34,normal,50.79
1729,1840.47,1850.9,971,1054,1.0,10.43,normal,9.51
1728,1839.15,1850.9,341,779,0.0,11.75,normal,32.27
1691,1794.23,1854.23,352,1049,0.5,60.0,timelimit,33.81
1732,1842.58,1855.58,953,1089,1.0,13.0,normal,36.71
1733,1846.17,1857.11,275,699,0.0,10.94,normal,20.16
1734,1847.13,1858.09,779,970,1.0,10.96,normal,118.38
1731,1841.5,1858.9,115,248,0.0,17.4,normal,89.0
1735,1848.43,1858.93,953,1079,1.0,10.5,normal,8.8
1736,1849.65,1860.82,939,998,0.0,11.17,normal,6.91
1738,1850.45,1860.84,718,1038,1.0,10.39,normal,86.7
1737,1849.85,1861.04,605,858,1.0,11.19,normal,1.11
1740,1850.9,1862.75,605,637,0.0,11.85,normal,10.83
1741,1854.23,1864.31,117,779,1.0,10.08,normal,1.45
1749,1861.04,1864.74,960,1050,0.0,3.7,abnormal,20.88
1742,1855.58,1864.84,516,1081,0.0,9.26,normal,25.8
1739,1850.9,1865.09,930,939,0.0,14.19,normal,27.89
1743,1857.11,1868.25,940,1080,0.0,11.14,normal,41.46
1744,1858.09,1869.05,223,517,1.0,10.96,normal,10.45
1748,1860.84,1869.94,797,901,0.0,9.1,normal,38.38
1745,1858.9,1870.51,115,827,0.0,11.61,normal,155.59
1746,1858.93,1872.31,729,1026,1.0,13.38,normal,71.8
1750,1862.75,1873.41,357,966,0.0,10.66,normal,18.56
1707,1813.72,1873.72,1052,1085,0.5,60.0,timelimit,63.09
1747,1860.82,1874.72,971,1089,0.0,13.9,normal,7.19
1757,1869.94,1877.65,346,970,1.0,7.71,normal,28.72
1755,1868.25,1879.35,40,496,1.0,11.1,normal,17.92
1754,1865.09,1879.94,117,516,0.0,14.85,normal,1.51
1752,1864.74,1880.62,275,718,1.0,15.88,normal,41.97
1751,1864.31,1880.87,112,779,0.5,16.56,normal,23.28
1759,1872.31,1882.47,516,721,1.0,10.16,normal,22.48
1762,1874.72,1882.62,1007,1089,0.0,7.9,normal,22.35
1765,1879.94,1882.71,117,341,1.0,2.77,abnormal,13.17
1756,1869.05,1883.23,223,836,1.0,14.18,normal,194.96
1763,1877.65,1883.54,340,970,1.0,5.89,normal,1.2
1753,1864.84,1884.24,201,708,1.0,19.4,normal,11.68
1764,1879.35,1884.75,1054,1081,1.0,5.4,normal,21.13
1760,1873.41,1886.51,357,1078,1.0,13.1,normal,191.04
1758,1870.51,1886.57,720,729,1.0,16.06,abnormal,63.95
1761,1873.72,1888.68,730,977,1.0,14.96,normal,184.29
1767,1880.87,1891.18,168,1045,1.0,10.31,normal,35.67
1770,1882.71,1892.26,248,1008,1.0,9.55,normal,260.35
1773,1884.24,1892.73,708,977,1.0,8.49,normal,21.04
1772,1883.54,1895.11,117,1085,0.0,11.57,normal,2.84
1775,1886.51,1896.8,346,953,1.0,10.29,normal,32.65
1769,1882.62,1898.29,832,981,0.0,15.67,normal,18.06
1774,1884.75,1899.01,961,966,0.0,14.26,normal,38.73
1777,1888.68,1899.85,699,718,0.0,11.17,normal,10.78
1768,1882.47,1900.21,115,167,1.0,17.74,normal,55.82
1776,1886.57,1901.83,605,1065,0.0,15.26,abnormal,11.36
1778,1891.18,1902.21,340,1079,0.0,11.03,normal,19.13
1780,1892.73,1904.0,168,496,0.0,11.27,normal,20.57
1783,1898.29,1904.55,341,1023,0.0,6.26,abnormal,16.28
1771,1883.23,1906.57,112,1049,1.0,23.34,normal,122.42
1781,1895.11,1906.73,940,1038,1.0,11.62,normal,0.79
1766,1880.62,1907.62,1023,1054,0.0,27.0,abnormal,4.85
1779,1892.26,1907.82,827,1023,1.0,15.56,normal,30.02
1782,1896.8,1908.65,446,1058,1.0,11.85,normal,63.61
1785,1899.85,1908.89,961,1030,0.0,9.04,normal,80.12
1791,1906.57,1914.32,517,1049,1.0,7.75,normal,304.96
1786,1900.21,1914.44,115,966,0.0,14.23,normal,41.85
1789,1904.0,1914.72,729,836,0.0,10.72,normal,35.91
1793,1907.62,1915.39,262,357,0.0,7.77,normal,6.29
1792,1906.73,1916.39,720,779,1.0,9.66,normal,17.17
1787,1901.83,1917.36,201,516,1.0,15.53,normal,16.67
1795,1908.65,1918.22,201,1052,1.0,9.57,normal,93.28
1796,1908.89,1918.62,248,1060,1.0,9.73,normal,239.17
1794,1907.82,1918.81,827,1054,1.0,10.99,normal,16.12
1790,1904.55,1918.96,275,998,1.0,14.41,normal,8.11
1797,1914.32,1922.76,732,977,1.0,8.44,normal,92.9
1798,1914.44,1923.64,338,966,0.0,9.2,normal,19.73
1800,1915.39,1924.64,858,1065,1.0,9.25,normal,6.03
1799,1914.72,1925.32,526,1007,0.0,10.6,normal,10.48
1802,1917.36,1925.97,40,940,1.0,8.61,normal,183.2
1801,1916.39,1926.6,1044,1054,1.0,10.21,normal,37.69
1806,1918.96,1929.33,836,1052,0.0,10.37,normal,49.89
1805,1918.81,1930.61,167,262,0.0,11.8,normal,11.25
1810,1925.32,1931.32,1030,1045,1.0,6.0,normal,72.15
1807,1922.76,1931.66,732,1078,1.0,8.9,normal,205.67
1803,1918.22,1932.4,446,518,1.0,14.18,normal,71.43
1808,1923.64,1934.91,340,966,0.0,11.27,normal,75.77
1811,1925.97,1935.5,637,708,0.0,9.53,normal,66.87
1812,1926.6,1936.49,275,943,0.0,9.89,normal,5.37
1815,1931.32,1939.61,346,939,1.0,8.29,normal,38.24
1817,1932.4,1940.26,357,797,0.0,7.86,normal,23.43
1813,1929.33,1941.39,1065,1082,0.0,12.06,normal,24.3
1814,1930.61,1943.28,797,953,1.0,12.67,normal,4.62
1819,1935.5,1943.73,49,352,1.0,8.23,normal,318.75
1818,1934.91,1945.0,966,1030,0.0,10.09,normal,16.92
1820,1936.49,1945.51,720,1026,1.0,9.02,normal,156.42
1816,1931.66,1946.23,341,1080,0.0,14.57,normal,46.72
1821,1939.61,1948.08,876,939,0.0,8.47,normal,57.22
1822,1940.26,1949.66,516,1085,0.0,9.4,normal,0.71
1825,1943.73,1951.12,901,1045,1.0,7.39,normal,27.57
1823,1941.39,1952.87,1023,1080,0.0,11.48,normal,30.36
1827,1945.51,1956.56,168,759,1.0,11.05,normal,31.3
1824,1943.28,1957.05,809,1052,1.0,13.77,normal,12.97
1788,1902.21,1957.58,930,1023,1.0,55.37,abnormal,8.25
1830,1949.66,1957.85,352,729,0.0,8.19,abnormal,53.61
1828,1946.23,1958.16,809,1026,1.0,11.93,normal,71.86
1826,1945.0,1958.89,836,1078,1.0,13.89,normal,70.94
1784,1899.01,1959.01,939,1050,0.5,60.0,timelimit,9.52
1829,1948.08,1962.1,115,732,1.0,14.02,normal,59.33
1831,1951.12,1962.33,718,1045,0.0,11.21,normal,7.85
1832,1952.87,1965.33,40,730,0.0,12.46,normal,37.07
1834,1957.05,1965.99,708,876,0.0,8.94,normal,52.29
1835,1957.58,1967.78,930,971,0.0,10.2,normal,29.79
1836,1957.85,1969.91,446,1007,1.0,12.06,normal,77.58
1837,1958.16,1972.37,836,1038,1.0,14.21,normal,0.93
1843,1965.99,1972.9,943,1065,1.0,6.91,normal,28.27
1842,1965.33,1973.82,341,759,0.0,8.49,normal,123.72
1841,1962.33,1973.83,836,998,0.0,11.5,normal,68.26
1833,1956.56,1974.11,167,981,0.0,17.55,normal,55.41
1840,1962.1,1974.51,49,223,1.0,12.41,normal,23.64
1845,1969.91,1978.53,446,1045,1.0,8.62,normal,62.64
1804,1918.62,1978.62,1060,1082,0.5,60.0,timelimit,24.53
1844,1967.78,1978.82,930,1054,1.0,11.04,normal,12.6
1839,1959.01,1979.67,605,960,0.0,20.66,abnormal,1.81
1850,1974.11,1982.43,981,1030,0.0,8.32,normal,129.15
1848,1973.82,1983.51,876,1057,0.0,9.69,normal,16.56
1846,1972.37,1984.55,832,1008,0.0,12.18,normal,25.94
1809,1924.64,1984.64,809,1085,0.5,60.0,timelimit,77.85
1847,1972.9,1986.26,275,637,0.0,13.36,normal,21.84
1849,1973.83,1987.16,496,730,1.0,13.33,normal,39.73
1852,1978.53,1987.44,699,1065,1.0,8.91,normal,40.78
1853,1978.62,1987.73,526,1060,1.0,9.11,normal,19.2
1855,1979.67,1988.75,960,971,0.0,9.08,normal,11.57
1856,1982.43,1990.45,49,1042,1.0,8.02,normal,236.58
1857,1983.51,1992.83,981,1023,1.0,9.32,abnormal,63.33
1851,1974.51,1992.92,827,1008,0.0,18.41,normal,32.99
1861,1987.16,1993.81,338,998,1.0,6.65,normal,69.08
1858,1984.55,1993.93,340,1030,0.0,9.38,normal,118.03
1862,1987.44,1996.32,168,943,1.0,8.88,normal,76.15
1859,1984.64,1996.44,699,1050,1.0,11.8,normal,24.24
1863,1987.73,1996.73,797,1060,1.0,9.0,normal,64.26
1864,1988.75,1997.4,930,960,0.0,8.65,normal,39.43
1865,1990.45,1998.3,970,1058,0.0,7.85,normal,4.7
1860,1986.26,1998.41,223,275,1.0,12.15,normal,129.79
1866,1992.83,2001.42,832,953,0.0,8.59,normal,43.06
1869,1993.93,2002.86,49,1030,1.0,8.93,normal,12.62
1868,1993.81,2004.04,876,1080,0.0,10.23,normal,79.47
1871,1996.44,2004.96,708,1052,1.0,8.52,normal,79.75
1867,1992.92,2006.0,496,961,1.0,13.08,normal,107.38
1872,1996.73,2006.46,998,1060,0.0,9.73,normal,12.64
1875,1998.41,2006.71,346,1007,1.0,8.3,normal,17.88
1870,1996.32,2008.65,1038,1049,1.0,12.33,normal,125.5
1854,1978.82,2009.25,112,1026,1.0,30.43,normal,125.54
1873,1997.4,2012.2,960,1082,1.0,14.8,normal,26.94
1878,2004.04,2013.94,832,1079,1.0,9.9,normal,43.95
1883,2008.65,2015.04,346,699,1.0,6.39,normal,5.08
1876,2001.42,2015.1,832,998,0.0,13.68,normal,11.64
1874,1998.3,2015.22,720,1057,1.0,16.92,normal,19.12
1879,2004.96,2015.23,341,1044,0.0,10.27,normal,28.31
1881,2006.46,2016.58,943,1060,0.0,10.12,normal,26.73
1877,2002.86,2016.76,49,168,1.0,13.9,normal,60.93
1880,2006.0,2017.4,517,966,0.0,11.4,normal,6.61
1882,2006.71,2017.63,930,1050,1.0,10.92,normal,35.4
1838,1958.89,2018.89,836,858,0.5,60.0,timelimit,80.3
1887,2015.04,2021.2,953,970,0.0,6.16,abnormal,27.69
1889,2015.22,2021.28,1042,1049,1.0,6.06,normal,133.7
1885,2012.2,2021.48,112,526,0.0,9.28,normal,94.91
1884,2009.25,2022.14,340,496,0.0,12.89,normal,124.77
1892,2016.76,2023.71,168,1030,1.0,6.95,normal,39.5
1894,2017.63,2023.74,346,637,0.0,6.11,normal,24.25
1888,2015.1,2025.65,998,1042,1.0,10.55,normal,78.64
1886,2013.94,2027.17,809,1057,0.0,13.23,normal,58.59
1893,2017.4,2027.85,167,517,0.0,10.45,normal,45.67
1891,2016.58,2028.0,832,1060,0.0,11.42,normal,15.04
1890,2015.23,2028.87,779,1026,0.0,13.64,normal,140.07
1895,2018.89,2029.9,809,836,0.0,11.01,normal,37.9
1896,2021.2,2030.02,338,759,1.0,8.82,normal,17.72
1897,2021.28,2030.69,341,720,0.0,9.41,normal,59.34
1900,2023.71,2031.22,357,901,1.0,7.51,normal,26.88
1898,2021.48,2032.12,223,730,0.0,10.64,normal,36.34
1899,2022.14,2033.06,516,1038,0.0,10.92,normal,27.69
1901,2023.74,2034.07,1023,1044,1.0,10.33,normal,28.66
1902,2025.65,2034.36,117,1038,1.0,8.71,normal,21.7
1903,2027.17,2036.86,262,970,1.0,9.69,normal,37.03
1906,2028.87,2039.34,961,1026,0.0,10.47,normal,220.7
1907,2029.9,2039.54,526,960,0.0,9.64,normal,13.54
1909,2030.69,2039.95,720,1044,1.0,9.26,normal,22.98
1910,2031.22,2040.24,971,981,1.0,9.02,normal,2.37
1908,2030.02,2042.24,112,729,0.0,12.22,normal,36.63
1911,2032.12,2042.47,223,732,1.0,10.35,normal,59.72
1905,2028.0,2043.08,115,1045,0.0,15.08,normal,92.09
1904,2027.85,2043.53,167,797,0.0,15.68,normal,22.78
1912,2033.06,2043.76,809,940,0.0,10.7,normal,54.32
1913,2034.07,2044.07,729,940,1.0,10.0,normal,46.39
1914,2034.36,2044.69,357,939,1.0,10.33,normal,71.25
1916,2039.34,2049.07,117,1026,1.0,9.73,normal,131.98
1915,2036.86,2049.85,721,836,1.0,12.99,normal,19.91
1918,2039.95,2051.38,40,1085,1.0,11.43,normal,156.68
1919,2040.24,2052.45,201,981,1.0,12.21,normal,8.56
1926,2044.69,2052.5,943,1089,1.0,7.81,normal,0.67
1921,2042.47,2052.6,699,1058,1.0,10.13,normal,3.67
1925,2044.07,2052.89,876,940,0.0,8.82,normal,17.66
1920,2042.24,2053.44,759,970,1.0,11.2,normal,37.39
1922,2043.08,2055.49,496,1045,1.0,12.41,normal,101.56
1923,2043.53,2055.66,167,340,0.0,12.13,normal,16.8
1917,2039.54,2055.74,510,1008,1.0,16.2,normal,76.32
1924,2043.76,2056.42,516,779,1.0,12.66,normal,16.17
1927,2049.07,2056.47,759,1079,1.0,7.4,normal,33.32
1932,2052.6,2060.71,699,1007,0.0,8.11,normal,28.01
1935,2055.49,2060.91,357,1045,1.0,5.42,normal,24.75
1933,2052.89,2061.42,876,1049,1.0,8.53,normal,127.26
1930,2052.45,2061.45,341,966,0.0,9.0,normal,200.89
1931,2052.5,2061.89,115,1089,1.0,9.39,normal,118.17
1929,2051.38,2062.51,943,1044,1.0,11.13,normal,64.08
1928,2049.85,2063.15,352,732,0.0,13.3,normal,230.46
1939,2056.47,2063.34,262,338,0.0,6.87,normal,18.97
1943,2061.45,2064.9,510,966,0.0,3.45,abnormal,42.91
1946,2063.15,2065.03,352,1042,0.0,1.88,abnormal,99.64
1934,2053.44,2065.58,699,961,0.0,12.14,normal,24.26
1936,2055.66,2066.46,167,953,1.0,10.8,normal,10.74
1937,2055.74,2067.58,223,340,1.0,11.84,normal,101.06
1938,2056.42,2069.84,518,605,1.0,13.42,normal,23.45
1940,2060.71,2070.07,718,1007,0.0,9.36,normal,2.88
1944,2061.89,2070.85,729,1085,0.0,8.96,normal,51.55
1942,2061.42,2071.66,721,876,1.0,10.24,normal,15.23
1941,2060.91,2073.41,797,1045,1.0,12.5,normal,33.99
1947,2063.34,2073.52,518,1007,1.0,10.18,normal,1.41
1950,2065.58,2074.8,930,1081,0.0,9.22,normal,15.2
1954,2070.07,2076.75,730,1078,1.0,6.68,normal,323.31
1953,2069.84,2076.9,1049,1082,0.0,7.06,normal,201.61
1949,2065.03,2077.49,352,1058,0.0,12.46,normal,206.82
1951,2066.46,2077.67,167,901,0.0,11.21,normal,11.96
1956,2071.66,2079.13,338,858,1.0,7.47,normal,87.04
1945,2062.51,2080.19,939,1060,0.0,17.68,normal,25.56
1952,2067.58,2080.94,779,1044,0.0,13.36,normal,24.63
1957,2073.41,2081.75,970,1045,0.0,8.34,normal,18.88
1955,2070.85,2083.51,518,718,0.0,12.66,normal,11.23
1960,2076.75,2083.92,977,998,1.0,7.17,normal,47.25
1959,2074.8,2086.04,977,1008,0.0,11.24,normal,29.99
1958,2073.52,2086.46,40,510,1.0,12.94,normal,55.38
1963,2077.67,2087.4,167,1058,1.0,9.73,normal,0.95
1961,2076.9,2087.45,699,939,1.0,10.55,normal,37.49
1962,2077.49,2088.29,352,977,0.0,10.8,normal,148.12
1964,2079.13,2091.91,832,858,0.0,12.78,normal,22.44
1967,2081.75,2093.7,517,730,0.0,11.95,normal,71.78
1968,2083.51,2093.92,526,1050,1.0,10.41,normal,39.64
1971,2086.46,2094.48,40,49,0.0,8.02,normal,45.76
1965,2080.19,2095.39,346,1089,0.0,15.2,normal,45.48
1969,2083.92,2095.68,953,1065,1.0,11.76,normal,49.94
1972,2087.4,2096.16,1080,1085,1.0,8.76,normal,42.11
1966,2080.94,2096.79,201,518,1.0,15.85,normal,30.59
1970,2086.04,2097.01,827,1082,1.0,10.97,normal,19.79
1974,2088.29,2098.04,117,1054,0.0,9.75,normal,4.71
1973,2087.45,2098.14,1057,1078,1.0,10.69,normal,108.87
1978,2094.48,2101.34,446,1060,1.0,6.86,normal,97.73
1975,2091.91,2101.94,901,953,0.0,10.03,normal,2.06
1976,2093.7,2102.51,720,1038,1.0,8.81,normal,71.49
1979,2095.39,2102.58,943,1081,1.0,7.19,normal,36.91
1977,2093.92,2104.15,526,637,0.0,10.23,normal,5.22
1985,2098.14,2106.83,496,1042,1.0,8.69,normal,232.94
1980,2095.68,2107.92,930,1065,0.5,12.24,normal,11.06
1981,2096.16,2108.82,168,510,0.0,12.66,normal,49.36
1982,2096.79,2109.58,341,516,0.0,12.79,normal,37.99
1983,2097.01,2109.7,201,827,1.0,12.69,normal,3.5
1988,2102.51,2109.85,720,1054,0.0,7.34,normal,31.7
1984,2098.04,2110.54,112,117,1.0,12.5,normal,31.46
1986,2101.34,2110.94,960,1060,0.0,9.6,normal,15.33
1991,2106.83,2111.94,338,1030,0.0,5.11,normal,31.94
1987,2101.94,2112.02,40,961,1.0,10.08,normal,100.97
1992,2107.92,2115.88,977,1042,1.0,7.96,normal,42.85
1998,2110.94,2118.73,960,1065,1.0,7.79,normal,48.99
1989,2102.58,2119.56,115,262,1.0,16.98,normal,65.67
1995,2109.7,2120.36,510,970,1.0,10.66,normal,68.62
1999,2111.94,2121.55,759,809,1.0,9.61,normal,194.71
1990,2104.15,2121.57,637,1007,1.0,17.42,abnormal,24.47
1994,2109.58,2121.85,1038,1052,1.0,12.27,normal,38.95
1996,2109.85,2122.25,721,1080,0.0,12.4,normal,78.42
2000,2112.02,2123.15,40,517,1.0,11.13,normal,36.52
1948,2064.9,2124.9,721,1026,0.5,60.0,timelimit,114.34
1997,2110.54,2126.11,112,1078,1.0,15.57,normal,87.22
1993,2108.82,2127.64,940,1044,0.0,18.82,abnormal,8.22
2011,2126.11,2128.93,112,1057,1.0,2.82,abnormal,26.77
2001,2115.88,2129.33,940,1057,1.0,13.45,normal,17.59
2007,2121.85,2132.87,346,1050,1.0,11.02,normal,57.14
2004,2120.36,2133.44,720,1023,1.0,13.08,normal,47.9
2003,2119.56,2133.69,115,730,0.0,14.13,normal,44.48
2005,2121.55,2134.23,708,1044,0.0,12.68,normal,20.44
2008,2122.25,2134.49,510,1081,1.0,12.24,normal,95.53
2012,2127.64,2134.65,117,1078,1.0,7.01,normal,107.26
2009,2123.15,2136.21,518,637,0.5,13.06,normal,34.78
2014,2129.33,2137.61,40,338,1.0,8.28,normal,42.95
2006,2121.57,2137.65,49,248,0.0,16.08,normal,61.87
2013,2128.93,2137.67,262,517,0.0,8.74,normal,31.48
2017,2133.69,2137.91,943,960,1.0,4.22,abnormal,7.89
2010,2124.9,2138.06,516,1044,0.0,13.16,normal,6.5
2018,2134.23,2140.81,708,1008,0.0,6.58,normal,33.52
2015,2132.87,2141.71,718,1080,0.0,8.84,normal,2.33
2019,2134.49,2142.7,1008,1081,1.0,8.21,normal,18.23
2016,2133.44,2143.7,998,1082,1.0,10.26,normal,21.97
2021,2136.21,2146.53,275,977,1.0,10.32,normal,15.3
2025,2137.91,2148.78,605,901,1.0,10.87,normal,33.58
2026,2138.06,2149.07,49,1058,1.0,11.01,normal,161.88
2020,2134.65,2149.47,112,721,0.0,14.82,normal,13.01
2022,2137.61,2149.95,516,720,0.0,12.34,normal,43.17
2023,2137.65,2151.35,510,797,1.0,13.7,normal,6.04
2029,2142.7,2152.05,977,1081,0.0,9.35,normal,1.46
2027,2140.81,2152.8,708,981,0.0,11.99,normal,41.47
2030,2143.7,2153.08,526,943,1.0,9.38,normal,18.11
2028,2141.71,2153.53,718,797,1.0,11.82,normal,62.71
2033,2149.07,2155.15,338,357,1.0,6.08,normal,11.04
2024,2137.67,2155.61,115,517,1.0,17.94,normal,32.95
2032,2148.78,2156.73,262,1079,0.0,7.95,normal,32.99
2034,2151.35,2158.67,510,1030,0.0,7.32,normal,49.03
2031,2146.53,2160.5,637,1079,1.0,13.97,normal,36.38
2037,2155.61,2169.76,248,517,1.0,14.15,normal,166.03
2002,2118.73,2178.73,1049,1085,0.5,60.0,timelimit,186.59
2035,2152.8,2212.8,708,1082,0.5,60.0,timelimit,18.99
2036,2153.08,2213.08,526,1089,0.5,60.0,timelimit,24.62
2044,2213.08,2219.29,338,518,0.0,6.21,normal,77.18
2039,2213.08,2219.46,720,960,1.0,6.38,normal,12.3
2040,2213.08,2220.38,446,971,1.0,7.3,normal,103.78
2041,2213.08,2222.61,112,223,0.0,9.53,normal,199.17
2043,2213.08,2223.0,943,1023,0.0,9.92,abnormal,95.96
2038,2213.08,2223.31,876,977,1.0,10.23,normal,49.51
2045,2213.08,2223.91,1008,1079,0.0,10.83,normal,6.55
2046,2213.08,2224.02,168,496,0.0,10.94,normal,57.7
2049,2213.08,2224.5,49,966,1.0,11.42,normal,55.81
2051,2219.46,2226.12,960,1058,0.0,6.66,normal,1.3
2050,2219.29,2226.62,338,357,1.0,7.33,normal,16.79
2042,2213.08,2226.69,516,1065,0.0,13.61,normal,21.99
2054,2223.0,2227.84,352,1054,1.0,4.84,abnormal,173.23
2053,2222.61,2232.81,223,1078,1.0,10.2,normal,308.23
2052,2220.38,2232.93,605,1050,1.0,12.55,normal,25.57
2056,2223.91,2233.43,1023,1082,0.0,9.52,normal,18.31
2057,2224.02,2234.09,496,797,1.0,10.07,normal,106.35
2062,2227.84,2234.4,346,526,1.0,6.56,normal,10.04
2058,2224.5,2234.49,517,797,1.0,9.99,normal,21.28
2055,2223.31,2235.07,516,876,1.0,11.76,normal,26.28
2060,2226.62,2236.74,40,1045,0.0,10.12,normal,107.3
2048,2213.08,2237.27,340,1060,1.0,24.19,normal,1.58
2061,2226.69,2238.18,248,966,1.0,11.49,normal,137.51
2065,2233.43,2239.1,518,953,0.0,5.67,normal,14.14
2059,2226.12,2240.37,510,759,1.0,14.25,normal,11.65
2064,2232.93,2244.61,605,1044,0.0,11.68,normal,30.69
2063,2232.81,2245.11,49,223,1.0,12.3,normal,51.22
2066,2234.09,2245.21,901,943,1.0,11.12,normal,10.56
2067,2234.4,2245.35,971,1007,0.0,10.95,normal,0.65
2069,2235.07,2247.12,341,1044,0.0,12.05,normal,69.63
2070,2236.74,2247.74,759,953,1.0,11.0,normal,31.46
2068,2234.49,2247.97,112,1057,1.0,13.48,normal,13.31
2074,2240.37,2248.27,446,510,1.0,7.9,normal,34.39
2072,2238.18,2250.35,720,966,0.0,12.17,normal,100.44
2071,2237.27,2250.47,117,1065,1.0,13.2,normal,25.19
2073,2239.1,2251.58,1030,1078,1.0,12.48,normal,323.07
2077,2245.21,2252.15,970,1058,0.0,6.94,normal,22.46
2076,2245.11,2253.93,517,699,1.0,8.82,normal,60.13
2079,2247.12,2253.97,858,1007,1.0,6.85,normal,10.54
2078,2245.35,2254.41,518,971,1.0,9.06,normal,16.07
2081,2247.97,2257.1,1042,1052,0.0,9.13,normal,43.41
2088,2253.97,2258.99,275,1079,0.0,5.02,abnormal,30.27
2075,2244.61,2259.2,516,930,0.0,14.59,normal,18.25
2082,2248.27,2259.6,40,510,1.0,11.33,normal,48.49
2083,2250.35,2260.62,168,446,0.0,10.27,normal,38.19
2086,2252.15,2261.4,526,708,1.0,9.25,normal,76.0
2085,2251.58,2261.46,223,1030,1.0,9.88,normal,19.18
2080,2247.74,2262.48,167,732,0.0,14.74,normal,23.45
2090,2257.1,2263.98,858,970,1.0,6.88,normal,29.14
2084,2250.47,2264.5,729,809,0.0,14.03,normal,29.65
2092,2259.2,2266.0,940,1054,0.0,6.8,normal,24.48
2093,2259.6,2268.3,1045,1052,1.0,8.7,normal,167.99
2089,2254.41,2269.43,720,998,0.0,15.02,normal,5.21
2096,2261.46,2269.59,1030,1054,1.0,8.13,normal,175.34
2087,2253.93,2270.21,1044,1057,0.0,16.28,normal,54.75
2094,2260.62,2272.36,446,797,1.0,11.74,normal,93.61
2097,2262.48,2272.36,517,732,1.0,9.88,normal,32.65
2099,2264.5,2272.71,970,1089,1.0,8.21,normal,26.07
2047,2213.08,2273.08,779,1042,0.5,60.0,timelimit,4.1
2100,2266.0,2273.31,1042,1065,1.0,7.31,normal,57.18
2098,2263.98,2273.56,40,168,1.0,9.58,normal,51.89
2101,2268.3,2274.85,341,1049,1.0,6.55,normal,121.44
2095,2261.4,2275.13,708,930,0.0,13.73,normal,25.75
2105,2272.36,2277.47,338,1030,0.0,5.11,normal,52.88
2102,2269.43,2277.7,49,112,1.0,8.27,normal,258.94
2107,2272.71,2280.46,699,971,1.0,7.75,normal,26.39
2104,2270.21,2282.08,248,346,1.0,11.87,normal,212.82
2108,2273.08,2283.63,275,970,0.0,10.55,normal,3.98
2103,2269.59,2284.38,496,1050,0.0,14.79,abnormal,209.33
2109,2273.31,2284.48,340,1058,0.0,11.17,normal,0.3
2106,2272.36,2285.47,352,732,0.0,13.11,normal,239.94
2114,2277.7,2285.54,40,49,0.0,7.84,normal,50.86
2110,2273.56,2285.58,729,836,0.0,12.02,normal,39.94
2115,2280.46,2286.98,275,1081,0.0,6.52,normal,9.25
2112,2275.13,2287.65,930,1057,1.0,12.52,normal,31.88
2117,2283.63,2288.17,708,1042,1.0,4.54,abnormal,19.6
2113,2277.47,2288.36,115,1030,1.0,10.89,normal,18.69
2111,2274.85,2289.19,1049,1078,0.5,14.34,normal,51.96
2116,2282.08,2289.45,262,346,1.0,7.37,normal,6.55
2121,2285.54,2292.79,40,338,0.0,7.25,normal,54.64
2120,2285.47,2293.9,732,1045,0.0,8.43,normal,7.54
2118,2284.38,2295.33,496,517,1.0,10.95,normal,57.13
2123,2286.98,2295.42,699,1081,1.0,8.44,normal,44.9
2119,2284.48,2295.8,721,836,1.0,11.32,normal,4.16
2127,2289.19,2297.84,49,1030,1.0,8.65,normal,61.14
2126,2288.36,2298.19,115,516,1.0,9.83,normal,208.74
2122,2285.58,2298.59,729,977,1.0,13.01,normal,61.53
2125,2288.17,2298.7,516,729,1.0,10.53,normal,49.06
2132,2295.42,2299.8,346,759,1.0,4.38,normal,35.81
2130,2293.9,2301.47,961,1044,1.0,7.57,normal,38.89
2124,2287.65,2302.27,699,779,1.0,14.62,normal,120.43
2133,2295.8,2303.19,1058,1079,1.0,7.39,normal,3.27
2128,2289.45,2304.24,832,998,0.0,14.79,normal,38.61
2131,2295.33,2306.52,352,827,0.0,11.19,normal,187.56
2129,2292.79,2307.02,729,1038,0.0,14.23,normal,39.04
2139,2301.47,2307.57,858,960,1.0,6.1,normal,23.76
2136,2298.59,2309.17,1050,1054,1.0,10.58,normal,6.63
2137,2298.7,2310.34,168,730,1.0,11.64,normal,103.01
2134,2297.84,2311.18,605,720,1.0,13.34,normal,5.05
2140,2302.27,2313.34,275,1026,1.0,11.07,normal,153.61
2138,2299.8,2313.88,637,759,0.0,14.08,normal,5.88
2141,2303.19,2314.38,496,510,1.0,11.19,normal,88.59
2146,2309.17,2315.06,1081,1085,1.0,5.89,abnormal,23.63
2149,2313.34,2317.28,1026,1054,0.0,3.94,abnormal,149.11
2135,2298.19,2318.34,115,223,0.0,20.15,normal,6.94
2091,2258.99,2318.99,718,1060,0.5,60.0,timelimit,12.09
2148,2311.18,2319.23,832,1080,0.0,8.05,normal,63.48
2142,2304.24,2319.41,167,797,0.0,15.17,normal,16.83
2143,2306.52,2320.11,526,827,0.0,13.59,normal,25.21
2145,2307.57,2321.1,930,940,0.0,13.53,normal,47.54
2147,2310.34,2321.3,168,966,1.0,10.96,normal,27.8
2144,2307.02,2323.22,352,779,1.0,16.2,normal,95.5
2151,2314.38,2324.58,1023,1057,1.0,10.2,normal,4.49
2150,2313.88,2324.7,858,901,1.0,10.82,normal,12.33
2153,2317.28,2324.77,940,1042,1.0,7.49,normal,27.44
2157,2319.41,2326.94,1007,1060,0.0,7.53,normal,0.32
2155,2318.99,2327.12,262,718,0.0,8.13,normal,22.95
2152,2315.06,2328.33,721,940,1.0,13.27,normal,9.66
2156,2319.23,2328.48,40,518,1.0,9.25,normal,103.93
2154,2318.34,2330.27,115,357,1.0,11.93,normal,76.96
2160,2321.3,2331.58,168,510,1.0,10.28,normal,28.52
2163,2324.7,2333.07,729,858,0.0,8.37,normal,161.1
2165,2326.94,2334.39,1060,1079,1.0,7.45,normal,2.73
2162,2324.58,2334.98,526,1080,0.0,10.4,normal,14.25
2166,2327.12,2335.79,699,943,0.0,8.67,normal,27.46
2159,2321.1,2336.07,112,779,1.0,14.97,normal,29.22
2164,2324.77,2336.32,720,901,0.0,11.55,normal,20.93
2161,2323.22,2337.23,779,1052,1.0,14.01,normal,19.28
2167,2328.33,2338.01,971,998,0.0,9.68,normal,29.42
2168,2328.48,2338.4,732,960,1.0,9.92,normal,56.85
2171,2333.07,2341.9,117,1038,0.0,8.83,normal,23.25
2169,2330.27,2344.05,115,966,1.0,13.78,normal,32.57
2174,2335.79,2344.97,49,446,0.0,9.18,normal,64.67
2170,2331.58,2345.77,1007,1079,0.0,14.19,normal,19.04
2176,2336.32,2346.13,201,1023,1.0,9.81,normal,72.23
2179,2338.4,2346.81,971,981,1.0,8.41,normal,21.12
2158,2320.11,2346.97,827,1089,0.0,26.86,abnormal,13.97
2177,2337.23,2347.7,718,1052,0.0,10.47,normal,165.37
2178,2338.01,2347.94,1044,1085,1.0,9.93,normal,24.59
2173,2334.98,2348.72,721,1050,0.0,13.74,normal,31.61
2172,2334.39,2349.51,248,517,0.0,15.12,normal,168.97
2175,2336.07,2350.64,836,1038,0.0,14.57,normal,0.15
2181,2344.05,2352.78,966,1042,1.0,8.73,normal,204.77
2180,2341.9,2353.2,117,930,1.0,11.3,normal,27.14
2183,2345.77,2353.99,960,961,0.0,8.22,normal,37.16
2189,2348.72,2354.05,346,637,1.0,5.33,normal,4.42
2185,2346.81,2355.57,832,1054,0.0,8.76,normal,7.11
2184,2346.13,2356.53,275,1065,1.0,10.4,normal,22.39
2191,2350.64,2357.81,637,1080,0.0,7.17,normal,7.42
2188,2347.94,2357.99,939,1081,0.0,10.05,normal,15.19
2187,2347.7,2361.12,1049,1052,1.0,13.42,normal,107.15
2192,2352.78,2362.28,262,517,1.0,9.5,normal,69.66
2182,2344.97,2362.54,809,1038,0.0,17.57,normal,59.93
2186,2346.97,2362.71,827,858,1.0,15.74,normal,40.39
2193,2353.2,2362.86,117,977,1.0,9.66,normal,17.4
2197,2356.53,2364.77,357,797,1.0,8.24,normal,5.19
2195,2354.05,2366.07,730,960,1.0,12.02,normal,194.33
2199,2357.99,2367.29,167,953,1.0,9.3,normal,24.41
2194,2353.99,2367.36,1008,1089,0.0,13.37,normal,5.84
2190,2349.51,2367.72,352,1078,1.0,18.21,normal,2.19
2196,2355.57,2368.08,1026,1030,0.0,12.51,normal,330.19
2198,2357.81,2368.36,943,970,0.0,10.55,normal,25.13
2201,2362.28,2370.53,340,901,1.0,8.25,normal,1.68
2204,2362.86,2371.14,117,940,1.0,8.28,normal,19.43
2200,2361.12,2372.1,275,1054,0.0,10.98,normal,8.74
2205,2364.77,2372.56,341,721,1.0,7.79,normal,42.12
2209,2367.72,2372.64,341,836,1.0,4.92,abnormal,20.23
2203,2362.71,2372.74,858,971,0.0,10.03,normal,46.29
2202,2362.54,2373.58,940,1085,0.0,11.04,normal,2.59
2207,2367.29,2374.39,346,1045,0.0,7.1,normal,5.73
2211,2368.36,2379.25,1050,1082,0.0,10.89,normal,17.6
2210,2368.08,2379.45,797,943,1.0,11.37,normal,18.21
2206,2366.07,2379.72,836,876,1.0,13.65,normal,15.52
2208,2367.36,2380.63,930,939,1.0,13.27,normal,1.18
2216,2372.64,2380.74,809,1052,1.0,8.1,abnormal,4.44
2213,2371.14,2382.55,720,961,1.0,11.41,normal,47.42
2212,2370.53,2382.75,340,827,1.0,12.22,normal,13.05
2218,2373.58,2383.61,605,998,1.0,10.03,normal,22.4
2214,2372.1,2385.03,496,732,1.0,12.93,normal,115.24
2220,2379.25,2385.45,341,1042,0.0,6.2,abnormal,24.01
2219,2374.39,2387.18,223,510,1.0,12.79,normal,82.08
2217,2372.74,2389.21,112,1038,0.0,16.47,normal,12.79
2223,2380.63,2389.84,930,1058,0.0,9.21,normal,70.49
2224,2380.74,2390.3,953,1079,1.0,9.56,normal,10.25
2215,2372.56,2390.77,115,248,0.0,18.21,normal,102.57
2231,2389.21,2391.01,352,1026,0.0,1.8,abnormal,21.84
2221,2379.45,2391.5,981,1089,1.0,12.05,normal,21.22
2229,2385.45,2393.45,49,971,1.0,8.0,normal,203.35
2226,2382.75,2393.81,827,1007,1.0,11.06,normal,9.56
2227,2383.61,2394.15,1081,1082,0.0,10.54,normal,11.64
2225,2382.55,2395.22,1038,1049,1.0,12.67,normal,171.46
2222,2379.72,2395.94,939,1065,0.0,16.22,normal,17.56
2230,2387.18,2399.5,340,720,1.0,12.32,normal,40.94
2228,2385.03,2400.73,201,526,1.0,15.7,normal,12.68
2241,2395.94,2402.83,836,971,0.0,6.89,normal,72.94
2233,2390.3,2402.86,708,832,1.0,12.56,normal,9.66
2236,2391.5,2403.82,729,1057,1.0,12.32,normal,52.29
2238,2393.81,2404.89,275,981,1.0,11.08,normal,28.29
2239,2394.15,2404.91,858,1081,0.0,10.76,normal,42.25
2232,2389.84,2405.28,1050,1085,1.0,15.44,normal,34.89
2235,2391.01,2405.47,732,1080,1.0,14.46,normal,1.3
2234,2390.77,2405.56,1023,1085,0.0,14.79,normal,6.24
2237,2393.45,2405.71,518,1045,1.0,12.26,normal,45.93
2240,2395.22,2405.93,836,1049,1.0,10.71,normal,144.49
2242,2399.5,2408.87,1054,1078,1.0,9.37,normal,168.82
2243,2400.73,2409.31,729,901,0.0,8.58,normal,137.35
2249,2405.28,2411.06,1054,1082,1.0,5.78,normal,7.86
2248,2404.91,2411.41,858,1058,1.0,6.5,normal,30.54
2251,2405.56,2412.95,832,1081,1.0,7.39,normal,51.14
2246,2403.82,2413.45,960,1008,0.0,9.63,normal,17.29
2247,2404.89,2414.12,961,1008,1.0,9.23,normal,29.02
2253,2405.93,2414.24,699,1049,1.0,8.31,normal,260.69
2245,2402.86,2414.32,262,943,1.0,11.46,normal,40.72
2244,2402.83,2414.8,201,721,1.0,11.97,normal,98.24
2254,2408.87,2416.66,112,341,1.0,7.79,normal,21.81
2252,2405.71,2418.89,446,496,0.0,13.18,normal,21.84
2255,2409.31,2418.9,516,721,1.0,9.59,normal,1.36
2250,2405.47,2419.27,201,718,1.0,13.8,normal,12.84
2262,2414.32,2420.24,637,953,1.0,5.92,normal,6.53
2260,2414.12,2422.43,970,981,1.0,8.31,normal,12.8
2258,2412.95,2422.56,708,729,1.0,9.61,abnormal,70.52
2256,2411.06,2424.48,248,759,1.0,13.42,normal,187.48
2257,2411.41,2425.21,167,759,0.0,13.8,normal,46.21
2261,2414.24,2426.12,1049,1085,0.0,11.88,normal,178.38
2259,2413.45,2427.07,516,1050,1.0,13.62,normal,52.55
2267,2419.27,2428.32,718,1080,1.0,9.05,normal,29.63
2263,2414.8,2429.5,961,1060,1.0,14.7,normal,1.71
2266,2418.9,2429.86,341,779,1.0,10.96,normal,8.83
2265,2418.89,2430.1,168,720,1.0,11.21,normal,121.85
2264,2416.66,2430.11,779,1057,0.0,13.45,normal,23.27
2269,2422.43,2430.96,960,1045,1.0,8.53,normal,89.86
2268,2420.24,2431.55,809,940,0.0,11.31,normal,46.03
2274,2427.07,2433.28,970,1008,0.0,6.21,abnormal,20.61
2270,2422.56,2433.35,117,1085,1.0,10.79,normal,20.87
2271,2424.48,2434.63,248,1089,1.0,10.15,normal,256.81
2275,2428.32,2434.91,357,637,0.0,6.59,normal,19.9
2283,2433.35,2436.75,117,338,0.0,3.4,abnormal,118.54
2276,2429.5,2437.25,49,1026,1.0,7.75,normal,392.44
2280,2430.96,2438.75,699,1045,1.0,7.79,normal,12.28
2277,2429.86,2438.84,876,1052,1.0,8.98,normal,38.89
2273,2426.12,2438.84,605,1008,1.0,12.72,normal,17.8
2272,2425.21,2438.99,352,1030,0.0,13.78,normal,321.02
2279,2430.11,2440.36,901,971,0.0,10.25,normal,15.96
2282,2433.28,2441.43,262,797,1.0,8.15,normal,6.23
2281,2431.55,2441.9,637,732,0.0,10.35,normal,17.77
2285,2434.91,2443.9,998,1089,1.0,8.99,normal,13.15
2278,2430.1,2444.95,340,518,0.0,14.85,normal,10.63
2286,2436.75,2446.02,518,526,1.0,9.27,normal,25.11
2291,2438.99,2447.28,953,1080,1.0,8.29,normal,1.62
2287,2437.25,2448.53,940,1082,0.0,11.28,normal,48.08
2284,2434.63,2449.55,248,797,1.0,14.92,normal,217.72
2288,2438.75,2449.85,953,961,0.0,11.1,normal,5.44
2290,2438.84,2449.87,201,943,0.0,11.03,normal,46.97
2293,2441.43,2450.35,40,262,1.0,8.92,normal,74.14
2292,2440.36,2450.5,605,1058,1.0,10.14,normal,20.62
2289,2438.84,2450.66,876,1065,1.0,11.82,normal,46.91
2295,2443.9,2450.96,338,510,1.0,7.06,normal,41.72
2296,2444.95,2452.34,340,718,0.0,7.39,normal,11.13
2298,2447.28,2455.05,1078,1082,0.0,7.77,normal,173.0
2297,2446.02,2455.54,168,943,1.0,9.52,normal,113.34
2294,2441.9,2456.51,699,732,0.0,14.61,abnormal,23.42
2305,2450.66,2456.72,876,960,0.0,6.06,normal,63.35
2299,2448.53,2461.4,516,1049,1.0,12.87,normal,188.18
2304,2450.5,2461.79,167,518,1.0,11.29,normal,27.51
2302,2449.87,2462.66,981,1007,0.0,12.79,normal,2.44
2307,2452.34,2462.8,718,1079,1.0,10.46,normal,15.24
2306,2450.96,2463.4,510,730,0.0,12.44,normal,126.76
2311,2456.72,2463.62,117,836,0.0,6.9,normal,50.48
2303,2450.35,2463.8,759,797,0.0,13.45,normal,37.47
2300,2449.55,2464.55,49,248,0.0,15.0,normal,62.38
2301,2449.85,2465.36,809,1080,0.0,15.51,normal,152.62
2309,2455.54,2466.54,168,346,0.0,11.0,normal,72.97
2308,2455.05,2467.09,262,953,0.5,12.04,normal,23.89
2310,2456.51,2467.21,721,1058,0.0,10.7,normal,109.58
2321,2466.54,2472.19,338,346,1.0,5.65,normal,51.76
2314,2462.66,2472.67,809,876,1.0,10.01,normal,35.23
2312,2461.4,2472.77,977,1050,0.0,11.37,normal,51.53
2315,2462.8,2472.93,637,943,1.0,10.13,normal,39.55
2318,2463.8,2473.97,1044,1082,0.0,10.17,normal,13.8
2313,2461.79,2473.98,167,526,1.0,12.19,normal,28.94
2322,2467.09,2474.04,953,1060,0.0,6.95,normal,12.71
2316,2463.4,2474.2,970,1052,1.0,10.8,normal,152.63
2319,2464.55,2476.41,496,637,1.0,11.86,normal,142.75
2323,2467.21,2476.96,248,1080,1.0,9.75,normal,245.55
2317,2463.62,2479.37,357,759,0.0,15.75,normal,21.07
2320,2465.36,2479.99,516,1042,1.0,14.63,normal,53.66
2327,2472.93,2480.76,901,1089,1.0,7.83,normal,13.0
2326,2472.77,2481.47,708,1050,1.0,8.7,abnormal,31.41
2324,2472.19,2481.56,809,1085,0.0,9.37,normal,75.83
2332,2476.41,2482.06,341,876,1.0,5.65,normal,11.39
2325,2472.67,2482.2,961,1079,1.0,9.53,normal,38.79
2329,2473.98,2482.41,262,526,1.0,8.43,normal,64.9
2328,2473.97,2485.27,518,1058,0.0,11.3,normal,0.6
2333,2476.96,2486.04,338,797,1.0,9.08,normal,68.08
2334,2479.37,2487.13,168,357,0.0,7.76,normal,63.34
2331,2474.2,2487.45,201,1080,1.0,13.25,normal,7.1
2330,2474.04,2488.05,115,730,0.0,14.01,normal,38.27
2336,2480.76,2490.82,1060,1089,1.0,10.06,normal,40.43
2338,2481.56,2491.5,223,446,0.0,9.94,normal,4.18
2335,2479.99,2492.06,836,1023,0.0,12.07,normal,3.13
2337,2481.47,2492.67,832,1085,0.0,11.2,normal,7.04
2344,2487.13,2493.18,357,732,0.0,6.05,normal,19.85
2340,2482.2,2494.53,720,981,0.0,12.33,normal,2.86
2345,2487.45,2495.42,966,1030,1.0,7.97,normal,33.75
2341,2482.41,2497.81,275,827,1.0,15.4,normal,30.84
2339,2482.06,2499.16,1052,1078,0.5,17.1,normal,44.1
2346,2488.05,2500.96,517,730,0.0,12.91,normal,92.45
2347,2490.82,2502.39,721,1082,0.0,11.57,normal,84.07
2349,2492.06,2503.13,40,223,0.0,11.07,normal,1.79
2343,2486.04,2504.99,275,901,0.0,18.95,normal,33.91
2352,2494.53,2505.21,518,998,0.0,10.68,normal,5.01
2350,2492.67,2506.24,605,939,1.0,13.57,normal,81.39
2353,2495.42,2507.28,496,953,1.0,11.86,normal,165.98
2356,2500.96,2509.18,357,517,0.0,8.22,normal,44.44
2354,2497.81,2509.38,827,981,1.0,11.57,normal,18.72
2355,2499.16,2509.87,832,1052,1.0,10.71,normal,96.26
2351,2493.18,2511.32,1050,1057,0.0,18.14,normal,53.25
2359,2504.99,2513.48,526,901,0.0,8.49,normal,39.6
2358,2503.13,2514.18,167,809,1.0,11.05,normal,163.33
2360,2505.21,2516.5,117,340,0.0,11.29,normal,62.78
2362,2507.28,2516.75,930,1054,0.0,9.47,normal,28.97
2361,2506.24,2517.32,605,970,1.0,11.08,normal,23.39
2363,2509.18,2518.75,357,730,1.0,9.57,normal,155.71
2365,2509.87,2520.13,1060,1085,1.0,10.26,normal,76.6
2357,2502.39,2520.14,699,1079,0.0,17.75,normal,36.84
2366,2511.32,2521.15,496,708,1.0,9.83,normal,230.79
2367,2513.48,2521.66,901,998,1.0,8.18,normal,1.45
2364,2509.38,2522.56,341,1038,0.0,13.18,normal,46.18
2373,2520.13,2523.79,516,940,0.0,3.66,abnormal,37.91
2369,2516.5,2526.41,117,939,1.0,9.91,normal,15.31
2371,2517.32,2527.48,248,446,1.0,10.16,normal,122.52
2374,2520.14,2528.11,223,338,1.0,7.97,normal,32.19
2375,2521.15,2528.12,1007,1058,0.0,6.97,normal,48.53
2368,2514.18,2528.58,759,981,1.0,14.4,normal,95.15
2379,2526.41,2529.52,809,1078,1.0,3.11,abnormal,61.43
2376,2521.66,2530.05,346,730,0.0,8.39,normal,136.4
2378,2523.79,2530.17,1044,1081,1.0,6.38,normal,13.38
2372,2518.75,2530.65,876,1089,0.0,11.9,normal,89.07
2370,2516.75,2532.13,112,939,1.0,15.38,normal,0.1
2377,2522.56,2534.64,201,858,1.0,12.08,normal,19.01
2386,2530.17,2534.73,341,1023,1.0,4.56,abnormal,28.88
2382,2528.12,2537.64,998,1007,0.0,9.52,normal,35.07
2384,2529.52,2539.26,1045,1079,1.0,9.74,abnormal,31.17
2380,2527.48,2539.71,40,966,0.0,12.23,normal,18.71
2381,2528.11,2540.48,708,721,1.0,12.37,normal,50.97
2383,2528.58,2541.3,357,1008,1.0,12.72,normal,58.03
2389,2534.64,2542.72,115,637,1.0,8.08,normal,93.18
2391,2537.64,2544.65,338,446,1.0,7.01,normal,38.22
2342,2485.27,2545.27,718,1065,0.5,60.0,timelimit,93.75
2387,2530.65,2545.35,779,1038,0.0,14.7,normal,92.56
2394,2540.48,2545.94,832,977,0.0,5.46,normal,27.57
2390,2534.73,2547.56,605,1078,1.0,12.83,normal,242.56
2392,2539.26,2549.58,340,730,0.0,10.32,normal,158.97
2348,2491.5,2551.5,939,1044,0.5,60.0,timelimit,24.83
2393,2539.71,2551.51,223,966,0.0,11.8,normal,35.24
2388,2532.13,2553.99,112,1049,1.0,21.86,normal,186.65
2401,2547.56,2554.17,446,517,0.0,6.61,normal,43.47
2398,2545.27,2555.67,729,1065,0.0,10.4,normal,73.78
2395,2541.3,2556.69,1038,1057,1.0,15.39,normal,37.71
2396,2542.72,2557.09,940,1057,1.0,14.37,normal,1.04
2400,2545.94,2558.47,832,930,1.0,12.53,normal,17.02
2399,2545.35,2559.12,699,718,0.0,13.77,normal,7.54
2404,2551.51,2559.58,346,966,0.0,8.07,normal,89.88
2397,2544.65,2559.79,526,961,0.0,15.14,normal,75.81
2406,2554.17,2564.36,977,1044,0.0,10.19,normal,47.6
2407,2555.67,2565.08,832,1065,1.0,9.41,normal,11.61
2402,2549.58,2567.07,779,977,1.0,17.49,normal,56.98
2409,2557.09,2567.33,275,939,1.0,10.24,normal,58.1
2403,2551.5,2568.82,1026,1078,0.0,17.32,normal,16.41
2411,2559.12,2569.41,167,1045,0.0,10.29,normal,8.38
2408,2556.69,2570.75,939,981,1.0,14.06,normal,46.79
2412,2559.58,2571.71,1030,1082,1.0,12.13,normal,126.35
2413,2559.79,2572.03,718,961,1.0,12.24,normal,15.92
2405,2553.99,2573.86,112,1023,0.0,19.87,abnormal,19.89
2414,2564.36,2575.88,827,998,0.0,11.52,normal,3.34
2410,2558.47,2576.14,352,1049,1.0,17.67,normal,58.81
2415,2565.08,2576.34,708,1065,1.0,11.26,normal,23.49
2419,2569.41,2576.43,977,1081,0.0,7.02,normal,61.67
2416,2567.07,2577.65,730,759,1.0,10.58,normal,115.34
2417,2567.33,2579.72,977,1038,0.0,12.39,normal,70.47
2423,2573.86,2581.9,721,1042,0.0,8.04,abnormal,6.04
2427,2576.43,2582.84,960,981,1.0,6.41,normal,21.73
2418,2568.82,2583.46,939,1023,0.0,14.64,normal,12.99
2424,2575.88,2583.5,827,970,1.0,7.62,normal,1.52
2422,2572.03,2583.56,340,961,1.0,11.53,normal,24.31
2421,2571.71,2585.95,998,1044,0.0,14.24,normal,30.67
2434,2583.56,2587.36,49,115,0.0,3.8,abnormal,56.7
2430,2581.9,2587.59,943,1007,1.0,5.69,normal,1.95
2426,2576.34,2587.64,708,1023,1.0,11.3,normal,34.69
2428,2577.65,2588.6,40,730,0.0,10.95,normal,73.52
2385,2530.05,2590.05,809,1057,0.5,60.0,timelimit,61.0
2437,2587.59,2590.77,201,1089,0.0,3.18,abnormal,66.11
2425,2576.14,2591.76,112,1082,0.5,15.62,normal,57.51
2433,2583.5,2592.15,779,876,0.0,8.65,normal,3.36
2429,2579.72,2592.25,167,262,0.0,12.53,normal,31.12
2431,2582.84,2592.98,836,977,1.0,10.14,normal,20.24
2432,2583.46,2593.49,1045,1080,0.0,10.03,normal,35.33
2435,2585.95,2596.29,1007,1008,1.0,10.34,abnormal,10.67
2436,2587.36,2597.5,930,1008,1.0,10.14,normal,38.12
2438,2587.64,2598.98,605,1081,1.0,11.34,normal,61.69
2442,2592.25,2599.89,262,637,1.0,7.64,normal,30.53
2440,2590.05,2601.42,201,1008,1.0,11.37,normal,65.64
2439,2588.6,2601.84,115,510,1.0,13.24,normal,106.98
2441,2592.25,2603.08,167,1042,1.0,10.83,normal,118.61
2443,2601.84,2614.96,510,517,1.0,13.12,normal,67.51
2420,2570.75,2630.75,201,1060,0.5,60.0,timelimit,11.26
2444,2630.75,2642.83,720,1060,0.0,12.08,normal,69.34
2452,2642.83,2650.06,115,940,0.0,7.23,abnormal,215.84
2448,2642.83,2650.27,998,1089,0.0,7.44,normal,18.14
2446,2642.83,2650.51,446,517,1.0,7.68,normal,35.01
2451,2642.83,2651.03,340,981,0.0,8.2,normal,79.37
2456,2642.83,2651.19,970,1044,1.0,8.36,normal,1.04
2450,2642.83,2651.33,901,998,0.5,8.5,normal,24.38
2454,2642.83,2651.98,518,1007,1.0,9.15,normal,23.18
2449,2642.83,2652.71,1060,1078,1.0,9.88,normal,244.68
2445,2642.83,2652.88,526,832,1.0,10.05,normal,13.73
2453,2642.83,2652.97,248,1008,1.0,10.14,normal,320.17
2447,2642.83,2654.23,275,832,0.0,11.4,normal,33.33
2459,2650.51,2657.07,1054,1082,0.0,6.56,abnormal,1.67
2460,2651.03,2659.77,981,1050,0.0,8.74,normal,3.41
2457,2650.06,2660.6,1065,1085,0.0,10.54,normal,15.92
2464,2652.71,2660.83,637,1060,1.0,8.12,normal,19.9
2458,2650.27,2660.93,718,1058,0.0,10.66,normal,0.09
2467,2654.23,2661.3,858,970,0.0,7.07,normal,16.13
2465,2652.88,2662.02,876,1052,1.0,9.14,normal,52.44
2466,2652.97,2662.38,797,953,1.0,9.41,normal,19.43
2455,2642.83,2662.5,1008,1057,1.0,19.67,normal,46.15
2462,2651.33,2663.61,729,977,0.0,12.28,normal,28.07
2461,2651.19,2664.88,1054,1089,1.0,13.69,normal,3.54
2463,2651.98,2665.71,930,940,1.0,13.73,normal,2.56
2468,2657.07,2666.07,901,1058,0.0,9.0,normal,13.38
2469,2659.77,2667.19,338,732,1.0,7.42,normal,39.48
2474,2662.02,2671.48,248,876,1.0,9.46,normal,386.18
2471,2660.83,2671.84,262,275,1.0,11.01,normal,95.24
2470,2660.6,2671.98,836,1078,1.0,11.38,normal,128.65
2472,2660.93,2672.4,115,1030,1.0,11.47,normal,8.7
2475,2662.38,2672.5,510,1060,0.0,10.12,normal,7.09
2476,2662.5,2672.6,117,526,0.0,10.1,normal,15.68
2473,2661.3,2673.01,112,977,0.0,11.71,normal,50.84
2477,2663.61,2674.26,759,827,1.0,10.65,normal,61.67
2479,2665.71,2675.4,720,966,0.0,9.69,normal,173.33
2485,2672.4,2677.27,960,1050,1.0,4.87,normal,15.6
2478,2664.88,2677.57,516,836,1.0,12.69,normal,26.13
2487,2672.6,2677.79,40,1030,0.0,5.19,normal,9.66
2483,2671.84,2678.2,201,262,0.5,6.36,normal,32.93
2481,2667.19,2679.04,496,732,1.0,11.85,normal,122.77
2482,2671.48,2680.95,352,876,0.0,9.47,normal,76.47
2480,2666.07,2681.79,167,901,0.0,15.72,normal,1.56
2488,2673.01,2683.38,112,809,0.0,10.37,normal,61.56
2484,2671.98,2683.51,832,1085,0.0,11.53,normal,1.9
2489,2674.26,2683.57,827,1089,0.0,9.31,normal,9.06
2486,2672.5,2685.11,340,1080,1.0,12.61,normal,3.21
2494,2678.2,2685.79,779,970,1.0,7.59,normal,136.55
2493,2677.79,2686.89,809,1052,0.0,9.1,normal,39.65
2492,2677.57,2688.65,971,1007,0.0,11.08,normal,18.98
2496,2680.95,2691.24,876,1057,1.0,10.29,normal,5.97
2495,2679.04,2691.54,496,699,1.0,12.5,normal,183.52
2491,2677.27,2694.37,275,516,0.0,17.1,normal,20.31
2502,2685.79,2694.57,943,1054,0.0,8.78,normal,2.63
2501,2685.11,2695.13,446,966,0.0,10.02,normal,3.02
2499,2683.51,2696.26,708,1044,1.0,12.75,normal,3.24
2504,2688.65,2697.0,1045,1080,0.0,8.35,normal,25.78
2500,2683.57,2697.71,827,998,0.0,14.14,normal,9.47
2503,2686.89,2698.43,1023,1052,1.0,11.54,normal,97.13
2506,2691.54,2701.67,223,1030,0.0,10.13,normal,13.48
2509,2695.13,2702.02,943,1082,0.0,6.89,normal,11.57
2508,2694.57,2702.39,275,1050,1.0,7.82,abnormal,1.87
2505,2691.24,2703.04,1042,1050,1.0,11.8,normal,69.45
2507,2694.37,2704.66,779,836,1.0,10.29,normal,41.29
2510,2696.26,2706.32,526,901,0.0,10.06,normal,52.48
2513,2698.43,2709.67,201,1052,1.0,11.24,normal,212.6
2512,2697.71,2710.07,797,961,1.0,12.36,normal,4.8
2498,2683.38,2710.83,112,1049,1.0,27.45,normal,175.91
2517,2703.04,2712.65,930,1008,0.0,9.61,normal,3.31
2516,2702.39,2712.92,262,605,1.0,10.53,normal,31.02
2515,2702.02,2713.03,518,1080,1.0,11.01,normal,0.43
2518,2704.66,2713.88,699,1044,0.0,9.22,normal,38.28
2519,2706.32,2714.4,1008,1030,0.0,8.08,normal,176.79
2520,2709.67,2716.23,352,1078,1.0,6.56,abnormal,20.9
2511,2697.0,2716.33,832,1050,1.0,19.33,normal,18.81
2522,2710.83,2720.61,797,1007,0.0,9.78,normal,56.06
2524,2712.92,2723.65,901,1082,1.0,10.73,normal,30.05
2521,2710.07,2724.79,953,961,1.0,14.72,normal,21.84
2528,2716.23,2724.81,809,1023,0.0,8.58,normal,72.14
2529,2716.33,2724.85,970,1007,1.0,8.52,normal,1.21
2527,2714.4,2726.44,496,1058,1.0,12.04,normal,140.66
2525,2713.03,2728.76,779,940,0.0,15.73,normal,52.94
2526,2713.88,2728.92,1057,1085,0.0,15.04,normal,65.1
2523,2712.65,2729.11,112,1038,0.0,16.46,normal,60.41
2535,2726.44,2733.62,729,1042,0.0,7.18,normal,50.7
2534,2724.85,2734.23,943,970,0.0,9.38,normal,19.95
2530,2720.61,2735.06,721,977,0.0,14.45,normal,15.35
2490,2675.4,2735.4,809,1057,0.5,60.0,timelimit,37.08
2533,2724.81,2737.17,510,961,1.0,12.36,normal,16.09
2531,2723.65,2737.5,201,526,1.0,13.85,normal,74.71
2536,2728.76,2738.85,637,718,0.0,10.09,normal,3.58
2538,2729.11,2739.41,971,1038,1.0,10.3,normal,3.4
2540,2734.23,2741.36,970,1050,1.0,7.13,normal,72.11
2497,2681.79,2741.79,248,858,0.5,60.0,timelimit,277.81
2532,2724.79,2743.56,352,779,1.0,18.77,abnormal,70.71
2539,2733.62,2743.57,112,1050,0.0,9.95,normal,19.77
2537,2728.92,2744.0,732,759,1.0,15.08,normal,10.21
2542,2735.4,2745.69,876,1026,1.0,10.29,normal,110.08
2544,2737.5,2747.31,526,1038,1.0,9.81,normal,24.57
2548,2741.79,2747.54,858,1044,1.0,5.75,normal,29.26
2547,2741.36,2748.42,346,901,1.0,7.06,normal,15.07
2546,2739.41,2749.21,730,1065,1.0,9.8,normal,277.34
2549,2743.56,2751.06,223,338,1.0,7.5,normal,13.63
2541,2735.06,2752.26,699,827,0.0,17.2,normal,17.45
2550,2743.57,2752.62,721,1042,0.0,9.05,normal,28.76
2545,2738.85,2752.73,518,718,1.0,13.88,normal,14.96
2543,2737.17,2754.49,167,961,1.0,17.32,normal,2.89
2552,2745.69,2754.66,971,1026,1.0,8.97,normal,211.15
2551,2744.0,2755.18,517,732,1.0,11.18,normal,12.89
2559,2752.62,2758.69,357,1030,1.0,6.07,normal,91.62
2554,2747.54,2758.86,605,1080,0.0,11.32,normal,22.52
2555,2748.42,2759.15,943,998,1.0,10.73,normal,33.85
2558,2752.26,2759.77,262,338,1.0,7.51,normal,32.4
2514,2701.67,2761.67,117,1081,0.5,60.0,timelimit,20.74
2553,2747.31,2761.71,115,809,1.0,14.4,normal,285.45
2561,2754.49,2761.73,858,961,0.0,7.24,normal,12.82
2560,2752.73,2762.65,718,953,1.0,9.92,normal,22.17
2556,2749.21,2764.02,248,730,0.0,14.81,normal,73.88
2565,2758.86,2764.69,346,1030,0.0,5.83,normal,94.29
2557,2751.06,2765.51,1065,1078,1.0,14.45,normal,138.53
2562,2754.66,2765.53,167,446,0.0,10.87,normal,103.78
2567,2759.77,2768.28,699,1007,0.0,8.51,normal,1.33
2564,2758.69,2768.46,517,1023,1.0,9.77,normal,146.14
2566,2759.15,2768.94,112,832,0.0,9.79,normal,42.16
2563,2755.18,2769.43,721,1026,0.0,14.25,normal,85.77
2568,2761.67,2771.64,516,1081,1.0,9.97,normal,4.33
2571,2762.65,2772.61,718,732,0.0,9.96,normal,20.08
2570,2761.73,2773.75,637,961,1.0,12.02,normal,13.53
2575,2765.53,2774.31,1038,1079,0.0,8.78,normal,20.16
2569,2761.71,2775.36,637,998,0.0,13.65,normal,26.26
2572,2764.02,2778.14,930,1057,1.0,14.12,normal,62.03
2576,2768.28,2778.26,357,730,0.0,9.98,normal,149.98
2577,2768.46,2778.63,943,1044,1.0,10.17,normal,10.36
2574,2765.51,2778.64,1049,1078,0.0,13.13,normal,36.73
2578,2768.94,2779.6,112,117,0.0,10.66,normal,46.43
2579,2769.43,2781.99,809,1026,1.0,12.56,normal,62.09
2583,2774.31,2782.96,526,720,1.0,8.65,normal,19.56
2582,2773.75,2784.69,40,966,0.0,10.94,normal,39.28
2580,2771.64,2785.15,340,518,1.0,13.51,normal,11.58
2581,2772.61,2785.77,446,496,0.0,13.16,normal,74.12
2584,2775.36,2786.65,832,977,0.0,11.29,normal,47.58
2592,2784.69,2787.19,112,1057,0.0,2.5,abnormal,12.95
2585,2778.14,2787.95,953,1079,0.0,9.81,normal,4.54
2589,2779.6,2788.34,729,876,0.0,8.74,normal,67.34
2591,2782.96,2788.41,960,1079,1.0,5.45,normal,8.92
2588,2778.64,2788.71,1058,1078,1.0,10.07,normal,272.09
2586,2778.26,2789.85,510,1058,1.0,11.59,normal,12.53
2587,2778.63,2791.32,827,953,0.0,12.69,normal,15.53
2590,2781.99,2793.27,167,1054,1.0,11.28,normal,13.83
2594,2785.77,2794.14,729,1008,1.0,8.37,normal,121.11
2597,2787.95,2794.95,1054,1081,0.0,7.0,normal,42.21
2600,2788.71,2797.45,517,1060,1.0,8.74,normal,52.7
2596,2787.19,2797.5,940,1052,1.0,10.31,normal,120.05
2601,2789.85,2798.91,262,510,1.0,9.06,normal,39.91
2595,2786.65,2799.4,729,809,0.0,12.75,normal,21.12
2598,2788.34,2800.5,930,977,1.0,12.16,normal,37.58
2602,2791.32,2801.7,223,730,1.0,10.38,normal,73.01
2599,2788.41,2801.72,516,759,0.0,13.31,normal,93.0
2593,2785.15,2802.06,721,939,1.0,16.91,normal,50.52
2603,2793.27,2803.22,605,901,1.0,9.95,normal,9.39
2605,2794.95,2806.1,167,340,0.0,11.15,normal,10.55
2609,2799.4,2806.34,168,357,0.0,6.94,normal,35.62
2608,2798.91,2807.78,338,605,1.0,8.87,normal,77.78
2606,2797.45,2807.96,832,1030,0.0,10.51,normal,189.82
2604,2794.14,2809.37,779,1023,0.0,15.23,normal,69.88
2613,2802.06,2809.79,262,1045,0.0,7.73,normal,67.34
2611,2801.7,2810.21,446,730,0.0,8.51,normal,81.66
2610,2800.5,2811.07,117,516,1.0,10.57,normal,16.63
2607,2797.5,2811.79,759,1060,1.0,14.29,normal,27.82
2616,2806.34,2812.89,526,1089,0.0,6.55,normal,15.79
2614,2803.22,2813.11,1042,1078,1.0,9.89,normal,136.06
2617,2807.78,2813.33,720,970,0.0,5.55,abnormal,67.89
2612,2801.72,2815.0,510,939,1.0,13.28,normal,130.39
2619,2809.37,2817.14,340,718,1.0,7.77,normal,6.22
2620,2809.79,2817.91,1023,1042,0.0,8.12,normal,31.21
2621,2810.21,2819.32,49,730,0.0,9.11,abnormal,28.73
2626,2813.33,2822.03,518,1082,1.0,8.7,normal,28.6
2615,2806.1,2822.04,836,1026,1.0,15.94,normal,120.41
2618,2807.96,2822.83,115,759,0.0,14.87,normal,78.64
2623,2811.79,2823.39,1044,1054,0.0,11.6,normal,21.64
2625,2813.11,2823.52,901,961,0.0,10.41,normal,25.25
2573,2764.69,2824.69,346,858,0.5,60.0,timelimit,25.3
2624,2812.89,2824.79,275,526,1.0,11.9,normal,5.96
2622,2811.07,2827.13,930,939,1.0,16.06,normal,60.36
2628,2817.14,2827.17,341,1065,0.0,10.03,normal,10.93
2627,2815.0,2827.36,510,836,1.0,12.36,normal,137.93
2629,2817.91,2828.35,605,699,1.0,10.44,normal,46.1
2630,2819.32,2830.74,49,966,1.0,11.42,normal,25.13
2636,2824.69,2831.11,346,699,1.0,6.42,normal,48.85
2632,2822.04,2831.47,699,998,1.0,9.43,normal,23.96
2634,2823.39,2833.51,720,940,1.0,10.12,normal,11.72
2633,2822.83,2833.65,516,1008,0.0,10.82,abnormal,3.16
2635,2823.52,2833.79,605,797,0.0,10.27,normal,8.88
2631,2822.03,2834.17,1049,1057,0.0,12.14,normal,158.65
2643,2831.11,2835.73,346,510,1.0,4.62,normal,14.63
2638,2827.13,2835.94,167,998,0.0,8.81,normal,8.66
2637,2824.79,2836.62,518,1079,0.0,11.83,normal,35.29
2642,2830.74,2836.9,49,1030,1.0,6.16,abnormal,41.18
2639,2827.17,2836.98,940,1026,1.0,9.81,normal,167.43
2641,2828.35,2839.14,930,1085,1.0,10.79,normal,3.47
2647,2833.79,2842.14,605,953,0.0,8.35,normal,22.51
2653,2836.98,2843.06,1042,1052,1.0,6.08,abnormal,108.11
2648,2834.17,2843.87,526,708,1.0,9.7,normal,17.37
2650,2835.94,2844.59,943,1007,0.0,8.65,normal,10.63
2646,2833.65,2844.85,40,1045,0.0,11.2,normal,58.21
2645,2833.51,2845.08,759,797,0.0,11.57,normal,49.3
2644,2831.47,2845.71,112,779,0.0,14.24,normal,22.16
2649,2835.73,2845.74,346,1058,1.0,10.01,normal,1.93
2652,2836.9,2845.91,970,971,0.0,9.01,normal,16.07
2640,2827.36,2846.93,779,1078,1.0,19.57,normal,89.58
2651,2836.62,2846.98,876,939,0.0,10.36,normal,25.56
2654,2839.14,2849.54,901,1080,1.0,10.4,normal,1.93
2657,2843.87,2849.62,1007,1054,0.0,5.75,normal,7.37
2655,2842.14,2850.02,517,718,1.0,7.88,normal,75.39
2658,2844.59,2850.6,341,809,1.0,6.01,normal,32.32
2661,2845.71,2853.49,1049,1089,0.0,7.78,normal,277.99
2662,2845.74,2856.15,518,1042,0.0,10.41,normal,92.66
2666,2849.54,2856.99,117,981,0.0,7.45,normal,13.26
2664,2846.93,2857.18,167,1045,0.0,10.25,normal,41.55
2667,2849.62,2857.67,960,1007,1.0,8.05,normal,1.1
2659,2844.85,2857.82,357,759,0.0,12.97,normal,22.1
2656,2843.06,2858.62,961,1060,0.5,15.56,normal,17.68
2660,2845.08,2858.76,516,1052,1.0,13.68,abnormal,133.75
2668,2850.02,2859.02,517,797,1.0,9.0,normal,54.41
2665,2846.98,2859.36,341,1057,0.0,12.38,normal,10.45
2669,2850.6,2862.25,718,966,0.0,11.65,normal,122.4
2663,2845.91,2862.27,720,1008,0.0,16.36,normal,13.86
2673,2857.18,2863.87,168,1030,1.0,6.69,normal,52.28
2679,2859.36,2865.07,759,1045,0.0,5.71,abnormal,30.22
2672,2856.99,2866.19,201,953,0.0,9.2,normal,38.57
2671,2856.15,2866.46,346,1079,1.0,10.31,normal,45.13
2676,2858.62,2866.59,1044,1060,0.0,7.97,normal,72.83
2670,2853.49,2868.1,721,1057,1.0,14.61,normal,23.11
2675,2857.82,2870.16,1050,1089,1.0,12.34,normal,70.03
2678,2859.02,2870.19,223,517,0.0,11.17,normal,36.43
2677,2858.76,2871.21,49,729,1.0,12.45,normal,350.1
2674,2857.67,2872.26,981,1065,0.0,14.59,normal,26.8
2682,2863.87,2873.22,167,518,0.0,9.35,normal,17.25
2685,2866.46,2874.16,340,901,1.0,7.7,normal,21.6
2680,2862.25,2874.54,357,605,1.0,12.29,normal,37.91
2683,2865.07,2876.42,168,201,0.0,11.35,normal,39.71
2684,2866.19,2876.61,729,930,0.0,10.42,normal,137.78
2686,2866.59,2878.55,352,1082,0.0,11.96,normal,167.48
2688,2870.16,2879.23,275,1089,0.0,9.07,normal,21.98
2687,2868.1,2879.88,827,1044,1.0,11.78,normal,32.59
2693,2874.16,2881.56,341,721,1.0,7.4,normal,23.68
2691,2872.26,2881.9,1008,1085,1.0,9.64,normal,10.86
2690,2871.21,2882.06,960,1038,1.0,10.85,normal,42.68
2689,2870.19,2882.56,223,966,0.0,12.37,normal,5.36
2692,2873.22,2882.58,1079,1081,0.0,9.36,normal,34.41
2694,2874.54,2883.83,248,357,1.0,9.29,normal,201.0
2681,2862.27,2883.93,341,1085,0.0,21.66,normal,55.29
2695,2876.42,2885.96,168,1060,1.0,9.54,normal,47.83
2698,2879.23,2888.66,699,1089,0.0,9.43,normal,27.09
2699,2879.88,2888.68,827,1082,1.0,8.8,normal,7.7
2703,2882.56,2891.16,49,1065,1.0,8.6,normal,252.61
2696,2876.61,2891.62,832,940,1.0,15.01,normal,3.52
2700,2881.56,2892.62,517,1058,1.0,11.06,normal,84.08
2701,2881.9,2892.73,721,876,0.0,10.83,normal,36.45
2702,2882.06,2893.24,699,1082,1.0,11.18,normal,19.25
2706,2883.93,2893.74,721,1078,1.0,9.81,normal,103.93
2705,2883.83,2894.06,262,966,0.0,10.23,normal,69.17
2707,2885.96,2894.46,341,981,0.0,8.5,normal,45.39
2708,2888.66,2894.47,960,1044,1.0,5.81,normal,73.12
2697,2878.55,2896.51,352,729,0.0,17.96,normal,12.69
2712,2892.62,2900.78,346,953,1.0,8.16,normal,38.95
2716,2894.06,2902.69,168,732,0.0,8.63,normal,19.54
2709,2888.68,2902.82,223,248,0.0,14.14,normal,133.68
2714,2893.24,2905.0,338,1038,1.0,11.76,normal,152.45
2718,2894.47,2906.95,605,1045,0.0,12.48,normal,52.07
2713,2892.73,2906.97,117,1085,0.0,14.24,normal,3.59
2711,2891.62,2908.12,112,939,0.0,16.5,normal,22.96
2717,2894.46,2910.64,836,1085,0.0,16.18,normal,48.0
2720,2900.78,2910.96,1050,1081,0.0,10.18,normal,30.29
2719,2896.51,2911.22,340,352,1.0,14.71,normal,243.63
2722,2902.82,2915.41,40,496,1.0,12.59,normal,122.94
2721,2902.69,2918.25,168,1007,0.0,15.56,normal,90.01
2726,2908.12,2918.29,341,720,0.0,10.17,normal,43.51
2723,2905.0,2919.15,977,1052,1.0,14.15,normal,101.64
2725,2906.97,2922.15,49,248,0.0,15.18,normal,78.86
2724,2906.95,2923.03,167,637,1.0,16.08,normal,30.79
2730,2915.41,2925.07,637,943,1.0,9.66,normal,41.47
2729,2911.22,2925.5,637,971,1.0,14.28,normal,10.09
2727,2910.64,2925.59,275,981,1.0,14.95,normal,11.78
2732,2918.29,2926.12,338,718,0.0,7.83,normal,100.17
2731,2918.25,2928.19,117,809,1.0,9.94,abnormal,81.54
2728,2910.96,2931.49,115,223,0.5,20.53,normal,8.75
2734,2922.15,2931.6,340,1058,1.0,9.45,normal,25.5
2735,2923.03,2932.46,858,1079,0.0,9.43,normal,13.65
2733,2919.15,2934.16,357,1079,0.0,15.01,normal,66.72
2738,2925.59,2934.52,981,1081,0.0,8.93,abnormal,35.73
2739,2926.12,2935.36,1023,1049,1.0,9.24,normal,214.22
2737,2925.5,2935.81,971,1045,0.0,10.31,normal,65.86
2740,2928.19,2938.3,40,943,0.0,10.11,normal,124.4
2736,2925.07,2938.32,836,1052,1.0,13.25,normal,98.94
2744,2934.16,2939.05,338,357,1.0,4.89,normal,54.5
2704,2882.58,2942.58,1026,1057,0.5,60.0,timelimit,114.34
2746,2935.36,2942.94,858,1038,1.0,7.58,normal,45.06
2742,2931.6,2943.19,518,1054,0.0,11.59,normal,23.78
2745,2934.52,2943.35,637,1008,0.0,8.83,normal,51.98
2747,2935.81,2943.66,223,971,0.0,7.85,normal,131.94
2741,2931.49,2944.44,115,732,1.0,12.95,normal,60.18
2743,2932.46,2945.73,708,930,1.0,13.27,normal,8.9
2748,2938.3,2948.03,1049,1081,0.0,9.73,abnormal,271.31
2749,2938.32,2948.59,1054,1079,0.0,10.27,normal,10.48
2752,2942.94,2949.12,346,797,0.0,6.18,abnormal,20.91
2750,2939.05,2949.7,201,1085,0.0,10.65,normal,79.81
2710,2891.16,2951.16,516,1065,0.5,60.0,timelimit,17.39
2715,2893.74,2953.74,939,1050,0.5,60.0,timelimit,46.2
2753,2943.19,2954.03,637,759,0.0,10.84,normal,47.65
2754,2943.35,2954.51,516,940,0.0,11.16,normal,14.28
2757,2945.73,2954.89,708,953,0.0,9.16,normal,33.19
2758,2948.03,2955.98,732,1045,0.0,7.95,normal,5.38
2755,2943.66,2956.0,605,971,0.0,12.34,normal,4.23
2760,2949.12,2959.01,518,858,1.0,9.89,normal,10.1
2759,2948.59,2960.67,223,496,0.0,12.08,normal,80.55
2761,2949.7,2960.9,730,759,1.0,11.2,normal,142.33
2762,2951.16,2962.22,939,977,0.5,11.06,normal,9.63
2765,2954.51,2962.35,797,977,1.0,7.84,normal,138.76
2756,2944.44,2963.2,49,115,1.0,18.76,abnormal,43.55
2764,2954.03,2963.5,117,961,0.0,9.47,normal,59.13
2766,2954.89,2965.3,40,708,1.0,10.41,normal,112.86
2763,2953.74,2965.38,960,1082,1.0,11.64,normal,41.28
2751,2942.58,2965.4,340,1060,1.0,22.82,normal,39.1
2767,2955.98,2966.45,341,939,0.0,10.47,normal,18.71
2769,2959.01,2968.56,836,1049,1.0,9.55,normal,191.86
2771,2960.9,2968.93,338,1080,1.0,8.03,normal,98.93
2770,2960.67,2969.32,446,732,0.0,8.65,normal,53.79
2772,2962.22,2970.02,720,981,1.0,7.8,normal,6.11
2775,2963.5,2971.65,167,1080,0.0,8.15,normal,12.51
2773,2962.35,2974.19,341,1045,0.0,11.84,normal,195.47
2778,2965.4,2974.42,275,1007,0.0,9.02,normal,25.68
2777,2965.38,2976.04,496,966,1.0,10.66,normal,43.42
2779,2966.45,2976.57,827,1038,0.0,10.12,normal,50.54
2780,2968.56,2976.69,262,1060,1.0,8.13,normal,59.87
2776,2965.3,2976.77,40,730,0.0,11.47,normal,130.91
2774,2963.2,2977.83,115,201,1.0,14.63,normal,95.8
2782,2969.32,2979.1,49,732,1.0,9.78,normal,122.64
2788,2976.57,2979.74,352,1023,1.0,3.17,abnormal,131.59
2781,2968.93,2981.94,998,1082,1.0,13.01,normal,32.71
2784,2971.65,2982.27,1079,1080,1.0,10.62,normal,3.83
2786,2974.42,2982.64,117,1023,0.0,8.22,normal,4.58
2783,2970.02,2983.6,275,708,0.0,13.58,normal,6.1
2789,2976.69,2984.1,262,797,1.0,7.41,normal,26.35
2785,2974.19,2984.88,858,971,1.0,10.69,normal,19.15
2787,2976.04,2986.9,168,1058,1.0,10.86,normal,44.4
2791,2977.83,2988.42,827,1080,0.0,10.59,normal,27.08
2790,2976.77,2988.63,40,248,0.0,11.86,normal,192.06
2795,2982.27,2989.03,446,1030,0.0,6.76,normal,17.12
2797,2983.6,2993.92,708,1081,0.0,10.32,normal,16.58
2794,2981.94,2994.0,720,1038,1.0,12.06,normal,0.93
2800,2986.9,2994.15,168,718,1.0,7.25,normal,52.4
2796,2982.64,2996.41,510,797,1.0,13.77,normal,16.7
2792,2979.1,2997.27,496,1026,1.0,18.17,normal,431.32
2793,2979.74,2997.57,352,1052,0.0,17.83,abnormal,22.17
2799,2984.88,2997.71,201,340,0.0,12.83,normal,37.49
2803,2989.03,2998.36,721,971,0.0,9.33,normal,137.97
2802,2988.63,2999.62,40,223,0.0,10.99,normal,29.14
2801,2988.42,3000.11,858,943,1.0,11.69,normal,21.66
2804,2993.92,3002.71,117,960,0.0,8.79,normal,91.09
2809,2997.57,3004.46,510,699,0.0,6.89,normal,73.84
2805,2994.0,3004.67,516,720,0.0,10.67,normal,17.98
2806,2994.15,3004.68,168,446,0.0,10.53,normal,16.06
2813,3000.11,3005.31,346,998,1.0,5.2,normal,46.8
2807,2996.41,3007.53,836,998,0.0,11.12,normal,100.27
2810,2997.71,3008.22,201,1045,0.0,10.51,normal,59.4
2798,2984.1,3009.24,721,1049,1.0,25.14,normal,157.69
2808,2997.27,3009.64,977,1078,1.0,12.37,normal,149.76
2811,2998.36,3010.79,708,1008,0.0,12.43,normal,16.6
2812,2999.62,3011.05,49,496,0.0,11.43,normal,13.24
2815,3004.46,3011.13,510,1080,1.0,6.67,normal,27.92
2814,3002.71,3012.5,832,960,0.0,9.79,normal,82.39
2818,3005.31,3013.62,832,1081,1.0,8.31,normal,49.38
2820,3008.22,3013.82,809,1042,0.0,5.6,normal,85.69
2817,3004.68,3015.94,115,446,0.0,11.26,normal,35.57
2768,2956.0,3016.0,939,1065,0.5,60.0,timelimit,28.44
2819,3007.53,3017.96,1023,1026,1.0,10.43,normal,158.13
2816,3004.67,3018.01,939,940,0.0,13.34,normal,31.7
2826,3012.5,3019.16,708,960,0.0,6.66,normal,78.58
2822,3009.64,3019.83,526,981,0.0,10.19,normal,40.12
2827,3013.62,3021.67,970,1081,1.0,8.05,normal,19.74
2825,3011.13,3022.6,352,836,0.0,11.47,normal,94.93
2832,3018.01,3023.12,338,1058,1.0,5.11,normal,98.19
2828,3013.82,3023.2,953,1089,1.0,9.38,normal,10.44
2821,3009.24,3024.65,517,1049,1.0,15.41,normal,422.02
2829,3015.94,3024.66,201,357,0.0,8.72,normal,21.25
2830,3016.0,3028.05,779,1065,0.0,12.05,normal,58.46
2835,3021.67,3028.49,960,970,0.0,6.82,normal,27.34
2837,3023.12,3029.46,446,779,1.0,6.34,normal,239.52
2833,3019.16,3030.16,730,1054,1.0,11.0,normal,227.98
2834,3019.83,3031.23,168,729,1.0,11.4,normal,236.32
2838,3023.2,3032.82,1082,1089,1.0,9.62,normal,38.37
2839,3024.65,3033.12,876,1049,1.0,8.47,normal,208.63
2836,3022.6,3033.74,708,943,1.0,11.14,normal,21.42
2840,3024.66,3035.26,517,966,0.0,10.6,normal,24.02
2845,3031.23,3037.65,341,1042,0.0,6.42,normal,72.12
2841,3028.05,3037.75,1026,1065,1.0,9.7,normal,166.98
2848,3033.74,3038.37,40,827,0.0,4.63,abnormal,96.15
2842,3028.49,3039.72,357,496,1.0,11.23,normal,170.45
2846,3032.82,3039.94,262,637,1.0,7.12,normal,81.51
2843,3029.46,3041.29,49,338,0.0,11.83,abnormal,69.74
2847,3033.12,3042.48,876,977,0.0,9.36,normal,2.56
2844,3030.16,3042.54,248,1044,1.0,12.38,normal,348.39
2851,3037.75,3045.72,352,940,0.0,7.97,normal,148.92
2849,3035.26,3047.59,729,981,1.0,12.33,normal,104.44
2850,3037.65,3047.93,275,1038,1.0,10.28,normal,12.15
2852,3038.37,3052.25,115,730,1.0,13.88,normal,97.3
2853,3042.54,3053.13,248,966,1.0,10.59,normal,122.85
2823,3010.79,3070.79,720,1023,0.5,60.0,timelimit,31.9
2824,3011.05,3071.05,779,1085,0.5,60.0,timelimit,104.44
2831,3017.96,3077.96,961,1042,0.5,60.0,timelimit,67.87
2864,3077.96,3085.3,40,718,1.0,7.34,normal,47.73
2859,3077.96,3086.6,275,1080,0.0,8.64,normal,39.74
2856,3077.96,3086.9,340,1030,0.0,8.94,normal,52.0
2854,3077.96,3086.91,338,730,0.0,8.95,normal,89.15
2860,3077.96,3087.99,262,876,1.0,10.03,normal,189.53
2862,3077.96,3089.08,167,1007,0.0,11.12,normal,15.71
2855,3077.96,3089.27,275,832,0.0,11.31,normal,12.52
2861,3077.96,3089.39,1058,1089,1.0,11.43,normal,18.48
2857,3077.96,3089.86,526,930,1.0,11.9,normal,10.19
2865,3077.96,3090.85,981,1065,0.0,12.89,normal,0.36
2873,3089.39,3093.38,836,1023,0.0,3.99,abnormal,31.09
2863,3077.96,3093.46,943,1085,1.0,15.5,normal,10.96
2868,3086.9,3094.41,446,1030,1.0,7.51,normal,19.58
2866,3085.3,3095.49,779,809,0.0,10.19,normal,18.03
2867,3086.6,3096.34,117,1038,0.0,9.74,normal,8.67
2870,3087.99,3098.0,223,605,1.0,10.01,normal,123.43
2872,3089.27,3099.17,998,1008,1.0,9.9,normal,18.2
2874,3089.86,3099.82,1042,1045,1.0,9.96,abnormal,137.38
2869,3086.91,3100.07,115,730,1.0,13.16,normal,82.92
2871,3089.08,3100.34,167,1054,1.0,11.26,normal,12.65
2877,3093.46,3101.58,338,759,0.0,8.12,normal,48.86
2876,3093.38,3102.57,340,779,1.0,9.19,normal,203.85
2875,3090.85,3103.57,1057,1065,1.0,12.72,normal,48.34
2878,3094.41,3104.55,496,1030,1.0,10.14,normal,78.8
2887,3102.57,3104.68,1023,1044,1.0,2.11,abnormal,17.4
2882,3099.17,3108.4,901,1080,1.0,9.23,normal,5.22
2885,3100.34,3108.78,637,1060,0.0,8.44,normal,7.13
2884,3100.07,3108.88,526,832,1.0,8.81,normal,9.22
2879,3095.49,3109.86,729,1026,1.0,14.37,normal,60.43
2880,3096.34,3109.94,117,720,0.0,13.6,normal,46.26
2886,3101.58,3110.12,338,1079,1.0,8.54,normal,91.18
2883,3099.82,3111.73,49,966,0.0,11.91,normal,25.98
2888,3103.57,3112.76,115,1049,1.0,9.19,normal,452.01
2891,3108.4,3115.56,1054,1080,0.0,7.16,normal,17.19
2893,3108.88,3115.72,708,1042,0.0,6.84,normal,4.81
2894,3109.86,3115.89,930,1042,1.0,6.03,normal,2.83
2889,3104.55,3116.67,201,1080,0.0,12.12,normal,0.72
2896,3110.12,3119.89,1023,1050,0.0,9.77,normal,20.49
2890,3104.68,3120.69,1082,1085,1.0,16.01,normal,3.32
2895,3109.94,3121.71,117,167,0.0,11.77,normal,76.69
2892,3108.78,3123.14,352,779,0.0,14.36,normal,57.13
2899,3115.56,3123.2,346,446,0.0,7.64,normal,62.06
2897,3111.73,3123.4,223,797,1.0,11.67,normal,80.47
2898,3112.76,3126.5,605,637,0.0,13.74,normal,7.36
2900,3115.72,3127.59,708,1038,1.0,11.87,normal,8.47
2904,3120.69,3129.56,901,1007,0.0,8.87,normal,11.54
2901,3115.89,3130.29,518,718,1.0,14.4,normal,11.68
2905,3121.71,3130.31,961,1054,1.0,8.6,normal,34.92
2902,3116.67,3131.57,248,517,1.0,14.9,normal,167.05
2908,3123.4,3131.88,167,1058,0.0,8.48,normal,21.74
2907,3123.2,3132.02,49,446,1.0,8.82,normal,39.72
2903,3119.89,3132.39,720,1038,0.0,12.5,normal,28.93
2909,3126.5,3132.52,346,1045,1.0,6.02,normal,24.23
2906,3123.14,3135.02,341,352,1.0,11.88,normal,77.2
2910,3127.59,3135.3,115,960,0.0,7.71,normal,118.22
2858,3077.96,3137.96,1044,1052,0.5,60.0,timelimit,126.92
2913,3130.31,3138.31,998,1089,1.0,8.0,normal,31.85
2916,3132.02,3139.47,1042,1065,1.0,7.45,normal,38.51
2917,3132.39,3139.66,981,1023,1.0,7.27,normal,26.6
2912,3130.29,3140.4,732,797,1.0,10.11,normal,28.73
2920,3135.3,3143.65,117,836,0.0,8.35,normal,4.97
2914,3131.57,3144.46,1026,1050,0.0,12.89,normal,165.85
2924,3139.66,3146.5,1007,1058,1.0,6.84,normal,4.54
2911,3129.56,3146.9,901,1060,0.0,17.34,normal,2.57
2915,3131.88,3147.78,112,721,1.0,15.9,normal,0.74
2921,3137.96,3147.95,832,977,1.0,9.99,normal,30.7
2918,3132.52,3148.39,729,1078,1.0,15.87,normal,97.03
2919,3135.02,3149.45,275,605,1.0,14.43,normal,31.45
2925,3140.4,3149.97,40,732,0.0,9.57,normal,1.75
2923,3139.47,3150.83,496,510,0.0,11.36,normal,166.47
2922,3138.31,3151.0,167,721,1.0,12.69,normal,121.78
2926,3143.65,3153.82,966,1045,1.0,10.17,normal,90.49
2927,3144.46,3153.87,970,971,1.0,9.41,normal,14.46
2930,3147.78,3155.49,112,341,1.0,7.71,normal,0.43
2933,3149.45,3156.84,341,721,1.0,7.39,normal,15.72
2881,3098.0,3158.0,1042,1050,0.5,60.0,timelimit,19.83
2928,3146.5,3158.14,699,1082,1.0,11.64,normal,5.57
2931,3147.95,3158.45,346,1023,1.0,10.5,normal,127.12
2935,3150.83,3158.76,340,960,1.0,7.93,normal,29.22
2936,3151.0,3159.78,117,977,1.0,8.78,normal,15.19
2929,3146.9,3160.41,115,1060,1.0,13.51,normal,115.89
2939,3155.49,3160.79,338,357,1.0,5.3,normal,60.86
2934,3149.97,3161.27,708,1023,0.0,11.3,normal,22.54
2937,3153.82,3162.33,446,510,1.0,8.51,normal,66.71
2942,3158.14,3165.48,517,1030,0.0,7.34,normal,5.6
2938,3153.87,3165.81,940,1082,0.0,11.94,normal,22.88
2944,3158.76,3168.21,201,1089,1.0,9.45,normal,26.73
2943,3158.45,3169.13,721,779,0.5,10.68,normal,15.64
2949,3162.33,3169.35,1058,1080,0.0,7.02,normal,1.49
2941,3158.0,3169.65,496,1045,1.0,11.65,normal,135.07
2948,3161.27,3171.36,275,1082,1.0,10.09,normal,13.57
2947,3160.79,3171.76,732,1081,1.0,10.97,normal,98.51
2940,3156.84,3174.37,721,939,1.0,17.53,normal,59.71
2950,3165.48,3176.02,953,1079,0.0,10.54,normal,9.23
2951,3165.81,3176.64,699,1057,1.0,10.83,normal,96.01
2959,3176.02,3179.93,977,1057,1.0,3.91,abnormal,9.08
2954,3169.35,3181.64,201,961,0.0,12.29,normal,9.36
2957,3171.76,3181.76,446,797,1.0,10.0,normal,103.08
2953,3169.13,3182.54,730,966,1.0,13.41,normal,46.12
2952,3168.21,3183.42,516,1038,1.0,15.21,normal,11.57
2955,3169.65,3183.84,115,1045,1.0,14.19,normal,86.31
2956,3171.36,3184.57,40,797,1.0,13.21,normal,33.7
2945,3159.78,3185.23,721,1052,1.0,25.45,normal,40.06
2958,3174.37,3186.08,1026,1057,0.0,11.71,normal,123.68
2960,3176.64,3186.15,930,1085,0.0,9.51,abnormal,11.0
2961,3179.93,3188.55,168,953,1.0,8.62,normal,58.45
2962,3181.64,3191.33,998,1080,1.0,9.69,normal,3.36
2964,3182.54,3191.9,346,966,0.0,9.36,normal,91.43
2965,3183.42,3191.95,720,1085,0.0,8.53,normal,4.51
2966,3183.84,3192.71,446,1045,0.0,8.87,normal,81.7
2963,3181.76,3194.92,516,1044,1.0,13.16,normal,13.89
2968,3185.23,3195.14,901,953,0.0,9.91,normal,10.55
2967,3184.57,3197.3,352,1008,0.0,12.73,normal,197.88
2970,3186.15,3198.01,201,953,0.0,11.86,normal,15.14
2971,3188.55,3198.03,117,526,1.0,9.48,normal,69.64
2969,3186.08,3198.75,517,960,1.0,12.67,normal,70.39
2973,3191.9,3201.06,167,971,1.0,9.16,normal,8.65
2972,3191.33,3201.08,961,1007,1.0,9.75,normal,0.7
2974,3191.95,3203.05,809,1026,1.0,11.1,abnormal,90.03
2976,3194.92,3203.17,262,797,0.0,8.25,normal,85.85
2977,3195.14,3204.01,248,1030,1.0,8.87,normal,162.43
2932,3148.39,3208.39,981,1078,0.5,60.0,timelimit,180.6
2980,3198.03,3209.09,637,718,1.0,11.06,normal,2.82
2979,3198.01,3209.33,223,340,1.0,11.32,normal,46.59
2981,3198.75,3210.79,496,517,1.0,12.04,normal,91.77
2983,3201.08,3211.31,117,939,0.0,10.23,normal,20.39
2982,3201.06,3211.96,827,1008,0.0,10.9,normal,0.54
2985,3203.17,3217.23,779,1057,0.0,14.06,normal,27.34
2978,3197.3,3217.74,352,1049,1.0,20.44,normal,82.32
2984,3203.05,3218.98,930,1008,0.0,15.93,normal,23.9
2986,3204.01,3219.42,832,1085,1.0,15.41,normal,16.84
2946,3160.41,3220.41,1060,1079,0.5,60.0,timelimit,3.49
2988,3209.09,3220.45,718,961,0.0,11.36,normal,43.57
2993,3217.23,3223.66,340,971,1.0,6.43,normal,80.65
2990,3210.79,3223.88,721,809,1.0,13.09,normal,0.78
2992,3211.96,3224.24,605,827,1.0,12.28,normal,7.45
2987,3208.39,3226.66,779,1078,1.0,18.27,normal,109.3
2995,3218.98,3227.08,960,1038,1.0,8.1,normal,94.38
2991,3211.31,3228.12,721,1057,0.0,16.81,normal,26.05
2994,3217.74,3228.15,352,981,0.0,10.41,normal,137.82
2996,3219.42,3229.03,168,943,1.0,9.61,normal,110.13
2997,3220.41,3229.78,998,1060,0.0,9.37,normal,10.41
2998,3220.45,3230.34,699,966,0.0,9.89,normal,169.39
2989,3209.33,3231.31,115,223,0.0,21.98,normal,18.39
3000,3223.88,3232.1,357,961,1.0,8.22,normal,9.77
2999,3223.66,3234.29,49,517,1.0,10.63,normal,69.94
3001,3224.24,3234.71,496,759,1.0,10.47,normal,128.51
3009,3231.31,3238.04,338,510,1.0,6.73,normal,75.47
3003,3227.08,3239.69,832,1082,0.0,12.61,normal,2.75
3005,3228.15,3239.83,346,516,1.0,11.68,normal,114.89
3008,3230.34,3241.53,518,1058,1.0,11.19,normal,18.46
3007,3229.78,3241.81,605,1060,1.0,12.03,normal,49.41
3004,3228.12,3242.52,977,1052,0.0,14.4,normal,114.23
3011,3234.29,3243.69,262,730,0.0,9.4,normal,130.53
3010,3232.1,3243.88,971,1089,1.0,11.78,normal,18.46
3013,3238.04,3245.01,357,510,1.0,6.97,normal,15.45
3006,3229.03,3245.29,516,1050,0.0,16.26,normal,1.41
3012,3234.71,3245.46,836,1044,1.0,10.75,normal,2.41
3019,3243.69,3249.71,960,1079,1.0,6.02,normal,11.88
3014,3239.69,3249.9,876,1026,1.0,10.21,normal,142.34
3016,3241.53,3249.95,352,729,1.0,8.42,abnormal,74.7
3015,3239.83,3250.52,112,836,0.0,10.69,normal,27.93
3018,3242.52,3251.73,637,809,1.0,9.21,normal,156.04
2975,3192.71,3252.71,518,1054,0.5,60.0,timelimit,56.63
3021,3245.01,3253.89,526,940,1.0,8.88,normal,18.61
3023,3245.46,3255.63,699,720,1.0,10.17,normal,37.48
3020,3243.88,3255.76,1023,1065,0.0,11.88,normal,21.99
3017,3241.81,3256.57,516,930,1.0,14.76,normal,11.28
3024,3249.71,3257.59,730,1030,1.0,7.88,normal,101.85
3022,3245.29,3258.09,729,809,0.0,12.8,normal,1.5
3025,3249.9,3258.68,901,1089,1.0,8.78,normal,37.98
3028,3251.73,3260.94,262,517,1.0,9.21,normal,16.16
3031,3255.63,3262.81,940,1042,0.0,7.18,normal,30.72
3029,3252.71,3263.52,858,998,0.0,10.81,normal,12.86
3030,3253.89,3264.65,721,981,0.0,10.76,normal,66.75
3026,3249.95,3266.63,352,1052,1.0,16.68,abnormal,17.79
3034,3257.59,3267.14,832,1065,0.0,9.55,normal,31.66
3035,3258.09,3267.9,1007,1082,0.0,9.81,normal,42.56
3036,3258.68,3268.85,637,901,0.0,10.17,normal,8.88
3038,3262.81,3269.46,960,1045,1.0,6.65,normal,20.02
3033,3256.57,3269.48,832,930,1.0,12.91,normal,12.73
3032,3255.76,3269.76,943,1082,0.0,14.0,normal,10.47
3045,3269.46,3270.46,699,943,0.0,1.0,abnormal,33.29
3039,3263.52,3270.48,858,1026,1.0,6.96,normal,246.16
3037,3260.94,3270.94,262,966,0.0,10.0,normal,77.6
3040,3264.65,3275.99,981,1038,1.0,11.34,normal,5.12
3043,3267.9,3278.37,49,729,1.0,10.47,normal,345.93
3042,3267.14,3278.72,346,496,0.0,11.58,normal,147.66
3049,3270.48,3279.14,858,1007,1.0,8.66,normal,6.19
3050,3270.94,3279.66,262,759,0.0,8.72,normal,9.59
3046,3269.48,3280.6,275,1023,1.0,11.12,normal,33.11
3047,3269.76,3281.33,223,901,1.0,11.57,normal,128.43
3044,3268.85,3283.98,115,1058,0.0,15.13,abnormal,143.57
3057,3281.33,3285.88,346,732,1.0,4.55,normal,20.24
3048,3270.46,3285.98,201,970,1.0,15.52,normal,36.54
3002,3226.66,3286.66,1057,1078,0.5,60.0,timelimit,149.73
3041,3266.63,3286.83,939,1052,0.5,20.2,normal,103.61
3054,3279.14,3287.66,201,1065,0.0,8.52,normal,58.88
3051,3275.99,3288.53,248,510,1.0,12.54,normal,258.91
3052,3278.37,3289.38,998,1058,1.0,11.01,normal,29.18
3053,3278.72,3290.41,352,1089,0.0,11.69,normal,154.65
3056,3280.6,3291.09,518,858,0.0,10.49,normal,19.98
3058,3283.98,3294.2,49,759,1.0,10.22,normal,100.08
3055,3279.66,3294.28,809,836,0.0,14.62,normal,66.68
3066,3290.41,3295.48,346,357,0.0,5.07,normal,5.17
3064,3288.53,3297.04,832,1080,0.0,8.51,abnormal,59.73
3060,3285.98,3297.12,971,1008,0.0,11.14,normal,6.27
3059,3285.88,3297.94,223,966,0.0,12.06,normal,29.52
3065,3289.38,3299.06,1042,1079,0.0,9.68,normal,38.77
3062,3286.83,3299.86,721,970,0.0,13.03,normal,166.7
3067,3291.09,3300.16,827,1080,0.0,9.07,normal,47.67
3061,3286.66,3301.02,112,1078,0.0,14.36,normal,125.32
3068,3294.2,3301.33,262,338,0.0,7.13,normal,53.27
3063,3287.66,3301.65,718,998,1.0,13.99,normal,45.22
3070,3295.48,3304.64,708,720,0.0,9.16,normal,2.6
3072,3297.12,3306.09,275,699,0.0,8.97,normal,18.83
3074,3299.06,3307.9,858,1054,0.0,8.84,normal,49.76
3071,3297.04,3308.93,40,1082,0.0,11.89,normal,74.14
3078,3301.33,3309.25,168,338,1.0,7.92,normal,51.08
3076,3300.16,3309.86,637,699,1.0,9.7,normal,15.55
3073,3297.94,3309.9,248,901,1.0,11.96,normal,289.4
3075,3299.86,3310.37,341,779,0.0,10.51,normal,14.63
3027,3250.52,3310.52,516,977,0.5,60.0,timelimit,33.49
3069,3294.28,3310.75,939,1057,0.5,16.47,normal,2.49
3081,3306.09,3312.36,341,876,1.0,6.27,normal,34.36
3080,3304.64,3312.43,708,1081,0.0,7.79,normal,31.34
3079,3301.65,3313.65,167,699,1.0,12.0,normal,9.73
3083,3308.93,3315.94,446,960,1.0,7.01,normal,73.56
3084,3309.25,3316.22,168,517,0.0,6.97,normal,4.27
3088,3310.52,3316.72,201,1007,0.0,6.2,normal,8.82
3082,3307.9,3317.61,526,943,1.0,9.71,normal,5.51
3086,3309.9,3318.01,605,1089,0.0,8.11,normal,29.46
3085,3309.86,3319.66,953,998,1.0,9.8,normal,1.97
3087,3310.37,3320.6,1007,1008,0.0,10.23,normal,5.94
3077,3301.02,3320.86,1052,1078,0.5,19.84,normal,43.11
3097,3318.01,3321.69,40,1079,1.0,3.68,abnormal,34.43
3090,3312.36,3322.76,730,1044,1.0,10.4,normal,328.31
3095,3316.72,3324.1,940,977,1.0,7.38,normal,30.01
3096,3317.61,3324.3,797,966,1.0,6.69,abnormal,160.38
3089,3310.75,3326.15,827,858,0.0,15.4,normal,49.01
3093,3315.94,3326.85,248,446,0.0,10.91,normal,168.61
3094,3316.22,3327.64,168,340,1.0,11.42,normal,9.13
3091,3312.43,3327.64,708,1044,0.0,15.21,normal,32.27
3092,3313.65,3327.85,930,943,1.0,14.2,normal,30.18
3103,3324.1,3328.87,112,496,0.0,4.77,normal,358.2
3098,3319.66,3329.55,1026,1085,0.0,9.89,normal,214.39
3101,3321.69,3330.68,40,970,1.0,8.99,normal,38.74
3102,3322.76,3331.45,730,1081,1.0,8.69,normal,252.24
3104,3324.3,3332.48,49,357,0.5,8.18,normal,116.25
3099,3320.6,3334.29,637,1079,0.0,13.69,normal,9.31
3106,3326.85,3335.61,341,517,0.0,8.76,normal,227.22
3108,3327.64,3335.89,809,1049,1.0,8.25,normal,159.62
3107,3327.64,3336.76,977,1065,0.0,9.12,normal,49.93
3113,3331.45,3339.39,827,1081,1.0,7.94,normal,22.22
3105,3326.15,3339.5,510,732,0.0,13.35,normal,42.16
3110,3328.87,3340.17,275,1038,0.0,11.3,normal,42.45
3112,3330.68,3341.16,605,970,0.0,10.48,normal,40.38
3114,3332.48,3342.37,357,718,1.0,9.89,normal,84.26
3111,3329.55,3342.55,797,930,0.0,13.0,abnormal,89.22
3115,3334.29,3343.53,49,730,0.0,9.24,normal,47.62
3118,3336.76,3346.15,729,876,1.0,9.39,normal,62.33
3117,3335.89,3346.34,340,797,0.0,10.45,normal,36.43
3116,3335.61,3348.89,496,836,1.0,13.28,normal,292.43
3120,3339.5,3349.52,732,1079,1.0,10.02,normal,58.3
3109,3327.85,3349.52,939,1050,1.0,21.67,normal,53.67
3119,3339.39,3349.73,1042,1081,0.0,10.34,normal,0.89
3123,3342.37,3351.3,718,970,0.0,8.93,normal,38.99
3125,3343.53,3351.53,518,953,0.0,8.0,normal,9.94
3122,3341.16,3352.59,248,939,1.0,11.43,normal,388.06
3124,3342.55,3355.08,930,940,1.0,12.53,normal,16.58
3126,3346.15,3357.3,637,940,0.0,11.15,normal,66.62
3131,3349.73,3358.93,168,518,1.0,9.2,normal,72.55
3129,3349.52,3360.03,518,1065,1.0,10.51,normal,72.21
3128,3348.89,3360.26,112,981,1.0,11.37,normal,81.89
3130,3349.52,3360.77,858,971,0.0,11.25,normal,32.33
3127,3346.34,3361.15,516,961,0.0,14.81,normal,91.74
3133,3351.53,3361.55,510,526,0.0,10.02,normal,45.08
3132,3351.3,3364.24,115,966,1.0,12.94,normal,40.14
3134,3352.59,3365.48,1044,1050,0.0,12.89,normal,35.78
3136,3357.3,3366.1,827,977,1.0,8.8,normal,76.29
3135,3355.08,3366.42,930,1054,0.0,11.34,normal,16.5
3140,3360.77,3370.02,718,858,1.0,9.25,normal,29.67
3137,3358.93,3370.42,168,248,0.0,11.49,normal,187.97
3139,3360.26,3370.86,729,981,1.0,10.6,normal,87.72
3143,3364.24,3371.76,526,1050,1.0,7.52,normal,44.81
3138,3360.03,3372.44,341,1057,0.0,12.41,normal,28.58
3144,3365.48,3372.92,341,836,0.0,7.44,normal,57.79
3142,3361.55,3374.96,223,510,1.0,13.41,normal,122.9
3146,3366.42,3375.06,117,1050,0.0,8.64,normal,45.8
3145,3366.1,3375.09,446,1060,1.0,8.99,normal,124.95
3141,3361.15,3375.23,516,832,1.0,14.08,normal,14.48
3121,3340.17,3377.64,1042,1085,0.0,37.47,abnormal,0.58
3149,3370.86,3379.99,168,797,1.0,9.13,normal,64.22
3147,3370.02,3380.57,827,1082,0.0,10.55,normal,32.46
3100,3320.86,3380.86,352,1078,0.5,60.0,timelimit,34.18
3150,3371.76,3381.07,940,1023,1.0,9.31,normal,17.29
3152,3372.92,3381.86,167,1089,1.0,8.94,normal,41.53
3153,3374.96,3383.14,223,262,0.0,8.18,normal,73.54
3154,3375.06,3384.19,117,943,1.0,9.13,normal,51.74
3156,3375.23,3385.66,275,809,1.0,10.43,normal,100.18
3151,3372.44,3385.82,998,1052,1.0,13.38,normal,218.71
3148,3370.42,3386.54,49,248,0.0,16.12,normal,112.84
3161,3381.07,3388.8,943,1081,0.0,7.73,normal,26.17
3155,3375.09,3389.29,605,720,1.0,14.2,normal,15.77
3163,3383.14,3389.7,970,1079,1.0,6.56,normal,15.89
3158,3379.99,3389.9,168,346,1.0,9.91,normal,41.14
3157,3377.64,3390.13,40,510,0.0,12.49,normal,60.25
3162,3381.86,3391.25,340,357,1.0,9.39,normal,21.05
3159,3380.57,3391.35,446,759,0.0,10.78,normal,69.11
3160,3380.86,3391.81,718,1078,1.0,10.95,normal,228.19
3164,3384.19,3394.13,940,1065,1.0,9.94,normal,4.18
3165,3385.66,3395.26,1008,1049,1.0,9.6,normal,329.84
3170,3389.7,3397.17,262,732,1.0,7.47,normal,7.61
3166,3385.82,3398.44,112,1052,1.0,12.62,normal,73.25
3169,3389.29,3398.76,832,1030,0.0,9.47,normal,175.49
3171,3389.9,3399.85,699,1081,0.0,9.95,normal,2.02
3167,3386.54,3400.4,248,759,1.0,13.86,normal,220.44
3172,3390.13,3401.06,115,1044,1.0,10.93,normal,239.16
3176,3394.13,3401.85,720,1065,1.0,7.72,normal,11.21
3173,3391.25,3402.69,961,971,1.0,11.44,normal,44.9
3174,3391.35,3403.28,201,876,1.0,11.93,normal,96.98
3168,3388.8,3403.42,496,730,1.0,14.62,normal,18.06
3175,3391.81,3403.56,49,1078,1.0,11.75,normal,419.05
3177,3395.26,3403.6,275,943,0.0,8.34,normal,26.11
3178,3397.17,3405.3,732,1045,1.0,8.13,normal,25.76
3180,3398.76,3407.3,797,1026,1.0,8.54,normal,279.6
3186,3403.28,3408.75,275,1081,0.0,5.47,normal,31.57
3179,3398.44,3410.12,981,1052,1.0,11.68,normal,131.8
3187,3403.42,3410.36,526,1085,0.0,6.94,abnormal,19.64
3182,3400.4,3410.48,167,605,1.0,10.08,normal,35.91
3190,3405.3,3411.56,729,732,0.0,6.26,normal,233.17
3181,3399.85,3411.88,940,1050,0.0,12.03,normal,4.58
3183,3401.06,3412.07,201,1008,1.0,11.01,normal,32.69
3184,3401.85,3412.38,516,720,1.0,10.53,normal,11.45
3189,3403.6,3412.88,49,346,1.0,9.28,normal,120.71
3185,3402.69,3414.0,971,1060,1.0,11.31,normal,25.36
3192,3408.75,3418.43,708,876,0.0,9.68,normal,43.51
3191,3407.3,3419.45,966,1057,1.0,12.15,normal,257.98
3196,3411.56,3420.67,699,1008,1.0,9.11,normal,43.6
3193,3410.12,3420.79,605,1058,1.0,10.67,normal,24.39
3198,3412.07,3423.54,40,1045,1.0,11.47,normal,15.01
3197,3411.88,3423.69,115,1030,1.0,11.81,normal,22.61
3194,3410.36,3424.52,526,1042,1.0,14.16,normal,34.29
3206,3423.54,3426.41,953,970,0.0,2.87,abnormal,0.61
3201,3414.0,3426.49,809,960,0.0,12.49,normal,196.33
3195,3410.48,3427.52,779,939,0.0,17.04,normal,42.09
3200,3412.88,3428.65,836,1038,1.0,15.77,normal,3.42
3199,3412.38,3429.09,720,977,1.0,16.71,abnormal,66.04
3203,3419.45,3429.16,340,517,0.0,9.71,normal,32.83
3207,3423.69,3429.52,338,1030,0.0,5.83,normal,14.79
3202,3418.43,3431.54,357,759,0.0,13.11,normal,10.37
3204,3420.67,3431.62,779,1050,0.0,10.95,normal,94.19
3205,3420.79,3432.67,117,1007,0.0,11.88,normal,93.23
3212,3428.65,3435.09,858,953,0.0,6.44,normal,32.44
3210,3426.49,3435.17,970,1052,1.0,8.68,normal,262.98
3208,3424.52,3435.59,526,708,1.0,11.07,normal,78.69
3211,3427.52,3436.02,1054,1085,1.0,8.5,normal,1.73
3215,3429.52,3436.16,262,1030,0.0,6.64,normal,33.38
3209,3426.41,3437.87,876,939,0.0,11.46,normal,16.66
3216,3431.54,3438.34,40,357,0.0,6.8,normal,2.95
3213,3429.09,3440.71,939,977,0.0,11.62,normal,40.29
3214,3429.16,3442.19,248,730,1.0,13.03,normal,68.96
3217,3431.62,3442.59,637,961,0.0,10.97,normal,50.41
3218,3432.67,3442.99,223,759,1.0,10.32,normal,42.33
3221,3435.59,3444.77,708,1085,0.0,9.18,normal,74.95
3219,3435.09,3445.49,858,1080,0.0,10.4,normal,36.62
3222,3436.02,3445.66,352,939,0.0,9.64,normal,122.28
3223,3436.16,3445.97,779,836,1.0,9.81,normal,88.52
3220,3435.17,3446.03,518,901,0.0,10.86,normal,10.53
3225,3438.34,3446.87,637,1054,1.0,8.53,normal,0.66
3224,3437.87,3448.23,112,876,0.0,10.36,normal,7.35
3230,3444.77,3450.9,708,960,0.0,6.13,normal,144.97
3226,3440.71,3450.97,167,338,1.0,10.26,normal,98.71
3229,3442.99,3451.03,940,1081,0.0,8.04,normal,50.77
3227,3442.19,3452.9,1082,1089,0.0,10.71,normal,50.66
3231,3445.49,3453.73,1058,1079,0.0,8.24,normal,14.81
3235,3446.87,3456.36,518,961,0.0,9.49,normal,45.34
3234,3446.03,3456.5,516,981,1.0,10.47,normal,24.85
3228,3442.59,3456.57,1026,1044,0.0,13.98,normal,153.62
3232,3445.66,3456.81,718,971,0.0,11.15,normal,4.37
3238,3450.97,3457.21,953,1007,1.0,6.24,normal,32.91
3236,3448.23,3458.12,112,1023,0.0,9.89,normal,47.47
3233,3445.97,3462.1,201,1054,0.0,16.13,normal,4.31
3242,3456.36,3463.33,961,1008,1.0,6.97,normal,59.74
3237,3450.9,3463.35,943,1038,1.0,12.45,normal,20.67
3188,3403.56,3463.56,1049,1078,0.5,60.0,timelimit,71.61
3241,3453.73,3463.9,1080,1089,1.0,10.17,normal,68.88
3240,3452.9,3464.86,1058,1060,0.0,11.96,normal,9.77
3243,3456.5,3465.71,338,496,0.0,9.21,normal,122.66
3245,3456.81,3466.12,40,341,1.0,9.31,normal,206.26
3239,3451.03,3466.43,827,998,0.0,15.4,normal,59.91
3246,3457.21,3466.65,759,1038,1.0,9.44,normal,163.41
3244,3456.57,3470.03,836,876,0.0,13.46,normal,39.96
3257,3466.65,3471.78,341,729,0.0,5.13,abnormal,0.51
3250,3463.35,3472.22,720,1081,1.0,8.87,normal,52.3
3253,3464.86,3472.3,970,1060,0.0,7.44,normal,39.5
3252,3463.9,3473.53,901,1054,0.0,9.63,normal,18.39
3255,3466.12,3473.59,223,357,1.0,7.47,normal,67.18
3249,3463.33,3474.01,168,510,0.0,10.68,normal,90.91
3254,3465.71,3474.2,732,953,1.0,8.49,normal,43.56
3248,3462.1,3474.25,517,759,0.0,12.15,normal,24.9
3251,3463.56,3476.06,960,1049,1.0,12.5,normal,368.53
3256,3466.43,3481.23,827,971,1.0,14.8,normal,47.8
3258,3470.03,3481.53,876,1044,1.0,11.5,normal,2.71
3259,3471.78,3483.07,340,518,0.0,11.29,normal,62.51
3260,3476.06,3488.51,1026,1049,1.0,12.45,normal,56.62
3261,3481.23,3490.06,729,827,0.0,8.83,normal,105.93
3262,3488.51,3501.85,1045,1049,1.0,13.34,normal,362.56
3247,3458.12,3518.12,112,809,0.5,60.0,timelimit,16.8
3270,3518.12,3524.61,970,1080,0.0,6.49,normal,1.13
3266,3518.12,3527.01,1060,1082,1.0,8.89,normal,20.15
3265,3518.12,3527.28,352,981,0.0,9.16,normal,132.66
3273,3518.12,3527.59,708,1065,1.0,9.47,normal,29.53
3274,3518.12,3528.42,248,346,1.0,10.3,normal,258.64
3264,3518.12,3528.64,779,809,0.0,10.52,normal,17.76
3271,3518.12,3529.54,759,827,1.0,11.42,normal,127.73
3267,3518.12,3530.34,517,966,0.0,12.22,normal,64.06
3263,3518.12,3530.51,699,1089,1.0,12.39,normal,21.18
3268,3518.12,3530.53,637,1079,1.0,12.41,normal,19.74
3269,3518.12,3533.41,201,1058,0.5,15.29,normal,12.05
3276,3527.01,3535.14,970,1060,0.0,8.13,normal,6.18
3272,3518.12,3535.39,201,971,1.0,17.27,normal,3.59
3277,3527.28,3536.41,699,981,0.0,9.13,normal,57.87
3283,3530.51,3540.55,352,721,0.0,10.04,normal,67.87
3278,3527.59,3540.89,167,518,1.0,13.3,normal,21.83
3284,3530.53,3540.95,496,966,0.0,10.42,normal,65.53
3282,3530.34,3541.61,223,732,1.0,11.27,normal,50.54
3281,3529.54,3542.11,516,1058,0.0,12.57,normal,19.46
3280,3528.64,3542.28,518,1045,0.0,13.64,normal,31.04
3285,3533.41,3542.29,901,1007,1.0,8.88,normal,5.21
3287,3535.39,3544.93,699,1058,0.0,9.54,normal,11.02
3286,3535.14,3545.38,40,699,1.0,10.24,normal,75.04
3288,3536.41,3548.26,637,981,1.0,11.85,normal,71.03
3295,3542.29,3548.93,1060,1081,1.0,6.64,normal,39.58
3289,3540.55,3550.33,168,446,0.0,9.78,normal,37.12
3292,3541.61,3551.28,809,1007,0.0,9.67,normal,146.39
3290,3540.89,3551.41,167,1082,1.0,10.52,normal,46.55
3294,3542.28,3553.57,526,637,1.0,11.29,normal,3.92
3291,3540.95,3553.79,729,836,0.0,12.84,normal,69.04
3293,3542.11,3555.83,930,940,0.0,13.72,normal,13.95
3296,3544.93,3555.98,115,1030,0.0,11.05,normal,21.99
3298,3548.26,3556.26,341,981,0.0,8.0,normal,84.44
3297,3545.38,3557.08,223,496,0.0,11.7,normal,73.36
3300,3550.33,3558.29,117,729,0.0,7.96,normal,48.68
3279,3528.42,3559.09,721,1049,1.0,30.67,normal,174.95
3299,3548.93,3560.06,729,1079,0.0,11.13,normal,154.81
3306,3555.98,3562.28,517,1030,1.0,6.3,normal,42.56
3304,3553.79,3562.86,167,721,1.0,9.07,normal,189.91
3305,3555.83,3564.72,357,998,1.0,8.89,normal,39.19
3303,3553.57,3564.86,516,718,0.0,11.29,normal,31.58
3302,3551.41,3567.2,275,516,0.0,15.79,normal,7.33
3308,3557.08,3567.67,721,732,0.0,10.59,normal,234.63
3301,3551.28,3568.04,49,1023,0.0,16.76,abnormal,259.35
3312,3562.28,3569.61,262,346,0.0,7.33,normal,33.79
3310,3559.09,3569.69,1044,1049,1.0,10.6,normal,224.17
3309,3558.29,3570.73,117,797,0.0,12.44,normal,136.84
3314,3564.72,3574.72,248,1026,1.0,10.0,normal,565.59
3311,3560.06,3574.93,201,1079,1.0,14.87,normal,14.12
3315,3564.86,3575.73,40,797,1.0,10.87,normal,41.53
3316,3567.2,3577.27,759,953,1.0,10.07,normal,63.26
3320,3569.69,3577.33,262,759,1.0,7.64,normal,30.69
3313,3562.86,3578.3,446,970,1.0,15.44,normal,119.52
3319,3569.61,3578.9,1045,1079,0.0,9.29,normal,35.25
3317,3567.67,3578.94,112,1044,0.0,11.27,normal,33.87
3318,3568.04,3579.58,930,971,1.0,11.54,normal,39.54
3323,3574.93,3583.25,526,1060,1.0,8.32,normal,33.55
3321,3570.73,3583.53,117,1085,1.0,12.8,normal,95.98
3324,3575.73,3584.54,510,960,0.0,8.81,normal,24.89
3275,3524.61,3584.61,977,1052,0.5,60.0,timelimit,101.21
3326,3577.33,3585.49,168,357,1.0,8.16,normal,18.8
3325,3577.27,3585.95,1054,1079,0.0,8.68,normal,1.06
3322,3574.72,3586.32,340,518,0.0,11.6,normal,58.27
3327,3578.3,3587.28,446,732,0.0,8.98,normal,56.64
3330,3579.58,3588.94,901,971,1.0,9.36,normal,35.37
3328,3578.9,3592.02,115,966,1.0,13.12,normal,39.09
3332,3583.53,3592.06,117,876,0.0,8.53,normal,10.41
3336,3585.95,3592.88,510,998,1.0,6.93,normal,1.1
3333,3584.54,3593.66,49,960,1.0,9.12,normal,106.26
3335,3585.49,3595.31,357,961,0.0,9.82,normal,1.3
3337,3586.32,3597.29,729,1045,0.0,10.97,normal,187.65
3338,3587.28,3597.64,605,858,1.0,10.36,normal,5.83
3329,3578.94,3597.94,112,352,1.0,19.0,abnormal,78.38
3339,3588.94,3598.02,930,1085,1.0,9.08,normal,17.79
3334,3584.61,3598.6,836,1052,1.0,13.99,normal,144.3
3331,3583.25,3598.73,201,518,1.0,15.48,normal,11.73
3341,3592.06,3600.78,117,1044,0.0,8.72,normal,15.35
3342,3592.88,3601.42,708,1049,1.0,8.54,normal,240.35
3340,3592.02,3603.35,1038,1042,0.0,11.33,abnormal,36.3
3343,3593.66,3603.36,223,960,0.0,9.7,normal,91.7
3344,3595.31,3607.09,961,1080,1.0,11.78,normal,23.25
3349,3598.6,3607.28,732,1052,1.0,8.68,normal,323.85
3347,3597.94,3607.83,112,718,0.0,9.89,normal,130.6
3345,3597.29,3608.09,340,357,1.0,10.8,normal,15.42
3348,3598.02,3608.66,953,1065,1.0,10.64,normal,113.84
3350,3598.73,3609.71,40,759,1.0,10.98,normal,22.87
3354,3603.36,3610.21,960,998,0.0,6.85,abnormal,53.26
3351,3600.78,3610.31,516,943,1.0,9.53,normal,2.36
3346,3597.64,3610.42,858,901,0.0,12.78,normal,42.37
3353,3603.35,3611.87,637,1054,0.0,8.52,normal,7.76
3352,3601.42,3615.3,49,1085,0.0,13.88,normal,209.46
3307,3556.26,3616.26,832,981,0.5,60.0,timelimit,3.27
3358,3608.09,3617.26,1079,1080,1.0,9.17,normal,22.44
3360,3609.71,3617.38,1007,1082,1.0,7.67,normal,11.11
3357,3607.83,3617.56,961,1030,0.0,9.73,normal,47.01
3355,3607.09,3618.66,517,1007,1.0,11.57,normal,107.41
3364,3611.87,3619.03,1054,1080,1.0,7.16,normal,39.85
3362,3610.31,3620.4,510,1081,1.0,10.09,normal,41.55
3363,3610.42,3622.88,939,940,1.0,12.46,normal,31.22
3361,3610.21,3623.94,340,759,0.0,13.73,normal,40.01
3370,3618.66,3625.21,262,338,0.0,6.55,normal,23.14
3369,3617.56,3626.12,730,832,1.0,8.56,normal,290.32
3365,3615.3,3627.0,49,496,0.0,11.7,normal,72.53
3368,3617.38,3627.55,729,1080,0.0,10.17,normal,187.81
3356,3607.28,3628.54,939,1052,0.5,21.26,normal,140.84
3367,3617.26,3630.64,708,1057,1.0,13.38,normal,8.79
3372,3620.4,3630.69,201,858,0.0,10.29,normal,44.32
3366,3616.26,3630.7,981,1057,1.0,14.44,normal,32.03
3378,3627.55,3632.03,346,510,1.0,4.48,normal,18.52
3371,3619.03,3632.44,832,1038,1.0,13.41,normal,34.2
3373,3622.88,3632.71,971,1007,1.0,9.83,normal,28.54
3375,3625.21,3633.5,939,966,0.0,8.29,normal,246.0
3382,3630.7,3636.55,352,1008,0.0,5.85,normal,224.12
3380,3630.64,3637.74,446,1030,1.0,7.1,normal,5.71
3374,3623.94,3637.84,340,998,1.0,13.9,normal,22.41
3377,3627.0,3639.34,496,940,1.0,12.34,normal,300.34
3376,3626.12,3640.2,117,275,1.0,14.08,normal,54.04
3381,3630.69,3641.47,40,1060,1.0,10.78,normal,52.41
3379,3628.54,3641.84,112,1052,1.0,13.3,normal,74.23
3386,3633.5,3642.0,827,1081,0.0,8.5,normal,17.01
3384,3632.44,3642.67,357,1058,1.0,10.23,normal,56.77
3385,3632.71,3643.16,718,971,1.0,10.45,normal,16.86
3383,3632.03,3643.51,223,517,1.0,11.48,normal,28.68
3389,3637.84,3646.15,338,340,1.0,8.31,normal,59.21
3387,3636.55,3648.4,518,998,1.0,11.85,normal,26.42
3390,3639.34,3649.05,832,943,1.0,9.71,normal,0.35
3392,3641.47,3649.43,1045,1060,1.0,7.96,normal,15.55
3388,3637.74,3650.58,981,1038,0.0,12.84,normal,45.44
3393,3641.84,3650.88,40,168,1.0,9.04,normal,8.03
3397,3643.51,3651.89,876,1049,1.0,8.38,normal,252.01
3391,3640.2,3652.98,977,1078,1.0,12.78,normal,127.76
3394,3642.0,3654.18,699,901,1.0,12.18,normal,60.21
3396,3643.16,3655.75,275,1057,0.0,12.59,normal,40.15
3404,3651.89,3658.45,340,1049,1.0,6.56,abnormal,385.35
3403,3650.88,3658.46,40,167,1.0,7.58,normal,51.51
3401,3649.43,3658.56,223,809,1.0,9.13,normal,297.65
3398,3646.15,3658.93,721,1044,0.0,12.78,normal,60.07
3400,3649.05,3660.1,275,977,1.0,11.05,normal,46.11
3399,3648.4,3661.15,346,518,1.0,12.75,normal,58.96
3407,3655.75,3661.5,953,1045,1.0,5.75,normal,11.69
3405,3652.98,3662.77,517,1060,1.0,9.79,normal,82.77
3402,3650.58,3663.37,981,1052,1.0,12.79,normal,157.67
3395,3642.67,3663.68,720,1042,1.0,21.01,normal,8.98
3406,3654.18,3664.75,901,1057,1.0,10.57,normal,130.58
3411,3658.93,3668.08,1044,1065,1.0,9.15,normal,5.45
3359,3608.66,3668.66,943,1089,0.5,60.0,timelimit,3.74
3410,3658.56,3669.22,961,970,0.0,10.66,normal,54.36
3408,3658.45,3671.05,605,718,0.0,12.6,normal,15.31
3412,3660.1,3672.13,341,352,0.0,12.03,normal,71.54
3414,3661.5,3673.36,721,779,0.0,11.86,normal,7.91
3418,3664.75,3673.67,510,901,0.0,8.92,normal,7.4
3415,3662.77,3674.66,809,1078,0.0,11.89,normal,97.75
3417,3663.68,3675.92,516,720,0.0,12.24,normal,9.86
3416,3663.37,3675.98,248,496,1.0,12.61,normal,69.27
3409,3658.46,3676.78,832,1050,1.0,18.32,normal,15.52
3421,3669.22,3678.8,637,1085,1.0,9.58,normal,17.8
3413,3661.15,3678.86,708,836,0.0,17.71,normal,15.04
3420,3668.66,3680.81,340,797,0.0,12.15,normal,20.51
3423,3672.13,3681.09,827,1023,0.0,8.96,abnormal,21.97
3425,3673.67,3682.54,901,1085,1.0,8.87,normal,53.74
3422,3671.05,3682.84,718,1058,0.0,11.79,normal,23.25
3419,3668.08,3683.91,275,1065,0.0,15.83,normal,19.2
3430,3678.8,3684.51,338,1030,0.0,5.71,normal,9.09
3424,3673.36,3685.58,352,1026,0.0,12.22,normal,29.35
3428,3675.98,3688.29,248,1058,1.0,12.31,normal,331.45
3427,3675.92,3688.32,876,1038,0.0,12.4,normal,14.36
3429,3676.78,3688.37,168,262,1.0,11.59,normal,19.31
3434,3682.54,3689.41,953,970,0.0,6.87,abnormal,17.51
3431,3678.86,3689.44,708,832,1.0,10.58,normal,47.32
3433,3681.09,3690.18,1008,1081,0.0,9.09,normal,6.88
3435,3682.84,3690.2,718,1008,0.0,7.36,normal,5.72
3432,3680.81,3690.44,117,1038,0.0,9.63,normal,13.02
3437,3684.51,3691.7,338,517,0.0,7.19,normal,2.23
3436,3683.91,3693.55,732,966,0.0,9.64,normal,70.49
3441,3688.37,3695.99,262,357,0.0,7.62,normal,8.56
3440,3688.32,3696.11,1007,1049,1.0,7.79,normal,330.76
3446,3690.44,3696.79,117,1042,0.0,6.35,normal,61.6
3438,3685.58,3696.96,779,1026,0.0,11.38,normal,107.4
3443,3689.44,3699.04,708,953,0.0,9.6,normal,118.92
3445,3690.2,3699.91,346,961,0.0,9.71,normal,5.01
3450,3696.11,3701.57,340,953,0.0,5.46,normal,0.5
3447,3691.7,3702.32,827,1085,0.0,10.62,normal,14.05
3439,3688.29,3703.22,201,1008,1.0,14.93,normal,9.13
3448,3693.55,3704.19,517,732,0.0,10.64,normal,17.66
3444,3690.18,3705.52,858,1085,0.0,15.34,normal,16.41
3442,3689.41,3705.87,637,1050,0.0,16.46,normal,45.77
3456,3702.32,3707.92,1007,1054,0.0,5.6,normal,20.31
3453,3699.04,3709.56,943,1057,1.0,10.52,normal,43.96
3451,3696.79,3709.82,112,1038,0.0,13.03,normal,59.29
3455,3701.57,3710.2,720,930,0.0,8.63,normal,13.97
3449,3695.99,3710.54,1050,1065,1.0,14.55,normal,42.21
3452,3696.96,3710.97,779,939,0.0,14.01,normal,68.97
3457,3703.22,3712.67,49,730,0.0,9.45,normal,74.08
3454,3699.91,3712.67,797,961,1.0,12.76,normal,37.95
3458,3704.19,3713.04,759,960,1.0,8.85,normal,41.75
3460,3705.87,3715.14,971,1050,1.0,9.27,normal,5.22
3463,3709.82,3715.77,357,970,1.0,5.95,normal,27.96
3461,3707.92,3716.95,876,940,1.0,9.03,normal,27.66
3462,3709.56,3717.44,275,940,1.0,7.88,normal,21.24
3465,3710.54,3717.5,338,858,1.0,6.96,normal,131.54
3464,3710.2,3719.72,526,1008,0.0,9.52,normal,29.17
3467,3712.67,3720.11,49,115,0.0,7.44,normal,2.13
3459,3705.52,3720.75,510,797,1.0,15.23,normal,13.64
3469,3713.04,3723.05,117,939,0.0,10.01,normal,49.55
3468,3712.67,3723.61,223,759,1.0,10.94,normal,48.82
3470,3715.14,3724.48,940,971,1.0,9.34,normal,40.96
3466,3710.97,3725.11,943,1050,0.0,14.14,normal,31.26
3472,3716.95,3727.4,876,1026,1.0,10.45,normal,154.25
3471,3715.77,3728.23,699,1050,1.0,12.46,normal,11.33
3474,3717.5,3729.37,518,1080,1.0,11.87,normal,32.21
3476,3720.11,3729.38,49,338,1.0,9.27,normal,33.55
3475,3719.72,3729.84,516,730,0.0,10.12,normal,283.6
3477,3720.75,3730.64,248,960,1.0,9.89,normal,270.54
3478,3723.05,3731.53,720,1058,0.0,8.48,normal,24.39
3473,3717.44,3732.77,167,797,0.0,15.33,normal,1.31
3479,3723.61,3733.0,759,970,1.0,9.39,normal,68.8
3480,3724.48,3733.89,1007,1008,1.0,9.41,normal,13.14
3426,3674.66,3734.66,981,1078,0.5,60.0,timelimit,178.27
3485,3729.38,3737.47,115,338,0.0,8.09,normal,58.8
3487,3730.64,3738.25,960,1045,0.0,7.61,normal,5.6
3489,3732.77,3740.54,275,943,1.0,7.77,normal,8.76
3486,3729.84,3741.93,168,223,0.0,12.09,normal,54.55
3481,3725.11,3743.55,939,1057,1.0,18.44,normal,50.27
3483,3728.23,3744.06,940,1023,1.0,15.83,abnormal,13.44
3493,3737.47,3744.94,338,732,0.0,7.47,normal,2.6
3490,3733.0,3745.46,998,1080,1.0,12.46,normal,14.75
3484,3729.37,3745.6,637,832,0.0,16.23,normal,44.61
3491,3733.89,3747.59,496,730,1.0,13.7,normal,1.8
3494,3738.25,3747.92,341,357,0.0,9.67,normal,245.85
3498,3744.06,3751.13,526,1054,1.0,7.07,normal,10.41
3499,3744.94,3752.75,40,338,0.0,7.81,normal,6.43
3495,3740.54,3753.34,779,1054,0.0,12.8,normal,174.79
3492,3734.66,3753.45,352,1078,0.0,18.79,normal,4.56
3497,3743.55,3753.66,168,1045,0.0,10.11,normal,43.61
3496,3741.93,3755.56,167,510,0.0,13.63,normal,4.51
3500,3745.46,3756.24,971,1085,1.0,10.78,normal,9.07
3502,3747.59,3758.05,943,1023,1.0,10.46,abnormal,9.93
3501,3745.6,3758.11,977,1057,0.0,12.51,normal,2.19
3504,3751.13,3760.88,797,953,0.0,9.75,normal,7.8
3506,3753.34,3764.42,112,836,0.0,11.08,normal,86.67
3508,3753.66,3764.42,223,836,1.0,10.76,normal,221.01
3510,3756.24,3764.93,971,1079,0.0,8.69,normal,51.51
3503,3747.92,3765.19,201,1054,1.0,17.27,normal,6.35
3507,3753.45,3765.47,1057,1078,0.0,12.02,normal,106.6
3511,3758.05,3766.91,518,970,1.0,8.86,normal,17.25
3505,3752.75,3767.14,516,827,1.0,14.39,normal,8.58
3509,3755.56,3768.96,115,779,1.0,13.4,normal,309.47
3512,3758.11,3769.74,1008,1089,1.0,11.63,normal,36.08
3513,3760.88,3771.71,797,1080,1.0,10.83,normal,22.98
3516,3764.93,3773.93,510,1008,1.0,9.0,normal,49.3
3515,3764.42,3774.07,517,961,0.0,9.65,normal,43.51
3518,3765.47,3777.05,836,930,0.0,11.58,normal,28.75
3519,3766.91,3778.38,1044,1052,1.0,11.47,normal,157.81
3514,3764.42,3779.06,836,1082,0.0,14.64,normal,30.67
3517,3765.19,3779.28,201,720,0.0,14.09,normal,59.44
3522,3769.74,3779.53,1042,1089,0.0,9.79,normal,6.08
3520,3767.14,3780.56,275,827,1.0,13.42,normal,0.06
3523,3771.71,3781.49,729,876,0.0,9.78,normal,80.89
3524,3773.93,3783.29,518,1081,1.0,9.36,normal,17.49
3525,3774.07,3785.23,836,1042,1.0,11.16,abnormal,8.65
3521,3768.96,3786.02,779,1023,0.0,17.06,normal,89.14
3482,3727.4,3787.4,939,1026,0.5,60.0,timelimit,173.54
3527,3778.38,3788.52,721,943,1.0,10.14,normal,95.65
3529,3779.28,3790.64,248,262,1.0,11.36,normal,265.84
3528,3779.06,3790.83,1038,1049,1.0,11.77,normal,269.86
3530,3779.53,3790.95,605,1089,1.0,11.42,normal,26.02
3488,3731.53,3791.53,1079,1082,0.5,60.0,timelimit,51.77
3533,3783.29,3792.73,338,966,1.0,9.44,normal,72.2
3532,3781.49,3794.62,275,939,1.0,13.13,normal,0.8
3526,3777.05,3794.84,275,901,0.0,17.79,normal,104.12
3531,3780.56,3796.09,827,858,1.0,15.53,normal,40.63
3535,3786.02,3796.14,729,939,0.0,10.12,normal,103.87
3537,3788.52,3796.51,341,977,1.0,7.99,normal,46.45
3534,3785.23,3797.99,115,732,1.0,12.76,normal,36.97
3540,3790.95,3801.78,930,1058,0.0,10.83,abnormal,21.81
3539,3790.83,3802.31,708,940,1.0,11.48,normal,24.46
3541,3791.53,3802.74,346,1065,1.0,11.21,normal,154.58
3538,3790.64,3803.3,605,1054,0.0,12.66,normal,27.77
3547,3796.51,3804.46,718,1081,1.0,7.95,normal,3.71
3543,3794.62,3804.57,262,496,0.0,9.95,normal,189.67
3545,3796.09,3806.41,720,730,0.0,10.32,normal,259.18
3546,3796.14,3806.67,112,1030,0.0,10.53,normal,287.16
3552,3803.3,3806.95,729,809,1.0,3.65,abnormal,4.71
3542,3792.73,3809.02,729,1078,0.0,16.29,normal,56.15
3549,3801.78,3809.11,998,1060,0.0,7.33,normal,1.72
3544,3794.84,3809.45,516,699,1.0,14.61,normal,26.24
3551,3802.74,3812.31,168,346,1.0,9.57,normal,17.97
3554,3804.57,3812.51,1023,1044,0.0,7.94,abnormal,1.49
3557,3806.95,3814.35,117,940,0.5,7.4,normal,59.82
3553,3804.46,3814.91,49,446,1.0,10.45,normal,0.5
3548,3797.99,3816.09,115,248,0.0,18.1,normal,167.26
3560,3809.45,3816.38,953,1060,0.0,6.93,normal,38.17
3550,3802.31,3818.09,779,953,0.5,15.78,normal,227.43
3556,3806.67,3818.72,167,526,1.0,12.05,normal,9.23
3559,3809.11,3819.71,510,1045,1.0,10.6,normal,13.73
3555,3806.41,3820.59,730,966,1.0,14.18,normal,60.97
3562,3812.51,3820.68,357,960,0.0,8.17,normal,36.71
3558,3809.02,3821.21,1038,1080,0.0,12.19,normal,76.12
3561,3812.31,3822.44,1050,1081,0.0,10.13,normal,18.13
3564,3814.91,3823.59,262,446,0.0,8.68,normal,89.88
3566,3816.38,3824.18,718,953,1.0,7.8,normal,49.01
3565,3816.09,3824.93,40,346,0.0,8.84,abnormal,40.76
3563,3814.35,3826.14,341,836,0.0,11.79,normal,104.05
3568,3818.72,3827.72,526,1082,1.0,9.0,normal,23.91
3569,3819.71,3829.63,1052,1060,1.0,9.92,normal,265.51
3567,3818.09,3830.51,729,1044,0.0,12.42,normal,110.4
3574,3823.59,3830.95,446,517,1.0,7.36,normal,47.88
3571,3820.68,3831.84,352,836,1.0,11.16,normal,179.05
3575,3824.18,3832.2,262,1045,1.0,8.02,normal,5.79
3572,3821.21,3832.26,1042,1050,0.0,11.05,normal,28.56
3573,3822.44,3832.47,1081,1082,0.0,10.03,normal,3.94
3570,3820.59,3833.43,832,930,1.0,12.84,normal,14.13
3577,3826.14,3836.5,876,977,0.0,10.36,normal,68.26
3582,3831.84,3840.15,971,1058,1.0,8.31,normal,37.69
3578,3827.72,3840.59,526,605,0.0,12.87,normal,37.25
3581,3830.95,3840.71,346,446,1.0,9.76,normal,85.64
3584,3832.26,3840.89,832,1089,1.0,8.63,normal,11.15
3576,3824.93,3841.4,827,1008,0.0,16.47,abnormal,55.04
3583,3832.2,3841.62,40,961,0.0,9.42,normal,17.56
3579,3829.63,3841.65,201,977,1.0,12.02,abnormal,150.48
3585,3832.47,3841.76,720,940,1.0,9.29,normal,39.6
3586,3833.43,3842.62,516,809,1.0,9.19,normal,138.85
3580,3830.51,3843.2,605,1085,1.0,12.69,normal,9.42
3536,3787.4,3847.4,721,1026,0.5,60.0,timelimit,74.31
3594,3841.65,3847.67,1054,1082,1.0,6.02,normal,28.72
3588,3840.15,3849.01,699,1054,1.0,8.86,normal,40.22
3596,3842.62,3849.04,340,970,1.0,6.42,normal,15.5
3589,3840.59,3849.38,526,1045,0.0,8.79,normal,34.44
3591,3840.89,3849.71,496,1081,1.0,8.82,normal,267.3
3595,3841.76,3851.24,637,718,0.0,9.48,normal,26.38
3592,3841.4,3852.53,966,1023,1.0,11.13,normal,240.59
3590,3840.71,3854.46,352,446,0.0,13.75,normal,373.8
3597,3843.2,3855.05,1057,1065,0.0,11.85,normal,28.98
3604,3851.24,3855.46,526,1079,0.0,4.22,abnormal,33.89
3593,3841.62,3855.81,248,759,1.0,14.19,normal,225.36
3600,3849.01,3857.49,341,1023,1.0,8.48,normal,97.7
3602,3849.38,3857.97,1085,1089,1.0,8.59,normal,23.85
3601,3849.04,3858.74,1030,1042,1.0,9.7,normal,209.91
3603,3849.71,3861.21,832,1042,1.0,11.5,normal,45.69
3605,3852.53,3862.14,510,605,1.0,9.61,normal,57.44
3599,3847.67,3862.91,112,779,1.0,15.24,normal,8.97
3612,3858.74,3863.61,732,1030,0.0,4.87,normal,33.45
3598,3847.4,3865.66,1026,1052,1.0,18.26,normal,12.16
3608,3855.46,3865.81,797,901,0.0,10.35,normal,0.25
3606,3854.46,3867.47,446,1050,1.0,13.01,normal,181.6
3611,3857.97,3867.47,718,720,1.0,9.5,normal,42.66
3607,3855.05,3870.28,708,721,0.0,15.23,normal,76.39
3609,3855.81,3871.59,115,730,0.0,15.78,normal,85.07
3614,3862.14,3873.22,167,998,0.0,11.08,normal,27.47
3616,3863.61,3874.55,496,1030,0.0,10.94,normal,102.82
3613,3861.21,3874.57,605,827,1.0,13.36,normal,68.86
3615,3862.91,3875.43,112,981,0.0,12.52,normal,79.1
3617,3865.66,3875.56,1026,1089,0.0,9.9,normal,157.56
3610,3857.49,3877.08,168,960,0.0,19.59,abnormal,44.01
3618,3865.81,3877.17,516,1042,1.0,11.36,normal,53.64
3620,3867.47,3878.6,970,998,0.0,11.13,abnormal,0.93
3619,3867.47,3879.69,517,759,1.0,12.22,normal,10.11
3621,3870.28,3882.64,977,1049,1.0,12.36,normal,212.04
3623,3873.22,3883.41,223,346,0.0,10.19,normal,87.34
3628,3877.08,3883.93,340,960,0.0,6.85,normal,18.63
3622,3871.59,3884.23,1044,1079,1.0,12.64,normal,96.86
3626,3875.43,3885.17,49,262,1.0,9.74,normal,103.24
3627,3875.56,3886.18,809,1026,1.0,10.62,normal,52.83
3629,3877.17,3886.19,966,1030,1.0,9.02,normal,9.95
3624,3874.55,3886.88,730,809,1.0,12.33,normal,423.83
3625,3874.57,3889.17,1038,1057,1.0,14.6,normal,56.67
3630,3878.6,3890.78,699,1082,0.0,12.18,normal,4.93
3638,3886.19,3892.98,341,809,0.0,6.79,normal,8.6
3635,3884.23,3893.45,518,858,0.0,9.22,normal,65.77
3634,3883.93,3894.19,961,998,1.0,10.26,normal,58.43
3633,3883.41,3894.64,341,1044,0.0,11.23,normal,107.69
3631,3879.69,3895.46,1050,1058,0.0,15.77,normal,40.04
3587,3836.5,3896.5,876,1078,0.5,60.0,timelimit,130.5
3636,3885.17,3897.2,352,977,1.0,12.03,normal,101.38
3637,3886.18,3897.98,1026,1049,1.0,11.8,normal,112.17
3641,3890.78,3898.28,526,1081,1.0,7.5,normal,15.22
3632,3882.64,3899.28,708,939,0.0,16.64,normal,21.59
3639,3886.88,3902.42,720,943,1.0,15.54,normal,44.76
3645,3894.64,3903.13,40,858,1.0,8.49,normal,116.19
3640,3889.17,3903.66,930,1065,0.0,14.49,normal,53.29
3643,3893.45,3904.48,168,248,0.0,11.03,normal,251.1
3648,3897.2,3905.33,341,721,1.0,8.13,normal,31.92
3642,3892.98,3905.48,167,1080,0.0,12.5,normal,13.93
3644,3894.19,3906.19,605,901,1.0,12.0,normal,55.13
3646,3895.46,3906.75,809,977,1.0,11.29,normal,33.85
3650,3898.28,3907.85,112,876,1.0,9.57,normal,70.21
3654,3903.66,3908.72,943,1065,0.0,5.06,normal,2.8
3647,3896.5,3909.16,1038,1078,1.0,12.66,normal,137.39
3651,3899.28,3910.27,708,1023,1.0,10.99,normal,6.36
3649,3897.98,3910.72,1049,1052,0.0,12.74,normal,124.67
3659,3906.75,3913.69,858,1089,1.0,6.94,normal,24.86
3656,3905.33,3914.52,605,1007,0.0,9.19,normal,3.64
3660,3907.85,3915.51,201,341,1.0,7.66,normal,184.0
3662,3909.16,3917.14,168,1078,1.0,7.98,normal,292.72
3661,3908.72,3917.46,876,1065,0.0,8.74,normal,19.66
3653,3903.13,3917.54,797,1007,0.0,14.41,normal,43.01
3657,3905.48,3918.97,167,357,1.0,13.49,normal,49.84
3655,3904.48,3919.28,49,248,0.0,14.8,normal,175.38
3663,3910.27,3920.93,496,732,0.0,10.66,normal,140.44
3664,3910.72,3922.51,223,730,0.0,11.79,normal,91.93
3666,3914.52,3923.03,961,1023,0.0,8.51,normal,184.83
3658,3906.19,3926.43,930,1042,0.0,20.24,abnormal,43.72
3665,3913.69,3926.44,637,858,0.0,12.75,normal,8.45
3668,3917.14,3928.75,115,1078,1.0,11.61,normal,363.76
3669,3917.46,3930.54,637,1082,1.0,13.08,normal,10.44
3667,3915.51,3931.06,699,827,0.0,15.55,normal,55.19
3671,3928.75,3938.28,115,1089,1.0,9.53,normal,221.84
3670,3926.43,3938.37,779,930,0.0,11.94,normal,116.54
3652,3902.42,3962.42,966,1008,0.5,60.0,timelimit,180.8
3680,3962.42,3964.53,943,953,1.0,2.11,abnormal,128.47
3675,3962.42,3969.92,858,1007,0.0,7.5,normal,32.99
3676,3962.42,3970.6,168,357,1.0,8.18,normal,24.57
3678,3962.42,3971.13,720,1082,0.0,8.71,normal,3.55
3679,3962.42,3971.87,49,939,1.0,9.45,normal,215.74
3683,3962.42,3972.35,901,1080,1.0,9.93,normal,21.83
3672,3962.42,3973.03,797,970,1.0,10.61,normal,26.66
3681,3962.42,3973.77,517,759,1.0,11.35,normal,6.35
3673,3962.42,3973.89,699,939,1.0,11.47,normal,24.68
3677,3962.42,3975.44,201,518,1.0,13.02,normal,7.8
3682,3962.42,3976.21,605,836,1.0,13.79,normal,66.16
3687,3971.13,3977.52,357,960,1.0,6.39,normal,14.13
3684,3964.53,3977.97,779,1057,0.0,13.44,normal,36.52
3691,3973.77,3980.53,953,1060,0.0,6.76,normal,9.26
3686,3970.6,3980.84,718,1058,1.0,10.24,normal,18.21
3685,3969.92,3981.92,943,1089,0.0,12.0,normal,5.71
3689,3972.35,3984.6,836,981,1.0,12.25,normal,7.64
3688,3971.87,3984.85,1038,1049,1.0,12.98,normal,295.27
3694,3976.21,3985.38,341,977,1.0,9.17,normal,22.17
3695,3977.52,3985.42,1050,1085,1.0,7.9,normal,17.64
3690,3973.03,3986.46,836,1057,1.0,13.43,normal,71.12
3697,3980.53,3987.99,970,1060,1.0,7.46,normal,32.59
3696,3977.97,3989.47,729,797,0.0,11.5,normal,210.33
3699,3981.92,3989.5,1065,1089,1.0,7.58,normal,1.81
3698,3980.84,3989.87,943,1044,0.0,9.03,normal,41.16
3692,3973.89,3990.83,729,1052,1.0,16.94,normal,48.98
3674,3962.42,3992.49,112,1026,0.0,30.07,normal,88.6
3702,3985.38,3993.58,827,930,1.0,8.2,normal,20.6
3703,3985.42,3994.42,943,1042,1.0,9.0,normal,7.92
3707,3989.5,3996.99,1007,1080,0.0,7.49,normal,4.15
3704,3986.46,3997.73,718,1045,0.0,11.27,normal,17.24
3700,3984.6,3998.61,516,1008,0.0,14.01,normal,22.01
3705,3987.99,3998.82,729,1058,0.0,10.83,normal,175.47
3693,3975.44,3999.07,115,223,0.0,23.63,normal,4.55
3706,3989.47,3999.19,526,1058,0.0,9.72,normal,2.19
3709,3990.83,3999.47,516,977,1.0,8.64,normal,135.33
3701,3984.85,4000.57,516,1049,1.0,15.72,normal,340.57
3708,3989.87,4001.54,518,1054,1.0,11.67,normal,8.14
3714,3997.73,4002.95,779,1045,0.0,5.22,normal,241.32
3710,3992.49,4006.73,779,1026,0.0,14.24,normal,38.09
3719,3999.47,4007.81,720,1081,1.0,8.34,normal,3.52
3711,3993.58,4007.87,930,943,1.0,14.29,normal,37.45
3712,3994.42,4008.76,797,998,1.0,14.34,normal,21.04
3716,3998.82,4008.81,858,1008,0.5,9.99,normal,37.87
3718,3999.19,4009.02,526,1080,1.0,9.83,normal,27.3
3720,4000.57,4009.08,708,1049,1.0,8.51,normal,278.44
3717,3999.07,4010.7,809,876,1.0,11.63,normal,55.72
3722,4002.95,4011.29,970,1007,0.0,8.34,normal,7.32
3713,3996.99,4013.59,516,1050,1.0,16.6,normal,16.7
3721,4001.54,4013.77,223,966,0.0,12.23,normal,15.31
3725,4007.87,4015.16,1044,1065,1.0,7.29,normal,24.69
3723,4006.73,4017.21,699,1089,0.0,10.48,normal,48.98
3715,3998.61,4017.31,981,1057,1.0,18.7,normal,69.77
3727,4008.81,4017.48,1030,1054,1.0,8.67,normal,145.91
3731,4011.29,4019.7,117,939,0.0,8.41,normal,59.55
3726,4008.76,4020.27,998,1007,1.0,11.51,normal,0.48
3734,4015.16,4023.94,720,858,1.0,8.78,normal,5.25
3728,4009.02,4024.21,516,526,1.0,15.19,normal,24.69
3730,4010.7,4024.61,708,930,0.0,13.91,normal,33.24
3724,4007.81,4024.8,939,1060,0.0,16.99,normal,85.39
3736,4017.31,4025.3,953,960,0.0,7.99,normal,38.45
3732,4013.59,4025.89,40,496,1.0,12.3,normal,142.14
3733,4013.77,4027.39,605,971,1.0,13.62,normal,23.82
3738,4019.7,4029.5,832,1042,1.0,9.8,normal,69.22
3737,4017.48,4031.21,1057,1078,1.0,13.73,normal,70.8
3729,4009.08,4032.27,352,1049,1.0,23.19,normal,146.13
3739,4020.27,4032.84,977,1026,0.0,12.57,normal,50.36
3740,4023.94,4034.2,518,1045,1.0,10.26,normal,47.12
3744,4025.3,4034.55,718,1054,1.0,9.25,normal,24.54
3741,4024.21,4036.27,832,1082,1.0,12.06,normal,6.36
3746,4027.39,4036.47,496,960,1.0,9.08,normal,155.38
3747,4029.5,4037.25,1058,1080,1.0,7.75,normal,0.63
3742,4024.61,4038.25,112,708,0.0,13.64,normal,62.39
3745,4025.89,4038.47,40,730,1.0,12.58,normal,154.16
3735,4017.21,4038.57,201,998,0.0,21.36,normal,19.56
3743,4024.8,4039.15,518,797,0.0,14.35,normal,31.76
3748,4031.21,4039.72,721,971,1.0,8.51,normal,125.02
3750,4032.84,4040.91,827,876,1.0,8.07,normal,47.68
3749,4032.27,4042.41,1007,1082,0.0,10.14,normal,21.62
3751,4034.2,4044.33,901,1079,0.0,10.13,normal,17.57
3754,4036.47,4046.04,115,960,1.0,9.57,normal,86.9
3755,4037.25,4047.2,718,1080,1.0,9.95,normal,28.31
3752,4034.55,4047.22,248,858,1.0,12.67,normal,379.37
3753,4036.27,4047.87,961,966,0.0,11.6,normal,103.93
3756,4038.25,4049.01,720,1085,0.0,10.76,normal,21.49
3759,4039.15,4051.03,275,1065,1.0,11.88,normal,7.61
3757,4038.47,4051.28,809,1045,0.0,12.81,normal,197.9
3758,4038.57,4052.72,699,1078,1.0,14.15,normal,188.09
3764,4046.04,4053.36,970,1054,1.0,7.32,normal,0.54
3765,4047.2,4054.25,262,759,1.0,7.05,normal,38.63
3760,4039.72,4055.51,637,971,1.0,15.79,normal,15.52
3763,4044.33,4055.74,637,730,0.0,11.41,normal,264.85
3767,4047.87,4055.91,901,961,0.0,8.04,normal,29.82
3762,4042.41,4056.95,977,1052,1.0,14.54,normal,60.22
3771,4052.72,4058.68,809,1042,0.0,5.96,normal,54.97
3768,4049.01,4061.11,699,1050,0.0,12.1,normal,11.56
3773,4054.25,4063.35,117,1089,0.0,9.1,normal,69.3
3761,4040.91,4063.37,708,827,1.0,22.46,normal,29.82
3776,4055.91,4063.88,340,901,1.0,7.97,normal,2.7
3774,4055.51,4065.94,779,809,0.0,10.43,normal,45.65
3769,4051.03,4067.0,115,168,0.0,15.97,normal,61.78
3775,4055.74,4067.21,357,759,0.0,11.47,normal,18.12
3772,4053.36,4067.34,836,1065,0.0,13.98,normal,11.7
3777,4056.95,4067.61,510,961,1.0,10.66,normal,17.87
3779,4061.11,4069.94,721,1042,1.0,8.83,normal,53.45
3778,4058.68,4072.44,518,718,0.0,13.76,normal,24.67
3782,4063.88,4074.99,275,708,0.0,11.11,normal,26.53
3780,4063.35,4076.41,201,605,0.0,13.06,normal,9.47
3783,4065.94,4076.42,526,1060,1.0,10.48,normal,29.01
3787,4067.61,4077.28,346,1052,1.0,9.67,normal,326.79
3786,4067.34,4077.4,876,1065,0.0,10.06,normal,51.9
3781,4063.37,4079.26,827,1023,1.0,15.89,normal,21.2
3785,4067.21,4080.32,49,338,0.0,13.11,abnormal,41.95
3784,4067.0,4080.69,168,759,1.0,13.69,normal,22.4
3789,4072.44,4082.36,718,1079,1.0,9.92,normal,6.89
3788,4069.94,4082.87,930,1038,0.0,12.93,normal,19.39
3790,4074.99,4086.85,708,1038,1.0,11.86,normal,4.45
3791,4076.41,4087.07,496,966,1.0,10.66,normal,37.48
3794,4077.4,4087.27,1065,1085,0.0,9.87,normal,27.69
3796,4080.32,4089.31,338,730,0.0,8.99,normal,116.51
3797,4080.69,4091.91,516,637,1.0,11.22,normal,11.67
3798,4082.36,4092.17,779,1042,1.0,9.81,abnormal,105.25
3793,4077.28,4093.85,275,516,0.0,16.57,normal,51.19
3801,4087.07,4095.8,779,876,1.0,8.73,normal,80.09
3795,4079.26,4095.83,827,1042,1.0,16.57,normal,41.98
3800,4086.85,4097.0,49,517,1.0,10.15,normal,44.28
3802,4087.27,4098.99,809,940,0.0,11.72,normal,71.41
3792,4076.42,4102.09,340,1060,1.0,25.67,normal,25.1
3809,4097.0,4102.21,1007,1054,1.0,5.21,normal,14.67
3808,4095.83,4102.99,223,338,1.0,7.16,normal,26.95
3805,4092.17,4105.21,721,1050,0.0,13.04,normal,94.48
3806,4093.85,4105.8,759,961,1.0,11.95,normal,7.28
3807,4095.8,4105.93,971,1050,1.0,10.13,normal,7.84
3766,4047.22,4107.22,858,1082,0.5,60.0,timelimit,26.74
3804,4091.91,4107.42,275,1023,1.0,15.51,normal,34.18
3810,4098.99,4107.84,117,1038,1.0,8.85,normal,79.02
3770,4051.28,4111.28,167,1049,0.5,60.0,timelimit,398.95
3803,4089.31,4111.28,341,352,1.0,21.97,abnormal,53.81
3811,4102.09,4112.75,49,732,1.0,10.66,normal,47.56
3813,4102.99,4113.18,223,832,1.0,10.19,normal,162.46
3816,4105.93,4113.2,446,517,0.0,7.27,normal,48.48
3815,4105.8,4115.19,699,720,1.0,9.39,normal,14.2
3814,4105.21,4115.28,516,1081,1.0,10.07,normal,44.99
3819,4107.84,4118.98,836,876,0.0,11.14,normal,63.46
3821,4111.28,4119.62,1054,1082,1.0,8.34,normal,9.45
3818,4107.42,4120.26,797,1045,0.0,12.84,normal,2.69
3817,4107.22,4120.8,981,1085,1.0,13.58,normal,41.05
3822,4112.75,4121.63,49,357,0.0,8.88,normal,114.83
3824,4113.2,4121.67,352,446,1.0,8.47,abnormal,363.86
3812,4102.21,4122.84,939,1050,0.5,20.63,normal,30.23
3823,4113.18,4123.53,223,262,1.0,10.35,normal,105.49
3825,4115.19,4124.13,720,827,0.0,8.94,normal,15.45
3820,4111.28,4124.61,201,1080,1.0,13.33,normal,15.51
3826,4115.28,4126.38,340,1058,0.0,11.1,normal,27.04
3828,4119.62,4126.7,168,1079,1.0,7.08,normal,74.74
3829,4120.26,4129.45,1049,1050,0.0,9.19,normal,325.13
3830,4120.8,4129.85,943,981,1.0,9.05,normal,39.86
3833,4122.84,4129.87,338,346,1.0,7.03,normal,25.48
3827,4118.98,4130.55,517,730,0.0,11.57,normal,140.06
3834,4123.53,4131.46,998,1060,0.0,7.93,normal,19.02
3835,4124.13,4131.49,858,970,0.0,7.36,normal,40.23
3836,4124.61,4133.19,201,357,0.0,8.58,normal,42.08
3831,4121.63,4135.56,112,1057,0.0,13.93,normal,20.38
3841,4129.87,4136.88,1085,1089,0.0,7.01,normal,28.12
3837,4126.38,4137.15,526,718,0.0,10.77,normal,52.7
3838,4126.7,4137.34,930,1085,1.0,10.64,normal,20.46
3842,4130.55,4138.21,730,1030,0.0,7.66,normal,99.21
3840,4129.85,4138.53,901,1008,1.0,8.68,normal,19.37
3844,4131.49,4141.58,201,953,0.0,10.09,normal,8.98
3799,4082.87,4142.87,1023,1078,0.5,60.0,timelimit,135.23
3839,4129.45,4144.78,201,961,0.0,15.33,normal,42.05
3848,4137.15,4145.34,526,1054,0.0,8.19,normal,9.97
3851,4138.53,4146.91,1065,1081,0.0,8.38,normal,20.55
3845,4133.19,4147.03,167,797,1.0,13.84,normal,24.76
3852,4141.58,4147.34,340,953,1.0,5.76,normal,18.95
3846,4135.56,4149.62,517,1079,1.0,14.06,normal,79.11
3849,4137.34,4149.94,732,966,1.0,12.6,normal,74.14
3850,4138.21,4150.09,446,496,0.0,11.88,normal,104.55
3847,4136.88,4152.64,115,262,1.0,15.76,normal,91.86
3855,4145.34,4153.9,49,1030,1.0,8.56,normal,10.51
3861,4150.09,4155.06,352,1042,1.0,4.97,abnormal,94.23
3853,4142.87,4155.43,1049,1078,0.5,12.56,normal,143.58
3854,4144.78,4156.2,341,1052,1.0,11.42,normal,84.92
3858,4147.34,4156.6,167,1054,1.0,9.26,normal,34.8
3859,4149.62,4160.76,998,1045,0.0,11.14,normal,46.18
3856,4146.91,4162.07,939,1044,0.0,15.16,normal,42.78
3864,4155.06,4163.2,518,1030,0.0,8.14,normal,150.32
3862,4152.64,4163.64,1082,1089,0.0,11.0,normal,29.33
3865,4155.43,4164.06,1042,1078,1.0,8.63,normal,102.51
3863,4153.9,4167.08,637,1044,1.0,13.18,normal,0.93
3867,4156.6,4168.99,797,940,1.0,12.39,normal,108.31
3866,4156.2,4169.39,275,940,1.0,13.19,normal,15.0
3868,4160.76,4171.82,729,779,0.0,11.06,normal,5.76
3871,4163.64,4172.66,223,1030,0.0,9.02,normal,4.69
3870,4163.2,4173.27,720,836,1.0,10.07,normal,36.61
3875,4169.39,4177.1,338,517,0.0,7.71,normal,11.48
3873,4167.08,4177.19,352,809,0.0,10.11,normal,42.76
3872,4164.06,4179.18,112,1078,1.0,15.12,normal,65.74
3878,4173.27,4179.72,167,1008,1.0,6.45,normal,37.04
3832,4121.67,4181.67,729,1026,0.5,60.0,timelimit,26.73
3876,4171.82,4185.39,340,998,0.0,13.57,normal,35.25
3877,4172.66,4186.36,510,732,0.0,13.7,normal,45.83
3874,4168.99,4187.97,721,1023,1.0,18.98,normal,36.46
3880,4177.19,4189.4,1044,1085,0.0,12.21,normal,21.94
3881,4179.18,4189.65,248,1078,1.0,10.47,normal,583.03
3843,4131.46,4191.46,341,1057,0.5,60.0,timelimit,16.45
3879,4177.1,4192.15,708,939,0.0,15.05,normal,16.06
3883,4181.67,4193.38,1026,1049,1.0,11.71,normal,161.25
3882,4179.72,4195.56,167,1060,1.0,15.84,normal,27.92
3885,4186.36,4195.66,40,1052,1.0,9.3,normal,357.43
3886,4187.97,4197.38,970,1085,1.0,9.41,normal,56.79
3884,4185.39,4197.75,340,518,0.0,12.36,normal,33.75
3887,4189.4,4200.41,168,1080,0.0,11.01,normal,124.4
3889,4191.46,4200.57,759,960,1.0,9.11,normal,31.97
3888,4189.65,4201.57,930,998,1.0,11.92,normal,62.49
3891,4193.38,4205.3,827,1026,1.0,11.92,normal,158.47
3894,4197.38,4205.31,40,338,0.0,7.93,normal,2.49
3892,4195.56,4206.14,779,1058,0.0,10.58,normal,203.05
3890,4192.15,4206.31,832,971,1.0,14.16,abnormal,28.09
3896,4200.41,4206.31,953,1054,1.0,5.9,normal,24.81
3895,4197.75,4206.53,341,446,0.0,8.78,normal,270.1
3857,4147.03,4207.03,981,1044,0.5,60.0,timelimit,38.27
3897,4200.57,4207.25,262,901,1.0,6.68,normal,11.47
3893,4195.66,4209.64,516,699,1.0,13.98,normal,45.81
3860,4149.94,4209.94,275,1085,0.5,60.0,timelimit,8.91
3898,4201.57,4211.84,605,1008,1.0,10.27,normal,27.61
3900,4205.31,4213.99,1050,1081,0.0,8.68,normal,2.55
3903,4206.31,4214.27,720,1089,1.0,7.96,normal,7.36
3906,4207.25,4214.47,446,1079,0.0,7.22,normal,103.41
3904,4206.53,4214.62,1023,1042,1.0,8.09,normal,8.31
3902,4206.31,4216.24,730,961,1.0,9.93,normal,176.33
3905,4207.03,4217.2,930,971,0.0,10.17,normal,11.13
3899,4205.3,4217.48,340,1026,0.0,12.18,normal,231.56
3901,4206.14,4218.44,115,858,1.0,12.3,normal,194.22
3907,4209.64,4219.3,518,1008,1.0,9.66,normal,20.08
3909,4211.84,4219.78,352,876,0.0,7.94,normal,82.99
3908,4209.94,4221.15,943,1057,0.0,11.21,normal,47.09
3911,4214.27,4221.16,262,1045,1.0,6.89,normal,17.85
3913,4214.62,4221.25,510,953,0.0,6.63,normal,42.95
3869,4162.07,4222.07,1008,1082,0.5,60.0,timelimit,20.18
3914,4216.24,4224.67,730,960,1.0,8.43,normal,203.57
3910,4213.99,4226.63,1049,1052,0.0,12.64,normal,120.54
3921,4221.16,4228.87,262,357,0.0,7.71,normal,8.17
3920,4221.15,4229.76,223,346,1.0,8.61,normal,76.65
3917,4218.44,4229.9,115,446,0.0,11.46,normal,39.33
3915,4217.2,4230.61,832,930,1.0,13.41,normal,39.93
3918,4219.3,4231.01,605,858,1.0,11.71,normal,76.31
3922,4221.25,4232.23,759,977,0.0,10.98,normal,257.52
3923,4222.07,4232.37,699,832,1.0,10.3,normal,35.66
3919,4219.78,4232.44,248,352,1.0,12.66,normal,555.99
3927,4229.76,4237.02,117,836,1.0,7.26,normal,46.11
3926,4228.87,4239.55,708,809,1.0,10.68,normal,82.05
3928,4229.9,4239.84,605,1080,1.0,9.94,normal,26.74
3931,4232.23,4240.42,201,340,0.0,8.19,normal,17.11
3929,4230.61,4240.73,510,1044,1.0,10.12,normal,88.21
3933,4232.44,4242.04,1044,1082,0.0,9.6,normal,5.48
3932,4232.37,4243.93,832,970,0.0,11.56,normal,19.75
3936,4239.84,4244.53,346,357,1.0,4.69,normal,0.45
3930,4231.01,4246.43,699,827,1.0,15.42,normal,1.99
3934,4237.02,4249.72,832,858,1.0,12.7,normal,51.74
3925,4226.63,4250.37,721,1052,1.0,23.74,normal,113.72
3935,4239.55,4250.57,40,517,1.0,11.02,normal,15.48
3942,4246.43,4251.56,953,1045,1.0,5.13,normal,34.06
3924,4224.67,4251.93,49,960,0.0,27.26,abnormal,122.08
3941,4244.53,4252.02,117,341,0.0,7.49,abnormal,29.63
3940,4243.93,4252.07,262,998,1.0,8.14,normal,43.43
3937,4240.42,4252.46,637,998,1.0,12.04,normal,27.45
3938,4240.73,4254.66,510,759,1.0,13.93,normal,20.31
3945,4250.57,4256.9,168,517,1.0,6.33,normal,8.63
3939,4242.04,4257.26,167,201,1.0,15.22,normal,59.79
3944,4250.37,4259.09,112,341,1.0,8.72,normal,8.66
3947,4251.93,4259.33,340,960,0.0,7.4,normal,29.74
3948,4252.02,4259.89,720,1038,1.0,7.87,normal,45.43
3943,4249.72,4260.63,526,836,1.0,10.91,normal,82.01
3949,4252.07,4264.87,40,759,1.0,12.8,normal,33.49
3954,4259.09,4265.9,338,971,1.0,6.81,normal,159.54
3950,4252.46,4266.67,981,1065,1.0,14.21,normal,9.58
3951,4254.66,4266.67,718,970,1.0,12.01,normal,38.78
3957,4260.63,4267.47,275,1081,0.0,6.84,normal,20.78
3953,4257.26,4267.6,1038,1089,1.0,10.34,normal,22.41
3952,4256.9,4269.02,517,966,0.0,12.12,normal,66.15
3955,4259.33,4271.63,223,446,1.0,12.3,normal,43.62
3956,4259.89,4272.05,876,1078,1.0,12.16,normal,123.36
3912,4214.47,4274.47,1007,1057,0.5,60.0,timelimit,139.8
3961,4266.67,4276.12,518,970,0.0,9.45,normal,3.13
3959,4265.9,4276.3,971,1008,1.0,10.4,normal,18.18
3916,4217.48,4277.48,721,1026,0.5,60.0,timelimit,61.2
3962,4267.47,4278.82,248,496,1.0,11.35,normal,108.01
3960,4266.67,4278.9,49,1065,1.0,12.23,normal,233.31
3958,4264.87,4279.51,943,977,1.0,14.64,normal,57.86
3964,4269.02,4280.7,510,1045,1.0,11.68,normal,14.18
3965,4271.63,4281.32,518,1058,1.0,9.69,normal,12.85
3963,4267.6,4281.46,117,721,0.0,13.86,normal,7.06
3966,4272.05,4282.84,262,953,1.0,10.79,normal,23.45
3968,4276.12,4285.41,167,970,1.0,9.29,normal,32.94
3967,4274.47,4286.43,115,1030,0.0,11.96,normal,27.35
3970,4277.48,4286.89,446,730,1.0,9.41,normal,138.08
3969,4276.3,4287.03,971,1079,0.0,10.73,normal,63.31
3973,4279.51,4288.3,526,966,0.0,8.79,normal,182.38
3971,4278.82,4289.06,496,930,1.0,10.24,normal,280.22
3972,4278.9,4289.12,248,1052,1.0,10.22,normal,599.03
3975,4281.32,4290.31,981,1050,0.0,8.99,normal,7.76
3976,4281.46,4290.91,797,1060,0.0,9.45,normal,34.13
3979,4286.43,4292.97,357,1030,0.0,6.54,normal,109.37
3977,4282.84,4293.24,168,346,1.0,10.4,normal,26.56
3974,4280.7,4295.89,836,1023,0.0,15.19,normal,2.36
3982,4288.3,4296.31,832,1081,0.0,8.01,normal,16.39
3986,4290.91,4297.65,341,1042,0.0,6.74,normal,24.92
3981,4287.03,4297.67,720,971,0.0,10.64,normal,19.69
3985,4290.31,4297.82,901,960,0.0,7.51,normal,34.39
3988,4293.24,4298.61,732,1030,0.0,5.37,normal,62.24
3980,4286.89,4299.02,112,977,0.0,12.13,normal,6.41
3978,4285.41,4299.33,341,708,0.0,13.92,abnormal,91.0
3987,4292.97,4300.74,357,961,0.0,7.77,normal,1.13
3983,4289.06,4301.84,496,510,0.0,12.78,normal,158.55
3984,4289.12,4302.83,201,1058,1.0,13.71,normal,39.54
3989,4295.89,4304.07,729,1023,0.0,8.18,normal,90.72
3990,4296.31,4305.32,346,730,0.0,9.01,normal,164.99
3993,4297.82,4307.84,718,901,1.0,10.02,normal,50.64
3995,4299.02,4308.17,966,1030,0.0,9.15,normal,10.36
3992,4297.67,4310.42,262,340,1.0,12.75,normal,51.98
3996,4299.33,4310.53,637,858,1.0,11.2,normal,53.62
3991,4297.65,4310.53,981,1038,1.0,12.88,normal,7.87
3997,4300.74,4311.49,223,961,1.0,10.75,normal,100.2
3946,4251.56,4311.56,729,809,0.5,60.0,timelimit,30.49
3994,4298.61,4311.86,732,809,1.0,13.25,normal,270.32
3999,4302.83,4313.29,510,1060,0.0,10.46,normal,69.92
4001,4305.32,4313.79,40,346,1.0,8.47,normal,47.11
4000,4304.07,4315.71,357,1079,1.0,11.64,normal,18.47
4004,4310.42,4317.21,526,1008,1.0,6.79,normal,21.01
3998,4301.84,4317.7,115,496,1.0,15.86,normal,85.99
4003,4308.17,4317.75,1030,1082,1.0,9.58,normal,220.3
4011,4313.79,4318.87,346,732,1.0,5.08,normal,52.09
4009,4311.86,4319.22,168,901,1.0,7.36,normal,106.89
4002,4307.84,4319.73,167,1007,1.0,11.89,normal,59.73
4012,4315.71,4320.38,1044,1081,0.0,4.67,abnormal,36.33
4005,4310.53,4320.65,940,1057,0.0,10.12,abnormal,35.31
4008,4311.56,4320.66,930,1044,1.0,9.1,normal,2.88
4006,4310.53,4321.72,49,966,1.0,11.19,normal,15.65
4010,4313.29,4321.95,341,510,0.0,8.66,normal,242.05
4007,4311.49,4326.72,112,721,1.0,15.23,normal,42.77
4016,4318.87,4327.23,346,1080,1.0,8.36,normal,82.2
4021,4320.66,4328.25,901,1007,1.0,7.59,normal,8.01
4015,4317.75,4329.1,977,1049,1.0,11.35,normal,223.87
4017,4319.22,4329.57,40,732,0.0,10.35,normal,18.05
4014,4317.7,4331.34,1078,1089,0.0,13.64,normal,186.98
4019,4320.38,4331.63,605,1058,1.0,11.25,normal,25.58
4013,4317.21,4331.98,352,1026,0.0,14.77,normal,23.31
4023,4321.95,4332.28,526,1082,1.0,10.33,normal,22.53
4025,4327.23,4332.9,346,1045,1.0,5.67,normal,35.53
4018,4319.73,4333.5,167,637,0.0,13.77,normal,73.42
4020,4320.65,4334.46,721,977,1.0,13.81,normal,32.88
4026,4328.25,4338.1,809,1023,0.0,9.85,normal,69.8
4028,4329.57,4338.66,732,961,1.0,9.09,normal,50.32
4027,4329.1,4339.47,223,1065,0.5,10.37,normal,261.69
4024,4326.72,4340.03,112,940,0.0,13.31,normal,57.74
4030,4331.63,4341.32,40,275,1.0,9.69,normal,175.19
4029,4331.34,4342.2,940,1089,0.0,10.86,normal,39.51
4034,4333.5,4342.54,1060,1079,0.0,9.04,normal,3.2
4031,4331.98,4344.48,352,1023,0.0,12.5,normal,131.06
4032,4332.28,4345.49,516,605,1.0,13.21,normal,25.82
4022,4321.72,4347.27,939,1038,1.0,25.55,normal,11.9
4037,4338.66,4347.56,732,953,1.0,8.9,normal,94.65
4035,4334.46,4347.74,708,1057,1.0,13.28,normal,56.45
4033,4332.9,4348.9,1038,1085,0.0,16.0,normal,31.77
4043,4344.48,4349.18,352,940,1.0,4.7,abnormal,130.67
4036,4338.1,4349.91,275,939,1.0,11.81,normal,9.49
4041,4342.2,4351.05,262,966,0.0,8.85,normal,89.54
4038,4339.47,4352.41,510,1079,0.0,12.94,normal,50.72
4039,4340.03,4352.65,117,446,1.0,12.62,normal,265.22
4042,4342.54,4352.75,721,876,0.0,10.21,normal,7.77
4044,4345.49,4353.49,168,605,1.0,8.0,normal,85.04
4048,4348.9,4357.0,1054,1080,0.0,8.1,normal,7.3
4046,4347.56,4357.75,732,779,1.0,10.19,normal,308.39
4045,4347.27,4358.48,940,1078,1.0,11.21,normal,155.04
4050,4349.91,4359.76,167,1058,0.0,9.85,normal,54.05
4051,4351.05,4360.11,699,981,0.0,9.06,normal,33.72
4054,4352.75,4363.26,729,876,0.0,10.51,normal,87.16
4058,4358.48,4365.3,729,940,1.0,6.82,abnormal,90.4
4047,4347.74,4366.32,832,1050,1.0,18.58,normal,26.15
4049,4349.18,4366.34,1026,1052,0.0,17.16,normal,67.46
4055,4353.49,4367.28,605,637,1.0,13.79,normal,25.76
4057,4357.75,4367.85,827,836,0.0,10.1,normal,65.03
4052,4352.41,4367.98,112,779,0.5,15.57,normal,20.29
4059,4359.76,4368.1,797,1079,1.0,8.34,normal,13.13
4053,4352.65,4368.27,797,1007,1.0,15.62,normal,43.01
4056,4357.0,4369.83,49,759,1.0,12.83,normal,101.31
4061,4363.26,4370.91,117,876,1.0,7.65,normal,28.31
4060,4360.11,4372.8,248,981,1.0,12.69,normal,396.68
4064,4366.34,4375.3,1008,1081,0.0,8.96,normal,33.57
4063,4366.32,4378.14,496,517,0.0,11.82,normal,115.46
4069,4368.27,4378.28,40,446,1.0,10.01,normal,9.62
4071,4370.91,4378.78,117,729,1.0,7.87,normal,69.4
4068,4368.1,4378.8,730,940,1.0,10.7,normal,357.22
4067,4367.98,4379.68,718,998,0.0,11.7,normal,81.64
4065,4367.28,4381.52,275,637,0.0,14.24,normal,52.91
4073,4375.3,4383.19,637,1081,1.0,7.89,normal,1.9
4066,4367.85,4384.52,699,1023,1.0,16.67,normal,47.82
4072,4372.8,4386.8,112,1038,0.0,14.0,normal,65.72
4075,4378.78,4387.63,117,977,0.0,8.85,normal,43.89
4074,4378.14,4388.83,496,1052,1.0,10.69,normal,441.54
4076,4383.19,4390.75,960,1081,1.0,7.56,normal,73.42
4040,4341.32,4401.32,115,338,0.5,60.0,timelimit,18.84
4077,4401.32,4410.98,168,338,1.0,9.66,normal,2.4
4078,4401.32,4415.26,115,943,1.0,13.94,normal,233.39
4079,4410.98,4419.35,338,961,1.0,8.37,normal,59.93
4062,4365.3,4425.3,939,943,0.5,60.0,timelimit,20.93
4070,4369.83,4429.83,827,966,0.5,60.0,timelimit,223.19
4088,4429.83,4436.47,352,943,0.0,6.64,normal,123.84
4091,4429.83,4438.38,446,510,1.0,8.55,normal,34.06
4080,4429.83,4438.64,809,1081,0.0,8.81,normal,152.76
4081,4429.83,4438.8,40,346,1.0,8.97,normal,42.08
4089,4429.83,4439.33,729,940,1.0,9.5,normal,80.71
4083,4429.83,4439.37,341,981,1.0,9.54,normal,120.83
4082,4429.83,4440.63,526,699,1.0,10.8,normal,27.37
4085,4429.83,4440.69,721,876,1.0,10.86,normal,20.79
4084,4429.83,4441.35,168,1052,1.0,11.52,normal,379.1
4087,4429.83,4442.69,248,966,1.0,12.86,normal,186.7
4086,4429.83,4443.2,729,809,0.0,13.37,normal,27.87
4092,4436.47,4446.05,352,940,0.0,9.58,normal,107.06
4090,4429.83,4446.29,721,1057,1.0,16.46,normal,8.83
4094,4438.64,4448.08,998,1081,0.0,9.44,normal,11.94
4100,4441.35,4448.79,901,998,1.0,7.44,normal,9.67
4097,4439.37,4449.19,341,1078,1.0,9.82,normal,96.71
4093,4438.38,4451.76,496,510,0.0,13.38,normal,138.99
4095,4438.8,4452.01,112,1044,0.0,13.21,normal,101.24
4096,4439.33,4452.29,720,998,0.0,12.96,normal,32.36
4102,4443.2,4453.06,117,1038,1.0,9.86,normal,33.31
