bot_lo,bot_hi,bot_lo_name,bot_hi_name,elo_lo,elo_hi,N_normal,N_timelimit,N_abnormal,alpha_normal,alpha_timelimit,alpha_abnormal,W,L,D,n_dur,x_bar,E_A,alpha_win,alpha_draw,alpha_loss,mu_duration,sigma_duration
40,49,SharpenedEdge,MicroMachine,1872,1950,33,0,2,37.652125,0.12592,2.22196,5,28,0,33,2.098431,0.389598,6.92506,0.05885,31.01609,2.131441,0.079799
40,51,SharpenedEdge,Krillin,1872,1600,0,0,0,4.652125,0.12592,0.22196,0,0,0,0,,0.827178,4.087211,0.05885,0.853939,2.349308,0.219992
40,112,SharpenedEdge,Tyckles,1872,1427,0,0,0,4.652125,0.12592,0.22196,0,0,0,0,,0.928351,4.58712,0.05885,0.35403,2.349308,0.219992
40,115,SharpenedEdge,BenBotBC,1872,2043,48,0,0,52.652125,0.12592,0.22196,26,22,0,48,2.803896,0.272028,27.344134,0.05885,25.597016,2.76101,0.06757
40,117,SharpenedEdge,Chance,1872,1384,1,0,0,5.652125,0.12592,0.22196,1,0,0,1,0.392042,0.943168,5.660337,0.05885,0.280813,2.023097,0.200824
40,167,SharpenedEdge,TyrT,1872,1873,47,0,0,51.652125,0.12592,0.22196,39,8,0,47,1.952315,0.498561,41.463464,0.05885,10.477686,1.990488,0.068216
40,168,SharpenedEdge,sharkbot,1872,1845,47,0,0,51.652125,0.12592,0.22196,36,11,0,47,2.310296,0.538778,38.662183,0.05885,13.278967,2.314048,0.068216
40,201,SharpenedEdge,QueenBot,1872,1614,1,0,0,5.652125,0.12592,0.22196,1,0,0,1,2.337952,0.815352,5.028776,0.05885,0.912374,2.347415,0.200824
40,223,SharpenedEdge,DominionDog,1872,1890,48,0,0,52.652125,0.12592,0.22196,23,25,0,48,2.433564,0.474119,25.342693,0.05885,27.598457,2.425615,0.06757
40,248,SharpenedEdge,Eris,1872,2221,47,0,0,51.652125,0.12592,0.22196,2,45,0,47,2.504541,0.118261,2.584344,0.05885,49.356806,2.489615,0.068216
40,262,SharpenedEdge,whalemean,1872,1797,47,0,0,51.652125,0.12592,0.22196,37,10,0,47,2.193756,0.606288,39.995759,0.05885,11.945391,2.208713,0.068216
40,275,SharpenedEdge,Lissy,1872,1569,0,0,0,4.652125,0.12592,0.22196,0,0,0,0,,0.851221,4.20601,0.05885,0.73514,2.349308,0.219992
40,338,SharpenedEdge,smallBly,1872,1834,41,0,0,45.652125,0.12592,0.22196,22,19,0,41,1.975322,0.554469,24.739716,0.05885,21.201434,2.015973,0.072529
40,340,SharpenedEdge,MechaShark,1872,1695,41,0,0,45.652125,0.12592,0.22196,29,12,0,41,2.196142,0.734757,32.630545,0.05885,13.310605,2.21279,0.072529
40,341,SharpenedEdge,gotest,1872,1328,0,0,0,4.652125,0.12592,0.22196,0,0,0,0,,0.958174,4.734482,0.05885,0.206668,2.349308,0.219992
40,346,SharpenedEdge,Sharkling,1872,1761,45,0,0,49.652125,0.12592,0.22196,35,10,0,45,2.079444,0.65452,38.234081,0.05885,11.707069,2.10643,0.069567
40,347,SharpenedEdge,PhantomTest,1872,1600,0,0,0,4.652125,0.12592,0.22196,0,0,0,0,,0.827178,4.087211,0.05885,0.853939,2.349308,0.219992
40,352,SharpenedEdge,Belzebuth,1872,1134,0,0,1,4.652125,0.12592,1.22196,0,0,0,0,,0.985912,4.871541,0.05885,0.069609,2.349308,0.219992
40,357,SharpenedEdge,12PoolBot,1872,1765,27,0,0,31.652125,0.12592,0.22196,9,18,0,27,1.750537,0.649295,12.208264,0.05885,19.732886,1.844095,0.086959
40,374,SharpenedEdge,SwarmLord,1872,1600,0,0,0,4.652125,0.12592,0.22196,0,0,0,0,,0.827178,4.087211,0.05885,0.853939,2.349308,0.219992
40,446,SharpenedEdge,Xena,1872,1937,47,0,0,51.652125,0.12592,0.22196,24,23,0,47,2.142125,0.407534,26.013685,0.05885,25.927465,2.162047,0.068216
40,496,SharpenedEdge,Zozo,1872,2089,46,0,0,50.652125,0.12592,0.22196,38,8,0,46,2.499424,0.222847,39.10112,0.05885,11.84003,2.484706,0.068882
40,510,SharpenedEdge,PhantomBot,1872,1817,41,0,0,45.652125,0.12592,0.22196,27,14,0,41,2.458732,0.578497,29.858439,0.05885,16.082711,2.446838,0.072529
40,516,SharpenedEdge,27turtles,1872,1526,0,0,0,4.652125,0.12592,0.22196,0,0,0,0,,0.879927,4.34785,0.05885,0.5933,2.349308,0.219992
40,517,SharpenedEdge,VeTerran-revived,1872,1869,44,0,0,48.652125,0.12592,0.22196,37,7,0,44,2.403576,0.504317,39.491907,0.05885,9.449243,2.398038,0.070274
40,518,SharpenedEdge,norman,1872,1674,6,0,0,10.652125,0.12592,0.22196,6,0,0,6,1.958748,0.757639,9.743609,0.05885,1.197541,2.136275,0.148318
40,526,SharpenedEdge,Apidae,1872,1635,8,0,0,12.652125,0.12592,0.22196,2,6,0,8,2.306399,0.796455,5.935402,0.05885,7.005748,2.322902,0.136433
40,605,SharpenedEdge,nida,1872,1693,5,0,0,9.652125,0.12592,0.22196,5,0,0,5,2.264977,0.736995,8.641602,0.05885,1.299548,2.307142,0.155557
40,637,SharpenedEdge,72Tortoises,1872,1697,5,0,0,9.652125,0.12592,0.22196,5,0,0,5,2.253922,0.732507,8.619428,0.05885,1.321722,2.301615,0.155557
40,699,SharpenedEdge,Clicadinha,1872,1635,1,0,0,5.652125,0.12592,0.22196,1,0,0,1,2.140066,0.796455,4.935402,0.05885,1.005748,2.314434,0.200824
40,708,SharpenedEdge,Princess-Mika,1872,1521,0,0,0,4.652125,0.12592,0.22196,0,0,0,0,,0.882935,4.362712,0.05885,0.578438,2.349308,0.219992
40,709,SharpenedEdge,Laser-Circus,1872,1211,0,0,0,4.652125,0.12592,0.22196,0,0,0,0,,0.978226,4.833561,0.05885,0.107589,2.349308,0.219992
40,718,SharpenedEdge,Mulebot,1872,1689,12,0,0,16.652125,0.12592,0.22196,8,4,0,12,2.292001,0.741434,11.663534,0.05885,5.277616,2.308856,0.119307
40,720,SharpenedEdge,PiG_Bot,1872,1627,0,0,0,4.652125,0.12592,0.22196,0,0,0,0,,0.803819,3.971788,0.05885,0.969362,2.349308,0.219992
40,721,SharpenedEdge,49Terrapins,1872,1430,0,0,0,4.652125,0.12592,0.22196,0,0,0,0,,0.927193,4.581402,0.05885,0.359748,2.349308,0.219992
40,729,SharpenedEdge,Alexa,1872,1367,1,0,0,5.652125,0.12592,0.22196,1,0,0,1,2.071913,0.948192,5.685159,0.05885,0.255991,2.303076,0.200824
40,730,SharpenedEdge,Deimos,1872,2155,46,0,0,50.652125,0.12592,0.22196,15,30,1,46,2.53687,0.163957,15.810134,1.05885,34.131016,2.518481,0.068882
40,732,SharpenedEdge,GPT,1872,1830,46,0,0,50.652125,0.12592,0.22196,5,41,0,46,2.231908,0.56015,7.767786,0.05885,43.173364,2.243418,0.068882
40,759,SharpenedEdge,BotTato,1872,1710,31,0,0,35.652125,0.12592,0.22196,30,1,0,31,2.44827,0.717592,33.545728,0.05885,2.395422,2.434525,0.081986
40,779,SharpenedEdge,oberon,1872,1472,1,0,0,5.652125,0.12592,0.22196,1,0,0,1,1.911023,0.909091,5.491955,0.05885,0.449195,2.27626,0.200824
40,797,SharpenedEdge,WickedBot,1872,1707,34,0,1,38.652125,0.12592,1.22196,23,10,1,34,2.477031,0.721078,26.562956,1.05885,11.378194,2.460656,0.07877
40,809,SharpenedEdge,PrimordialOrigin,1872,1258,1,0,0,5.652125,0.12592,0.22196,1,0,0,1,2.005526,0.971653,5.801082,0.05885,0.140068,2.292011,0.200824
40,813,SharpenedEdge,MewCombatMicro,1872,1511,0,0,0,4.652125,0.12592,0.22196,0,0,0,0,,0.888755,4.39147,0.05885,0.54968,2.349308,0.219992
40,827,SharpenedEdge,smokinggunbot,1872,1579,1,0,0,5.652125,0.12592,0.22196,1,0,0,1,1.98238,0.843782,5.169255,0.05885,0.771895,2.288153,0.200824
40,832,SharpenedEdge,muravev,1872,1632,0,0,0,4.652125,0.12592,0.22196,0,0,0,0,,0.79924,3.949165,0.05885,0.991985,2.349308,0.219992
40,836,SharpenedEdge,muravevTerran,1872,1477,0,0,0,4.652125,0.12592,0.22196,0,0,0,0,,0.906684,4.480062,0.05885,0.461088,2.349308,0.219992
40,858,SharpenedEdge,Crawler,1872,1562,1,0,0,5.652125,0.12592,0.22196,1,0,0,1,2.036012,0.856252,5.23087,0.05885,0.71028,2.297092,0.200824
40,876,SharpenedEdge,GenesisLotus,1872,1411,1,0,0,5.652125,0.12592,0.22196,1,0,0,1,2.037317,0.93424,5.616222,0.05885,0.324928,2.297309,0.200824
40,901,SharpenedEdge,clone,1872,1667,13,0,0,17.652125,0.12592,0.22196,11,2,0,13,2.364098,0.764961,14.779788,0.05885,3.161362,2.359989,0.115946
40,930,SharpenedEdge,SiriusBot,1872,1519,0,0,0,4.652125,0.12592,0.22196,0,0,0,0,,0.884119,4.368566,0.05885,0.572584,2.349308,0.219992
40,939,SharpenedEdge,RustyNikolaj,1872,1539,0,0,0,4.652125,0.12592,0.22196,0,0,0,0,,0.871793,4.307658,0.05885,0.633492,2.349308,0.219992
40,940,SharpenedEdge,Princess-Mika-Test,1872,1524,1,0,0,5.652125,0.12592,0.22196,1,0,0,1,2.125848,0.881138,5.353834,0.05885,0.587316,2.312065,0.200824
40,943,SharpenedEdge,puck,1872,1529,1,0,0,5.652125,0.12592,0.22196,1,0,0,1,2.175887,0.87809,5.338775,0.05885,0.602375,2.320405,0.200824
40,948,SharpenedEdge,titania,1872,1185,1,0,0,5.652125,0.12592,0.22196,1,0,0,1,2.105353,0.981196,5.848235,0.05885,0.092915,2.308649,0.200824
40,953,SharpenedEdge,ZeratulsRevengeTest,1872,1702,18,0,0,22.652125,0.12592,0.22196,4,14,0,18,1.696889,0.72683,7.591376,0.05885,15.349774,1.83872,0.102572
40,959,SharpenedEdge,ur_moms_a_ho,1872,1600,0,0,0,4.652125,0.12592,0.22196,0,0,0,0,,0.827178,4.087211,0.05885,0.853939,2.349308,0.219992
40,960,SharpenedEdge,BigDaddy,1872,1637,4,0,0,8.652125,0.12592,0.22196,4,0,0,4,2.101495,0.794582,7.926148,0.05885,1.015002,2.239169,0.163972
40,961,SharpenedEdge,AvocaDOS,1872,1751,35,0,0,39.652125,0.12592,0.22196,25,9,1,35,2.210007,0.667418,28.297815,1.05885,10.643335,2.22742,0.077779
40,962,SharpenedEdge,AvocaDEV,1872,1700,2,0,0,6.652125,0.12592,0.22196,2,0,0,2,2.229867,0.72911,5.602642,0.05885,1.338508,2.315182,0.185927
40,966,SharpenedEdge,ArgoBot,1872,1909,48,0,0,52.652125,0.12592,0.22196,21,27,0,48,2.495246,0.446953,23.208462,0.05885,29.732688,2.481478,0.06757
40,970,SharpenedEdge,TheLAW,1872,1576,2,0,0,6.652125,0.12592,0.22196,2,0,0,2,2.250679,0.846045,6.180436,0.05885,0.760714,2.321128,0.185927
40,971,SharpenedEdge,Nothing,1872,1570,1,0,0,5.652125,0.12592,0.22196,1,0,0,1,2.141242,0.85049,5.2024,0.05885,0.73875,2.31463,0.200824
40,977,SharpenedEdge,Siriusly,1872,1392,0,0,0,4.652125,0.12592,0.22196,0,0,0,0,,0.940649,4.647888,0.05885,0.293262,2.349308,0.219992
40,981,SharpenedEdge,KoB,1872,1499,0,0,0,4.652125,0.12592,0.22196,0,0,0,0,,0.895403,4.424321,0.05885,0.516829,2.349308,0.219992
40,998,SharpenedEdge,LordSuperKing,1872,1656,9,0,0,13.652125,0.12592,0.22196,9,0,0,9,2.267345,0.776155,12.835096,0.05885,1.106054,2.296617,0.13147
40,1007,SharpenedEdge,SharkGull,1872,1605,0,0,0,4.652125,0.12592,0.22196,0,0,0,0,,0.823025,4.066688,0.05885,0.874462,2.349308,0.219992
40,1008,SharpenedEdge,Creepy_canon,1872,1587,0,0,0,4.652125,0.12592,0.22196,0,0,0,0,,0.837615,4.138784,0.05885,0.802366,2.349308,0.219992
40,1023,SharpenedEdge,MY_SCRIPTING_SON,1872,1275,0,0,1,4.652125,0.12592,1.22196,0,0,0,0,,0.968829,4.787131,0.05885,0.154019,2.349308,0.219992
40,1026,SharpenedEdge,WildLupo,1872,1199,1,0,0,5.652125,0.12592,0.22196,1,0,0,1,2.159869,0.97965,5.840596,0.05885,0.100554,2.317735,0.200824
40,1029,SharpenedEdge,Chomppet,1872,1600,0,0,0,4.652125,0.12592,0.22196,0,0,0,0,,0.827178,4.087211,0.05885,0.853939,2.349308,0.219992
40,1030,SharpenedEdge,who,1872,1924,48,0,0,52.652125,0.12592,0.22196,3,45,0,48,1.60574,0.42572,5.103545,0.05885,47.837605,1.675888,0.06757
40,1032,SharpenedEdge,WaterLeak,1872,1607,19,0,0,23.652125,0.12592,0.22196,12,7,0,19,1.968327,0.821341,16.058371,0.05885,7.882779,2.047698,0.100412
40,1038,SharpenedEdge,PolyMorph,1872,1463,0,0,0,4.652125,0.12592,0.22196,0,0,0,0,,0.913283,4.512667,0.05885,0.428483,2.349308,0.219992
40,1042,SharpenedEdge,Creepy_duo_canon,1872,1386,0,0,0,4.652125,0.12592,0.22196,0,0,0,0,,0.942548,4.657272,0.05885,0.283878,2.349308,0.219992
40,1044,SharpenedEdge,DoopyBot,1872,1418,2,0,0,6.652125,0.12592,0.22196,2,0,0,2,2.377877,0.931721,6.603774,0.05885,0.337376,2.35747,0.185927
40,1045,SharpenedEdge,tito,1872,1801,38,1,0,42.652125,1.12592,0.22196,20,18,0,38,2.356954,0.600778,22.968535,0.05885,19.972615,2.356065,0.075016
40,1049,SharpenedEdge,TheCatSC2Bot,1872,970,1,0,0,5.652125,0.12592,0.22196,1,0,0,1,1.979621,0.994472,5.913834,0.05885,0.027316,2.287694,0.200824
40,1050,SharpenedEdge,onlyfans,1872,1517,2,0,0,6.652125,0.12592,0.22196,2,0,0,2,2.184917,0.885294,6.374369,0.05885,0.566781,2.302339,0.185927
40,1052,SharpenedEdge,Starlight,1872,1204,1,0,0,5.652125,0.12592,0.22196,1,0,0,1,2.223542,0.979068,5.837721,0.05885,0.103429,2.328347,0.200824
40,1054,SharpenedEdge,JimmyBotZ,1872,1724,1,0,0,5.652125,0.12592,0.22196,1,0,0,1,1.95586,0.700977,4.463634,0.05885,1.477516,2.283733,0.200824
40,1056,SharpenedEdge,bilisaur,1872,1600,0,0,0,4.652125,0.12592,0.22196,0,0,0,0,,0.827178,4.087211,0.05885,0.853939,2.349308,0.219992
40,1057,SharpenedEdge,DoopyBot-Test,1872,1238,0,0,0,4.652125,0.12592,0.22196,0,0,0,0,,0.974657,4.815928,0.05885,0.125222,2.349308,0.219992
40,1058,SharpenedEdge,JimmyBotP,1872,1711,1,0,0,5.652125,0.12592,0.22196,0,1,0,1,1.745716,0.716424,3.539957,0.05885,2.401193,2.248709,0.200824
40,1059,SharpenedEdge,NextProBot,1872,1600,0,0,0,4.652125,0.12592,0.22196,0,0,0,0,,0.827178,4.087211,0.05885,0.853939,2.349308,0.219992
40,1060,SharpenedEdge,WildFire,1872,1709,18,0,0,22.652125,0.12592,0.22196,14,4,0,18,2.201305,0.718757,17.551485,0.05885,5.389665,2.233479,0.102572
40,1065,SharpenedEdge,MindMatrix,1872,1514,0,0,0,4.652125,0.12592,0.22196,0,0,0,0,,0.887036,4.382977,0.05885,0.558173,2.349308,0.219992
40,1066,SharpenedEdge,CompetitiveBotTest,1872,1482,0,0,0,4.652125,0.12592,0.22196,0,0,0,0,,0.90422,4.467887,0.05885,0.473263,2.349308,0.219992
40,1067,SharpenedEdge,Hello_world,1872,1600,0,0,0,4.652125,0.12592,0.22196,0,0,0,0,,0.827178,4.087211,0.05885,0.853939,2.349308,0.219992
40,1078,SharpenedEdge,LoremIpsum,1872,1242,0,0,0,4.652125,0.12592,0.22196,0,0,0,0,,0.974082,4.813087,0.05885,0.128063,2.349308,0.219992
40,1079,SharpenedEdge,JimmyBotT,1872,1675,0,0,0,4.652125,0.12592,0.22196,0,0,0,0,,0.756581,3.738378,0.05885,1.202772,2.349308,0.219992
40,1080,SharpenedEdge,JimmyBot,1872,1675,0,0,0,4.652125,0.12592,0.22196,0,0,0,0,,0.756581,3.738378,0.05885,1.202772,2.349308,0.219992
40,1081,SharpenedEdge,ArtZerg,1872,1537,0,0,0,4.652125,0.12592,0.22196,0,0,0,0,,0.873074,4.313989,0.05885,0.627161,2.349308,0.219992
40,1082,SharpenedEdge,Dasyatis,1872,1573,0,0,0,4.652125,0.12592,0.22196,0,0,0,0,,0.848281,4.191484,0.05885,0.749666,2.349308,0.219992
40,1084,SharpenedEdge,ZippyZap,1872,1457,0,0,0,4.652125,0.12592,0.22196,0,0,0,0,,0.915979,4.525992,0.05885,0.415158,2.349308,0.219992
40,1085,SharpenedEdge,AgoraLord,1872,1430,0,0,0,4.652125,0.12592,0.22196,0,0,0,0,,0.927193,4.581402,0.05885,0.359748,2.349308,0.219992
40,1086,SharpenedEdge,CherBoiBlue,1872,1500,0,0,0,4.652125,0.12592,0.22196,0,0,0,0,,0.894863,4.421651,0.05885,0.519499,2.349308,0.219992
40,1087,SharpenedEdge,SwarmLord2,1872,1533,0,0,0,4.652125,0.12592,0.22196,0,0,0,0,,0.875604,4.326489,0.05885,0.614661,2.349308,0.219992
40,1088,SharpenedEdge,SwarmLord3,1872,1562,0,0,0,4.652125,0.12592,0.22196,0,0,0,0,,0.856252,4.23087,0.05885,0.71028,2.349308,0.219992
40,1089,SharpenedEdge,WorkingAsIntended,1872,1596,0,0,0,4.652125,0.12592,0.22196,0,0,0,0,,0.830445,4.103353,0.05885,0.837797,2.349308,0.219992
49,51,MicroMachine,Krillin,1950,1600,0,0,0,4.652125,0.12592,0.22196,0,0,0,0,,0.882338,4.359766,0.05885,0.581384,2.349308,0.219992
49,112,MicroMachine,Tyckles,1950,1427,0,0,0,4.652125,0.12592,0.22196,0,0,0,0,,0.953052,4.709173,0.05885,0.231977,2.349308,0.219992
49,115,MicroMachine,BenBotBC,1950,2043,36,0,8,40.652125,0.12592,8.22196,6,30,0,36,1.876051,0.36927,7.824617,0.05885,33.116533,1.933765,0.076824
49,117,MicroMachine,Chance,1950,1384,1,0,0,5.652125,0.12592,0.22196,1,0,0,1,2.487404,0.962965,5.758155,0.05885,0.182995,2.372324,0.200824
49,167,MicroMachine,TyrT,1950,1873,38,0,6,42.652125,0.12592,6.22196,7,31,0,38,2.092959,0.609033,10.009321,0.05885,32.931829,2.122767,0.075016
49,168,MicroMachine,sharkbot,1950,1845,38,2,4,42.652125,2.12592,4.22196,22,13,3,38,2.572376,0.646669,25.195288,3.05885,14.745862,2.546438,0.075016
49,201,MicroMachine,QueenBot,1950,1614,1,0,1,5.652125,0.12592,1.22196,1,0,0,1,2.629728,0.87371,5.317134,0.05885,0.624016,2.396045,0.200824
49,223,MicroMachine,DominionDog,1950,1890,40,0,4,44.652125,0.12592,4.22196,35,5,0,40,2.534828,0.585499,37.893037,0.05885,7.048113,2.514215,0.073331
49,248,MicroMachine,Eris,1950,2221,37,0,7,41.652125,0.12592,7.22196,0,37,0,37,2.7365,0.173646,0.858013,0.05885,41.083137,2.690406,0.075904
49,262,MicroMachine,whalemean,1950,1797,36,0,8,40.652125,0.12592,8.22196,26,10,0,36,2.217264,0.706975,29.493271,0.05885,11.447879,2.233367,0.076824
49,275,MicroMachine,Lissy,1950,1569,0,0,0,4.652125,0.12592,0.22196,0,0,0,0,,0.899638,4.445248,0.05885,0.495902,2.349308,0.219992
49,338,MicroMachine,smallBly,1950,1834,34,0,6,38.652125,0.12592,6.22196,19,15,0,34,2.167808,0.660999,22.266096,0.05885,16.675054,2.191077,0.07877
49,340,MicroMachine,MechaShark,1950,1695,36,0,2,40.652125,0.12592,2.22196,32,4,0,36,2.276319,0.812738,36.015859,0.05885,4.925291,2.28522,0.076824
49,341,MicroMachine,gotest,1950,1328,0,0,0,4.652125,0.12592,0.22196,0,0,0,0,,0.972894,4.807215,0.05885,0.133935,2.349308,0.219992
49,346,MicroMachine,Sharkling,1950,1761,35,0,7,39.652125,0.12592,7.22196,26,9,0,35,2.240124,0.748,29.695978,0.05885,10.245172,2.253772,0.077779
49,347,MicroMachine,PhantomTest,1950,1600,0,0,0,4.652125,0.12592,0.22196,0,0,0,0,,0.882338,4.359766,0.05885,0.581384,2.349308,0.219992
49,352,MicroMachine,Belzebuth,1950,1134,1,0,0,5.652125,0.12592,0.22196,1,0,0,1,2.223542,0.990962,5.896493,0.05885,0.044657,2.328347,0.200824
49,357,MicroMachine,12PoolBot,1950,1765,23,0,4,27.652125,0.12592,4.22196,21,2,0,23,2.160724,0.743635,24.67441,0.05885,3.26674,2.194399,0.092963
49,374,MicroMachine,SwarmLord,1950,1600,0,0,0,4.652125,0.12592,0.22196,0,0,0,0,,0.882338,4.359766,0.05885,0.581384,2.349308,0.219992
49,446,MicroMachine,Xena,1950,1937,39,0,5,43.652125,0.12592,5.22196,18,21,0,39,2.246268,0.5187,20.562973,0.05885,23.378177,2.257977,0.074159
49,496,MicroMachine,Zozo,1950,2089,36,0,8,40.652125,0.12592,8.22196,2,34,0,36,2.548122,0.309994,3.531726,0.05885,37.409424,2.523876,0.076824
49,510,MicroMachine,PhantomBot,1950,1817,31,0,5,35.652125,0.12592,5.22196,31,0,0,31,2.395217,0.68257,34.372683,0.05885,1.568467,2.388841,0.081986
49,516,MicroMachine,27turtles,1950,1526,1,0,2,5.652125,0.12592,2.22196,1,0,0,1,2.165619,0.919882,5.545273,0.05885,0.395877,2.318693,0.200824
49,517,MicroMachine,VeTerran-revived,1950,1869,34,0,10,38.652125,0.12592,10.22196,32,2,0,34,2.229976,0.614501,35.036343,0.05885,3.904807,2.245275,0.07877
49,518,MicroMachine,norman,1950,1674,5,0,2,9.652125,0.12592,2.22196,5,0,0,5,2.202153,0.830445,9.103353,0.05885,0.837797,2.27573,0.155557
49,526,MicroMachine,Apidae,1950,1635,6,0,2,10.652125,0.12592,2.22196,6,0,0,6,2.301548,0.859759,10.248196,0.05885,0.692954,2.323257,0.148318
49,605,MicroMachine,nida,1950,1693,3,0,2,7.652125,0.12592,2.22196,3,0,0,3,2.272044,0.814484,7.024486,0.05885,0.916664,2.320334,0.173919
49,637,MicroMachine,72Tortoises,1950,1697,8,0,1,12.652125,0.12592,1.22196,8,0,0,8,2.261677,0.810979,12.00717,0.05885,0.93398,2.295381,0.136433
49,699,MicroMachine,Clicadinha,1950,1635,1,0,1,5.652125,0.12592,1.22196,1,0,0,1,2.203869,0.859759,5.248196,0.05885,0.692954,2.325068,0.200824
49,708,MicroMachine,Princess-Mika,1950,1521,0,0,0,4.652125,0.12592,0.22196,0,0,0,0,,0.921977,4.555629,0.05885,0.385521,2.349308,0.219992
49,709,MicroMachine,Laser-Circus,1950,1211,0,0,0,4.652125,0.12592,0.22196,0,0,0,0,,0.985992,4.871935,0.05885,0.069215,2.349308,0.219992
49,718,MicroMachine,Mulebot,1950,1689,11,0,0,15.652125,0.12592,0.22196,11,0,0,11,2.094233,0.817938,15.041553,0.05885,0.899597,2.173944,0.122979
49,720,MicroMachine,PiG_Bot,1950,1627,0,0,0,4.652125,0.12592,0.22196,0,0,0,0,,0.86522,4.27518,0.05885,0.66597,2.349308,0.219992
49,721,MicroMachine,49Terrapins,1950,1430,3,0,0,7.652125,0.12592,0.22196,3,0,0,3,2.223058,0.952273,7.705325,0.05885,0.235825,2.301964,0.173919
49,729,MicroMachine,Alexa,1950,1367,1,0,0,5.652125,0.12592,0.22196,1,0,0,1,1.850028,0.966301,5.77464,0.05885,0.16651,2.266095,0.200824
49,730,MicroMachine,Deimos,1950,2155,39,0,5,43.652125,0.12592,5.22196,5,34,0,39,2.281839,0.235039,6.161362,0.05885,37.779788,2.289506,0.074159
49,732,MicroMachine,GPT,1950,1830,37,0,7,41.652125,0.12592,7.22196,37,0,0,37,2.365256,0.666139,40.291495,0.05885,1.649655,2.363357,0.075904
49,759,MicroMachine,BotTato,1950,1710,25,0,3,29.652125,0.12592,3.22196,25,0,0,25,2.335509,0.79924,28.949165,0.05885,0.991985,2.337808,0.089811
49,779,MicroMachine,oberon,1950,1472,1,0,0,5.652125,0.12592,0.22196,1,0,0,1,1.947338,0.940003,5.644696,0.05885,0.296454,2.282313,0.200824
49,797,MicroMachine,WickedBot,1950,1707,28,0,4,32.652125,0.12592,4.22196,28,0,0,28,2.523596,0.801997,31.962786,0.05885,0.978364,2.497189,0.085632
49,809,MicroMachine,PrimordialOrigin,1950,1258,1,0,0,5.652125,0.12592,0.22196,1,0,0,1,2.141242,0.98172,5.850823,0.05885,0.090327,2.31463,0.200824
49,813,MicroMachine,MewCombatMicro,1950,1511,0,0,0,4.652125,0.12592,0.22196,0,0,0,0,,0.926019,4.575599,0.05885,0.365551,2.349308,0.219992
49,827,MicroMachine,smokinggunbot,1950,1579,1,0,0,5.652125,0.12592,0.22196,1,0,0,1,2.226783,0.89432,5.418969,0.05885,0.522181,2.328887,0.200824
49,832,MicroMachine,muravev,1950,1632,1,0,1,5.652125,0.12592,1.22196,1,0,0,1,2.022871,0.861828,5.258421,0.05885,0.682729,2.294902,0.200824
49,836,MicroMachine,muravevTerran,1950,1477,0,0,0,4.652125,0.12592,0.22196,0,0,0,0,,0.938359,4.636573,0.05885,0.304577,2.349308,0.219992
49,858,MicroMachine,Crawler,1950,1562,2,0,0,6.652125,0.12592,0.22196,2,0,0,2,2.225803,0.903218,6.462938,0.05885,0.478212,2.314021,0.185927
49,876,MicroMachine,GenesisLotus,1950,1411,0,0,0,4.652125,0.12592,0.22196,0,0,0,0,,0.957005,4.728707,0.05885,0.212443,2.349308,0.219992
49,901,MicroMachine,clone,1950,1667,10,0,0,14.652125,0.12592,0.22196,10,0,0,10,2.184273,0.836043,14.131016,0.05885,0.810134,2.239285,0.127012
49,930,MicroMachine,SiriusBot,1950,1519,2,0,0,6.652125,0.12592,0.22196,2,0,0,2,2.082793,0.922802,6.559701,0.05885,0.381449,2.273161,0.185927
49,939,MicroMachine,RustyNikolaj,1950,1539,3,0,0,7.652125,0.12592,0.22196,3,0,0,3,2.415903,0.91419,7.517151,0.05885,0.423999,2.374281,0.173919
49,940,MicroMachine,Princess-Mika-Test,1950,1524,1,0,0,5.652125,0.12592,0.22196,1,0,0,1,2.061787,0.920726,5.549446,0.05885,0.391704,2.301388,0.200824
49,943,MicroMachine,puck,1950,1529,0,0,0,4.652125,0.12592,0.22196,0,0,0,0,,0.9186,4.538939,0.05885,0.402211,2.349308,0.219992
49,948,MicroMachine,titania,1950,1185,0,0,1,4.652125,0.12592,1.22196,0,0,0,0,,0.987916,4.88144,0.05885,0.05971,2.349308,0.219992
49,953,MicroMachine,ZeratulsRevengeTest,1950,1702,19,0,1,23.652125,0.12592,1.22196,18,1,0,19,2.254323,0.806528,21.985173,0.05885,1.955977,2.274112,0.100412
49,959,MicroMachine,ur_moms_a_ho,1950,1600,0,0,0,4.652125,0.12592,0.22196,0,0,0,0,,0.882338,4.359766,0.05885,0.581384,2.349308,0.219992
49,960,MicroMachine,BigDaddy,1950,1637,3,0,2,7.652125,0.12592,2.22196,1,2,0,3,1.955175,0.858365,5.241308,0.05885,2.699842,2.201508,0.173919
49,961,MicroMachine,AvocaDOS,1950,1751,23,0,11,27.652125,0.12592,11.22196,22,1,0,23,2.194983,0.758695,25.748824,0.05885,2.192326,2.222541,0.092963
49,962,MicroMachine,AvocaDEV,1950,1700,2,0,0,6.652125,0.12592,0.22196,2,0,0,2,2.137822,0.808318,5.994019,0.05885,0.947131,2.288883,0.185927
49,966,MicroMachine,ArgoBot,1950,1909,35,0,9,39.652125,0.12592,9.22196,34,1,0,35,2.477134,0.558731,36.760776,0.05885,3.180374,2.461156,0.077779
49,970,MicroMachine,TheLAW,1950,1576,2,0,0,6.652125,0.12592,0.22196,2,0,0,2,1.922043,0.895941,6.426979,0.05885,0.514171,2.227232,0.185927
49,971,MicroMachine,Nothing,1950,1570,2,0,0,6.652125,0.12592,0.22196,2,0,0,2,2.355498,0.899117,6.442674,0.05885,0.498476,2.351077,0.185927
49,977,MicroMachine,Siriusly,1950,1392,1,0,0,5.652125,0.12592,0.22196,1,0,0,1,2.099244,0.961287,5.749865,0.05885,0.191285,2.307631,0.200824
49,981,MicroMachine,KoB,1950,1499,1,0,0,5.652125,0.12592,0.22196,1,0,0,1,2.048982,0.930614,5.598305,0.05885,0.342845,2.299254,0.200824
49,998,MicroMachine,LordSuperKing,1950,1656,9,0,0,13.652125,0.12592,0.22196,8,1,0,9,2.395617,0.84454,12.172996,0.05885,1.768154,2.379078,0.13147
49,1007,MicroMachine,SharkGull,1950,1605,0,0,0,4.652125,0.12592,0.22196,0,0,0,0,,0.879317,4.344838,0.05885,0.596312,2.349308,0.219992
49,1008,MicroMachine,Creepy_canon,1950,1587,0,0,0,4.652125,0.12592,0.22196,0,0,0,0,,0.889888,4.397069,0.05885,0.544081,2.349308,0.219992
49,1023,MicroMachine,MY_SCRIPTING_SON,1950,1275,0,0,1,4.652125,0.12592,1.22196,0,0,0,0,,0.979878,4.841724,0.05885,0.099426,2.349308,0.219992
49,1026,MicroMachine,WildLupo,1950,1199,0,0,1,4.652125,0.12592,1.22196,0,0,0,0,,0.986915,4.876494,0.05885,0.064656,2.349308,0.219992
49,1029,MicroMachine,Chomppet,1950,1600,0,0,0,4.652125,0.12592,0.22196,0,0,0,0,,0.882338,4.359766,0.05885,0.581384,2.349308,0.219992
49,1030,MicroMachine,who,1950,1924,36,2,6,40.652125,2.12592,6.22196,25,9,2,36,2.151294,0.537347,27.655114,2.05885,11.286036,2.175442,0.076824
49,1032,MicroMachine,WaterLeak,1950,1607,13,0,3,17.652125,0.12592,3.22196,13,0,0,13,2.058741,0.87809,17.338775,0.05885,0.602375,2.139454,0.115946
49,1038,MicroMachine,PolyMorph,1950,1463,0,0,0,4.652125,0.12592,0.22196,0,0,0,0,,0.942859,4.658808,0.05885,0.282342,2.349308,0.219992
49,1042,MicroMachine,Creepy_duo_canon,1950,1386,0,0,0,4.652125,0.12592,0.22196,0,0,0,0,,0.962552,4.756116,0.05885,0.185034,2.349308,0.219992
49,1044,MicroMachine,DoopyBot,1950,1418,1,0,0,5.652125,0.12592,0.22196,1,0,0,1,1.925707,0.955316,5.720362,0.05885,0.220788,2.278708,0.200824
49,1045,MicroMachine,tito,1950,1801,33,0,3,37.652125,0.12592,3.22196,31,2,0,33,2.560268,0.702183,34.46959,0.05885,3.47156,2.53251,0.079799
49,1049,MicroMachine,TheCatSC2Bot,1950,970,0,0,0,4.652125,0.12592,0.22196,0,0,0,0,,0.996464,4.92368,0.05885,0.01747,2.349308,0.219992
49,1050,MicroMachine,onlyfans,1950,1517,1,0,0,5.652125,0.12592,0.22196,1,0,0,1,1.967112,0.923618,5.563734,0.05885,0.377416,2.285609,0.200824
49,1052,MicroMachine,Starlight,1950,1204,0,0,1,4.652125,0.12592,1.22196,0,0,0,0,,0.986538,4.874632,0.05885,0.066518,2.349308,0.219992
49,1054,MicroMachine,JimmyBotZ,1950,1724,2,0,0,6.652125,0.12592,0.22196,2,0,0,2,2.045254,0.785997,5.883727,0.05885,1.057423,2.262435,0.185927
49,1056,MicroMachine,bilisaur,1950,1600,0,0,0,4.652125,0.12592,0.22196,0,0,0,0,,0.882338,4.359766,0.05885,0.581384,2.349308,0.219992
49,1057,MicroMachine,DoopyBot-Test,1950,1238,0,0,0,4.652125,0.12592,0.22196,0,0,0,0,,0.983675,4.860486,0.05885,0.080664,2.349308,0.219992
49,1058,MicroMachine,JimmyBotP,1950,1711,1,0,0,5.652125,0.12592,0.22196,1,0,0,1,2.187174,0.798315,4.944593,0.05885,0.996557,2.322286,0.200824
49,1059,MicroMachine,NextProBot,1950,1600,0,0,0,4.652125,0.12592,0.22196,0,0,0,0,,0.882338,4.359766,0.05885,0.581384,2.349308,0.219992
49,1060,MicroMachine,WildFire,1950,1709,15,0,3,19.652125,0.12592,3.22196,15,0,0,15,2.239646,0.800162,18.953721,0.05885,0.987429,2.267061,0.109996
49,1065,MicroMachine,MindMatrix,1950,1514,0,0,0,4.652125,0.12592,0.22196,0,0,0,0,,0.924827,4.56971,0.05885,0.37144,2.349308,0.219992
49,1066,MicroMachine,CompetitiveBotTest,1950,1482,0,0,0,4.652125,0.12592,0.22196,0,0,0,0,,0.936673,4.628242,0.05885,0.312908,2.349308,0.219992
49,1067,MicroMachine,Hello_world,1950,1600,0,0,0,4.652125,0.12592,0.22196,0,0,0,0,,0.882338,4.359766,0.05885,0.581384,2.349308,0.219992
49,1078,MicroMachine,LoremIpsum,1950,1242,0,0,0,4.652125,0.12592,0.22196,0,0,0,0,,0.983301,4.858638,0.05885,0.082512,2.349308,0.219992
49,1079,MicroMachine,JimmyBotT,1950,1675,0,0,0,4.652125,0.12592,0.22196,0,0,0,0,,0.829633,4.09934,0.05885,0.84181,2.349308,0.219992
49,1080,MicroMachine,JimmyBot,1950,1675,0,0,0,4.652125,0.12592,0.22196,0,0,0,0,,0.829633,4.09934,0.05885,0.84181,2.349308,0.219992
49,1081,MicroMachine,ArtZerg,1950,1537,0,0,0,4.652125,0.12592,0.22196,0,0,0,0,,0.915089,4.521593,0.05885,0.419557,2.349308,0.219992
49,1082,MicroMachine,Dasyatis,1950,1573,0,0,0,4.652125,0.12592,0.22196,0,0,0,0,,0.89754,4.43488,0.05885,0.50627,2.349308,0.219992
49,1084,MicroMachine,ZippyZap,1950,1457,0,0,0,4.652125,0.12592,0.22196,0,0,0,0,,0.944692,4.667864,0.05885,0.273286,2.349308,0.219992
49,1085,MicroMachine,AgoraLord,1950,1430,0,0,0,4.652125,0.12592,0.22196,0,0,0,0,,0.952273,4.705325,0.05885,0.235825,2.349308,0.219992
49,1086,MicroMachine,CherBoiBlue,1950,1500,0,0,0,4.652125,0.12592,0.22196,0,0,0,0,,0.930242,4.596464,0.05885,0.344686,2.349308,0.219992
49,1087,MicroMachine,SwarmLord2,1950,1533,0,0,0,4.652125,0.12592,0.22196,0,0,0,0,,0.916861,4.530349,0.05885,0.410801,2.349308,0.219992
49,1088,MicroMachine,SwarmLord3,1950,1562,0,0,0,4.652125,0.12592,0.22196,0,0,0,0,,0.903218,4.462938,0.05885,0.478212,2.349308,0.219992
49,1089,MicroMachine,WorkingAsIntended,1950,1596,0,0,0,4.652125,0.12592,0.22196,0,0,0,0,,0.884708,4.371474,0.05885,0.569676,2.349308,0.219992
51,112,Krillin,Tyckles,1600,1427,0,0,0,4.652125,0.12592,0.22196,0,0,0,0,,0.730245,3.608252,0.05885,1.332898,2.349308,0.219992
51,115,Krillin,BenBotBC,1600,2043,0,0,0,4.652125,0.12592,0.22196,0,0,0,0,,0.072419,0.357833,0.05885,4.583317,2.349308,0.219992
51,117,Krillin,Chance,1600,1384,0,0,0,4.652125,0.12592,0.22196,0,0,0,0,,0.776155,3.835096,0.05885,1.106054,2.349308,0.219992
51,167,Krillin,TyrT,1600,1873,0,0,0,4.652125,0.12592,0.22196,0,0,0,0,,0.172001,0.849881,0.05885,4.091269,2.349308,0.219992
51,168,Krillin,sharkbot,1600,1845,0,0,0,4.652125,0.12592,0.22196,0,0,0,0,,0.196181,0.969362,0.05885,3.971788,2.349308,0.219992
51,201,Krillin,QueenBot,1600,1614,0,0,0,4.652125,0.12592,0.22196,0,0,0,0,,0.479863,2.371076,0.05885,2.570074,2.349308,0.219992
51,223,Krillin,DominionDog,1600,1890,0,0,0,4.652125,0.12592,0.22196,0,0,0,0,,0.158508,0.78321,0.05885,4.15794,2.349308,0.219992
51,248,Krillin,Eris,1600,2221,0,0,0,4.652125,0.12592,0.22196,0,0,0,0,,0.027258,0.134687,0.05885,4.806463,2.349308,0.219992
51,262,Krillin,whalemean,1600,1797,0,0,0,4.652125,0.12592,0.22196,0,0,0,0,,0.243419,1.202772,0.05885,3.738378,2.349308,0.219992
51,275,Krillin,Lissy,1600,1569,0,0,0,4.652125,0.12592,0.22196,0,0,0,0,,0.544495,2.690429,0.05885,2.250721,2.349308,0.219992
51,338,Krillin,smallBly,1600,1834,0,0,0,4.652125,0.12592,0.22196,0,0,0,0,,0.206359,1.019652,0.05885,3.921498,2.349308,0.219992
51,340,Krillin,MechaShark,1600,1695,0,0,0,4.652125,0.12592,0.22196,0,0,0,0,,0.366592,1.811388,0.05885,3.129762,2.349308,0.219992
51,341,Krillin,gotest,1600,1328,0,0,0,4.652125,0.12592,0.22196,0,0,0,0,,0.827178,4.087211,0.05885,0.853939,2.349308,0.219992
51,346,Krillin,Sharkling,1600,1761,0,0,0,4.652125,0.12592,0.22196,0,0,0,0,,0.283576,1.401193,0.05885,3.539957,2.349308,0.219992
51,347,Krillin,PhantomTest,1600,1600,0,0,0,4.652125,0.12592,0.22196,0,0,0,0,,0.5,2.470575,0.05885,2.470575,2.349308,0.219992
51,352,Krillin,Belzebuth,1600,1134,0,0,0,4.652125,0.12592,0.22196,0,0,0,0,,0.935987,4.624851,0.05885,0.316299,2.349308,0.219992
51,357,Krillin,12PoolBot,1600,1765,0,0,0,4.652125,0.12592,0.22196,0,0,0,0,,0.278922,1.378194,0.05885,3.562956,2.349308,0.219992
51,374,Krillin,SwarmLord,1600,1600,0,0,0,4.652125,0.12592,0.22196,0,0,0,0,,0.5,2.470575,0.05885,2.470575,2.349308,0.219992
51,446,Krillin,Xena,1600,1937,0,0,0,4.652125,0.12592,0.22196,0,0,0,0,,0.125656,0.620884,0.05885,4.320266,2.349308,0.219992
51,496,Krillin,Zozo,1600,2089,0,0,0,4.652125,0.12592,0.22196,0,0,0,0,,0.056524,0.279292,0.05885,4.661858,2.349308,0.219992
51,510,Krillin,PhantomBot,1600,1817,0,0,0,4.652125,0.12592,0.22196,0,0,0,0,,0.222847,1.10112,0.05885,3.84003,2.349308,0.219992
51,516,Krillin,27turtles,1600,1526,0,0,0,4.652125,0.12592,0.22196,0,0,0,0,,0.604913,2.988965,0.05885,1.952185,2.349308,0.219992
51,517,Krillin,VeTerran-revived,1600,1869,0,0,0,4.652125,0.12592,0.22196,0,0,0,0,,0.175305,0.866207,0.05885,4.074943,2.349308,0.219992
51,518,Krillin,norman,1600,1674,0,0,0,4.652125,0.12592,0.22196,0,0,0,0,,0.395087,1.952185,0.05885,2.988965,2.349308,0.219992
51,526,Krillin,Apidae,1600,1635,0,0,0,4.652125,0.12592,0.22196,0,0,0,0,,0.449801,2.222532,0.05885,2.718618,2.349308,0.219992
51,605,Krillin,nida,1600,1693,0,0,0,4.652125,0.12592,0.22196,0,0,0,0,,0.36927,1.824617,0.05885,3.116533,2.349308,0.219992
51,637,Krillin,72Tortoises,1600,1697,0,0,0,4.652125,0.12592,0.22196,0,0,0,0,,0.363923,1.798199,0.05885,3.142951,2.349308,0.219992
51,699,Krillin,Clicadinha,1600,1635,0,0,0,4.652125,0.12592,0.22196,0,0,0,0,,0.449801,2.222532,0.05885,2.718618,2.349308,0.219992
51,708,Krillin,Princess-Mika,1600,1521,0,0,0,4.652125,0.12592,0.22196,0,0,0,0,,0.611771,3.02285,0.05885,1.9183,2.349308,0.219992
51,709,Krillin,Laser-Circus,1600,1211,0,0,0,4.652125,0.12592,0.22196,0,0,0,0,,0.90372,4.465418,0.05885,0.475732,2.349308,0.219992
51,718,Krillin,Mulebot,1600,1689,0,0,0,4.652125,0.12592,0.22196,0,0,0,0,,0.374649,1.851195,0.05885,3.089955,2.349308,0.219992
51,720,Krillin,PiG_Bot,1600,1627,0,0,0,4.652125,0.12592,0.22196,0,0,0,0,,0.461222,2.278967,0.05885,2.662183,2.349308,0.219992
51,721,Krillin,49Terrapins,1600,1430,0,0,0,4.652125,0.12592,0.22196,0,0,0,0,,0.72683,3.591376,0.05885,1.349774,2.349308,0.219992
51,729,Krillin,Alexa,1600,1367,0,0,0,4.652125,0.12592,0.22196,0,0,0,0,,0.792696,3.916832,0.05885,1.024318,2.349308,0.219992
51,730,Krillin,Deimos,1600,2155,0,0,0,4.652125,0.12592,0.22196,0,0,0,0,,0.03936,0.194486,0.05885,4.746664,2.349308,0.219992
51,732,Krillin,GPT,1600,1830,0,0,0,4.652125,0.12592,0.22196,0,0,0,0,,0.210156,1.038411,0.05885,3.902739,2.349308,0.219992
51,759,Krillin,BotTato,1600,1710,0,0,0,4.652125,0.12592,0.22196,0,0,0,0,,0.346783,1.713506,0.05885,3.227644,2.349308,0.219992
51,779,Krillin,oberon,1600,1472,0,0,0,4.652125,0.12592,0.22196,0,0,0,0,,0.676302,3.341708,0.05885,1.599442,2.349308,0.219992
51,797,Krillin,WickedBot,1600,1707,0,0,0,4.652125,0.12592,0.22196,0,0,0,0,,0.350705,1.732886,0.05885,3.208264,2.349308,0.219992
51,809,Krillin,PrimordialOrigin,1600,1258,0,0,0,4.652125,0.12592,0.22196,0,0,0,0,,0.877473,4.335723,0.05885,0.605427,2.349308,0.219992
51,813,Krillin,MewCombatMicro,1600,1511,0,0,0,4.652125,0.12592,0.22196,0,0,0,0,,0.625351,3.089955,0.05885,1.851195,2.349308,0.219992
51,827,Krillin,smokinggunbot,1600,1579,0,0,0,4.652125,0.12592,0.22196,0,0,0,0,,0.530185,2.619722,0.05885,2.321428,2.349308,0.219992
51,832,Krillin,muravev,1600,1632,0,0,0,4.652125,0.12592,0.22196,0,0,0,0,,0.454078,2.243668,0.05885,2.697482,2.349308,0.219992
51,836,Krillin,muravevTerran,1600,1477,0,0,0,4.652125,0.12592,0.22196,0,0,0,0,,0.669969,3.310417,0.05885,1.630733,2.349308,0.219992
51,858,Krillin,Crawler,1600,1562,0,0,0,4.652125,0.12592,0.22196,0,0,0,0,,0.554469,2.739716,0.05885,2.201434,2.349308,0.219992
51,876,Krillin,GenesisLotus,1600,1411,0,0,0,4.652125,0.12592,0.22196,0,0,0,0,,0.748,3.695978,0.05885,1.245172,2.349308,0.219992
51,901,Krillin,clone,1600,1667,0,0,0,4.652125,0.12592,0.22196,0,0,0,0,,0.404757,1.999965,0.05885,2.941185,2.349308,0.219992
51,930,Krillin,SiriusBot,1600,1519,0,0,0,4.652125,0.12592,0.22196,0,0,0,0,,0.614501,3.036343,0.05885,1.904807,2.349308,0.219992
51,939,Krillin,RustyNikolaj,1600,1539,0,0,0,4.652125,0.12592,0.22196,0,0,0,0,,0.586895,2.899936,0.05885,2.041214,2.349308,0.219992
51,940,Krillin,Princess-Mika-Test,1600,1524,0,0,0,4.652125,0.12592,0.22196,0,0,0,0,,0.607661,3.002544,0.05885,1.938606,2.349308,0.219992
51,943,Krillin,puck,1600,1529,0,0,0,4.652125,0.12592,0.22196,0,0,0,0,,0.600778,2.968535,0.05885,1.972615,2.349308,0.219992
51,948,Krillin,titania,1600,1185,0,0,0,4.652125,0.12592,0.22196,0,0,0,0,,0.915979,4.525992,0.05885,0.415158,2.349308,0.219992
51,953,Krillin,ZeratulsRevengeTest,1600,1702,0,0,0,4.652125,0.12592,0.22196,0,0,0,0,,0.357287,1.765408,0.05885,3.175742,2.349308,0.219992
51,959,Krillin,ur_moms_a_ho,1600,1600,0,0,0,4.652125,0.12592,0.22196,0,0,0,0,,0.5,2.470575,0.05885,2.470575,2.349308,0.219992
51,960,Krillin,BigDaddy,1600,1637,0,0,0,4.652125,0.12592,0.22196,0,0,0,0,,0.446953,2.208462,0.05885,2.732688,2.349308,0.219992
51,961,Krillin,AvocaDOS,1600,1751,0,0,0,4.652125,0.12592,0.22196,0,0,0,0,,0.295415,1.459692,0.05885,3.481458,2.349308,0.219992
51,962,Krillin,AvocaDEV,1600,1700,0,0,0,4.652125,0.12592,0.22196,0,0,0,0,,0.359935,1.778493,0.05885,3.162657,2.349308,0.219992
51,966,Krillin,ArgoBot,1600,1909,0,0,0,4.652125,0.12592,0.22196,0,0,0,0,,0.144458,0.713788,0.05885,4.227362,2.349308,0.219992
51,970,Krillin,TheLAW,1600,1576,0,0,0,4.652125,0.12592,0.22196,0,0,0,0,,0.534484,2.640965,0.05885,2.300185,2.349308,0.219992
51,971,Krillin,Nothing,1600,1570,0,0,0,4.652125,0.12592,0.22196,0,0,0,0,,0.543066,2.683373,0.05885,2.257777,2.349308,0.219992
51,977,Krillin,Siriusly,1600,1392,0,0,0,4.652125,0.12592,0.22196,0,0,0,0,,0.768052,3.79506,0.05885,1.14609,2.349308,0.219992
51,981,Krillin,KoB,1600,1499,0,0,0,4.652125,0.12592,0.22196,0,0,0,0,,0.64139,3.169205,0.05885,1.771945,2.349308,0.219992
51,998,Krillin,LordSuperKing,1600,1656,0,0,0,4.652125,0.12592,0.22196,0,0,0,0,,0.4201,2.075778,0.05885,2.865372,2.349308,0.219992
51,1007,Krillin,SharkGull,1600,1605,0,0,0,4.652125,0.12592,0.22196,0,0,0,0,,0.492805,2.435023,0.05885,2.506127,2.349308,0.219992
51,1008,Krillin,Creepy_canon,1600,1587,0,0,0,4.652125,0.12592,0.22196,0,0,0,0,,0.5187,2.562973,0.05885,2.378177,2.349308,0.219992
51,1023,Krillin,MY_SCRIPTING_SON,1600,1275,0,0,0,4.652125,0.12592,0.22196,0,0,0,0,,0.866557,4.281786,0.05885,0.659364,2.349308,0.219992
51,1026,Krillin,WildLupo,1600,1199,0,0,0,4.652125,0.12592,0.22196,0,0,0,0,,0.909566,4.4943,0.05885,0.44685,2.349308,0.219992
51,1029,Krillin,Chomppet,1600,1600,0,0,0,4.652125,0.12592,0.22196,0,0,0,0,,0.5,2.470575,0.05885,2.470575,2.349308,0.219992
51,1030,Krillin,who,1600,1924,0,0,0,4.652125,0.12592,0.22196,0,0,0,0,,0.13411,0.66266,0.05885,4.27849,2.349308,0.219992
51,1032,Krillin,WaterLeak,1600,1607,0,0,0,4.652125,0.12592,0.22196,0,0,0,0,,0.489928,2.420806,0.05885,2.520344,2.349308,0.219992
51,1038,Krillin,PolyMorph,1600,1463,0,0,0,4.652125,0.12592,0.22196,0,0,0,0,,0.687538,3.39723,0.05885,1.54392,2.349308,0.219992
51,1042,Krillin,Creepy_duo_canon,1600,1386,0,0,0,4.652125,0.12592,0.22196,0,0,0,0,,0.774148,3.825181,0.05885,1.115969,2.349308,0.219992
51,1044,Krillin,DoopyBot,1600,1418,0,0,0,4.652125,0.12592,0.22196,0,0,0,0,,0.740328,3.658074,0.05885,1.283076,2.349308,0.219992
51,1045,Krillin,tito,1600,1801,0,0,0,4.652125,0.12592,0.22196,0,0,0,0,,0.239204,1.181942,0.05885,3.759208,2.349308,0.219992
51,1049,Krillin,TheCatSC2Bot,1600,970,0,0,0,4.652125,0.12592,0.22196,0,0,0,0,,0.974082,4.813087,0.05885,0.128063,2.349308,0.219992
51,1050,Krillin,onlyfans,1600,1517,0,0,0,4.652125,0.12592,0.22196,0,0,0,0,,0.617225,3.049801,0.05885,1.891349,2.349308,0.219992
51,1052,Krillin,Starlight,1600,1204,0,0,0,4.652125,0.12592,0.22196,0,0,0,0,,0.90717,4.482463,0.05885,0.458687,2.349308,0.219992
51,1054,Krillin,JimmyBotZ,1600,1724,0,0,0,4.652125,0.12592,0.22196,0,0,0,0,,0.328759,1.62445,0.05885,3.3167,2.349308,0.219992
51,1056,Krillin,bilisaur,1600,1600,0,0,0,4.652125,0.12592,0.22196,0,0,0,0,,0.5,2.470575,0.05885,2.470575,2.349308,0.219992
51,1057,Krillin,DoopyBot-Test,1600,1238,0,0,0,4.652125,0.12592,0.22196,0,0,0,0,,0.889323,4.394276,0.05885,0.546874,2.349308,0.219992
51,1058,Krillin,JimmyBotP,1600,1711,0,0,0,4.652125,0.12592,0.22196,0,0,0,0,,0.34548,1.707069,0.05885,3.234081,2.349308,0.219992
51,1059,Krillin,NextProBot,1600,1600,0,0,0,4.652125,0.12592,0.22196,0,0,0,0,,0.5,2.470575,0.05885,2.470575,2.349308,0.219992
51,1060,Krillin,WildFire,1600,1709,0,0,0,4.652125,0.12592,0.22196,0,0,0,0,,0.348088,1.719955,0.05885,3.221195,2.349308,0.219992
51,1065,Krillin,MindMatrix,1600,1514,0,0,0,4.652125,0.12592,0.22196,0,0,0,0,,0.621297,3.06992,0.05885,1.87123,2.349308,0.219992
51,1066,Krillin,CompetitiveBotTest,1600,1482,0,0,0,4.652125,0.12592,0.22196,0,0,0,0,,0.663574,3.278819,0.05885,1.662331,2.349308,0.219992
51,1067,Krillin,Hello_world,1600,1600,0,0,0,4.652125,0.12592,0.22196,0,0,0,0,,0.5,2.470575,0.05885,2.470575,2.349308,0.219992
51,1078,Krillin,LoremIpsum,1600,1242,0,0,0,4.652125,0.12592,0.22196,0,0,0,0,,0.887036,4.382977,0.05885,0.558173,2.349308,0.219992
51,1079,Krillin,JimmyBotT,1600,1675,0,0,0,4.652125,0.12592,0.22196,0,0,0,0,,0.393712,1.945391,0.05885,2.995759,2.349308,0.219992
51,1080,Krillin,JimmyBot,1600,1675,0,0,0,4.652125,0.12592,0.22196,0,0,0,0,,0.393712,1.945391,0.05885,2.995759,2.349308,0.219992
51,1081,Krillin,ArtZerg,1600,1537,0,0,0,4.652125,0.12592,0.22196,0,0,0,0,,0.589684,2.913715,0.05885,2.027435,2.349308,0.219992
51,1082,Krillin,Dasyatis,1600,1573,0,0,0,4.652125,0.12592,0.22196,0,0,0,0,,0.538778,2.662183,0.05885,2.278967,2.349308,0.219992
51,1084,Krillin,ZippyZap,1600,1457,0,0,0,4.652125,0.12592,0.22196,0,0,0,0,,0.69491,3.433653,0.05885,1.507497,2.349308,0.219992
51,1085,Krillin,AgoraLord,1600,1430,0,0,0,4.652125,0.12592,0.22196,0,0,0,0,,0.72683,3.591376,0.05885,1.349774,2.349308,0.219992
51,1086,Krillin,CherBoiBlue,1600,1500,0,0,0,4.652125,0.12592,0.22196,0,0,0,0,,0.640065,3.162657,0.05885,1.778493,2.349308,0.219992
51,1087,Krillin,SwarmLord2,1600,1533,0,0,0,4.652125,0.12592,0.22196,0,0,0,0,,0.595243,2.941185,0.05885,1.999965,2.349308,0.219992
51,1088,Krillin,SwarmLord3,1600,1562,0,0,0,4.652125,0.12592,0.22196,0,0,0,0,,0.554469,2.739716,0.05885,2.201434,2.349308,0.219992
51,1089,Krillin,WorkingAsIntended,1600,1596,0,0,0,4.652125,0.12592,0.22196,0,0,0,0,,0.505756,2.499017,0.05885,2.442133,2.349308,0.219992
112,115,Tyckles,BenBotBC,1427,2043,0,0,0,4.652125,0.12592,0.22196,0,0,0,0,,0.028032,0.13851,0.05885,4.80264,2.349308,0.219992
112,117,Tyckles,Chance,1427,1384,40,0,3,44.652125,0.12592,3.22196,19,14,7,40,2.496343,0.561568,21.774791,7.05885,16.166359,2.480005,0.073331
112,167,Tyckles,TyrT,1427,1873,0,0,0,4.652125,0.12592,0.22196,0,0,0,0,,0.071267,0.352143,0.05885,4.589007,2.349308,0.219992
112,168,Tyckles,sharkbot,1427,1845,0,0,0,4.652125,0.12592,0.22196,0,0,0,0,,0.082701,0.408638,0.05885,4.532512,2.349308,0.219992
112,201,Tyckles,QueenBot,1427,1614,2,0,0,6.652125,0.12592,0.22196,0,2,0,2,2.890943,0.254177,1.255926,0.05885,5.685224,2.504061,0.185927
112,223,Tyckles,DominionDog,1427,1890,0,0,0,4.652125,0.12592,0.22196,0,0,0,0,,0.065056,0.32145,0.05885,4.6197,2.349308,0.219992
112,248,Tyckles,Eris,1427,2221,0,0,0,4.652125,0.12592,0.22196,0,0,0,0,,0.010245,0.050624,0.05885,4.890526,2.349308,0.219992
112,262,Tyckles,whalemean,1427,1797,0,0,0,4.652125,0.12592,0.22196,0,0,0,0,,0.106225,0.524875,0.05885,4.416275,2.349308,0.219992
112,275,Tyckles,Lissy,1427,1569,2,0,1,6.652125,0.12592,1.22196,0,2,0,2,2.553304,0.306312,1.513534,0.05885,5.427616,2.407592,0.185927
112,338,Tyckles,smallBly,1427,1834,0,0,0,4.652125,0.12592,0.22196,0,0,0,0,,0.087633,0.43301,0.05885,4.50814,2.349308,0.219992
112,340,Tyckles,MechaShark,1427,1695,2,0,0,6.652125,0.12592,0.22196,2,0,0,2,2.722806,0.176138,2.870327,0.05885,4.070823,2.456022,0.185927
112,341,Tyckles,gotest,1427,1328,39,0,0,43.652125,0.12592,0.22196,39,0,0,39,2.083697,0.638738,42.156099,0.05885,1.785051,2.11388,0.074159
112,346,Tyckles,Sharkling,1427,1761,0,0,0,4.652125,0.12592,0.22196,0,0,0,0,,0.127565,0.63032,0.05885,4.31083,2.349308,0.219992
112,347,Tyckles,PhantomTest,1427,1600,0,0,0,4.652125,0.12592,0.22196,0,0,0,0,,0.269755,1.332898,0.05885,3.608252,2.349308,0.219992
112,352,Tyckles,Belzebuth,1427,1134,25,4,13,29.652125,4.12592,13.22196,5,20,0,25,2.78772,0.843782,9.169255,0.05885,20.771895,2.714651,0.089811
112,357,Tyckles,12PoolBot,1427,1765,1,0,0,5.652125,0.12592,0.22196,0,1,0,1,1.366092,0.125025,0.617766,0.05885,5.323384,2.185439,0.200824
112,374,Tyckles,SwarmLord,1427,1600,0,0,0,4.652125,0.12592,0.22196,0,0,0,0,,0.269755,1.332898,0.05885,3.608252,2.349308,0.219992
112,446,Tyckles,Xena,1427,1937,0,0,0,4.652125,0.12592,0.22196,0,0,0,0,,0.050412,0.249094,0.05885,4.692056,2.349308,0.219992
112,496,Tyckles,Zozo,1427,2089,0,0,0,4.652125,0.12592,0.22196,0,0,0,0,,0.021652,0.106985,0.05885,4.834165,2.349308,0.219992
112,510,Tyckles,PhantomBot,1427,1817,0,0,0,4.652125,0.12592,0.22196,0,0,0,0,,0.09578,0.473263,0.05885,4.467887,2.349308,0.219992
112,516,Tyckles,27turtles,1427,1526,3,0,0,7.652125,0.12592,0.22196,1,2,0,3,3.035022,0.361262,2.785051,0.05885,5.156099,2.606451,0.173919
112,517,Tyckles,VeTerran-revived,1427,1869,0,0,0,4.652125,0.12592,0.22196,0,0,0,0,,0.072807,0.359748,0.05885,4.581402,2.349308,0.219992
112,518,Tyckles,norman,1427,1674,2,0,0,6.652125,0.12592,0.22196,1,1,0,2,2.525796,0.194372,1.960423,0.05885,4.980727,2.399733,0.185927
112,526,Tyckles,Apidae,1427,1635,3,0,0,7.652125,0.12592,0.22196,0,3,0,3,2.104315,0.231948,1.14609,0.05885,6.79506,2.257436,0.173919
112,605,Tyckles,nida,1427,1693,2,0,0,6.652125,0.12592,0.22196,1,1,0,2,2.437815,0.177815,1.878613,0.05885,5.062537,2.374596,0.185927
112,637,Tyckles,72Tortoises,1427,1697,1,0,0,5.652125,0.12592,0.22196,0,1,0,1,2.193886,0.174474,0.862102,0.05885,5.079048,2.323404,0.200824
112,699,Tyckles,Clicadinha,1427,1635,2,0,0,6.652125,0.12592,0.22196,0,2,0,2,2.658651,0.231948,1.14609,0.05885,5.79506,2.437692,0.185927
112,708,Tyckles,Princess-Mika,1427,1521,33,0,0,37.652125,0.12592,0.22196,3,30,0,33,2.571914,0.36793,4.817997,0.05885,33.123153,2.542624,0.079799
112,709,Tyckles,Laser-Circus,1427,1211,4,0,3,8.652125,0.12592,3.22196,4,0,0,4,2.27292,0.776155,7.835096,0.05885,1.106054,2.315358,0.163972
112,718,Tyckles,Mulebot,1427,1689,1,0,0,5.652125,0.12592,0.22196,0,1,0,1,2.000128,0.181207,0.89537,0.05885,5.04578,2.291111,0.200824
112,720,Tyckles,PiG_Bot,1427,1627,1,0,0,5.652125,0.12592,0.22196,1,0,0,1,2.372111,0.240253,2.187126,0.05885,3.754024,2.353109,0.200824
112,721,Tyckles,49Terrapins,1427,1430,34,0,0,38.652125,0.12592,0.22196,18,16,0,34,2.757532,0.495683,20.449243,0.05885,18.491907,2.705196,0.07877
112,729,Tyckles,Alexa,1427,1367,32,1,1,36.652125,1.12592,1.22196,14,18,0,32,2.524473,0.585499,16.893037,0.05885,20.048113,2.500802,0.08087
112,730,Tyckles,Deimos,1427,2155,0,0,0,4.652125,0.12592,0.22196,0,0,0,0,,0.01491,0.073672,0.05885,4.867478,2.349308,0.219992
112,732,Tyckles,GPT,1427,1830,0,0,0,4.652125,0.12592,0.22196,0,0,0,0,,0.089492,0.442193,0.05885,4.498957,2.349308,0.219992
112,759,Tyckles,BotTato,1427,1710,2,0,0,6.652125,0.12592,0.22196,0,2,0,2,2.573294,0.163957,0.810134,0.05885,6.131016,2.413304,0.185927
112,779,Tyckles,oberon,1427,1472,41,1,0,45.652125,1.12592,0.22196,24,11,6,41,2.723182,0.4356,26.152363,6.05885,13.788787,2.682543,0.072529
112,797,Tyckles,WickedBot,1427,1707,1,0,0,5.652125,0.12592,0.22196,0,1,0,1,2.299581,0.166338,0.821899,0.05885,5.119251,2.34102,0.200824
112,809,Tyckles,PrimordialOrigin,1427,1258,40,2,0,44.652125,2.12592,0.22196,33,6,1,40,2.341325,0.725686,36.585722,1.05885,7.355428,2.342212,0.073331
112,813,Tyckles,MewCombatMicro,1427,1511,1,0,0,5.652125,0.12592,0.22196,0,0,1,1,3.09874,0.381416,1.884633,1.05885,3.056517,2.474213,0.200824
112,827,Tyckles,smokinggunbot,1427,1579,6,1,0,10.652125,1.12592,0.22196,1,5,0,6,2.770863,0.294219,2.453778,0.05885,8.487372,2.579247,0.148318
112,832,Tyckles,muravev,1427,1632,2,0,0,6.652125,0.12592,0.22196,0,2,0,2,2.550777,0.235039,1.161362,0.05885,5.779788,2.406871,0.185927
112,836,Tyckles,muravevTerran,1427,1477,9,0,0,13.652125,0.12592,0.22196,3,6,0,9,2.492445,0.428537,5.117465,0.05885,8.823685,2.441325,0.13147
112,858,Tyckles,Crawler,1427,1562,11,0,0,15.652125,0.12592,0.22196,6,5,0,11,2.228612,0.31494,7.556168,0.05885,8.384982,2.26633,0.122979
112,876,Tyckles,GenesisLotus,1427,1411,41,0,0,45.652125,0.12592,0.22196,28,13,0,41,2.328751,0.52301,30.584269,0.05885,15.356881,2.330985,0.072529
112,901,Tyckles,clone,1427,1667,1,0,0,5.652125,0.12592,0.22196,0,1,0,1,2.182675,0.20076,0.991985,0.05885,4.949165,2.321536,0.200824
112,930,Tyckles,SiriusBot,1427,1519,19,0,0,23.652125,0.12592,0.22196,8,10,1,19,2.547964,0.370611,9.831247,1.05885,13.109903,2.506578,0.100412
112,939,Tyckles,RustyNikolaj,1427,1539,25,2,0,29.652125,2.12592,0.22196,5,18,2,25,2.780016,0.344179,6.700643,2.05885,21.240507,2.708232,0.089811
112,940,Tyckles,Princess-Mika-Test,1427,1524,27,0,2,31.652125,0.12592,2.22196,2,25,0,27,2.486598,0.363923,3.798199,0.05885,28.142951,2.465146,0.086959
112,943,Tyckles,puck,1427,1529,30,5,0,34.652125,5.12592,0.22196,9,18,3,30,2.884568,0.357287,10.765408,3.05885,21.175742,2.808102,0.083149
112,948,Tyckles,titania,1427,1185,18,0,0,22.652125,0.12592,0.22196,11,7,0,18,2.535706,0.801081,14.958261,0.05885,7.982889,2.495185,0.102572
112,953,Tyckles,ZeratulsRevengeTest,1427,1702,1,0,0,5.652125,0.12592,0.22196,0,1,0,1,1.418277,0.170367,0.84181,0.05885,5.09934,2.194136,0.200824
112,959,Tyckles,ur_moms_a_ho,1427,1600,0,0,0,4.652125,0.12592,0.22196,0,0,0,0,,0.269755,1.332898,0.05885,3.608252,2.349308,0.219992
112,960,Tyckles,BigDaddy,1427,1637,2,0,0,6.652125,0.12592,0.22196,1,1,0,2,2.769201,0.229903,2.135987,0.05885,4.805163,2.469277,0.185927
112,961,Tyckles,AvocaDOS,1427,1751,1,0,0,5.652125,0.12592,0.22196,0,1,0,1,2.64191,0.13411,0.66266,0.05885,5.27849,2.398075,0.200824
112,962,Tyckles,AvocaDEV,1427,1700,0,0,1,4.652125,0.12592,1.22196,0,0,0,0,,0.172001,0.849881,0.05885,4.091269,2.349308,0.219992
112,966,Tyckles,ArgoBot,1427,1909,0,0,0,4.652125,0.12592,0.22196,0,0,0,0,,0.058711,0.290102,0.05885,4.651048,2.349308,0.219992
112,970,Tyckles,TheLAW,1427,1576,2,0,1,6.652125,0.12592,1.22196,1,1,0,2,2.425597,0.297817,2.47156,0.05885,4.46959,2.371105,0.185927
112,971,Tyckles,Nothing,1427,1570,3,0,0,7.652125,0.12592,0.22196,0,3,0,3,1.958642,0.30509,1.507497,0.05885,6.433653,2.202808,0.173919
112,977,Tyckles,Siriusly,1427,1392,42,0,0,46.652125,0.12592,0.22196,16,26,0,42,2.37745,0.550199,18.718618,0.05885,28.222532,2.374456,0.071753
112,981,Tyckles,KoB,1427,1499,26,1,0,30.652125,1.12592,0.22196,11,15,0,26,2.467229,0.397842,12.965797,0.05885,17.975353,2.44821,0.088351
112,998,Tyckles,LordSuperKing,1427,1656,1,0,0,5.652125,0.12592,0.22196,0,1,0,1,2.726545,0.211113,1.043141,0.05885,4.898009,2.412181,0.200824
112,1007,Tyckles,SharkGull,1427,1605,1,0,0,5.652125,0.12592,0.22196,0,1,0,1,3.018472,0.264123,1.305069,0.05885,4.636081,2.460835,0.200824
112,1008,Tyckles,Creepy_canon,1427,1587,1,0,0,5.652125,0.12592,0.22196,1,0,0,1,3.475996,0.284747,2.406979,0.05885,3.534171,2.537089,0.200824
112,1023,Tyckles,MY_SCRIPTING_SON,1427,1275,13,0,29,17.652125,0.12592,29.22196,0,13,0,13,2.260393,0.705781,3.487372,0.05885,14.453778,2.285091,0.115946
112,1026,Tyckles,WildLupo,1427,1199,35,7,0,39.652125,7.12592,0.22196,21,14,0,35,3.594503,0.787927,24.893264,0.05885,15.047886,3.438854,0.077779
112,1029,Tyckles,Chomppet,1427,1600,0,0,0,4.652125,0.12592,0.22196,0,0,0,0,,0.269755,1.332898,0.05885,3.608252,2.349308,0.219992
112,1030,Tyckles,who,1427,1924,0,0,0,4.652125,0.12592,0.22196,0,0,0,0,,0.054117,0.267402,0.05885,4.673748,2.349308,0.219992
112,1032,Tyckles,WaterLeak,1427,1607,1,0,0,5.652125,0.12592,0.22196,0,1,0,1,1.623341,0.261891,1.294043,0.05885,4.647107,2.228313,0.200824
112,1038,Tyckles,PolyMorph,1427,1463,40,0,0,44.652125,0.12592,0.22196,3,36,1,40,2.749652,0.448376,5.215495,1.05885,38.725655,2.705169,0.073331
112,1042,Tyckles,Creepy_duo_canon,1427,1386,26,0,9,30.652125,0.12592,9.22196,15,4,7,26,2.549652,0.558731,17.760776,7.05885,6.180374,2.517339,0.088351
112,1044,Tyckles,DoopyBot,1427,1418,32,0,0,36.652125,0.12592,0.22196,0,32,0,32,2.56053,0.512949,2.534559,0.05885,34.406591,2.531987,0.08087
112,1045,Tyckles,tito,1427,1801,2,0,0,6.652125,0.12592,0.22196,0,2,0,2,2.542939,0.104059,0.514171,0.05885,6.426979,2.404631,0.185927
112,1049,Tyckles,TheCatSC2Bot,1427,970,40,2,0,44.652125,2.12592,0.22196,39,1,0,40,3.288798,0.932812,43.609162,0.05885,1.331988,3.18441,0.073331
112,1050,Tyckles,onlyfans,1427,1517,21,0,0,25.652125,0.12592,0.22196,5,16,0,21,2.441592,0.373301,6.844536,0.05885,19.096614,2.423845,0.096473
112,1052,Tyckles,Starlight,1427,1204,42,0,0,46.652125,0.12592,0.22196,32,7,3,42,2.576025,0.783077,35.869303,3.05885,8.071847,2.551906,0.071753
112,1054,Tyckles,JimmyBotZ,1427,1724,7,0,0,11.652125,0.12592,0.22196,1,6,0,7,2.451433,0.153207,1.757017,0.05885,10.184133,2.408881,0.142004
112,1056,Tyckles,bilisaur,1427,1600,0,0,0,4.652125,0.12592,0.22196,0,0,0,0,,0.269755,1.332898,0.05885,3.608252,2.349308,0.219992
112,1057,Tyckles,DoopyBot-Test,1427,1238,30,2,4,34.652125,2.12592,4.22196,13,17,0,30,2.638674,0.748,16.695978,0.05885,18.245172,2.597336,0.083149
112,1058,Tyckles,JimmyBotP,1427,1711,18,0,0,22.652125,0.12592,0.22196,9,8,1,18,2.513401,0.163169,9.806243,1.05885,12.134907,2.477729,0.102572
112,1059,Tyckles,NextProBot,1427,1600,0,0,0,4.652125,0.12592,0.22196,0,0,0,0,,0.269755,1.332898,0.05885,3.608252,2.349308,0.219992
112,1060,Tyckles,WildFire,1427,1709,2,0,0,6.652125,0.12592,0.22196,1,1,0,2,2.853384,0.164747,1.81404,0.05885,5.12711,2.49333,0.185927
112,1065,Tyckles,MindMatrix,1427,1514,20,0,0,24.652125,0.12592,0.22196,5,15,0,20,2.372502,0.37735,6.864542,0.05885,18.076608,2.367863,0.098383
112,1066,Tyckles,CompetitiveBotTest,1427,1482,1,0,0,5.652125,0.12592,0.22196,0,0,1,1,3.079614,0.421503,2.082711,1.05885,2.858439,2.471026,0.200824
112,1067,Tyckles,Hello_world,1427,1600,0,0,0,4.652125,0.12592,0.22196,0,0,0,0,,0.269755,1.332898,0.05885,3.608252,2.349308,0.219992
112,1078,Tyckles,LoremIpsum,1427,1242,19,2,0,23.652125,2.12592,0.22196,14,3,2,19,2.747906,0.743635,17.67441,2.05885,4.26674,2.664865,0.100412
112,1079,Tyckles,JimmyBotT,1427,1675,2,0,0,6.652125,0.12592,0.22196,0,2,0,2,2.425304,0.193472,0.955977,0.05885,5.985173,2.371021,0.185927
112,1080,Tyckles,JimmyBot,1427,1675,2,0,0,6.652125,0.12592,0.22196,0,2,0,2,2.337915,0.193472,0.955977,0.05885,5.985173,2.346053,0.185927
112,1081,Tyckles,ArtZerg,1427,1537,2,0,0,6.652125,0.12592,0.22196,0,2,0,2,1.65525,0.346783,1.713506,0.05885,5.227644,2.151006,0.185927
112,1082,Tyckles,Dasyatis,1427,1573,9,1,0,13.652125,1.12592,0.22196,4,0,5,9,2.687696,0.301441,5.489467,5.05885,3.451683,2.566843,0.13147
112,1084,Tyckles,ZippyZap,1427,1457,0,0,1,4.652125,0.12592,1.22196,0,0,0,0,,0.456934,2.257777,0.05885,2.683373,2.349308,0.219992
112,1085,Tyckles,AgoraLord,1427,1430,2,1,0,6.652125,1.12592,0.22196,0,2,0,2,3.431646,0.495683,2.449243,0.05885,4.491907,2.658548,0.185927
112,1086,Tyckles,CherBoiBlue,1427,1500,1,0,0,5.652125,0.12592,0.22196,1,0,0,1,2.204972,0.396464,2.958987,0.05885,2.982163,2.325252,0.200824
112,1087,Tyckles,SwarmLord2,1427,1533,1,0,0,5.652125,0.12592,0.22196,1,0,0,1,2.381396,0.352017,2.739369,0.05885,3.201781,2.354656,0.200824
112,1088,Tyckles,SwarmLord3,1427,1562,1,0,0,5.652125,0.12592,0.22196,1,0,0,1,2.376764,0.31494,2.556168,0.05885,3.384982,2.353884,0.200824
112,1089,Tyckles,WorkingAsIntended,1427,1596,1,0,0,5.652125,0.12592,0.22196,0,1,0,1,2.494032,0.274314,1.355428,0.05885,4.585722,2.373429,0.200824
115,117,BenBotBC,Chance,2043,1384,0,0,0,4.652125,0.12592,0.22196,0,0,0,0,,0.977979,4.832343,0.05885,0.108807,2.349308,0.219992
115,167,BenBotBC,TyrT,2043,1873,58,0,1,62.652125,0.12592,1.22196,34,24,0,58,2.886663,0.72683,37.591376,0.05885,25.349774,2.844016,0.061976
115,168,BenBotBC,sharkbot,2043,1845,62,0,0,66.652125,0.12592,0.22196,51,10,1,62,2.863079,0.757639,54.743609,1.05885,11.197541,2.824738,0.060097
115,201,BenBotBC,QueenBot,2043,1614,1,0,0,5.652125,0.12592,0.22196,1,0,0,1,2.674838,0.921977,5.555629,0.05885,0.385521,2.403563,0.200824
115,223,BenBotBC,DominionDog,2043,1890,49,0,2,53.652125,0.12592,2.22196,21,24,4,49,3.164743,0.706975,24.493271,4.05885,25.447879,3.08924,0.066941
115,248,BenBotBC,Eris,2043,2221,61,0,0,65.652125,0.12592,0.22196,7,54,0,61,2.899373,0.264123,8.305069,0.05885,57.636081,2.857701,0.060551
115,262,BenBotBC,whalemean,2043,1797,58,1,1,62.652125,1.12592,1.22196,42,13,3,58,2.739174,0.804725,45.976265,3.05885,13.964885,2.708232,0.061976
115,275,BenBotBC,Lissy,2043,1569,0,0,0,4.652125,0.12592,0.22196,0,0,0,0,,0.938691,4.638214,0.05885,0.302936,2.349308,0.219992
115,338,BenBotBC,smallBly,2043,1834,49,0,0,53.652125,0.12592,0.22196,35,14,0,49,2.133274,0.769076,38.800119,0.05885,15.141031,2.153277,0.066941
115,340,BenBotBC,MechaShark,2043,1695,45,3,2,49.652125,3.12592,2.22196,31,12,2,45,2.844032,0.881138,35.353834,2.05885,12.587316,2.794559,0.069567
115,341,BenBotBC,gotest,2043,1328,0,0,0,4.652125,0.12592,0.22196,0,0,0,0,,0.98395,4.861845,0.05885,0.079305,2.349308,0.219992
115,346,BenBotBC,Sharkling,2043,1761,59,0,0,63.652125,0.12592,0.22196,56,3,0,59,2.289912,0.835253,60.12711,0.05885,3.81404,2.294552,0.06149
115,347,BenBotBC,PhantomTest,2043,1600,0,0,0,4.652125,0.12592,0.22196,0,0,0,0,,0.927581,4.583317,0.05885,0.357833,2.349308,0.219992
115,352,BenBotBC,Belzebuth,2043,1134,0,0,0,4.652125,0.12592,0.22196,0,0,0,0,,0.994689,4.914907,0.05885,0.026243,2.349308,0.219992
115,357,BenBotBC,12PoolBot,2043,1765,28,0,0,32.652125,0.12592,0.22196,28,0,0,28,2.617438,0.83206,32.111332,0.05885,0.829818,2.576812,0.085632
115,374,BenBotBC,SwarmLord,2043,1600,0,0,0,4.652125,0.12592,0.22196,0,0,0,0,,0.927581,4.583317,0.05885,0.357833,2.349308,0.219992
115,446,BenBotBC,Xena,2043,1937,50,0,1,54.652125,0.12592,1.22196,25,25,0,50,2.474277,0.647983,28.201781,0.05885,26.739369,2.462916,0.06633
115,496,BenBotBC,Zozo,2043,2089,45,0,0,49.652125,0.12592,0.22196,37,8,0,45,2.876186,0.434185,39.145372,0.05885,10.795778,2.823498,0.069567
115,510,BenBotBC,PhantomBot,2043,1817,50,0,0,54.652125,0.12592,0.22196,48,2,0,50,2.653753,0.785997,51.883727,0.05885,3.057423,2.626076,0.06633
115,516,BenBotBC,27turtles,2043,1526,0,0,0,4.652125,0.12592,0.22196,0,0,0,0,,0.951482,4.701416,0.05885,0.239734,2.349308,0.219992
115,517,BenBotBC,VeTerran-revived,2043,1869,44,0,0,48.652125,0.12592,0.22196,17,26,1,44,2.962866,0.731378,20.613848,1.05885,27.327302,2.900258,0.070274
115,518,BenBotBC,norman,2043,1674,10,0,0,14.652125,0.12592,0.22196,10,0,0,10,2.731215,0.893227,14.413568,0.05885,0.527582,2.603912,0.127012
115,526,BenBotBC,Apidae,2043,1635,8,0,0,12.652125,0.12592,0.22196,7,1,0,8,2.797497,0.912826,11.510409,0.05885,1.430741,2.625116,0.136433
115,605,BenBotBC,nida,2043,1693,6,0,0,10.652125,0.12592,0.22196,6,0,0,6,2.892388,0.882338,10.359766,0.05885,0.581384,2.645533,0.148318
115,637,BenBotBC,72Tortoises,2043,1697,6,0,0,10.652125,0.12592,0.22196,6,0,0,6,1.782076,0.879927,10.34785,0.05885,0.5933,2.039909,0.148318
115,699,BenBotBC,Clicadinha,2043,1635,1,0,0,5.652125,0.12592,0.22196,1,0,0,1,2.468947,0.912826,5.510409,0.05885,0.430741,2.369248,0.200824
115,708,BenBotBC,Princess-Mika,2043,1521,0,0,0,4.652125,0.12592,0.22196,0,0,0,0,,0.952794,4.707897,0.05885,0.233253,2.349308,0.219992
115,709,BenBotBC,Laser-Circus,2043,1211,0,0,0,4.652125,0.12592,0.22196,0,0,0,0,,0.991751,4.90039,0.05885,0.04076,2.349308,0.219992
115,718,BenBotBC,Mulebot,2043,1689,17,0,0,21.652125,0.12592,0.22196,13,4,0,17,2.787291,0.884708,17.371474,0.05885,4.569676,2.687749,0.104877
115,720,BenBotBC,PiG_Bot,2043,1627,0,0,0,4.652125,0.12592,0.22196,0,0,0,0,,0.916421,4.528175,0.05885,0.412975,2.349308,0.219992
115,721,BenBotBC,49Terrapins,2043,1430,0,0,0,4.652125,0.12592,0.22196,0,0,0,0,,0.971494,4.800296,0.05885,0.140854,2.349308,0.219992
115,729,BenBotBC,Alexa,2043,1367,0,0,0,4.652125,0.12592,0.22196,0,0,0,0,,0.979991,4.842283,0.05885,0.098867,2.349308,0.219992
115,730,BenBotBC,Deimos,2043,2155,61,1,0,65.652125,1.12592,0.22196,17,44,0,61,2.660409,0.344179,18.700643,0.05885,47.240507,2.636841,0.060551
115,732,BenBotBC,GPT,2043,1830,59,0,0,63.652125,0.12592,0.22196,57,2,0,59,2.575347,0.77314,60.8202,0.05885,3.12095,2.557687,0.06149
115,759,BenBotBC,BotTato,2043,1710,38,0,1,42.652125,0.12592,1.22196,28,10,0,38,2.867402,0.871793,32.307658,0.05885,10.633492,2.807159,0.075016
115,779,BenBotBC,oberon,2043,1472,0,0,0,4.652125,0.12592,0.22196,0,0,0,0,,0.963978,4.76316,0.05885,0.17799,2.349308,0.219992
115,797,BenBotBC,WickedBot,2043,1707,33,0,3,37.652125,0.12592,3.22196,29,3,1,33,3.296271,0.87371,33.317134,1.05885,3.624016,3.171671,0.079799
115,809,BenBotBC,PrimordialOrigin,2043,1258,0,0,0,4.652125,0.12592,0.22196,0,0,0,0,,0.989216,4.887863,0.05885,0.053287,2.349308,0.219992
115,813,BenBotBC,MewCombatMicro,2043,1511,0,0,0,4.652125,0.12592,0.22196,0,0,0,0,,0.955316,4.720362,0.05885,0.220788,2.349308,0.219992
115,827,BenBotBC,smokinggunbot,2043,1579,1,0,0,5.652125,0.12592,0.22196,1,0,0,1,2.35802,0.935293,5.621425,0.05885,0.319725,2.35076,0.200824
115,832,BenBotBC,muravev,2043,1632,0,0,0,4.652125,0.12592,0.22196,0,0,0,0,,0.91419,4.517151,0.05885,0.423999,2.349308,0.219992
115,836,BenBotBC,muravevTerran,2043,1477,0,0,0,4.652125,0.12592,0.22196,0,0,0,0,,0.962965,4.758155,0.05885,0.182995,2.349308,0.219992
115,858,BenBotBC,Crawler,2043,1562,0,0,0,4.652125,0.12592,0.22196,0,0,0,0,,0.94097,4.649472,0.05885,0.291678,2.349308,0.219992
115,876,BenBotBC,GenesisLotus,2043,1411,0,0,0,4.652125,0.12592,0.22196,0,0,0,0,,0.974371,4.814515,0.05885,0.126635,2.349308,0.219992
115,901,BenBotBC,clone,2043,1667,18,0,2,22.652125,0.12592,2.22196,13,5,0,18,2.597472,0.89701,17.432259,0.05885,5.508891,2.543523,0.102572
115,930,BenBotBC,SiriusBot,2043,1519,0,0,0,4.652125,0.12592,0.22196,0,0,0,0,,0.953309,4.710443,0.05885,0.230707,2.349308,0.219992
115,939,BenBotBC,RustyNikolaj,2043,1539,0,0,0,4.652125,0.12592,0.22196,0,0,0,0,,0.947909,4.683758,0.05885,0.257392,2.349308,0.219992
115,940,BenBotBC,Princess-Mika-Test,2043,1524,0,0,0,4.652125,0.12592,0.22196,0,0,0,0,,0.952011,4.704029,0.05885,0.237121,2.349308,0.219992
115,943,BenBotBC,puck,2043,1529,1,0,0,5.652125,0.12592,0.22196,1,0,0,1,2.726545,0.950679,5.697446,0.05885,0.243704,2.412181,0.200824
115,948,BenBotBC,titania,2043,1185,1,0,0,5.652125,0.12592,0.22196,1,0,0,1,1.742219,0.992889,5.906016,0.05885,0.035134,2.248127,0.200824
115,953,BenBotBC,ZeratulsRevengeTest,2043,1702,19,0,1,23.652125,0.12592,1.22196,19,0,0,19,2.42702,0.876852,23.332659,0.05885,0.608491,2.41083,0.100412
115,959,BenBotBC,ur_moms_a_ho,2043,1600,0,0,0,4.652125,0.12592,0.22196,0,0,0,0,,0.927581,4.583317,0.05885,0.357833,2.349308,0.219992
115,960,BenBotBC,BigDaddy,2043,1637,4,0,0,8.652125,0.12592,0.22196,2,2,0,4,2.075031,0.911905,6.505861,0.05885,2.435289,2.227407,0.163972
115,961,BenBotBC,AvocaDOS,2043,1751,37,1,0,41.652125,1.12592,0.22196,36,1,0,37,2.659677,0.843022,40.165498,0.05885,1.775652,2.622729,0.075904
115,962,BenBotBC,AvocaDEV,2043,1700,2,0,0,6.652125,0.12592,0.22196,2,0,0,2,3.055233,0.87809,6.338775,0.05885,0.602375,2.551001,0.185927
115,966,BenBotBC,ArgoBot,2043,1909,59,0,1,63.652125,0.12592,1.22196,37,22,0,59,2.569377,0.683816,40.378839,0.05885,23.562311,2.552184,0.06149
115,970,BenBotBC,TheLAW,2043,1576,0,0,0,4.652125,0.12592,0.22196,0,0,0,0,,0.936331,4.626551,0.05885,0.314599,2.349308,0.219992
115,971,BenBotBC,Nothing,2043,1570,2,0,0,6.652125,0.12592,0.22196,2,0,0,2,2.005563,0.938359,6.636573,0.05885,0.304577,2.251095,0.185927
115,977,BenBotBC,Siriusly,2043,1392,0,0,0,4.652125,0.12592,0.22196,0,0,0,0,,0.976965,4.827333,0.05885,0.113817,2.349308,0.219992
115,981,BenBotBC,KoB,2043,1499,5,0,0,9.652125,0.12592,0.22196,5,0,0,5,2.281413,0.958174,9.734482,0.05885,0.206668,2.31536,0.155557
115,998,BenBotBC,LordSuperKing,2043,1656,8,0,0,12.652125,0.12592,0.22196,8,0,0,8,2.655849,0.902714,12.460445,0.05885,0.480705,2.537948,0.136433
115,1007,BenBotBC,SharkGull,2043,1605,0,0,0,4.652125,0.12592,0.22196,0,0,0,0,,0.925624,4.573646,0.05885,0.367504,2.349308,0.219992
115,1008,BenBotBC,Creepy_canon,2043,1587,0,0,0,4.652125,0.12592,0.22196,0,0,0,0,,0.93245,4.607375,0.05885,0.333775,2.349308,0.219992
115,1023,BenBotBC,MY_SCRIPTING_SON,2043,1275,0,0,0,4.652125,0.12592,0.22196,0,0,0,0,,0.98812,4.88245,0.05885,0.0587,2.349308,0.219992
115,1026,BenBotBC,WildLupo,2043,1199,0,0,0,4.652125,0.12592,0.22196,0,0,0,0,,0.992297,4.90309,0.05885,0.03806,2.349308,0.219992
115,1029,BenBotBC,Chomppet,2043,1600,0,0,0,4.652125,0.12592,0.22196,0,0,0,0,,0.927581,4.583317,0.05885,0.357833,2.349308,0.219992
115,1030,BenBotBC,who,2043,1924,61,1,0,65.652125,1.12592,0.22196,40,20,1,61,2.414094,0.664858,43.285163,1.05885,21.655987,2.409186,0.060551
115,1032,BenBotBC,WaterLeak,2043,1607,25,0,0,29.652125,0.12592,0.22196,25,0,0,25,2.271249,0.924827,29.56971,0.05885,0.37144,2.284259,0.089811
115,1038,BenBotBC,PolyMorph,2043,1463,1,0,0,5.652125,0.12592,0.22196,1,0,0,1,2.098018,0.965734,5.771839,0.05885,0.169311,2.307426,0.200824
115,1042,BenBotBC,Creepy_duo_canon,2043,1386,0,0,0,4.652125,0.12592,0.22196,0,0,0,0,,0.97773,4.831111,0.05885,0.110039,2.349308,0.219992
115,1044,BenBotBC,DoopyBot,2043,1418,0,0,0,4.652125,0.12592,0.22196,0,0,0,0,,0.973346,4.809447,0.05885,0.131703,2.349308,0.219992
115,1045,BenBotBC,tito,2043,1801,48,0,0,52.652125,0.12592,0.22196,42,6,0,48,2.743218,0.801081,45.958261,0.05885,6.982889,2.706056,0.06757
115,1049,BenBotBC,TheCatSC2Bot,2043,970,0,0,0,4.652125,0.12592,0.22196,0,0,0,0,,0.997927,4.930907,0.05885,0.010243,2.349308,0.219992
115,1050,BenBotBC,onlyfans,2043,1517,0,0,0,4.652125,0.12592,0.22196,0,0,0,0,,0.953819,4.712961,0.05885,0.228189,2.349308,0.219992
115,1052,BenBotBC,Starlight,2043,1204,0,0,0,4.652125,0.12592,0.22196,0,0,0,0,,0.992074,4.901987,0.05885,0.039163,2.349308,0.219992
115,1054,BenBotBC,JimmyBotZ,2043,1724,0,0,0,4.652125,0.12592,0.22196,0,0,0,0,,0.862512,4.261801,0.05885,0.679349,2.349308,0.219992
115,1056,BenBotBC,bilisaur,2043,1600,0,0,0,4.652125,0.12592,0.22196,0,0,0,0,,0.927581,4.583317,0.05885,0.357833,2.349308,0.219992
115,1057,BenBotBC,DoopyBot-Test,2043,1238,0,0,0,4.652125,0.12592,0.22196,0,0,0,0,,0.990377,4.893602,0.05885,0.047548,2.349308,0.219992
115,1058,BenBotBC,JimmyBotP,2043,1711,1,0,0,5.652125,0.12592,0.22196,1,0,0,1,2.218116,0.871148,5.304472,0.05885,0.636678,2.327443,0.200824
115,1059,BenBotBC,NextProBot,2043,1600,0,0,0,4.652125,0.12592,0.22196,0,0,0,0,,0.927581,4.583317,0.05885,0.357833,2.349308,0.219992
115,1060,BenBotBC,WildFire,2043,1709,18,0,0,22.652125,0.12592,0.22196,18,0,0,18,2.582623,0.872435,22.31083,0.05885,0.63032,2.531902,0.102572
115,1065,BenBotBC,MindMatrix,2043,1514,0,0,0,4.652125,0.12592,0.22196,0,0,0,0,,0.954573,4.716691,0.05885,0.224459,2.349308,0.219992
115,1066,BenBotBC,CompetitiveBotTest,2043,1482,0,0,0,4.652125,0.12592,0.22196,0,0,0,0,,0.961925,4.753015,0.05885,0.188135,2.349308,0.219992
115,1067,BenBotBC,Hello_world,2043,1600,0,0,0,4.652125,0.12592,0.22196,0,0,0,0,,0.927581,4.583317,0.05885,0.357833,2.349308,0.219992
115,1078,BenBotBC,LoremIpsum,2043,1242,0,0,0,4.652125,0.12592,0.22196,0,0,0,0,,0.990155,4.892506,0.05885,0.048644,2.349308,0.219992
115,1079,BenBotBC,JimmyBotT,2043,1675,0,0,0,4.652125,0.12592,0.22196,0,0,0,0,,0.892677,4.410849,0.05885,0.530301,2.349308,0.219992
115,1080,BenBotBC,JimmyBot,2043,1675,0,0,0,4.652125,0.12592,0.22196,0,0,0,0,,0.892677,4.410849,0.05885,0.530301,2.349308,0.219992
115,1081,BenBotBC,ArtZerg,2043,1537,0,0,0,4.652125,0.12592,0.22196,0,0,0,0,,0.948474,4.686553,0.05885,0.254597,2.349308,0.219992
115,1082,BenBotBC,Dasyatis,2043,1573,0,0,0,4.652125,0.12592,0.22196,0,0,0,0,,0.937353,4.6316,0.05885,0.30955,2.349308,0.219992
115,1084,BenBotBC,ZippyZap,2043,1457,0,0,0,4.652125,0.12592,0.22196,0,0,0,0,,0.966859,4.777396,0.05885,0.163754,2.349308,0.219992
115,1085,BenBotBC,AgoraLord,2043,1430,0,0,0,4.652125,0.12592,0.22196,0,0,0,0,,0.971494,4.800296,0.05885,0.140854,2.349308,0.219992
115,1086,BenBotBC,CherBoiBlue,2043,1500,0,0,0,4.652125,0.12592,0.22196,0,0,0,0,,0.957943,4.733339,0.05885,0.207811,2.349308,0.219992
115,1087,BenBotBC,SwarmLord2,2043,1533,0,0,0,4.652125,0.12592,0.22196,0,0,0,0,,0.949588,4.692056,0.05885,0.249094,2.349308,0.219992
115,1088,BenBotBC,SwarmLord3,2043,1562,0,0,0,4.652125,0.12592,0.22196,0,0,0,0,,0.94097,4.649472,0.05885,0.291678,2.349308,0.219992
115,1089,BenBotBC,WorkingAsIntended,2043,1596,0,0,0,4.652125,0.12592,0.22196,0,0,0,0,,0.929113,4.590885,0.05885,0.350265,2.349308,0.219992
117,167,Chance,TyrT,1384,1873,0,0,0,4.652125,0.12592,0.22196,0,0,0,0,,0.056524,0.279292,0.05885,4.661858,2.349308,0.219992
117,168,Chance,sharkbot,1384,1845,0,0,0,4.652125,0.12592,0.22196,0,0,0,0,,0.06576,0.324928,0.05885,4.616222,2.349308,0.219992
117,201,Chance,QueenBot,1384,1614,3,0,0,7.652125,0.12592,0.22196,0,3,0,3,2.680918,0.210156,1.038411,0.05885,6.902739,2.473662,0.173919
117,223,Chance,DominionDog,1384,1890,1,0,0,5.652125,0.12592,0.22196,0,1,0,1,1.805005,0.051526,0.254597,0.05885,5.686553,2.258591,0.200824
117,248,Chance,Eris,1384,2221,0,0,0,4.652125,0.12592,0.22196,0,0,0,0,,0.008017,0.039613,0.05885,4.901537,2.349308,0.219992
117,262,Chance,whalemean,1384,1797,1,0,0,5.652125,0.12592,0.22196,0,1,0,1,0.955511,0.084911,0.419557,0.05885,5.521593,2.117009,0.200824
117,275,Chance,Lissy,1384,1569,3,0,0,7.652125,0.12592,0.22196,0,3,0,3,2.6464,0.256365,1.26674,0.05885,6.67441,2.460718,0.173919
117,338,Chance,smallBly,1384,1834,0,0,0,4.652125,0.12592,0.22196,0,0,0,0,,0.069758,0.344686,0.05885,4.596464,2.349308,0.219992
117,340,Chance,MechaShark,1384,1695,0,0,0,4.652125,0.12592,0.22196,0,0,0,0,,0.143041,0.706786,0.05885,4.234364,2.349308,0.219992
117,341,Chance,gotest,1384,1328,9,2,30,13.652125,2.12592,30.22196,2,7,0,9,1.720617,0.5799,4.865372,0.05885,9.075778,1.94515,0.13147
117,346,Chance,Sharkling,1384,1761,0,0,0,4.652125,0.12592,0.22196,0,0,0,0,,0.10246,0.50627,0.05885,4.43488,2.349308,0.219992
117,347,Chance,PhantomTest,1384,1600,0,0,0,4.652125,0.12592,0.22196,0,0,0,0,,0.223845,1.106054,0.05885,3.835096,2.349308,0.219992
117,352,Chance,Belzebuth,1384,1134,30,3,23,34.652125,3.12592,23.22196,12,17,1,30,2.574363,0.808318,15.994019,1.05885,17.947131,2.542213,0.083149
117,357,Chance,12PoolBot,1384,1765,0,0,0,4.652125,0.12592,0.22196,0,0,0,0,,0.100362,0.495902,0.05885,4.445248,2.349308,0.219992
117,374,Chance,SwarmLord,1384,1600,0,0,0,4.652125,0.12592,0.22196,0,0,0,0,,0.223845,1.106054,0.05885,3.835096,2.349308,0.219992
117,446,Chance,Xena,1384,1937,1,0,0,5.652125,0.12592,0.22196,0,1,0,1,2.646884,0.039798,0.196648,0.05885,5.744502,2.398904,0.200824
117,496,Chance,Zozo,1384,2089,1,0,0,5.652125,0.12592,0.22196,0,1,0,1,0.277632,0.016985,0.083924,0.05885,5.857226,2.004029,0.200824
117,510,Chance,PhantomBot,1384,1817,0,0,0,4.652125,0.12592,0.22196,0,0,0,0,,0.076382,0.377416,0.05885,4.563734,2.349308,0.219992
117,516,Chance,27turtles,1384,1526,2,0,0,6.652125,0.12592,0.22196,1,1,0,2,2.347791,0.306312,2.513534,0.05885,4.427616,2.348875,0.185927
117,517,Chance,VeTerran-revived,1384,1869,1,0,0,5.652125,0.12592,0.22196,0,1,0,1,1.890095,0.057764,0.285422,0.05885,5.655728,2.272773,0.200824
117,518,Chance,norman,1384,1674,1,0,0,5.652125,0.12592,0.22196,1,0,0,1,3.156149,0.158508,1.78321,0.05885,4.15794,2.483781,0.200824
117,526,Chance,Apidae,1384,1635,1,0,0,5.652125,0.12592,0.22196,0,1,0,1,1.83098,0.190792,0.942732,0.05885,4.998418,2.26292,0.200824
117,605,Chance,nida,1384,1693,2,0,0,6.652125,0.12592,0.22196,0,2,0,2,2.294228,0.144458,0.713788,0.05885,6.227362,2.333571,0.185927
117,637,Chance,72Tortoises,1384,1697,1,0,0,5.652125,0.12592,0.22196,0,1,0,1,1.526056,0.141635,0.699842,0.05885,5.241308,2.212099,0.200824
117,699,Chance,Clicadinha,1384,1635,2,0,0,6.652125,0.12592,0.22196,0,2,0,2,1.63858,0.190792,0.942732,0.05885,5.998418,2.146243,0.185927
117,708,Chance,Princess-Mika,1384,1521,43,0,1,47.652125,0.12592,1.22196,18,25,0,43,1.901053,0.312462,19.54392,0.05885,28.39723,1.947747,0.071002
117,709,Chance,Laser-Circus,1384,1211,6,0,6,10.652125,0.12592,6.22196,4,2,0,6,2.332627,0.730245,7.608252,0.05885,3.332898,2.340209,0.148318
117,718,Chance,Mulebot,1384,1689,0,0,0,4.652125,0.12592,0.22196,0,0,0,0,,0.147327,0.727965,0.05885,4.213185,2.349308,0.219992
117,720,Chance,PiG_Bot,1384,1627,1,0,0,5.652125,0.12592,0.22196,0,1,0,1,2.482404,0.198003,0.978364,0.05885,4.962786,2.371491,0.200824
117,721,Chance,49Terrapins,1384,1430,33,0,3,37.652125,0.12592,3.22196,15,18,0,33,2.709125,0.434185,17.145372,0.05885,20.795778,2.66178,0.079799
117,729,Chance,Alexa,1384,1367,50,0,0,54.652125,0.12592,0.22196,26,23,1,50,2.034242,0.524445,28.591364,1.05885,25.349786,2.062884,0.06633
117,730,Chance,Deimos,1384,2155,0,0,0,4.652125,0.12592,0.22196,0,0,0,0,,0.011679,0.057707,0.05885,4.883443,2.349308,0.219992
117,732,Chance,GPT,1384,1830,1,0,0,5.652125,0.12592,0.22196,0,1,0,1,1.642873,0.071267,0.352143,0.05885,5.589007,2.231569,0.200824
117,759,Chance,BotTato,1384,1710,0,0,0,4.652125,0.12592,0.22196,0,0,0,0,,0.132779,0.656081,0.05885,4.285069,2.349308,0.219992
117,779,Chance,oberon,1384,1472,59,1,2,63.652125,1.12592,2.22196,31,27,1,59,2.183791,0.375998,32.857864,1.05885,30.083286,2.196722,0.06149
117,797,Chance,WickedBot,1384,1707,1,0,0,5.652125,0.12592,0.22196,0,1,0,1,3.412797,0.13478,0.66597,0.05885,5.27518,2.526556,0.200824
117,809,Chance,PrimordialOrigin,1384,1258,49,4,7,53.652125,4.12592,7.22196,17,31,1,49,2.046383,0.673776,20.329229,1.05885,32.611921,2.074432,0.066941
117,813,Chance,MewCombatMicro,1384,1511,1,0,0,5.652125,0.12592,0.22196,1,0,0,1,1.623341,0.32496,2.605675,0.05885,3.335475,2.228313,0.200824
117,827,Chance,smokinggunbot,1384,1579,5,1,0,9.652125,1.12592,0.22196,3,2,0,5,1.838766,0.245546,4.213279,0.05885,5.727871,2.094037,0.155557
117,832,Chance,muravev,1384,1632,1,0,0,5.652125,0.12592,0.22196,0,1,0,1,1.456287,0.193472,0.955977,0.05885,4.985173,2.200471,0.200824
117,836,Chance,muravevTerran,1384,1477,10,0,0,14.652125,0.12592,0.22196,5,5,0,10,1.919607,0.36927,6.824617,0.05885,8.116533,2.062841,0.127012
117,858,Chance,Crawler,1384,1562,12,0,0,16.652125,0.12592,0.22196,3,9,0,12,1.923647,0.264123,4.305069,0.05885,12.636081,2.048842,0.119307
117,876,Chance,GenesisLotus,1384,1411,51,0,2,55.652125,0.12592,2.22196,21,28,2,51,2.057274,0.461222,23.278967,2.05885,30.662183,2.083348,0.065735
117,901,Chance,clone,1384,1667,1,0,0,5.652125,0.12592,0.22196,1,0,0,1,1.593309,0.163957,1.810134,0.05885,4.131016,2.223308,0.200824
117,930,Chance,SiriusBot,1384,1519,29,2,1,33.652125,2.12592,1.22196,16,12,1,29,2.290223,0.31494,17.556168,1.05885,15.384982,2.298912,0.084363
117,939,Chance,RustyNikolaj,1384,1539,29,0,1,33.652125,0.12592,1.22196,12,16,1,29,2.248281,0.290645,13.436122,1.05885,19.505028,2.263138,0.084363
117,940,Chance,Princess-Mika-Test,1384,1524,39,0,3,43.652125,0.12592,3.22196,19,19,1,39,2.011632,0.308764,20.525648,1.05885,22.415502,2.050004,0.074159
117,943,Chance,puck,1384,1529,49,0,1,53.652125,0.12592,1.22196,18,31,0,49,2.183652,0.302655,19.495463,0.05885,34.445687,2.198991,0.066941
117,948,Chance,titania,1384,1185,34,0,1,38.652125,0.12592,1.22196,14,20,0,34,2.030774,0.758695,17.748824,0.05885,21.192326,2.071612,0.07877
117,953,Chance,ZeratulsRevengeTest,1384,1702,1,0,0,5.652125,0.12592,0.22196,1,0,0,1,2.564949,0.138172,1.682729,0.05885,4.258421,2.385248,0.200824
117,959,Chance,ur_moms_a_ho,1384,1600,0,0,0,4.652125,0.12592,0.22196,0,0,0,0,,0.223845,1.106054,0.05885,3.835096,2.349308,0.219992
117,960,Chance,BigDaddy,1384,1637,0,0,0,4.652125,0.12592,0.22196,0,0,0,0,,0.189021,0.93398,0.05885,4.00717,2.349308,0.219992
117,961,Chance,AvocaDOS,1384,1751,1,0,0,5.652125,0.12592,0.22196,0,1,0,1,1.906575,0.107876,0.533032,0.05885,5.408118,2.275519,0.200824
117,962,Chance,AvocaDEV,1384,1700,1,0,0,5.652125,0.12592,0.22196,0,1,0,1,2.158715,0.139549,0.689532,0.05885,5.251618,2.317542,0.200824
117,966,Chance,ArgoBot,1384,1909,1,0,0,5.652125,0.12592,0.22196,0,1,0,1,1.780024,0.046435,0.229445,0.05885,5.711705,2.254427,0.200824
117,970,Chance,TheLAW,1384,1576,6,0,0,10.652125,0.12592,0.22196,2,4,0,6,1.887254,0.248759,3.229157,0.05885,7.711993,2.097279,0.148318
117,971,Chance,Nothing,1384,1570,3,0,0,7.652125,0.12592,0.22196,1,2,0,3,1.969627,0.25527,2.261325,0.05885,5.679825,2.206928,0.173919
117,977,Chance,Siriusly,1384,1392,53,1,1,57.652125,1.12592,1.22196,21,29,3,53,2.194062,0.488489,23.413698,3.05885,31.527452,2.207445,0.064592
117,981,Chance,KoB,1384,1499,29,1,1,33.652125,1.12592,1.22196,13,16,0,29,1.873672,0.340292,14.681434,0.05885,19.259716,1.943618,0.084363
117,998,Chance,LordSuperKing,1384,1656,1,0,0,5.652125,0.12592,0.22196,0,1,0,1,2.80336,0.172822,0.853939,0.05885,5.087211,2.424983,0.200824
117,1007,Chance,SharkGull,1384,1605,1,0,0,5.652125,0.12592,0.22196,0,1,0,1,1.456287,0.218885,1.081542,0.05885,4.859608,2.200471,0.200824
117,1008,Chance,Creepy_canon,1384,1587,1,0,0,5.652125,0.12592,0.22196,0,1,0,1,1.497388,0.237115,1.171621,0.05885,4.769529,2.207321,0.200824
117,1023,Chance,MY_SCRIPTING_SON,1384,1275,37,3,20,41.652125,3.12592,20.22196,13,24,0,37,2.052862,0.651912,16.221195,0.05885,25.719955,2.088154,0.075904
117,1026,Chance,WildLupo,1384,1199,55,1,2,59.652125,1.12592,2.22196,26,26,3,55,2.232942,0.743635,29.67441,3.05885,27.26674,2.242639,0.063506
117,1029,Chance,Chomppet,1384,1600,0,0,0,4.652125,0.12592,0.22196,0,0,0,0,,0.223845,1.106054,0.05885,3.835096,2.349308,0.219992
117,1030,Chance,who,1384,1924,0,0,0,4.652125,0.12592,0.22196,0,0,0,0,,0.042758,0.211276,0.05885,4.729874,2.349308,0.219992
117,1032,Chance,WaterLeak,1384,1607,0,0,0,4.652125,0.12592,0.22196,0,0,0,0,,0.216923,1.071847,0.05885,3.869303,2.349308,0.219992
117,1038,Chance,PolyMorph,1384,1463,53,0,1,57.652125,0.12592,1.22196,29,24,0,53,2.231762,0.388229,30.9183,0.05885,27.02285,2.241895,0.064592
117,1042,Chance,Creepy_duo_canon,1384,1386,26,5,5,30.652125,5.12592,5.22196,10,16,0,26,1.854192,0.497122,12.456353,0.05885,18.484797,1.934049,0.088351
117,1044,Chance,DoopyBot,1384,1418,36,1,2,40.652125,1.12592,2.22196,13,22,1,36,2.01746,0.451226,15.229574,1.05885,24.711576,2.057929,0.076824
117,1045,Chance,tito,1384,1801,0,0,0,4.652125,0.12592,0.22196,0,0,0,0,,0.083139,0.410801,0.05885,4.530349,2.349308,0.219992
117,1049,Chance,TheCatSC2Bot,1384,970,49,10,3,53.652125,10.12592,3.22196,29,18,2,49,2.280575,0.915535,33.523797,2.05885,18.417353,2.286939,0.066941
117,1050,Chance,onlyfans,1384,1517,31,1,1,35.652125,1.12592,1.22196,11,20,0,31,2.267414,0.31743,12.568467,0.05885,23.372683,2.278788,0.081986
117,1052,Chance,Starlight,1384,1204,51,0,1,55.652125,0.12592,1.22196,22,29,0,51,2.284731,0.738109,25.647107,0.05885,30.294043,2.290497,0.065735
117,1054,Chance,JimmyBotZ,1384,1724,9,0,0,13.652125,0.12592,0.22196,3,6,0,9,2.164555,0.123771,3.61157,0.05885,10.32958,2.230538,0.13147
117,1056,Chance,bilisaur,1384,1600,0,0,0,4.652125,0.12592,0.22196,0,0,0,0,,0.223845,1.106054,0.05885,3.835096,2.349308,0.219992
117,1057,Chance,DoopyBot-Test,1384,1238,37,3,1,41.652125,3.12592,1.22196,15,20,2,37,2.155927,0.698559,18.451683,2.05885,21.489467,2.178949,0.075904
117,1058,Chance,JimmyBotP,1384,1711,17,0,1,21.652125,0.12592,1.22196,8,9,0,17,1.970007,0.132118,8.652813,0.05885,13.288337,2.056212,0.104877
117,1059,Chance,NextProBot,1384,1600,0,0,0,4.652125,0.12592,0.22196,0,0,0,0,,0.223845,1.106054,0.05885,3.835096,2.349308,0.219992
117,1060,Chance,WildFire,1384,1709,2,0,0,6.652125,0.12592,0.22196,0,2,0,2,1.59311,0.133443,0.659364,0.05885,6.281786,2.133251,0.185927
117,1065,Chance,MindMatrix,1384,1514,18,0,2,22.652125,0.12592,2.22196,8,10,0,18,2.519161,0.321183,9.587014,0.05885,13.354136,2.482237,0.102572
117,1066,Chance,CompetitiveBotTest,1384,1482,1,0,0,5.652125,0.12592,0.22196,0,0,1,1,3.094219,0.362592,1.79162,1.05885,3.14953,2.47346,0.200824
117,1067,Chance,Hello_world,1384,1600,0,0,0,4.652125,0.12592,0.22196,0,0,0,0,,0.223845,1.106054,0.05885,3.835096,2.349308,0.219992
117,1078,Chance,LoremIpsum,1384,1242,18,3,1,22.652125,3.12592,1.22196,11,7,0,18,2.104524,0.693688,14.427616,0.05885,8.513534,2.157738,0.102572
117,1079,Chance,JimmyBotT,1384,1675,2,0,0,6.652125,0.12592,0.22196,0,2,0,2,2.28044,0.157741,0.779424,0.05885,6.161726,2.329632,0.185927
117,1080,Chance,JimmyBot,1384,1675,1,0,0,5.652125,0.12592,0.22196,1,0,0,1,2.086914,0.157741,1.779424,0.05885,4.161726,2.305576,0.200824
117,1081,Chance,ArtZerg,1384,1537,2,0,0,6.652125,0.12592,0.22196,1,1,0,2,1.946463,0.293025,2.447879,0.05885,4.493271,2.234209,0.185927
117,1082,Chance,Dasyatis,1384,1573,8,0,1,12.652125,0.12592,1.22196,1,7,0,8,1.916339,0.252,2.245172,0.05885,10.695978,2.082865,0.136433
117,1084,Chance,ZippyZap,1384,1457,0,0,1,4.652125,0.12592,1.22196,0,0,0,0,,0.396464,1.958987,0.05885,2.982163,2.349308,0.219992
117,1085,Chance,AgoraLord,1384,1430,2,2,0,6.652125,2.12592,0.22196,1,1,0,2,3.107354,0.434185,3.145372,0.05885,3.795778,2.565893,0.185927
117,1086,Chance,CherBoiBlue,1384,1500,1,0,0,5.652125,0.12592,0.22196,1,0,0,1,1.595339,0.339001,2.675054,0.05885,3.266096,2.223646,0.200824
117,1087,Chance,SwarmLord2,1384,1533,1,0,0,5.652125,0.12592,0.22196,1,0,0,1,1.085189,0.297817,2.47156,0.05885,3.46959,2.138622,0.200824
117,1088,Chance,SwarmLord3,1384,1562,1,0,0,5.652125,0.12592,0.22196,0,1,0,1,1.470176,0.264123,1.305069,0.05885,4.636081,2.202786,0.200824
117,1089,Chance,WorkingAsIntended,1384,1596,0,0,1,4.652125,0.12592,1.22196,0,0,0,0,,0.227871,1.125946,0.05885,3.815204,2.349308,0.219992
167,168,TyrT,sharkbot,1873,1845,57,1,1,61.652125,1.12592,1.22196,34,23,0,57,2.239073,0.540208,36.66925,0.05885,25.2719,2.247963,0.062473
167,201,TyrT,QueenBot,1873,1614,3,0,0,7.652125,0.12592,0.22196,0,3,0,3,2.865156,0.816217,4.03305,0.05885,3.9081,2.542751,0.173919
167,223,TyrT,DominionDog,1873,1890,48,0,3,52.652125,0.12592,3.22196,11,37,0,48,2.884598,0.475555,13.349786,0.05885,39.591364,2.834099,0.06757
167,248,TyrT,Eris,1873,2221,58,0,1,62.652125,0.12592,1.22196,1,57,0,58,2.535504,0.118862,1.587316,0.05885,61.353834,2.520726,0.061976
167,262,TyrT,whalemean,1873,1797,56,0,1,60.652125,0.12592,1.22196,40,16,0,56,2.56487,0.607661,43.002544,0.05885,17.938606,2.547201,0.062983
167,275,TyrT,Lissy,1873,1569,0,0,0,4.652125,0.12592,0.22196,0,0,0,0,,0.851948,4.209605,0.05885,0.731545,2.349308,0.219992
167,338,TyrT,smallBly,1873,1834,48,0,0,52.652125,0.12592,0.22196,27,21,0,48,2.303244,0.555891,29.746741,0.05885,23.194409,2.30759,0.06757
167,340,TyrT,MechaShark,1873,1695,49,0,0,53.652125,0.12592,0.22196,35,14,0,49,2.525451,0.735877,38.636081,0.05885,15.305069,2.509141,0.066941
167,341,TyrT,gotest,1873,1328,0,0,0,4.652125,0.12592,0.22196,0,0,0,0,,0.958404,4.735619,0.05885,0.205531,2.349308,0.219992
167,346,TyrT,Sharkling,1873,1761,54,1,0,58.652125,1.12592,0.22196,50,4,0,54,2.486274,0.655821,53.240507,0.05885,5.700643,2.474667,0.064042
167,347,TyrT,PhantomTest,1873,1600,0,0,0,4.652125,0.12592,0.22196,0,0,0,0,,0.827999,4.091269,0.05885,0.849881,2.349308,0.219992
167,352,TyrT,Belzebuth,1873,1134,0,0,0,4.652125,0.12592,0.22196,0,0,0,0,,0.985992,4.871935,0.05885,0.069215,2.349308,0.219992
167,357,TyrT,12PoolBot,1873,1765,28,0,0,32.652125,0.12592,0.22196,27,1,0,28,2.706666,0.650605,30.214735,0.05885,2.726415,2.652521,0.085632
167,374,TyrT,SwarmLord,1873,1600,0,0,0,4.652125,0.12592,0.22196,0,0,0,0,,0.827999,4.091269,0.05885,0.849881,2.349308,0.219992
167,446,TyrT,Xena,1873,1937,52,0,0,56.652125,0.12592,0.22196,6,46,0,52,2.224634,0.408924,8.020557,0.05885,48.920593,2.235571,0.065156
167,496,TyrT,Zozo,1873,2089,44,0,1,48.652125,0.12592,1.22196,21,22,1,44,2.713155,0.223845,22.106054,1.05885,25.835096,2.676027,0.070274
167,510,TyrT,PhantomBot,1873,1817,48,0,0,52.652125,0.12592,0.22196,4,43,1,48,2.563163,0.5799,6.865372,1.05885,45.075778,2.542988,0.06757
167,516,TyrT,27turtles,1873,1526,0,0,0,4.652125,0.12592,0.22196,0,0,0,0,,0.880534,4.350848,0.05885,0.590302,2.349308,0.219992
167,517,TyrT,VeTerran-revived,1873,1869,44,0,0,48.652125,0.12592,0.22196,15,29,0,44,2.290196,0.505756,17.499017,0.05885,31.442133,2.296228,0.070274
167,518,TyrT,norman,1873,1674,13,0,0,17.652125,0.12592,0.22196,12,1,0,13,2.437544,0.758695,15.748824,0.05885,2.192326,2.413034,0.115946
167,526,TyrT,Apidae,1873,1635,8,0,0,12.652125,0.12592,0.22196,8,0,0,8,2.351314,0.797386,11.940005,0.05885,1.001145,2.350542,0.136433
167,605,TyrT,nida,1873,1693,6,1,0,10.652125,1.12592,0.22196,5,1,0,6,2.45406,0.738109,8.647107,0.05885,2.294043,2.406446,0.148318
167,637,TyrT,72Tortoises,1873,1697,6,0,0,10.652125,0.12592,0.22196,4,2,0,6,2.795404,0.733634,7.624994,0.05885,3.316156,2.592633,0.148318
167,699,TyrT,Clicadinha,1873,1635,2,0,0,6.652125,0.12592,0.22196,2,0,0,2,2.556037,0.797386,5.940005,0.05885,1.001145,2.408373,0.185927
167,708,TyrT,Princess-Mika,1873,1521,3,0,0,7.652125,0.12592,0.22196,3,0,0,3,2.943631,0.883528,7.365646,0.05885,0.575504,2.572179,0.173919
167,709,TyrT,Laser-Circus,1873,1211,0,0,0,4.652125,0.12592,0.22196,0,0,0,0,,0.978348,4.834165,0.05885,0.106985,2.349308,0.219992
167,718,TyrT,Mulebot,1873,1689,17,0,0,21.652125,0.12592,0.22196,10,7,0,17,2.486593,0.742536,13.66898,0.05885,8.27217,2.455392,0.104877
167,720,TyrT,PiG_Bot,1873,1627,0,0,0,4.652125,0.12592,0.22196,0,0,0,0,,0.804725,3.976265,0.05885,0.964885,2.349308,0.219992
167,721,TyrT,49Terrapins,1873,1430,0,0,0,4.652125,0.12592,0.22196,0,0,0,0,,0.927581,4.583317,0.05885,0.357833,2.349308,0.219992
167,729,TyrT,Alexa,1873,1367,0,0,0,4.652125,0.12592,0.22196,0,0,0,0,,0.948474,4.686553,0.05885,0.254597,2.349308,0.219992
167,730,TyrT,Deimos,1873,2155,60,0,0,64.652125,0.12592,0.22196,4,56,0,60,2.623268,0.164747,4.81404,0.05885,60.12711,2.602194,0.061015
167,732,TyrT,GPT,1873,1830,55,0,0,59.652125,0.12592,0.22196,37,17,1,55,2.695219,0.561568,39.774791,1.05885,19.166359,2.666393,0.063506
167,759,TyrT,BotTato,1873,1710,43,0,0,47.652125,0.12592,0.22196,19,24,0,43,2.65794,0.718757,22.551485,0.05885,25.389665,2.625791,0.071002
167,779,TyrT,oberon,1873,1472,0,0,0,4.652125,0.12592,0.22196,0,0,0,0,,0.909566,4.4943,0.05885,0.44685,2.349308,0.219992
167,797,TyrT,WickedBot,1873,1707,37,1,0,41.652125,1.12592,0.22196,3,34,0,37,2.727164,0.722235,6.568669,0.05885,35.372481,2.682181,0.075904
167,809,TyrT,PrimordialOrigin,1873,1258,1,0,0,5.652125,0.12592,0.22196,1,0,0,1,2.643334,0.971811,5.801863,0.05885,0.139287,2.398312,0.200824
167,813,TyrT,MewCombatMicro,1873,1511,0,0,0,4.652125,0.12592,0.22196,0,0,0,0,,0.889323,4.394276,0.05885,0.546874,2.349308,0.219992
167,827,TyrT,smokinggunbot,1873,1579,2,0,0,6.652125,0.12592,0.22196,2,0,0,2,2.536454,0.84454,6.172996,0.05885,0.768154,2.402778,0.185927
167,832,TyrT,muravev,1873,1632,0,0,0,4.652125,0.12592,0.22196,0,0,0,0,,0.800162,3.953721,0.05885,0.987429,2.349308,0.219992
167,836,TyrT,muravevTerran,1873,1477,0,0,0,4.652125,0.12592,0.22196,0,0,0,0,,0.90717,4.482463,0.05885,0.458687,2.349308,0.219992
167,858,TyrT,Crawler,1873,1562,0,0,0,4.652125,0.12592,0.22196,0,0,0,0,,0.856959,4.234364,0.05885,0.706786,2.349308,0.219992
167,876,TyrT,GenesisLotus,1873,1411,2,0,0,6.652125,0.12592,0.22196,2,0,0,2,2.539941,0.934593,6.617965,0.05885,0.323185,2.403775,0.185927
167,901,TyrT,clone,1873,1667,19,0,0,23.652125,0.12592,0.22196,8,11,0,19,2.704745,0.765995,11.784895,0.05885,12.156255,2.630696,0.100412
167,930,TyrT,SiriusBot,1873,1519,1,0,0,5.652125,0.12592,0.22196,0,1,0,1,1.961502,0.884708,4.371474,0.05885,1.569676,2.284674,0.200824
167,939,TyrT,RustyNikolaj,1873,1539,0,0,0,4.652125,0.12592,0.22196,0,0,0,0,,0.872435,4.31083,0.05885,0.63032,2.349308,0.219992
167,940,TyrT,Princess-Mika-Test,1873,1524,2,0,0,6.652125,0.12592,0.22196,2,0,0,2,2.604801,0.881739,6.356806,0.05885,0.584344,2.422306,0.185927
167,943,TyrT,puck,1873,1529,1,0,0,5.652125,0.12592,0.22196,1,0,0,1,2.275214,0.878705,5.341813,0.05885,0.599337,2.336959,0.200824
167,948,TyrT,titania,1873,1185,0,0,0,4.652125,0.12592,0.22196,0,0,0,0,,0.981302,4.848759,0.05885,0.092391,2.349308,0.219992
167,953,TyrT,ZeratulsRevengeTest,1873,1702,20,0,0,24.652125,0.12592,0.22196,16,4,0,20,2.233443,0.727972,19.597016,0.05885,5.344134,2.256616,0.098383
167,959,TyrT,ur_moms_a_ho,1873,1600,0,0,0,4.652125,0.12592,0.22196,0,0,0,0,,0.827999,4.091269,0.05885,0.849881,2.349308,0.219992
167,960,TyrT,BigDaddy,1873,1637,6,0,0,10.652125,0.12592,0.22196,6,0,0,6,1.997847,0.79552,9.930783,0.05885,1.010367,2.157602,0.148318
167,961,TyrT,AvocaDOS,1873,1751,40,0,1,44.652125,0.12592,1.22196,30,10,0,40,2.879506,0.668695,33.304122,0.05885,11.637028,2.820596,0.073331
167,962,TyrT,AvocaDEV,1873,1700,1,0,1,5.652125,0.12592,1.22196,1,0,0,1,1.547563,0.730245,4.608252,0.05885,1.332898,2.215684,0.200824
167,966,TyrT,ArgoBot,1873,1909,57,1,0,61.652125,1.12592,0.22196,33,23,1,57,2.698202,0.448376,35.215495,1.05885,25.725655,2.670065,0.062473
167,970,TyrT,TheLAW,1873,1576,2,0,0,6.652125,0.12592,0.22196,2,0,0,2,2.038076,0.846793,6.184133,0.05885,0.757017,2.260385,0.185927
167,971,TyrT,Nothing,1873,1570,3,0,0,7.652125,0.12592,0.22196,2,1,0,3,2.170123,0.851221,6.20601,0.05885,1.73514,2.282114,0.173919
167,977,TyrT,Siriusly,1873,1392,0,0,0,4.652125,0.12592,0.22196,0,0,0,0,,0.94097,4.649472,0.05885,0.291678,2.349308,0.219992
167,981,TyrT,KoB,1873,1499,4,0,0,8.652125,0.12592,0.22196,2,0,2,4,3.167621,0.895941,6.426979,2.05885,0.514171,2.713003,0.163972
167,998,TyrT,LordSuperKing,1873,1656,8,0,0,12.652125,0.12592,0.22196,5,3,0,8,2.363324,0.777153,8.84003,0.05885,4.10112,2.357933,0.136433
167,1007,TyrT,SharkGull,1873,1605,0,0,0,4.652125,0.12592,0.22196,0,0,0,0,,0.823862,4.070823,0.05885,0.870327,2.349308,0.219992
167,1008,TyrT,Creepy_canon,1873,1587,0,0,0,4.652125,0.12592,0.22196,0,0,0,0,,0.838397,4.142645,0.05885,0.798505,2.349308,0.219992
167,1023,TyrT,MY_SCRIPTING_SON,1873,1275,0,0,1,4.652125,0.12592,1.22196,0,0,0,0,,0.969003,4.787987,0.05885,0.153163,2.349308,0.219992
167,1026,TyrT,WildLupo,1873,1199,0,0,0,4.652125,0.12592,0.22196,0,0,0,0,,0.979764,4.841162,0.05885,0.099988,2.349308,0.219992
167,1029,TyrT,Chomppet,1873,1600,0,0,0,4.652125,0.12592,0.22196,0,0,0,0,,0.827999,4.091269,0.05885,0.849881,2.349308,0.219992
167,1030,TyrT,who,1873,1924,52,7,0,56.652125,7.12592,0.22196,14,38,0,52,2.26453,0.427128,16.110502,0.05885,40.830648,2.271966,0.065156
167,1032,TyrT,WaterLeak,1873,1607,25,0,0,29.652125,0.12592,0.22196,25,0,0,25,2.516428,0.822185,29.062537,0.05885,0.878613,2.488575,0.089811
167,1038,TyrT,PolyMorph,1873,1463,0,0,0,4.652125,0.12592,0.22196,0,0,0,0,,0.913738,4.514915,0.05885,0.426235,2.349308,0.219992
167,1042,TyrT,Creepy_duo_canon,1873,1386,0,0,0,4.652125,0.12592,0.22196,0,0,0,0,,0.942859,4.658808,0.05885,0.282342,2.349308,0.219992
167,1044,TyrT,DoopyBot,1873,1418,1,0,0,5.652125,0.12592,0.22196,1,0,0,1,3.133754,0.932086,5.605579,0.05885,0.335571,2.480049,0.200824
167,1045,TyrT,tito,1873,1801,47,0,0,51.652125,0.12592,0.22196,13,33,1,47,2.267387,0.602158,15.975353,1.05885,34.965797,2.275264,0.068216
167,1049,TyrT,TheCatSC2Bot,1873,970,1,0,0,5.652125,0.12592,0.22196,1,0,0,1,2.299581,0.994503,5.91399,0.05885,0.02716,2.34102,0.200824
167,1050,TyrT,onlyfans,1873,1517,1,0,0,5.652125,0.12592,0.22196,1,0,0,1,3.096482,0.885877,5.377251,0.05885,0.563899,2.473837,0.200824
167,1052,TyrT,Starlight,1873,1204,0,0,0,4.652125,0.12592,0.22196,0,0,0,0,,0.979186,4.838303,0.05885,0.102847,2.349308,0.219992
167,1054,TyrT,JimmyBotZ,1873,1724,1,0,0,5.652125,0.12592,0.22196,1,0,0,1,2.321407,0.702183,4.46959,0.05885,1.47156,2.344658,0.200824
167,1056,TyrT,bilisaur,1873,1600,0,0,0,4.652125,0.12592,0.22196,0,0,0,0,,0.827999,4.091269,0.05885,0.849881,2.349308,0.219992
167,1057,TyrT,DoopyBot-Test,1873,1238,0,0,0,4.652125,0.12592,0.22196,0,0,0,0,,0.974799,4.816629,0.05885,0.124521,2.349308,0.219992
167,1058,TyrT,JimmyBotP,1873,1711,1,0,0,5.652125,0.12592,0.22196,0,1,0,1,1.541159,0.717592,3.545728,0.05885,2.395422,2.214617,0.200824
167,1059,TyrT,NextProBot,1873,1600,0,0,0,4.652125,0.12592,0.22196,0,0,0,0,,0.827999,4.091269,0.05885,0.849881,2.349308,0.219992
167,1060,TyrT,WildFire,1873,1709,18,0,0,22.652125,0.12592,0.22196,17,1,0,18,2.825288,0.719919,20.557228,0.05885,2.383922,2.721814,0.102572
167,1065,TyrT,MindMatrix,1873,1514,0,0,0,4.652125,0.12592,0.22196,0,0,0,0,,0.887611,4.38582,0.05885,0.55533,2.349308,0.219992
167,1066,TyrT,CompetitiveBotTest,1873,1482,0,0,0,4.652125,0.12592,0.22196,0,0,0,0,,0.904718,4.470345,0.05885,0.470805,2.349308,0.219992
167,1067,TyrT,Hello_world,1873,1600,0,0,0,4.652125,0.12592,0.22196,0,0,0,0,,0.827999,4.091269,0.05885,0.849881,2.349308,0.219992
167,1078,TyrT,LoremIpsum,1873,1242,0,0,0,4.652125,0.12592,0.22196,0,0,0,0,,0.974227,4.813803,0.05885,0.127347,2.349308,0.219992
167,1079,TyrT,JimmyBotT,1873,1675,0,0,0,4.652125,0.12592,0.22196,0,0,0,0,,0.757639,3.743609,0.05885,1.197541,2.349308,0.219992
167,1080,TyrT,JimmyBot,1873,1675,0,0,0,4.652125,0.12592,0.22196,0,0,0,0,,0.757639,3.743609,0.05885,1.197541,2.349308,0.219992
167,1081,TyrT,ArtZerg,1873,1537,0,0,0,4.652125,0.12592,0.22196,0,0,0,0,,0.87371,4.317134,0.05885,0.624016,2.349308,0.219992
167,1082,TyrT,Dasyatis,1873,1573,0,0,0,4.652125,0.12592,0.22196,0,0,0,0,,0.84902,4.195137,0.05885,0.746013,2.349308,0.219992
167,1084,TyrT,ZippyZap,1873,1457,0,0,0,4.652125,0.12592,0.22196,0,0,0,0,,0.916421,4.528175,0.05885,0.412975,2.349308,0.219992
167,1085,TyrT,AgoraLord,1873,1430,0,0,0,4.652125,0.12592,0.22196,0,0,0,0,,0.927581,4.583317,0.05885,0.357833,2.349308,0.219992
167,1086,TyrT,CherBoiBlue,1873,1500,0,0,0,4.652125,0.12592,0.22196,0,0,0,0,,0.895403,4.424321,0.05885,0.516829,2.349308,0.219992
167,1087,TyrT,SwarmLord2,1873,1533,0,0,0,4.652125,0.12592,0.22196,0,0,0,0,,0.876229,4.32958,0.05885,0.61157,2.349308,0.219992
167,1088,TyrT,SwarmLord3,1873,1562,0,0,0,4.652125,0.12592,0.22196,0,0,0,0,,0.856959,4.234364,0.05885,0.706786,2.349308,0.219992
167,1089,TyrT,WorkingAsIntended,1873,1596,0,0,0,4.652125,0.12592,0.22196,0,0,0,0,,0.831254,4.10735,0.05885,0.8338,2.349308,0.219992
168,201,sharkbot,QueenBot,1845,1614,1,0,0,5.652125,0.12592,0.22196,0,1,0,1,3.446489,0.790798,3.907452,0.05885,2.033698,2.532172,0.200824
168,223,sharkbot,DominionDog,1845,1890,48,0,3,52.652125,0.12592,3.22196,11,35,2,48,2.498666,0.4356,13.152363,2.05885,37.788787,2.484576,0.06757
168,248,sharkbot,Eris,1845,2221,58,0,3,62.652125,0.12592,3.22196,7,51,0,58,2.4502,0.10299,7.508891,0.05885,55.432259,2.442193,0.061976
168,262,sharkbot,whalemean,1845,1797,59,0,0,63.652125,0.12592,0.22196,31,28,0,59,2.32131,0.568641,33.809742,0.05885,30.131408,2.323497,0.06149
168,275,sharkbot,Lissy,1845,1569,0,0,0,4.652125,0.12592,0.22196,0,0,0,0,,0.830445,4.103353,0.05885,0.837797,2.349308,0.219992
168,338,sharkbot,smallBly,1845,1834,50,0,0,54.652125,0.12592,0.22196,27,23,0,50,2.172994,0.515825,29.548769,0.05885,25.392381,2.189022,0.06633
168,340,sharkbot,MechaShark,1845,1695,50,0,0,54.652125,0.12592,0.22196,42,7,1,50,2.378785,0.703385,45.475531,1.05885,8.465619,2.376105,0.06633
168,341,sharkbot,gotest,1845,1328,0,0,0,4.652125,0.12592,0.22196,0,0,0,0,,0.951482,4.701416,0.05885,0.239734,2.349308,0.219992
168,346,sharkbot,Sharkling,1845,1761,59,0,0,63.652125,0.12592,0.22196,39,20,0,59,2.298343,0.618584,42.056517,0.05885,21.884633,2.302325,0.06149
168,347,sharkbot,PhantomTest,1845,1600,0,0,0,4.652125,0.12592,0.22196,0,0,0,0,,0.803819,3.971788,0.05885,0.969362,2.349308,0.219992
168,352,sharkbot,Belzebuth,1845,1134,0,0,0,4.652125,0.12592,0.22196,0,0,0,0,,0.983582,4.860028,0.05885,0.081122,2.349308,0.219992
168,357,sharkbot,12PoolBot,1845,1765,27,0,0,31.652125,0.12592,0.22196,14,13,0,27,2.003582,0.613137,17.029601,0.05885,14.911549,2.057602,0.086959
168,374,sharkbot,SwarmLord,1845,1600,0,0,0,4.652125,0.12592,0.22196,0,0,0,0,,0.803819,3.971788,0.05885,0.969362,2.349308,0.219992
168,446,sharkbot,Xena,1845,1937,51,0,1,55.652125,0.12592,1.22196,19,32,0,51,2.400637,0.370611,20.831247,0.05885,35.109903,2.396054,0.065735
168,496,sharkbot,Zozo,1845,2089,46,0,0,50.652125,0.12592,0.22196,18,28,0,46,2.424006,0.197091,18.973855,0.05885,31.967295,2.416683,0.068882
168,510,sharkbot,PhantomBot,1845,1817,51,0,0,55.652125,0.12592,0.22196,17,34,0,51,2.433648,0.540208,19.66925,0.05885,36.2719,2.426118,0.065735
168,516,sharkbot,27turtles,1845,1526,0,0,0,4.652125,0.12592,0.22196,0,0,0,0,,0.862512,4.261801,0.05885,0.679349,2.349308,0.219992
168,517,sharkbot,VeTerran-revived,1845,1869,45,0,0,49.652125,0.12592,0.22196,35,10,0,45,1.950874,0.465516,37.300185,0.05885,12.640965,1.990717,0.069567
168,518,sharkbot,norman,1845,1674,9,0,0,13.652125,0.12592,0.22196,8,1,0,9,2.206867,0.727972,11.597016,0.05885,2.344134,2.257738,0.13147
168,526,sharkbot,Apidae,1845,1635,8,0,0,12.652125,0.12592,0.22196,6,2,0,8,2.808543,0.770097,9.805163,0.05885,3.135987,2.631914,0.136433
168,605,sharkbot,nida,1845,1693,6,0,0,10.652125,0.12592,0.22196,6,0,0,6,1.931813,0.705781,9.487372,0.05885,1.453778,2.121583,0.148318
168,637,sharkbot,72Tortoises,1845,1697,6,0,0,10.652125,0.12592,0.22196,6,0,0,6,2.220485,0.700977,9.463634,0.05885,1.477516,2.279041,0.148318
168,699,sharkbot,Clicadinha,1845,1635,1,0,0,5.652125,0.12592,0.22196,1,0,0,1,2.297573,0.770097,4.805163,0.05885,1.135987,2.340685,0.200824
168,708,sharkbot,Princess-Mika,1845,1521,0,0,0,4.652125,0.12592,0.22196,0,0,0,0,,0.86589,4.27849,0.05885,0.66266,2.349308,0.219992
168,709,sharkbot,Laser-Circus,1845,1211,0,0,0,4.652125,0.12592,0.22196,0,0,0,0,,0.974657,4.815928,0.05885,0.125222,2.349308,0.219992
168,718,sharkbot,Mulebot,1845,1689,17,0,0,21.652125,0.12592,0.22196,15,1,1,17,1.979048,0.71054,18.510885,1.05885,2.430265,2.063198,0.104877
168,720,sharkbot,PiG_Bot,1845,1627,0,0,0,4.652125,0.12592,0.22196,0,0,0,0,,0.778148,3.844948,0.05885,1.096202,2.349308,0.219992
168,721,sharkbot,49Terrapins,1845,1430,0,0,0,4.652125,0.12592,0.22196,0,0,0,0,,0.915979,4.525992,0.05885,0.415158,2.349308,0.219992
168,729,sharkbot,Alexa,1845,1367,0,0,0,4.652125,0.12592,0.22196,0,0,0,0,,0.940003,4.644696,0.05885,0.296454,2.349308,0.219992
168,730,sharkbot,Deimos,1845,2155,62,0,0,66.652125,0.12592,0.22196,7,55,0,62,2.477627,0.143748,7.71028,0.05885,59.23087,2.468051,0.060097
168,732,sharkbot,GPT,1845,1830,59,0,0,63.652125,0.12592,0.22196,21,38,0,59,2.188351,0.521573,23.577172,0.05885,40.363978,2.200926,0.06149
168,759,sharkbot,BotTato,1845,1710,40,0,0,44.652125,0.12592,0.22196,27,13,0,40,2.475545,0.68506,30.384982,0.05885,14.556168,2.461519,0.073331
168,779,sharkbot,oberon,1845,1472,0,0,0,4.652125,0.12592,0.22196,0,0,0,0,,0.895403,4.424321,0.05885,0.516829,2.349308,0.219992
168,797,sharkbot,WickedBot,1845,1707,36,0,1,40.652125,0.12592,1.22196,27,9,0,36,2.021762,0.688774,30.403334,0.05885,10.537816,2.061707,0.076824
168,809,sharkbot,PrimordialOrigin,1845,1258,0,0,0,4.652125,0.12592,0.22196,0,0,0,0,,0.967043,4.778305,0.05885,0.162845,2.349308,0.219992
168,813,sharkbot,MewCombatMicro,1845,1511,0,0,0,4.652125,0.12592,0.22196,0,0,0,0,,0.872435,4.31083,0.05885,0.63032,2.349308,0.219992
168,827,sharkbot,smokinggunbot,1845,1579,1,0,0,5.652125,0.12592,0.22196,1,0,0,1,2.766948,0.822185,5.062537,0.05885,0.878613,2.418915,0.200824
168,832,sharkbot,muravev,1845,1632,0,0,0,4.652125,0.12592,0.22196,0,0,0,0,,0.77314,3.8202,0.05885,1.12095,2.349308,0.219992
168,836,sharkbot,muravevTerran,1845,1477,0,0,0,4.652125,0.12592,0.22196,0,0,0,0,,0.892677,4.410849,0.05885,0.530301,2.349308,0.219992
168,858,sharkbot,Crawler,1845,1562,0,0,0,4.652125,0.12592,0.22196,0,0,0,0,,0.836043,4.131016,0.05885,0.810134,2.349308,0.219992
168,876,sharkbot,GenesisLotus,1845,1411,0,0,0,4.652125,0.12592,0.22196,0,0,0,0,,0.924023,4.565736,0.05885,0.375414,2.349308,0.219992
168,901,sharkbot,clone,1845,1667,18,0,1,22.652125,0.12592,1.22196,16,1,1,18,2.044534,0.735877,19.636081,1.05885,2.305069,2.110789,0.102572
168,930,sharkbot,SiriusBot,1845,1519,0,0,0,4.652125,0.12592,0.22196,0,0,0,0,,0.867221,4.285069,0.05885,0.656081,2.349308,0.219992
168,939,sharkbot,RustyNikolaj,1845,1539,0,0,0,4.652125,0.12592,0.22196,0,0,0,0,,0.853395,4.216751,0.05885,0.724399,2.349308,0.219992
168,940,sharkbot,Princess-Mika-Test,1845,1524,0,0,0,4.652125,0.12592,0.22196,0,0,0,0,,0.863871,4.268519,0.05885,0.672631,2.349308,0.219992
168,943,sharkbot,puck,1845,1529,1,0,0,5.652125,0.12592,0.22196,1,0,0,1,1.854734,0.860451,5.251618,0.05885,0.689532,2.266879,0.200824
168,948,sharkbot,titania,1845,1185,1,0,0,5.652125,0.12592,0.22196,1,0,0,1,2.127041,0.978103,5.832954,0.05885,0.108196,2.312263,0.200824
168,953,sharkbot,ZeratulsRevengeTest,1845,1702,20,0,0,24.652125,0.12592,0.22196,20,0,0,20,2.094969,0.69491,23.433653,0.05885,1.507497,2.145837,0.098383
168,959,sharkbot,ur_moms_a_ho,1845,1600,0,0,0,4.652125,0.12592,0.22196,0,0,0,0,,0.803819,3.971788,0.05885,0.969362,2.349308,0.219992
168,960,sharkbot,BigDaddy,1845,1637,4,0,0,8.652125,0.12592,0.22196,4,0,0,4,2.510715,0.768052,7.79506,0.05885,1.14609,2.421044,0.163972
168,961,sharkbot,AvocaDOS,1845,1751,38,0,0,42.652125,0.12592,0.22196,24,13,1,38,2.173774,0.63207,27.123153,1.05885,14.817997,2.194185,0.075016
168,962,sharkbot,AvocaDEV,1845,1700,2,0,0,6.652125,0.12592,0.22196,1,1,0,2,2.307075,0.697345,4.445687,0.05885,2.495463,2.337241,0.185927
168,966,sharkbot,ArgoBot,1845,1909,58,0,0,62.652125,0.12592,0.22196,29,29,0,58,2.326849,0.408924,31.020557,0.05885,31.920593,2.328631,0.061976
168,970,sharkbot,TheLAW,1845,1576,0,0,0,4.652125,0.12592,0.22196,0,0,0,0,,0.824695,4.074943,0.05885,0.866207,2.349308,0.219992
168,971,sharkbot,Nothing,1845,1570,2,0,0,6.652125,0.12592,0.22196,2,0,0,2,2.920764,0.829633,6.09934,0.05885,0.84181,2.512581,0.185927
168,977,sharkbot,Siriusly,1845,1392,0,0,0,4.652125,0.12592,0.22196,0,0,0,0,,0.931354,4.60196,0.05885,0.33919,2.349308,0.219992
168,981,sharkbot,KoB,1845,1499,5,0,0,9.652125,0.12592,0.22196,4,0,1,5,2.532433,0.879927,8.34785,1.05885,0.5933,2.44087,0.155557
168,998,sharkbot,LordSuperKing,1845,1656,9,0,0,13.652125,0.12592,0.22196,9,0,0,9,1.91419,0.748,12.695978,0.05885,1.245172,2.069589,0.13147
168,1007,sharkbot,SharkGull,1845,1605,0,0,0,4.652125,0.12592,0.22196,0,0,0,0,,0.79924,3.949165,0.05885,0.991985,2.349308,0.219992
168,1008,sharkbot,Creepy_canon,1845,1587,0,0,0,4.652125,0.12592,0.22196,0,0,0,0,,0.815352,4.028776,0.05885,0.912374,2.349308,0.219992
168,1023,sharkbot,MY_SCRIPTING_SON,1845,1275,0,0,0,4.652125,0.12592,0.22196,0,0,0,0,,0.963778,4.76217,0.05885,0.17898,2.349308,0.219992
168,1026,sharkbot,WildLupo,1845,1199,0,0,0,4.652125,0.12592,0.22196,0,0,0,0,,0.976309,4.824088,0.05885,0.117062,2.349308,0.219992
168,1029,sharkbot,Chomppet,1845,1600,0,0,0,4.652125,0.12592,0.22196,0,0,0,0,,0.803819,3.971788,0.05885,0.969362,2.349308,0.219992
168,1030,sharkbot,who,1845,1924,61,1,0,65.652125,1.12592,0.22196,45,14,2,61,1.943719,0.388229,46.9183,2.05885,17.02285,1.974445,0.060551
168,1032,sharkbot,WaterLeak,1845,1607,25,0,0,29.652125,0.12592,0.22196,23,2,0,25,2.107761,0.797386,26.940005,0.05885,3.001145,2.148019,0.089811
168,1038,sharkbot,PolyMorph,1845,1463,1,0,0,5.652125,0.12592,0.22196,0,0,1,1,3.806885,0.900157,4.44781,1.05885,0.49334,2.592237,0.200824
168,1042,sharkbot,Creepy_duo_canon,1845,1386,0,0,0,4.652125,0.12592,0.22196,0,0,0,0,,0.93353,4.61271,0.05885,0.32844,2.349308,0.219992
168,1044,sharkbot,DoopyBot,1845,1418,0,0,0,4.652125,0.12592,0.22196,0,0,0,0,,0.921145,4.551517,0.05885,0.389633,2.349308,0.219992
168,1045,sharkbot,tito,1845,1801,47,0,0,51.652125,0.12592,0.22196,32,15,0,47,2.292978,0.562985,34.781792,0.05885,17.159358,2.298394,0.068216
168,1049,sharkbot,TheCatSC2Bot,1845,970,0,0,0,4.652125,0.12592,0.22196,0,0,0,0,,0.993548,4.90927,0.05885,0.03188,2.349308,0.219992
168,1050,sharkbot,onlyfans,1845,1517,0,0,0,4.652125,0.12592,0.22196,0,0,0,0,,0.868541,4.291591,0.05885,0.649559,2.349308,0.219992
168,1052,sharkbot,Starlight,1845,1204,0,0,0,4.652125,0.12592,0.22196,0,0,0,0,,0.975634,4.820753,0.05885,0.120397,2.349308,0.219992
168,1054,sharkbot,JimmyBotZ,1845,1724,1,0,0,5.652125,0.12592,0.22196,0,1,0,1,2.444085,0.667418,3.297815,0.05885,2.643335,2.365104,0.200824
168,1056,sharkbot,bilisaur,1845,1600,0,0,0,4.652125,0.12592,0.22196,0,0,0,0,,0.803819,3.971788,0.05885,0.969362,2.349308,0.219992
168,1057,sharkbot,DoopyBot-Test,1845,1238,0,0,0,4.652125,0.12592,0.22196,0,0,0,0,,0.970522,4.795492,0.05885,0.145658,2.349308,0.219992
168,1058,sharkbot,JimmyBotP,1845,1711,1,0,0,5.652125,0.12592,0.22196,1,0,0,1,2.162173,0.683816,4.378839,0.05885,1.562311,2.318119,0.200824
168,1059,sharkbot,NextProBot,1845,1600,0,0,0,4.652125,0.12592,0.22196,0,0,0,0,,0.803819,3.971788,0.05885,0.969362,2.349308,0.219992
168,1060,sharkbot,WildFire,1845,1709,17,1,0,21.652125,1.12592,0.22196,17,0,0,17,2.33845,0.6863,20.391113,0.05885,1.550037,2.340917,0.104877
168,1065,sharkbot,MindMatrix,1845,1514,0,0,0,4.652125,0.12592,0.22196,0,0,0,0,,0.8705,4.301272,0.05885,0.639878,2.349308,0.219992
168,1066,sharkbot,CompetitiveBotTest,1845,1482,0,0,0,4.652125,0.12592,0.22196,0,0,0,0,,0.889888,4.397069,0.05885,0.544081,2.349308,0.219992
168,1067,sharkbot,Hello_world,1845,1600,0,0,0,4.652125,0.12592,0.22196,0,0,0,0,,0.803819,3.971788,0.05885,0.969362,2.349308,0.219992
168,1078,sharkbot,LoremIpsum,1845,1242,0,0,0,4.652125,0.12592,0.22196,0,0,0,0,,0.969856,4.792202,0.05885,0.148948,2.349308,0.219992
168,1079,sharkbot,JimmyBotT,1845,1675,0,0,0,4.652125,0.12592,0.22196,0,0,0,0,,0.72683,3.591376,0.05885,1.349774,2.349308,0.219992
168,1080,sharkbot,JimmyBot,1845,1675,0,0,0,4.652125,0.12592,0.22196,0,0,0,0,,0.72683,3.591376,0.05885,1.349774,2.349308,0.219992
168,1081,sharkbot,ArtZerg,1845,1537,0,0,0,4.652125,0.12592,0.22196,0,0,0,0,,0.854829,4.223839,0.05885,0.717311,2.349308,0.219992
168,1082,sharkbot,Dasyatis,1845,1573,0,0,0,4.652125,0.12592,0.22196,0,0,0,0,,0.827178,4.087211,0.05885,0.853939,2.349308,0.219992
168,1084,sharkbot,ZippyZap,1845,1457,0,0,0,4.652125,0.12592,0.22196,0,0,0,0,,0.903218,4.462938,0.05885,0.478212,2.349308,0.219992
168,1085,sharkbot,AgoraLord,1845,1430,0,0,0,4.652125,0.12592,0.22196,0,0,0,0,,0.915979,4.525992,0.05885,0.415158,2.349308,0.219992
168,1086,sharkbot,CherBoiBlue,1845,1500,0,0,0,4.652125,0.12592,0.22196,0,0,0,0,,0.879317,4.344838,0.05885,0.596312,2.349308,0.219992
168,1087,sharkbot,SwarmLord2,1845,1533,0,0,0,4.652125,0.12592,0.22196,0,0,0,0,,0.857663,4.237843,0.05885,0.703307,2.349308,0.219992
168,1088,sharkbot,SwarmLord3,1845,1562,0,0,0,4.652125,0.12592,0.22196,0,0,0,0,,0.836043,4.131016,0.05885,0.810134,2.349308,0.219992
168,1089,sharkbot,WorkingAsIntended,1845,1596,0,0,0,4.652125,0.12592,0.22196,0,0,0,0,,0.807424,3.989604,0.05885,0.951546,2.349308,0.219992
201,223,QueenBot,DominionDog,1614,1890,1,0,0,5.652125,0.12592,0.22196,0,1,0,1,2.611539,0.169555,0.837797,0.05885,5.103353,2.393013,0.200824
201,248,QueenBot,Eris,1614,2221,1,0,0,5.652125,0.12592,0.22196,0,1,0,1,2.572612,0.029478,0.145658,0.05885,5.795492,2.386525,0.200824
201,262,QueenBot,whalemean,1614,1797,2,0,2,6.652125,0.12592,2.22196,0,2,0,2,1.750177,0.258566,1.277616,0.05885,5.663534,2.178128,0.185927
201,275,QueenBot,Lissy,1614,1569,24,0,0,28.652125,0.12592,0.22196,8,16,0,24,2.869767,0.5644,10.788787,0.05885,18.152363,2.780033,0.091347
201,338,QueenBot,smallBly,1614,1834,11,0,0,15.652125,0.12592,0.22196,0,11,0,11,1.818238,0.21987,1.086413,0.05885,14.854737,1.984197,0.122979
201,340,QueenBot,MechaShark,1614,1695,12,0,0,16.652125,0.12592,0.22196,1,11,0,12,2.411688,0.385499,2.904807,0.05885,14.036343,2.393341,0.119307
201,341,QueenBot,gotest,1614,1328,1,0,0,5.652125,0.12592,0.22196,1,0,0,1,2.385086,0.838397,5.142645,0.05885,0.798505,2.355271,0.200824
201,346,QueenBot,Sharkling,1614,1761,4,0,0,8.652125,0.12592,0.22196,0,4,0,4,1.34384,0.300231,1.483484,0.05885,7.457666,1.902433,0.163972
201,347,QueenBot,PhantomTest,1614,1600,0,0,0,4.652125,0.12592,0.22196,0,0,0,0,,0.520137,2.570074,0.05885,2.371076,2.349308,0.219992
201,352,QueenBot,Belzebuth,1614,1134,0,0,0,4.652125,0.12592,0.22196,0,0,0,0,,0.940649,4.647888,0.05885,0.293262,2.349308,0.219992
201,357,QueenBot,12PoolBot,1614,1765,6,0,0,10.652125,0.12592,0.22196,0,6,0,6,2.055739,0.295415,1.459692,0.05885,9.481458,2.18918,0.148318
201,374,QueenBot,SwarmLord,1614,1600,0,0,0,4.652125,0.12592,0.22196,0,0,0,0,,0.520137,2.570074,0.05885,2.371076,2.349308,0.219992
201,446,QueenBot,Xena,1614,1937,1,0,0,5.652125,0.12592,0.22196,0,1,0,1,1.83098,0.13478,0.66597,0.05885,5.27518,2.26292,0.200824
201,496,QueenBot,Zozo,1614,2089,0,0,0,4.652125,0.12592,0.22196,0,0,0,0,,0.060978,0.301303,0.05885,4.639847,2.349308,0.219992
201,510,QueenBot,PhantomBot,1614,1817,10,0,0,14.652125,0.12592,0.22196,1,9,0,10,2.480524,0.237115,2.171621,0.05885,12.769529,2.436785,0.127012
201,516,QueenBot,27turtles,1614,1526,43,0,0,47.652125,0.12592,0.22196,39,4,0,43,2.671624,0.624002,42.083286,0.05885,5.857864,2.638049,0.071002
201,517,QueenBot,VeTerran-revived,1614,1869,1,0,0,5.652125,0.12592,0.22196,0,1,0,1,2.625393,0.187262,0.925291,0.05885,5.015859,2.395322,0.200824
201,518,QueenBot,norman,1614,1674,44,2,0,48.652125,2.12592,0.22196,43,1,0,44,2.708259,0.414501,45.048113,0.05885,3.893037,2.671631,0.070274
201,526,QueenBot,Apidae,1614,1635,34,0,0,38.652125,0.12592,0.22196,24,10,0,34,2.727108,0.469815,26.321428,0.05885,12.619722,2.678672,0.07877
201,605,QueenBot,nida,1614,1693,51,0,0,55.652125,0.12592,0.22196,48,3,0,51,2.706065,0.388229,49.9183,0.05885,6.02285,2.674211,0.065735
201,637,QueenBot,72Tortoises,1614,1697,37,1,0,41.652125,1.12592,0.22196,1,36,0,37,2.538213,0.382775,2.891349,0.05885,39.049801,2.515725,0.075904
201,699,QueenBot,Clicadinha,1614,1635,55,0,0,59.652125,0.12592,0.22196,41,14,0,55,2.938881,0.469815,43.321428,0.05885,16.619722,2.88975,0.063506
201,708,QueenBot,Princess-Mika,1614,1521,12,0,0,16.652125,0.12592,0.22196,7,5,0,12,2.907583,0.63073,10.116533,0.05885,6.824617,2.743385,0.119307
201,709,QueenBot,Laser-Circus,1614,1211,2,0,0,6.652125,0.12592,0.22196,2,0,0,2,2.418474,0.910508,6.498957,0.05885,0.442193,2.36907,0.185927
201,718,QueenBot,Mulebot,1614,1689,41,1,1,45.652125,1.12592,1.22196,24,15,2,41,2.700234,0.393712,25.945391,2.05885,17.995759,2.66209,0.072529
201,720,QueenBot,PiG_Bot,1614,1627,21,2,0,25.652125,2.12592,0.22196,0,21,0,21,2.534512,0.4813,2.378177,0.05885,23.562973,2.498896,0.096473
201,721,QueenBot,49Terrapins,1614,1430,11,0,0,15.652125,0.12592,0.22196,2,9,0,11,2.38171,0.742536,5.66898,0.05885,10.27217,2.371584,0.122979
201,729,QueenBot,Alexa,1614,1367,1,0,0,5.652125,0.12592,0.22196,1,0,0,1,2.128232,0.805628,4.980727,0.05885,0.960423,2.312462,0.200824
201,730,QueenBot,Deimos,1614,2155,1,0,0,5.652125,0.12592,0.22196,0,1,0,1,2.839663,0.042523,0.210115,0.05885,5.731035,2.431034,0.200824
201,732,QueenBot,GPT,1614,1830,3,0,0,7.652125,0.12592,0.22196,0,3,0,3,2.427854,0.223845,1.106054,0.05885,6.835096,2.378763,0.173919
201,759,QueenBot,BotTato,1614,1710,18,0,1,22.652125,0.12592,1.22196,9,9,0,18,3.247543,0.365257,10.804788,0.05885,12.136362,3.052275,0.102572
201,779,QueenBot,oberon,1614,1472,3,0,0,7.652125,0.12592,0.22196,3,0,0,3,2.643945,0.693688,6.427616,0.05885,1.513534,2.459797,0.173919
201,797,QueenBot,WickedBot,1614,1707,12,0,0,16.652125,0.12592,0.22196,4,8,0,12,3.239402,0.36927,5.824617,0.05885,11.116533,2.97761,0.119307
201,809,QueenBot,PrimordialOrigin,1614,1258,1,0,1,5.652125,0.12592,1.22196,1,0,0,1,2.621766,0.885877,5.377251,0.05885,0.563899,2.394718,0.200824
201,813,QueenBot,MewCombatMicro,1614,1511,0,0,0,4.652125,0.12592,0.22196,0,0,0,0,,0.644034,3.182268,0.05885,1.758882,2.349308,0.219992
201,827,QueenBot,smokinggunbot,1614,1579,52,0,0,56.652125,0.12592,0.22196,49,3,0,52,2.421208,0.550199,51.718618,0.05885,5.222532,2.414901,0.065156
201,832,QueenBot,muravev,1614,1632,40,2,0,44.652125,2.12592,0.22196,10,29,1,40,2.999966,0.474119,12.342693,1.05885,31.598457,2.927671,0.073331
201,836,QueenBot,muravevTerran,1614,1477,1,1,0,5.652125,1.12592,0.22196,1,0,0,1,3.849935,0.687538,4.39723,0.05885,1.54392,2.599412,0.200824
201,858,QueenBot,Crawler,1614,1562,31,7,0,35.652125,7.12592,0.22196,12,19,0,31,2.454625,0.57428,14.837605,0.05885,21.103545,2.439998,0.081986
201,876,QueenBot,GenesisLotus,1614,1411,7,0,0,11.652125,0.12592,0.22196,6,1,0,7,2.616205,0.762885,9.769529,0.05885,2.171621,2.504998,0.142004
201,901,QueenBot,clone,1614,1667,42,0,1,46.652125,0.12592,1.22196,14,28,0,42,2.4569,0.424313,16.096594,0.05885,30.844556,2.445454,0.071753
201,930,QueenBot,SiriusBot,1614,1519,32,1,1,36.652125,1.12592,1.22196,12,20,0,32,2.467853,0.633408,15.129762,0.05885,21.811388,2.451834,0.08087
201,939,QueenBot,RustyNikolaj,1614,1539,16,0,0,20.652125,0.12592,0.22196,16,0,0,16,2.516292,0.606288,18.995759,0.05885,1.945391,2.476534,0.107345
201,940,QueenBot,Princess-Mika-Test,1614,1524,15,0,1,19.652125,0.12592,1.22196,8,7,0,15,2.950415,0.626699,11.096614,0.05885,8.844536,2.800139,0.109996
201,943,QueenBot,puck,1614,1529,9,0,0,13.652125,0.12592,0.22196,4,5,0,9,2.158606,0.619941,7.063223,0.05885,6.877927,2.226714,0.13147
201,948,QueenBot,titania,1614,1185,2,0,0,6.652125,0.12592,0.22196,2,0,0,2,2.592216,0.921977,6.555629,0.05885,0.385521,2.41871,0.185927
201,953,QueenBot,ZeratulsRevengeTest,1614,1702,6,0,0,10.652125,0.12592,0.22196,0,6,0,6,1.995362,0.375998,1.857864,0.05885,9.083286,2.156247,0.148318
201,959,QueenBot,ur_moms_a_ho,1614,1600,0,0,0,4.652125,0.12592,0.22196,0,0,0,0,,0.520137,2.570074,0.05885,2.371076,2.349308,0.219992
201,960,QueenBot,BigDaddy,1614,1637,55,0,1,59.652125,0.12592,1.22196,6,49,0,55,2.253779,0.466949,8.307263,0.05885,51.633887,2.26174,0.063506
201,961,QueenBot,AvocaDOS,1614,1751,23,0,0,27.652125,0.12592,0.22196,4,19,0,23,2.654316,0.312462,5.54392,0.05885,22.39723,2.59985,0.092963
201,962,QueenBot,AvocaDEV,1614,1700,6,0,1,10.652125,0.12592,1.22196,4,2,0,6,3.328502,0.378703,5.87123,0.05885,5.06992,2.883414,0.148318
201,966,QueenBot,ArgoBot,1614,1909,2,0,0,6.652125,0.12592,0.22196,0,2,0,2,2.441467,0.154706,0.764426,0.05885,6.176724,2.375639,0.185927
201,970,QueenBot,TheLAW,1614,1576,49,0,1,53.652125,0.12592,1.22196,21,26,2,49,2.790246,0.554469,23.739716,2.05885,28.201434,2.749418,0.066941
201,971,QueenBot,Nothing,1614,1570,52,0,1,56.652125,0.12592,1.22196,28,24,0,52,2.853103,0.562985,30.781792,0.05885,26.159358,2.80891,0.065156
201,977,QueenBot,Siriusly,1614,1392,8,0,0,12.652125,0.12592,0.22196,5,3,0,8,2.413408,0.782098,8.864464,0.05885,4.076686,2.388754,0.136433
201,981,QueenBot,KoB,1614,1499,19,1,1,23.652125,1.12592,1.22196,11,8,0,19,2.581794,0.659708,14.259716,0.05885,9.681434,2.533359,0.100412
201,998,QueenBot,LordSuperKing,1614,1656,23,0,0,27.652125,0.12592,0.22196,4,19,0,23,3.072281,0.43985,6.173364,0.05885,21.767786,2.943179,0.092963
201,1007,QueenBot,SharkGull,1614,1605,18,0,0,22.652125,0.12592,0.22196,0,18,0,18,2.045579,0.512949,2.534559,0.05885,20.406591,2.111607,0.102572
201,1008,QueenBot,Creepy_canon,1614,1587,0,0,0,4.652125,0.12592,0.22196,0,0,0,0,,0.538778,2.662183,0.05885,2.278967,2.349308,0.219992
201,1023,QueenBot,MY_SCRIPTING_SON,1614,1275,3,0,1,7.652125,0.12592,1.22196,2,1,0,3,2.564996,0.875604,6.326489,0.05885,1.614661,2.430191,0.173919
201,1026,QueenBot,WildLupo,1614,1199,0,0,0,4.652125,0.12592,0.22196,0,0,0,0,,0.915979,4.525992,0.05885,0.415158,2.349308,0.219992
201,1029,QueenBot,Chomppet,1614,1600,0,0,0,4.652125,0.12592,0.22196,0,0,0,0,,0.520137,2.570074,0.05885,2.371076,2.349308,0.219992
201,1030,QueenBot,who,1614,1924,1,0,0,5.652125,0.12592,0.22196,0,1,0,1,2.043814,0.143748,0.71028,0.05885,5.23087,2.298392,0.200824
201,1032,QueenBot,WaterLeak,1614,1607,33,0,0,37.652125,0.12592,0.22196,1,32,0,33,1.910534,0.510072,3.520344,0.05885,34.420806,1.968267,0.079799
201,1038,QueenBot,PolyMorph,1614,1463,8,0,0,12.652125,0.12592,0.22196,8,0,0,8,2.677686,0.704585,11.481458,0.05885,1.459692,2.551387,0.136433
201,1042,QueenBot,Creepy_duo_canon,1614,1386,2,0,1,6.652125,0.12592,1.22196,1,1,0,2,2.355038,0.787927,4.893264,0.05885,2.047886,2.350945,0.185927
201,1044,QueenBot,DoopyBot,1614,1418,18,0,0,22.652125,0.12592,0.22196,14,4,0,18,2.77442,0.755519,17.733132,0.05885,5.208018,2.682004,0.102572
201,1045,QueenBot,tito,1614,1801,15,0,0,19.652125,0.12592,0.22196,0,15,0,15,2.313645,0.254177,1.255926,0.05885,18.685224,2.322561,0.109996
201,1049,QueenBot,TheCatSC2Bot,1614,970,2,0,0,6.652125,0.12592,0.22196,2,0,0,2,2.304855,0.976041,6.822765,0.05885,0.118385,2.336607,0.185927
201,1050,QueenBot,onlyfans,1614,1517,24,0,0,28.652125,0.12592,0.22196,24,0,0,24,2.460999,0.636077,27.142951,0.05885,1.798199,2.441742,0.091347
201,1052,QueenBot,Starlight,1614,1204,1,0,0,5.652125,0.12592,0.22196,1,0,0,1,2.488234,0.913738,5.514915,0.05885,0.426235,2.372462,0.200824
201,1054,QueenBot,JimmyBotZ,1614,1724,38,0,1,42.652125,0.12592,1.22196,2,36,0,38,2.841105,0.346783,3.713506,0.05885,39.227644,2.783919,0.075016
201,1056,QueenBot,bilisaur,1614,1600,0,0,0,4.652125,0.12592,0.22196,0,0,0,0,,0.520137,2.570074,0.05885,2.371076,2.349308,0.219992
201,1057,QueenBot,DoopyBot-Test,1614,1238,4,0,0,8.652125,0.12592,0.22196,3,1,0,4,2.715496,0.89701,7.432259,0.05885,1.508891,2.512058,0.163972
201,1058,QueenBot,JimmyBotP,1614,1711,20,0,0,24.652125,0.12592,0.22196,18,1,1,20,2.774274,0.363923,19.798199,1.05885,4.142951,2.689281,0.098383
201,1059,QueenBot,NextProBot,1614,1600,0,0,0,4.652125,0.12592,0.22196,0,0,0,0,,0.520137,2.570074,0.05885,2.371076,2.349308,0.219992
201,1060,QueenBot,WildFire,1614,1709,17,1,0,21.652125,1.12592,0.22196,4,13,0,17,2.513712,0.366592,5.811388,0.05885,16.129762,2.476348,0.104877
201,1065,QueenBot,MindMatrix,1614,1514,6,0,0,10.652125,0.12592,0.22196,1,5,0,6,2.523011,0.640065,4.162657,0.05885,6.778493,2.444055,0.148318
201,1066,QueenBot,CompetitiveBotTest,1614,1482,0,0,0,4.652125,0.12592,0.22196,0,0,0,0,,0.681322,3.366513,0.05885,1.574637,2.349308,0.219992
201,1067,QueenBot,Hello_world,1614,1600,0,0,0,4.652125,0.12592,0.22196,0,0,0,0,,0.520137,2.570074,0.05885,2.371076,2.349308,0.219992
201,1078,QueenBot,LoremIpsum,1614,1242,0,0,0,4.652125,0.12592,0.22196,0,0,0,0,,0.894863,4.421651,0.05885,0.519499,2.349308,0.219992
201,1079,QueenBot,JimmyBotT,1614,1675,13,0,0,17.652125,0.12592,0.22196,10,3,0,13,2.805033,0.413105,12.041214,0.05885,5.899936,2.678443,0.115946
201,1080,QueenBot,JimmyBot,1614,1675,16,1,0,20.652125,1.12592,0.22196,11,5,0,16,2.779029,0.413105,13.041214,0.05885,7.899936,2.676714,0.107345
201,1081,QueenBot,ArtZerg,1614,1537,17,3,0,21.652125,3.12592,0.22196,5,12,0,17,1.799135,0.609033,8.009321,0.05885,13.931829,1.924174,0.104877
201,1082,QueenBot,Dasyatis,1614,1573,7,0,0,11.652125,0.12592,0.22196,4,3,0,7,2.500086,0.558731,6.760776,0.05885,5.180374,2.437262,0.142004
201,1084,QueenBot,ZippyZap,1614,1457,0,0,0,4.652125,0.12592,0.22196,0,0,0,0,,0.711723,3.516728,0.05885,1.424422,2.349308,0.219992
201,1085,QueenBot,AgoraLord,1614,1430,1,0,0,5.652125,0.12592,0.22196,0,1,0,1,3.821442,0.742536,3.66898,0.05885,2.27217,2.594664,0.200824
201,1086,QueenBot,CherBoiBlue,1614,1500,0,0,0,4.652125,0.12592,0.22196,0,0,0,0,,0.658415,3.253325,0.05885,1.687825,2.349308,0.219992
201,1087,QueenBot,SwarmLord2,1614,1533,0,0,0,4.652125,0.12592,0.22196,0,0,0,0,,0.614501,3.036343,0.05885,1.904807,2.349308,0.219992
201,1088,QueenBot,SwarmLord3,1614,1562,0,0,0,4.652125,0.12592,0.22196,0,0,0,0,,0.57428,2.837605,0.05885,2.103545,2.349308,0.219992
201,1089,QueenBot,WorkingAsIntended,1614,1596,1,0,0,5.652125,0.12592,0.22196,0,1,0,1,2.105353,0.525881,2.598457,0.05885,3.342693,2.308649,0.200824
223,248,DominionDog,Eris,1890,2221,48,0,1,52.652125,0.12592,1.22196,12,36,0,48,2.729312,0.1295,12.639878,0.05885,40.301272,2.693463,0.06757
223,262,DominionDog,whalemean,1890,1797,45,2,0,49.652125,2.12592,0.22196,34,10,1,45,2.170826,0.63073,37.116533,1.05885,11.824617,2.188674,0.069567
223,275,DominionDog,Lissy,1890,1569,0,0,0,4.652125,0.12592,0.22196,0,0,0,0,,0.863871,4.268519,0.05885,0.672631,2.349308,0.219992
223,338,DominionDog,smallBly,1890,1834,41,0,0,45.652125,0.12592,0.22196,39,2,0,41,2.020774,0.5799,41.865372,0.05885,4.075778,2.056484,0.072529
223,340,DominionDog,MechaShark,1890,1695,36,2,1,40.652125,2.12592,1.22196,19,15,2,36,2.523676,0.754454,22.727871,2.05885,16.213279,2.502411,0.076824
223,341,DominionDog,gotest,1890,1328,0,0,0,4.652125,0.12592,0.22196,0,0,0,0,,0.962135,4.754054,0.05885,0.187096,2.349308,0.219992
223,346,DominionDog,Sharkling,1890,1761,47,0,1,51.652125,0.12592,1.22196,45,2,0,47,2.168814,0.677561,48.347928,0.05885,3.593222,2.18617,0.068216
223,347,DominionDog,PhantomTest,1890,1600,0,0,0,4.652125,0.12592,0.22196,0,0,0,0,,0.841492,4.15794,0.05885,0.78321,2.349308,0.219992
223,352,DominionDog,Belzebuth,1890,1134,0,0,1,4.652125,0.12592,1.22196,0,0,0,0,,0.987281,4.878305,0.05885,0.062845,2.349308,0.219992
223,357,DominionDog,12PoolBot,1890,1765,27,1,0,31.652125,1.12592,0.22196,27,0,0,27,2.019275,0.67251,30.322971,0.05885,1.618179,2.070843,0.086959
223,374,DominionDog,SwarmLord,1890,1600,0,0,0,4.652125,0.12592,0.22196,0,0,0,0,,0.841492,4.15794,0.05885,0.78321,2.349308,0.219992
223,446,DominionDog,Xena,1890,1937,50,0,1,54.652125,0.12592,1.22196,24,26,0,50,2.379905,0.432771,26.138387,0.05885,28.802763,2.377123,0.06633
223,496,DominionDog,Zozo,1890,2089,46,0,0,50.652125,0.12592,0.22196,1,45,0,46,2.482127,0.241305,2.192326,0.05885,48.748824,2.469105,0.068882
223,510,DominionDog,PhantomBot,1890,1817,41,0,1,45.652125,0.12592,1.22196,19,20,2,41,2.611391,0.603536,21.982163,2.05885,21.958987,2.582904,0.072529
223,516,DominionDog,27turtles,1890,1526,0,0,0,4.652125,0.12592,0.22196,0,0,0,0,,0.890451,4.39985,0.05885,0.5413,2.349308,0.219992
223,517,DominionDog,VeTerran-revived,1890,1869,44,0,1,48.652125,0.12592,1.22196,34,10,0,44,2.498687,0.530185,36.619722,0.05885,12.321428,2.483444,0.070274
223,518,DominionDog,norman,1890,1674,8,0,0,12.652125,0.12592,0.22196,6,2,0,8,2.576576,0.776155,9.835096,0.05885,3.106054,2.489165,0.136433
223,526,DominionDog,Apidae,1890,1635,8,0,0,12.652125,0.12592,0.22196,8,0,0,8,2.136647,0.812738,12.015859,0.05885,0.925291,2.21844,0.136433
223,605,DominionDog,nida,1890,1693,5,0,0,9.652125,0.12592,0.22196,5,0,0,5,2.24198,0.756581,8.738378,0.05885,1.202772,2.295644,0.155557
223,637,DominionDog,72Tortoises,1890,1697,6,0,0,10.652125,0.12592,0.22196,6,0,0,6,2.321505,0.752315,9.717301,0.05885,1.223849,2.334143,0.148318
223,699,DominionDog,Clicadinha,1890,1635,0,0,0,4.652125,0.12592,0.22196,0,0,0,0,,0.812738,4.015859,0.05885,0.925291,2.349308,0.219992
223,708,DominionDog,Princess-Mika,1890,1521,0,0,1,4.652125,0.12592,1.22196,0,0,0,0,,0.893227,4.413568,0.05885,0.527582,2.349308,0.219992
223,709,DominionDog,Laser-Circus,1890,1211,0,0,0,4.652125,0.12592,0.22196,0,0,0,0,,0.980327,4.843943,0.05885,0.097207,2.349308,0.219992
223,718,DominionDog,Mulebot,1890,1689,13,0,1,17.652125,0.12592,1.22196,8,5,0,13,2.386263,0.760796,11.759208,0.05885,6.181942,2.375998,0.115946
223,720,DominionDog,PiG_Bot,1890,1627,0,0,0,4.652125,0.12592,0.22196,0,0,0,0,,0.819646,4.049993,0.05885,0.891157,2.349308,0.219992
223,721,DominionDog,49Terrapins,1890,1430,0,0,0,4.652125,0.12592,0.22196,0,0,0,0,,0.933886,4.614471,0.05885,0.326679,2.349308,0.219992
223,729,DominionDog,Alexa,1890,1367,1,0,0,5.652125,0.12592,0.22196,1,0,0,1,2.233235,0.953052,5.709173,0.05885,0.231977,2.329963,0.200824
223,730,DominionDog,Deimos,1890,2155,50,0,1,54.652125,0.12592,1.22196,13,37,0,50,2.461904,0.178659,13.882779,0.05885,41.058371,2.451668,0.06633
223,732,DominionDog,GPT,1890,1830,50,0,0,54.652125,0.12592,0.22196,20,30,0,50,2.360636,0.585499,22.893037,0.05885,32.048113,2.359607,0.06633
223,759,DominionDog,BotTato,1890,1710,33,0,1,37.652125,0.12592,1.22196,32,1,0,33,2.358476,0.738109,35.647107,0.05885,2.294043,2.35727,0.079799
223,779,DominionDog,oberon,1890,1472,1,0,0,5.652125,0.12592,0.22196,1,0,0,1,2.416806,0.917299,5.532512,0.05885,0.408638,2.360558,0.200824
223,797,DominionDog,WickedBot,1890,1707,30,1,1,34.652125,1.12592,1.22196,15,15,0,30,2.599248,0.741434,18.663534,0.05885,16.277616,2.563542,0.083149
223,809,DominionDog,PrimordialOrigin,1890,1258,1,0,0,5.652125,0.12592,0.22196,1,0,0,1,2.24071,0.974371,5.814515,0.05885,0.126635,2.331208,0.200824
223,813,DominionDog,MewCombatMicro,1890,1511,0,0,0,4.652125,0.12592,0.22196,0,0,0,0,,0.898594,4.440088,0.05885,0.501062,2.349308,0.219992
223,827,DominionDog,smokinggunbot,1890,1579,0,0,0,4.652125,0.12592,0.22196,0,0,0,0,,0.856959,4.234364,0.05885,0.706786,2.349308,0.219992
223,832,DominionDog,muravev,1890,1632,0,0,0,4.652125,0.12592,0.22196,0,0,0,0,,0.815352,4.028776,0.05885,0.912374,2.349308,0.219992
223,836,DominionDog,muravevTerran,1890,1477,0,0,0,4.652125,0.12592,0.22196,0,0,0,0,,0.915089,4.521593,0.05885,0.419557,2.349308,0.219992
223,858,DominionDog,Crawler,1890,1562,0,0,1,4.652125,0.12592,1.22196,0,0,0,0,,0.868541,4.291591,0.05885,0.649559,2.349308,0.219992
223,876,DominionDog,GenesisLotus,1890,1411,1,0,0,5.652125,0.12592,0.22196,1,0,0,1,2.174752,0.940327,5.646296,0.05885,0.294854,2.320215,0.200824
223,901,DominionDog,clone,1890,1667,12,0,0,16.652125,0.12592,0.22196,11,1,0,12,2.441751,0.783077,14.869303,0.05885,2.071847,2.414562,0.119307
223,930,DominionDog,SiriusBot,1890,1519,1,0,0,5.652125,0.12592,0.22196,1,0,0,1,1.962908,0.89432,5.418969,0.05885,0.522181,2.284908,0.200824
223,939,DominionDog,RustyNikolaj,1890,1539,0,0,0,4.652125,0.12592,0.22196,0,0,0,0,,0.882935,4.362712,0.05885,0.578438,2.349308,0.219992
223,940,DominionDog,Princess-Mika-Test,1890,1524,0,0,1,4.652125,0.12592,1.22196,0,0,0,0,,0.891569,4.405375,0.05885,0.535775,2.349308,0.219992
223,943,DominionDog,puck,1890,1529,1,0,0,5.652125,0.12592,0.22196,1,0,0,1,2.152924,0.888755,5.39147,0.05885,0.54968,2.316577,0.200824
223,948,DominionDog,titania,1890,1185,1,0,0,5.652125,0.12592,0.22196,1,0,0,1,1.971299,0.983015,5.857226,0.05885,0.083924,2.286307,0.200824
223,953,DominionDog,ZeratulsRevengeTest,1890,1702,20,0,0,24.652125,0.12592,0.22196,20,0,0,20,2.138843,0.746913,23.690609,0.05885,1.250541,2.180936,0.098383
223,959,DominionDog,ur_moms_a_ho,1890,1600,0,0,0,4.652125,0.12592,0.22196,0,0,0,0,,0.841492,4.15794,0.05885,0.78321,2.349308,0.219992
223,960,DominionDog,BigDaddy,1890,1637,3,0,0,7.652125,0.12592,0.22196,1,2,0,3,2.031873,0.810979,5.00717,0.05885,2.93398,2.23027,0.173919
223,961,DominionDog,AvocaDOS,1890,1751,33,1,0,37.652125,1.12592,0.22196,3,28,2,33,2.491862,0.690006,6.409424,2.05885,29.531726,2.473105,0.079799
223,962,DominionDog,AvocaDEV,1890,1700,1,0,1,5.652125,0.12592,1.22196,0,1,0,1,3.109061,0.749083,3.701332,0.05885,2.239818,2.475933,0.200824
223,966,DominionDog,ArgoBot,1890,1909,45,5,1,49.652125,5.12592,1.22196,22,23,0,45,2.578223,0.472684,24.335603,0.05885,25.605547,2.555331,0.069567
223,970,DominionDog,TheLAW,1890,1576,0,0,0,4.652125,0.12592,0.22196,0,0,0,0,,0.859063,4.244759,0.05885,0.696391,2.349308,0.219992
223,971,DominionDog,Nothing,1890,1570,1,0,0,5.652125,0.12592,0.22196,1,0,0,1,2.243896,0.863193,5.265167,0.05885,0.675983,2.331739,0.200824
223,977,DominionDog,Siriusly,1890,1392,0,0,0,4.652125,0.12592,0.22196,0,0,0,0,,0.946176,4.6752,0.05885,0.26595,2.349308,0.219992
223,981,DominionDog,KoB,1890,1499,0,0,0,4.652125,0.12592,0.22196,0,0,0,0,,0.904718,4.470345,0.05885,0.470805,2.349308,0.219992
223,998,DominionDog,LordSuperKing,1890,1656,9,0,0,13.652125,0.12592,0.22196,9,0,0,9,2.445335,0.793641,12.921498,0.05885,1.019652,2.41104,0.13147
223,1007,DominionDog,SharkGull,1890,1605,0,0,0,4.652125,0.12592,0.22196,0,0,0,0,,0.837615,4.138784,0.05885,0.802366,2.349308,0.219992
223,1008,DominionDog,Creepy_canon,1890,1587,0,0,0,4.652125,0.12592,0.22196,0,0,0,0,,0.851221,4.20601,0.05885,0.73514,2.349308,0.219992
223,1023,DominionDog,MY_SCRIPTING_SON,1890,1275,1,0,0,5.652125,0.12592,0.22196,1,0,0,1,2.065596,0.971811,5.801863,0.05885,0.139287,2.302023,0.200824
223,1026,DominionDog,WildLupo,1890,1199,0,0,1,4.652125,0.12592,1.22196,0,0,0,0,,0.981616,4.850312,0.05885,0.090838,2.349308,0.219992
223,1029,DominionDog,Chomppet,1890,1600,0,0,0,4.652125,0.12592,0.22196,0,0,0,0,,0.841492,4.15794,0.05885,0.78321,2.349308,0.219992
223,1030,DominionDog,who,1890,1924,41,8,2,45.652125,8.12592,2.22196,7,33,1,41,2.245008,0.451226,9.229574,1.05885,35.711576,2.256345,0.072529
223,1032,DominionDog,WaterLeak,1890,1607,16,0,3,20.652125,0.12592,3.22196,16,0,0,16,1.94594,0.836043,20.131016,0.05885,0.810134,2.04198,0.107345
223,1038,DominionDog,PolyMorph,1890,1463,0,0,0,4.652125,0.12592,0.22196,0,0,0,0,,0.921145,4.551517,0.05885,0.389633,2.349308,0.219992
223,1042,DominionDog,Creepy_duo_canon,1890,1386,0,0,0,4.652125,0.12592,0.22196,0,0,0,0,,0.947909,4.683758,0.05885,0.257392,2.349308,0.219992
223,1044,DominionDog,DoopyBot,1890,1418,1,0,0,5.652125,0.12592,0.22196,1,0,0,1,1.576915,0.938025,5.634924,0.05885,0.306226,2.220576,0.200824
223,1045,DominionDog,tito,1890,1801,40,0,2,44.652125,0.12592,2.22196,10,30,0,40,2.481163,0.625351,13.089955,0.05885,31.851195,2.466512,0.073331
223,1049,DominionDog,TheCatSC2Bot,1890,970,1,0,0,5.652125,0.12592,0.22196,1,0,0,1,2.079442,0.995013,5.916509,0.05885,0.024641,2.30433,0.200824
223,1050,DominionDog,onlyfans,1890,1517,0,0,0,4.652125,0.12592,0.22196,0,0,0,0,,0.895403,4.424321,0.05885,0.516829,2.349308,0.219992
223,1052,DominionDog,Starlight,1890,1204,0,0,0,4.652125,0.12592,0.22196,0,0,0,0,,0.981089,4.847709,0.05885,0.093441,2.349308,0.219992
223,1054,DominionDog,JimmyBotZ,1890,1724,0,0,0,4.652125,0.12592,0.22196,0,0,0,0,,0.722235,3.568669,0.05885,1.372481,2.349308,0.219992
223,1056,DominionDog,bilisaur,1890,1600,0,0,0,4.652125,0.12592,0.22196,0,0,0,0,,0.841492,4.15794,0.05885,0.78321,2.349308,0.219992
223,1057,DominionDog,DoopyBot-Test,1890,1238,0,0,0,4.652125,0.12592,0.22196,0,0,0,0,,0.977095,4.827971,0.05885,0.113179,2.349308,0.219992
223,1058,DominionDog,JimmyBotP,1890,1711,1,0,0,5.652125,0.12592,0.22196,1,0,0,1,2.298577,0.736995,4.641602,0.05885,1.299548,2.340853,0.200824
223,1059,DominionDog,NextProBot,1890,1600,0,0,0,4.652125,0.12592,0.22196,0,0,0,0,,0.841492,4.15794,0.05885,0.78321,2.349308,0.219992
223,1060,DominionDog,WildFire,1890,1709,18,0,0,22.652125,0.12592,0.22196,18,0,0,18,2.069793,0.73922,21.652598,0.05885,1.288552,2.130557,0.102572
223,1065,DominionDog,MindMatrix,1890,1514,0,0,0,4.652125,0.12592,0.22196,0,0,0,0,,0.89701,4.432259,0.05885,0.508891,2.349308,0.219992
223,1066,DominionDog,CompetitiveBotTest,1890,1482,0,0,0,4.652125,0.12592,0.22196,0,0,0,0,,0.912826,4.510409,0.05885,0.430741,2.349308,0.219992
223,1067,DominionDog,Hello_world,1890,1600,0,0,0,4.652125,0.12592,0.22196,0,0,0,0,,0.841492,4.15794,0.05885,0.78321,2.349308,0.219992
223,1078,DominionDog,LoremIpsum,1890,1242,0,0,0,4.652125,0.12592,0.22196,0,0,0,0,,0.976574,4.825397,0.05885,0.115753,2.349308,0.219992
223,1079,DominionDog,JimmyBotT,1890,1675,0,0,0,4.652125,0.12592,0.22196,0,0,0,0,,0.775153,3.830147,0.05885,1.111003,2.349308,0.219992
223,1080,DominionDog,JimmyBot,1890,1675,0,0,0,4.652125,0.12592,0.22196,0,0,0,0,,0.775153,3.830147,0.05885,1.111003,2.349308,0.219992
223,1081,DominionDog,ArtZerg,1890,1537,0,0,0,4.652125,0.12592,0.22196,0,0,0,0,,0.884119,4.368566,0.05885,0.572584,2.349308,0.219992
223,1082,DominionDog,Dasyatis,1890,1573,0,0,0,4.652125,0.12592,0.22196,0,0,0,0,,0.861141,4.255027,0.05885,0.686123,2.349308,0.219992
223,1084,DominionDog,ZippyZap,1890,1457,0,0,0,4.652125,0.12592,0.22196,0,0,0,0,,0.923618,4.563734,0.05885,0.377416,2.349308,0.219992
223,1085,DominionDog,AgoraLord,1890,1430,0,0,0,4.652125,0.12592,0.22196,0,0,0,0,,0.933886,4.614471,0.05885,0.326679,2.349308,0.219992
223,1086,DominionDog,CherBoiBlue,1890,1500,0,0,0,4.652125,0.12592,0.22196,0,0,0,0,,0.90422,4.467887,0.05885,0.473263,2.349308,0.219992
223,1087,DominionDog,SwarmLord2,1890,1533,0,0,0,4.652125,0.12592,0.22196,0,0,0,0,,0.886458,4.38012,0.05885,0.56103,2.349308,0.219992
223,1088,DominionDog,SwarmLord3,1890,1562,0,0,0,4.652125,0.12592,0.22196,0,0,0,0,,0.868541,4.291591,0.05885,0.649559,2.349308,0.219992
223,1089,DominionDog,WorkingAsIntended,1890,1596,0,0,0,4.652125,0.12592,0.22196,0,0,0,0,,0.84454,4.172996,0.05885,0.768154,2.349308,0.219992
248,262,Eris,whalemean,2221,1797,60,0,0,64.652125,0.12592,0.22196,56,4,0,60,2.482537,0.919882,60.545273,0.05885,4.395877,2.472289,0.061015
248,275,Eris,Lissy,2221,1569,0,0,0,4.652125,0.12592,0.22196,0,0,0,0,,0.977095,4.827971,0.05885,0.113179,2.349308,0.219992
248,338,Eris,smallBly,2221,1834,49,0,0,53.652125,0.12592,0.22196,46,3,0,49,2.427895,0.902714,50.460445,0.05885,3.480705,2.420619,0.066941
248,340,Eris,MechaShark,2221,1695,49,0,0,53.652125,0.12592,0.22196,49,0,0,49,2.435316,0.953819,53.712961,0.05885,0.228189,2.427352,0.066941
248,341,Eris,gotest,2221,1328,0,0,0,4.652125,0.12592,0.22196,0,0,0,0,,0.994179,4.91239,0.05885,0.02876,2.349308,0.219992
248,346,Eris,Sharkling,2221,1761,58,0,0,62.652125,0.12592,0.22196,58,0,0,58,2.336406,0.933886,62.614471,0.05885,0.326679,2.33743,0.061976
248,347,Eris,PhantomTest,2221,1600,0,0,0,4.652125,0.12592,0.22196,0,0,0,0,,0.972742,4.806463,0.05885,0.134687,2.349308,0.219992
248,352,Eris,Belzebuth,2221,1134,0,0,0,4.652125,0.12592,0.22196,0,0,0,0,,0.998087,4.931699,0.05885,0.009451,2.349308,0.219992
248,357,Eris,12PoolBot,2221,1765,27,0,0,31.652125,0.12592,0.22196,26,1,0,27,2.143808,0.93245,30.607375,0.05885,1.333775,2.175917,0.086959
248,374,Eris,SwarmLord,2221,1600,0,0,0,4.652125,0.12592,0.22196,0,0,0,0,,0.972742,4.806463,0.05885,0.134687,2.349308,0.219992
248,446,Eris,Xena,2221,1937,48,3,0,52.652125,3.12592,0.22196,40,8,0,48,2.45845,0.836831,44.134907,0.05885,8.806243,2.448154,0.06757
248,496,Eris,Zozo,2221,2089,46,0,0,50.652125,0.12592,0.22196,39,7,0,46,2.574411,0.681322,42.366513,0.05885,8.574637,2.552342,0.068882
248,510,Eris,PhantomBot,2221,1817,49,0,1,53.652125,0.12592,1.22196,49,0,0,49,2.553087,0.910976,53.501269,0.05885,0.439881,2.534218,0.066941
248,516,Eris,27turtles,2221,1526,0,0,0,4.652125,0.12592,0.22196,0,0,0,0,,0.982027,4.852342,0.05885,0.088808,2.349308,0.219992
248,517,Eris,VeTerran-revived,2221,1869,45,0,0,49.652125,0.12592,0.22196,38,7,0,45,2.680948,0.883528,42.365646,0.05885,7.575504,2.647784,0.069567
248,518,Eris,norman,2221,1674,10,0,0,14.652125,0.12592,0.22196,10,0,0,10,2.187096,0.958861,14.737875,0.05885,0.203275,2.241167,0.127012
248,526,Eris,Apidae,2221,1635,8,0,0,12.652125,0.12592,0.22196,8,0,0,8,2.40067,0.966859,12.777396,0.05885,0.163754,2.380915,0.136433
248,605,Eris,nida,2221,1693,7,0,0,11.652125,0.12592,0.22196,7,0,0,7,2.429307,0.954323,11.715454,0.05885,0.225696,2.395974,0.142004
248,637,Eris,72Tortoises,2221,1697,5,0,0,9.652125,0.12592,0.22196,5,0,0,5,2.345745,0.953309,9.710443,0.05885,0.230707,2.347527,0.155557
248,699,Eris,Clicadinha,2221,1635,1,0,0,5.652125,0.12592,0.22196,1,0,0,1,2.354228,0.966859,5.777396,0.05885,0.163754,2.350128,0.200824
248,708,Eris,Princess-Mika,2221,1521,1,0,0,5.652125,0.12592,0.22196,1,0,0,1,1.688249,0.982528,5.854818,0.05885,0.086332,2.239132,0.200824
248,709,Eris,Laser-Circus,2221,1211,0,0,0,4.652125,0.12592,0.22196,0,0,0,0,,0.997024,4.926443,0.05885,0.014707,2.349308,0.219992
248,718,Eris,Mulebot,2221,1689,16,0,0,20.652125,0.12592,0.22196,16,0,0,16,2.576292,0.955316,20.720362,0.05885,0.220788,2.522248,0.107345
248,720,Eris,PiG_Bot,2221,1627,0,0,0,4.652125,0.12592,0.22196,0,0,0,0,,0.968303,4.784533,0.05885,0.156617,2.349308,0.219992
248,721,Eris,49Terrapins,2221,1430,0,0,0,4.652125,0.12592,0.22196,0,0,0,0,,0.989578,4.889653,0.05885,0.051497,2.349308,0.219992
248,729,Eris,Alexa,2221,1367,0,0,0,4.652125,0.12592,0.22196,0,0,0,0,,0.992725,4.905203,0.05885,0.035947,2.349308,0.219992
248,730,Eris,Deimos,2221,2155,61,0,0,65.652125,0.12592,0.22196,34,27,0,61,2.65441,0.593855,36.934329,0.05885,29.006821,2.631296,0.060551
248,732,Eris,GPT,2221,1830,59,0,0,63.652125,0.12592,0.22196,55,4,0,59,2.484187,0.904718,59.470345,0.05885,4.470805,2.473649,0.06149
248,759,Eris,BotTato,2221,1710,40,0,0,44.652125,0.12592,0.22196,40,0,0,40,2.690048,0.949863,44.693414,0.05885,0.247736,2.652188,0.073331
248,779,Eris,oberon,2221,1472,0,0,0,4.652125,0.12592,0.22196,0,0,0,0,,0.986765,4.875755,0.05885,0.065395,2.349308,0.219992
248,797,Eris,WickedBot,2221,1707,37,0,1,41.652125,0.12592,1.22196,37,0,0,37,2.763836,0.950679,41.697446,0.05885,0.243704,2.714488,0.075904
248,809,Eris,PrimordialOrigin,2221,1258,1,0,0,5.652125,0.12592,0.22196,1,0,0,1,1.635106,0.996102,5.921891,0.05885,0.019259,2.230274,0.200824
248,813,Eris,MewCombatMicro,2221,1511,0,0,0,4.652125,0.12592,0.22196,0,0,0,0,,0.983489,4.859567,0.05885,0.081583,2.349308,0.219992
248,827,Eris,smokinggunbot,2221,1579,0,0,0,4.652125,0.12592,0.22196,0,0,0,0,,0.97577,4.821428,0.05885,0.119722,2.349308,0.219992
248,832,Eris,muravev,2221,1632,0,0,0,4.652125,0.12592,0.22196,0,0,0,0,,0.967408,4.780109,0.05885,0.161041,2.349308,0.219992
248,836,Eris,muravevTerran,2221,1477,0,0,0,4.652125,0.12592,0.22196,0,0,0,0,,0.986384,4.873872,0.05885,0.067278,2.349308,0.219992
248,858,Eris,Crawler,2221,1562,0,0,0,4.652125,0.12592,0.22196,0,0,0,0,,0.977979,4.832343,0.05885,0.108807,2.349308,0.219992
248,876,Eris,GenesisLotus,2221,1411,1,0,0,5.652125,0.12592,0.22196,1,0,0,1,2.338917,0.990648,5.894939,0.05885,0.046211,2.347576,0.200824
248,901,Eris,clone,2221,1667,19,0,1,23.652125,0.12592,1.22196,15,4,0,19,2.379431,0.960421,19.745586,0.05885,4.195564,2.373155,0.100412
248,930,Eris,SiriusBot,2221,1519,0,0,0,4.652125,0.12592,0.22196,0,0,0,0,,0.982724,4.855789,0.05885,0.085361,2.349308,0.219992
248,939,Eris,RustyNikolaj,2221,1539,0,0,0,4.652125,0.12592,0.22196,0,0,0,0,,0.980657,4.845575,0.05885,0.095575,2.349308,0.219992
248,940,Eris,Princess-Mika-Test,2221,1524,1,0,0,5.652125,0.12592,0.22196,1,0,0,1,2.417698,0.982229,5.853341,0.05885,0.087809,2.360706,0.200824
248,943,Eris,puck,2221,1529,0,0,0,4.652125,0.12592,0.22196,0,0,0,0,,0.98172,4.850823,0.05885,0.090327,2.349308,0.219992
248,948,Eris,titania,2221,1185,0,0,0,4.652125,0.12592,0.22196,0,0,0,0,,0.997436,4.928482,0.05885,0.012668,2.349308,0.219992
248,953,Eris,ZeratulsRevengeTest,2221,1702,20,0,0,24.652125,0.12592,0.22196,18,2,0,20,2.362214,0.952011,22.704029,0.05885,2.237121,2.359633,0.098383
248,959,Eris,ur_moms_a_ho,2221,1600,0,0,0,4.652125,0.12592,0.22196,0,0,0,0,,0.972742,4.806463,0.05885,0.134687,2.349308,0.219992
248,960,Eris,BigDaddy,2221,1637,3,0,0,7.652125,0.12592,0.22196,3,0,0,3,2.410108,0.966488,7.775564,0.05885,0.165586,2.372108,0.173919
248,961,Eris,AvocaDOS,2221,1751,38,0,0,42.652125,0.12592,0.22196,32,6,0,38,2.548067,0.937353,36.6316,0.05885,6.30955,2.524955,0.075016
248,962,Eris,AvocaDEV,2221,1700,2,0,0,6.652125,0.12592,0.22196,2,0,0,2,2.489137,0.952534,6.706614,0.05885,0.234536,2.389259,0.185927
248,966,Eris,ArgoBot,2221,1909,59,0,0,63.652125,0.12592,0.22196,52,7,0,59,2.493894,0.857663,56.237843,0.05885,7.703307,2.482598,0.06149
248,970,Eris,TheLAW,2221,1576,0,0,0,4.652125,0.12592,0.22196,0,0,0,0,,0.976175,4.823428,0.05885,0.117722,2.349308,0.219992
248,971,Eris,Nothing,2221,1570,3,0,0,7.652125,0.12592,0.22196,3,0,0,3,1.657137,0.976965,7.827333,0.05885,0.113817,2.089744,0.173919
248,977,Eris,Siriusly,2221,1392,0,0,0,4.652125,0.12592,0.22196,0,0,0,0,,0.991608,4.899686,0.05885,0.041464,2.349308,0.219992
248,981,Eris,KoB,2221,1499,5,0,0,9.652125,0.12592,0.22196,5,0,0,5,2.326992,0.984574,9.864929,0.05885,0.076221,2.33815,0.155557
248,998,Eris,LordSuperKing,2221,1656,9,0,0,13.652125,0.12592,0.22196,9,0,0,9,2.296206,0.962759,13.757138,0.05885,0.184012,2.315171,0.13147
248,1007,Eris,SharkGull,2221,1605,0,0,0,4.652125,0.12592,0.22196,0,0,0,0,,0.971968,4.80264,0.05885,0.13851,2.349308,0.219992
248,1008,Eris,Creepy_canon,2221,1587,0,0,0,4.652125,0.12592,0.22196,0,0,0,0,,0.974657,4.815928,0.05885,0.125222,2.349308,0.219992
248,1023,Eris,MY_SCRIPTING_SON,2221,1275,1,0,0,5.652125,0.12592,0.22196,1,0,0,1,2.232163,0.995703,5.91992,0.05885,0.02123,2.329784,0.200824
248,1026,Eris,WildLupo,2221,1199,0,0,0,4.652125,0.12592,0.22196,0,0,0,0,,0.997222,4.927422,0.05885,0.013728,2.349308,0.219992
248,1029,Eris,Chomppet,2221,1600,0,0,0,4.652125,0.12592,0.22196,0,0,0,0,,0.972742,4.806463,0.05885,0.134687,2.349308,0.219992
248,1030,Eris,who,2221,1924,63,0,0,67.652125,0.12592,0.22196,47,16,0,63,2.16588,0.846793,51.184133,0.05885,16.757017,2.179367,0.059654
248,1032,Eris,WaterLeak,2221,1607,24,0,0,28.652125,0.12592,0.22196,24,0,0,24,2.341402,0.971653,28.801082,0.05885,0.140068,2.342765,0.091347
248,1038,Eris,PolyMorph,2221,1463,0,0,0,4.652125,0.12592,0.22196,0,0,0,0,,0.987425,4.879016,0.05885,0.062134,2.349308,0.219992
248,1042,Eris,Creepy_duo_canon,2221,1386,0,0,0,4.652125,0.12592,0.22196,0,0,0,0,,0.991891,4.901083,0.05885,0.040067,2.349308,0.219992
248,1044,Eris,DoopyBot,2221,1418,0,0,0,4.652125,0.12592,0.22196,0,0,0,0,,0.990267,4.893057,0.05885,0.048093,2.349308,0.219992
248,1045,Eris,tito,2221,1801,44,0,0,48.652125,0.12592,0.22196,38,6,0,44,2.38353,0.918168,42.536807,0.05885,6.404343,2.380038,0.070274
248,1049,Eris,TheCatSC2Bot,2221,970,1,0,0,5.652125,0.12592,0.22196,1,0,0,1,2.155245,0.999255,5.937469,0.05885,0.003681,2.316964,0.200824
248,1050,Eris,onlyfans,2221,1517,0,0,0,4.652125,0.12592,0.22196,0,0,0,0,,0.982919,4.856749,0.05885,0.084401,2.349308,0.219992
248,1052,Eris,Starlight,2221,1204,0,0,0,4.652125,0.12592,0.22196,0,0,0,0,,0.997141,4.927022,0.05885,0.014128,2.349308,0.219992
248,1054,Eris,JimmyBotZ,2221,1724,0,0,0,4.652125,0.12592,0.22196,0,0,0,0,,0.945883,4.673748,0.05885,0.267402,2.349308,0.219992
248,1056,Eris,bilisaur,2221,1600,0,0,0,4.652125,0.12592,0.22196,0,0,0,0,,0.972742,4.806463,0.05885,0.134687,2.349308,0.219992
248,1057,Eris,DoopyBot-Test,2221,1238,0,0,0,4.652125,0.12592,0.22196,0,0,0,0,,0.996525,4.923978,0.05885,0.017172,2.349308,0.219992
248,1058,Eris,JimmyBotP,2221,1711,1,0,0,5.652125,0.12592,0.22196,1,0,0,1,2.195,0.949588,5.692056,0.05885,0.249094,2.32359,0.200824
248,1059,Eris,NextProBot,2221,1600,0,0,0,4.652125,0.12592,0.22196,0,0,0,0,,0.972742,4.806463,0.05885,0.134687,2.349308,0.219992
248,1060,Eris,WildFire,2221,1709,18,0,0,22.652125,0.12592,0.22196,18,0,0,18,2.453233,0.950136,22.694765,0.05885,0.246385,2.430641,0.102572
248,1065,Eris,MindMatrix,2221,1514,0,0,0,4.652125,0.12592,0.22196,0,0,0,0,,0.983206,4.85817,0.05885,0.08298,2.349308,0.219992
248,1066,Eris,CompetitiveBotTest,2221,1482,0,0,0,4.652125,0.12592,0.22196,0,0,0,0,,0.985992,4.871935,0.05885,0.069215,2.349308,0.219992
248,1067,Eris,Hello_world,2221,1600,0,0,0,4.652125,0.12592,0.22196,0,0,0,0,,0.972742,4.806463,0.05885,0.134687,2.349308,0.219992
248,1078,Eris,LoremIpsum,2221,1242,0,0,0,4.652125,0.12592,0.22196,0,0,0,0,,0.996444,4.92358,0.05885,0.01757,2.349308,0.219992
248,1079,Eris,JimmyBotT,2221,1675,0,0,0,4.652125,0.12592,0.22196,0,0,0,0,,0.958633,4.73675,0.05885,0.2044,2.349308,0.219992
248,1080,Eris,JimmyBot,2221,1675,0,0,0,4.652125,0.12592,0.22196,0,0,0,0,,0.958633,4.73675,0.05885,0.2044,2.349308,0.219992
248,1081,Eris,ArtZerg,2221,1537,0,0,0,4.652125,0.12592,0.22196,0,0,0,0,,0.980874,4.846648,0.05885,0.094502,2.349308,0.219992
248,1082,Eris,Dasyatis,2221,1573,0,0,0,4.652125,0.12592,0.22196,0,0,0,0,,0.976574,4.825397,0.05885,0.115753,2.349308,0.219992
248,1084,Eris,ZippyZap,2221,1457,0,0,0,4.652125,0.12592,0.22196,0,0,0,0,,0.987847,4.881099,0.05885,0.060051,2.349308,0.219992
248,1085,Eris,AgoraLord,2221,1430,0,0,0,4.652125,0.12592,0.22196,0,0,0,0,,0.989578,4.889653,0.05885,0.051497,2.349308,0.219992
248,1086,Eris,CherBoiBlue,2221,1500,0,0,0,4.652125,0.12592,0.22196,0,0,0,0,,0.984487,4.864495,0.05885,0.076655,2.349308,0.219992
248,1087,Eris,SwarmLord2,2221,1533,0,0,0,4.652125,0.12592,0.22196,0,0,0,0,,0.981302,4.848759,0.05885,0.092391,2.349308,0.219992
248,1088,Eris,SwarmLord3,2221,1562,0,0,0,4.652125,0.12592,0.22196,0,0,0,0,,0.977979,4.832343,0.05885,0.108807,2.349308,0.219992
248,1089,Eris,WorkingAsIntended,2221,1596,0,0,0,4.652125,0.12592,0.22196,0,0,0,0,,0.973346,4.809447,0.05885,0.131703,2.349308,0.219992
262,275,whalemean,Lissy,1797,1569,0,0,0,4.652125,0.12592,0.22196,0,0,0,0,,0.787927,3.893264,0.05885,1.047886,2.349308,0.219992
262,338,whalemean,smallBly,1797,1834,48,1,0,52.652125,1.12592,0.22196,7,40,1,48,1.917896,0.446953,9.208462,1.05885,42.732688,1.958595,0.06757
262,340,whalemean,MechaShark,1797,1695,43,2,0,47.652125,2.12592,0.22196,33,6,4,43,2.567322,0.642713,36.175742,4.05885,7.765408,2.544612,0.071002
262,341,whalemean,gotest,1797,1328,0,0,0,4.652125,0.12592,0.22196,0,0,0,0,,0.937014,4.629925,0.05885,0.311225,2.349308,0.219992
262,346,whalemean,Sharkling,1797,1761,55,0,0,59.652125,0.12592,0.22196,22,30,3,55,2.011936,0.551624,24.725655,3.05885,32.215495,2.04005,0.063506
262,347,whalemean,PhantomTest,1797,1600,0,0,0,4.652125,0.12592,0.22196,0,0,0,0,,0.756581,3.738378,0.05885,1.202772,2.349308,0.219992
262,352,whalemean,Belzebuth,1797,1134,0,0,0,4.652125,0.12592,0.22196,0,0,0,0,,0.97847,4.834766,0.05885,0.106384,2.349308,0.219992
262,357,whalemean,12PoolBot,1797,1765,27,1,0,31.652125,1.12592,0.22196,9,18,0,27,1.899888,0.545922,11.697482,0.05885,20.243668,1.97011,0.086959
262,374,whalemean,SwarmLord,1797,1600,0,0,0,4.652125,0.12592,0.22196,0,0,0,0,,0.756581,3.738378,0.05885,1.202772,2.349308,0.219992
262,446,whalemean,Xena,1797,1937,50,1,0,54.652125,1.12592,0.22196,15,35,0,50,2.102807,0.308764,16.525648,0.05885,38.415502,2.125216,0.06633
262,496,whalemean,Zozo,1797,2089,46,0,0,50.652125,0.12592,0.22196,6,39,1,46,2.419254,0.156978,6.775652,1.05885,43.165498,2.412397,0.068882
262,510,whalemean,PhantomBot,1797,1817,48,0,0,52.652125,0.12592,0.22196,29,19,0,48,2.084686,0.471249,31.328514,0.05885,21.612636,2.10965,0.06757
262,516,whalemean,27turtles,1797,1526,0,0,0,4.652125,0.12592,0.22196,0,0,0,0,,0.826354,4.083137,0.05885,0.858013,2.349308,0.219992
262,517,whalemean,VeTerran-revived,1797,1869,45,0,0,49.652125,0.12592,0.22196,24,21,0,45,2.158113,0.397842,25.965797,0.05885,23.975353,2.177233,0.069567
262,518,whalemean,norman,1797,1674,13,0,0,17.652125,0.12592,0.22196,8,5,0,13,2.128151,0.669969,11.310417,0.05885,6.630733,2.189583,0.115946
262,526,whalemean,Apidae,1797,1635,8,0,0,12.652125,0.12592,0.22196,6,2,0,8,1.999309,0.717592,9.545728,0.05885,3.395422,2.133924,0.136433
262,605,whalemean,nida,1797,1693,6,0,0,10.652125,0.12592,0.22196,5,1,0,6,2.3594,0.645352,8.188783,0.05885,2.752367,2.354813,0.148318
262,637,whalemean,72Tortoises,1797,1697,5,0,0,9.652125,0.12592,0.22196,5,0,0,5,1.531034,0.640065,8.162657,0.05885,1.778493,1.940171,0.155557
262,699,whalemean,Clicadinha,1797,1635,4,0,0,8.652125,0.12592,0.22196,4,0,0,4,2.580701,0.717592,7.545728,0.05885,1.395422,2.452149,0.163972
262,708,whalemean,Princess-Mika,1797,1521,1,0,0,5.652125,0.12592,0.22196,1,0,0,1,1.474763,0.830445,5.103353,0.05885,0.837797,2.203551,0.200824
262,709,whalemean,Laser-Circus,1797,1211,1,0,0,5.652125,0.12592,0.22196,1,0,0,1,1.99061,0.966859,5.777396,0.05885,0.163754,2.289525,0.200824
262,718,whalemean,Mulebot,1797,1689,17,0,0,21.652125,0.12592,0.22196,11,6,0,17,2.147562,0.650605,14.214735,0.05885,7.726415,2.193413,0.104877
262,720,whalemean,PiG_Bot,1797,1627,0,0,0,4.652125,0.12592,0.22196,0,0,0,0,,0.72683,3.591376,0.05885,1.349774,2.349308,0.219992
262,721,whalemean,49Terrapins,1797,1430,0,0,0,4.652125,0.12592,0.22196,0,0,0,0,,0.892124,4.408118,0.05885,0.533032,2.349308,0.219992
262,729,whalemean,Alexa,1797,1367,0,0,0,4.652125,0.12592,0.22196,0,0,0,0,,0.922391,4.55767,0.05885,0.38348,2.349308,0.219992
262,730,whalemean,Deimos,1797,2155,59,0,1,63.652125,0.12592,1.22196,4,55,0,59,2.202042,0.112964,4.558173,0.05885,59.382977,2.213547,0.06149
262,732,whalemean,GPT,1797,1830,60,0,0,64.652125,0.12592,0.22196,49,11,0,60,1.935268,0.452651,51.236619,0.05885,13.704531,1.967117,0.061015
262,759,whalemean,BotTato,1797,1710,38,0,0,42.652125,0.12592,0.22196,31,7,0,38,2.053266,0.62265,34.076608,0.05885,8.864542,2.08769,0.075016
262,779,whalemean,oberon,1797,1472,1,0,0,5.652125,0.12592,0.22196,0,1,0,1,2.964757,0.866557,4.281786,0.05885,1.659364,2.451883,0.200824
262,797,whalemean,WickedBot,1797,1707,34,0,4,38.652125,0.12592,4.22196,19,15,0,34,2.047219,0.626699,22.096614,0.05885,16.844536,2.085948,0.07877
262,809,whalemean,PrimordialOrigin,1797,1258,0,0,0,4.652125,0.12592,0.22196,0,0,0,0,,0.957005,4.728707,0.05885,0.212443,2.349308,0.219992
262,813,whalemean,MewCombatMicro,1797,1511,0,0,0,4.652125,0.12592,0.22196,0,0,0,0,,0.838397,4.142645,0.05885,0.798505,2.349308,0.219992
262,827,whalemean,smokinggunbot,1797,1579,2,0,0,6.652125,0.12592,0.22196,2,0,0,2,2.285356,0.778148,5.844948,0.05885,1.096202,2.331036,0.185927
262,832,whalemean,muravev,1797,1632,1,0,0,5.652125,0.12592,0.22196,1,0,0,1,1.217876,0.721078,4.562956,0.05885,1.378194,2.160736,0.200824
262,836,whalemean,muravevTerran,1797,1477,0,0,0,4.652125,0.12592,0.22196,0,0,0,0,,0.863193,4.265167,0.05885,0.675983,2.349308,0.219992
262,858,whalemean,Crawler,1797,1562,1,0,0,5.652125,0.12592,0.22196,0,1,0,1,2.430098,0.794582,3.926148,0.05885,2.015002,2.362773,0.200824
262,876,whalemean,GenesisLotus,1797,1411,1,0,0,5.652125,0.12592,0.22196,1,0,0,1,2.610805,0.902207,5.457942,0.05885,0.483208,2.392891,0.200824
262,901,whalemean,clone,1797,1667,21,0,0,25.652125,0.12592,0.22196,12,9,0,21,2.056209,0.678817,15.354136,0.05885,10.587014,2.112574,0.096473
262,930,whalemean,SiriusBot,1797,1519,1,0,0,5.652125,0.12592,0.22196,1,0,0,1,2.72589,0.83206,5.111332,0.05885,0.829818,2.412072,0.200824
262,939,whalemean,RustyNikolaj,1797,1539,0,0,0,4.652125,0.12592,0.22196,0,0,0,0,,0.815352,4.028776,0.05885,0.912374,2.349308,0.219992
262,940,whalemean,Princess-Mika-Test,1797,1524,1,0,0,5.652125,0.12592,0.22196,1,0,0,1,1.902108,0.827999,5.091269,0.05885,0.849881,2.274775,0.200824
262,943,whalemean,puck,1797,1529,1,0,0,5.652125,0.12592,0.22196,1,0,0,1,1.862529,0.823862,5.070823,0.05885,0.870327,2.268178,0.200824
262,948,whalemean,titania,1797,1185,0,0,0,4.652125,0.12592,0.22196,0,0,0,0,,0.971334,4.799507,0.05885,0.141643,2.349308,0.219992
262,953,whalemean,ZeratulsRevengeTest,1797,1702,20,0,0,24.652125,0.12592,0.22196,8,3,9,20,2.491949,0.633408,11.129762,9.05885,4.811388,2.463421,0.098383
262,959,whalemean,ur_moms_a_ho,1797,1600,0,0,0,4.652125,0.12592,0.22196,0,0,0,0,,0.756581,3.738378,0.05885,1.202772,2.349308,0.219992
262,960,whalemean,BigDaddy,1797,1637,5,0,0,9.652125,0.12592,0.22196,1,4,0,5,1.764744,0.715253,4.534171,0.05885,5.406979,2.057026,0.155557
262,961,whalemean,AvocaDOS,1797,1751,35,1,0,39.652125,1.12592,0.22196,27,8,0,35,2.232262,0.565815,29.795778,0.05885,10.145372,2.246892,0.077779
262,962,whalemean,AvocaDEV,1797,1700,2,0,0,6.652125,0.12592,0.22196,1,1,0,2,2.200002,0.636077,4.142951,0.05885,2.798199,2.306649,0.185927
262,966,whalemean,ArgoBot,1797,1909,58,0,0,62.652125,0.12592,0.22196,20,38,0,58,2.245034,0.344179,21.700643,0.05885,41.240507,2.25331,0.061976
262,970,whalemean,TheLAW,1797,1576,3,0,0,7.652125,0.12592,0.22196,2,1,0,3,2.304442,0.781115,5.859608,0.05885,2.081542,2.332483,0.173919
262,971,whalemean,Nothing,1797,1570,4,0,0,8.652125,0.12592,0.22196,4,0,0,4,2.019013,0.786963,7.888504,0.05885,1.052646,2.20251,0.163972
262,977,whalemean,Siriusly,1797,1392,1,0,0,5.652125,0.12592,0.22196,1,0,0,1,1.893112,0.911442,5.503571,0.05885,0.437579,2.273275,0.200824
262,981,whalemean,KoB,1797,1499,6,0,0,10.652125,0.12592,0.22196,5,1,0,6,1.85429,0.847539,9.187816,0.05885,1.753334,2.079298,0.148318
262,998,whalemean,LordSuperKing,1797,1656,9,0,0,13.652125,0.12592,0.22196,7,2,0,9,1.941687,0.692463,10.421565,0.05885,3.519585,2.087266,0.13147
262,1007,whalemean,SharkGull,1797,1605,0,0,0,4.652125,0.12592,0.22196,0,0,0,0,,0.751241,3.711993,0.05885,1.229157,2.349308,0.219992
262,1008,whalemean,Creepy_canon,1797,1587,0,0,0,4.652125,0.12592,0.22196,0,0,0,0,,0.770097,3.805163,0.05885,1.135987,2.349308,0.219992
262,1023,whalemean,MY_SCRIPTING_SON,1797,1275,1,0,0,5.652125,0.12592,0.22196,1,0,0,1,1.175573,0.952794,5.707897,0.05885,0.233253,2.153686,0.200824
262,1026,whalemean,WildLupo,1797,1199,0,0,0,4.652125,0.12592,0.22196,0,0,0,0,,0.969003,4.787987,0.05885,0.153163,2.349308,0.219992
262,1029,whalemean,Chomppet,1797,1600,0,0,0,4.652125,0.12592,0.22196,0,0,0,0,,0.756581,3.738378,0.05885,1.202772,2.349308,0.219992
262,1030,whalemean,who,1797,1924,60,0,0,64.652125,0.12592,0.22196,19,41,0,60,1.86808,0.32496,20.605675,0.05885,44.335475,1.905098,0.061015
262,1032,whalemean,WaterLeak,1797,1607,21,1,0,25.652125,1.12592,0.22196,15,6,0,21,1.969878,0.749083,18.701332,0.05885,7.239818,2.042845,0.096473
262,1038,whalemean,PolyMorph,1797,1463,1,0,0,5.652125,0.12592,0.22196,1,0,0,1,3.376221,0.872435,5.31083,0.05885,0.63032,2.52046,0.200824
262,1042,whalemean,Creepy_duo_canon,1797,1386,0,0,0,4.652125,0.12592,0.22196,0,0,0,0,,0.91419,4.517151,0.05885,0.423999,2.349308,0.219992
262,1044,whalemean,DoopyBot,1797,1418,1,0,0,5.652125,0.12592,0.22196,1,0,0,1,2.000128,0.898594,5.440088,0.05885,0.501062,2.291111,0.200824
262,1045,whalemean,tito,1797,1801,45,0,0,49.652125,0.12592,0.22196,31,12,2,45,2.006177,0.494244,33.442133,2.05885,14.499017,2.04049,0.069567
262,1049,whalemean,TheCatSC2Bot,1797,970,0,0,0,4.652125,0.12592,0.22196,0,0,0,0,,0.991512,4.89921,0.05885,0.04194,2.349308,0.219992
262,1050,whalemean,onlyfans,1797,1517,0,0,0,4.652125,0.12592,0.22196,0,0,0,0,,0.833662,4.119251,0.05885,0.821899,2.349308,0.219992
262,1052,whalemean,Starlight,1797,1204,0,0,0,4.652125,0.12592,0.22196,0,0,0,0,,0.968126,4.783657,0.05885,0.157493,2.349308,0.219992
262,1054,whalemean,JimmyBotZ,1797,1724,1,0,0,5.652125,0.12592,0.22196,1,0,0,1,1.141033,0.603536,3.982163,0.05885,1.958987,2.147929,0.200824
262,1056,whalemean,bilisaur,1797,1600,0,0,0,4.652125,0.12592,0.22196,0,0,0,0,,0.756581,3.738378,0.05885,1.202772,2.349308,0.219992
262,1057,whalemean,DoopyBot-Test,1797,1238,0,0,0,4.652125,0.12592,0.22196,0,0,0,0,,0.961501,4.750921,0.05885,0.190229,2.349308,0.219992
262,1058,whalemean,JimmyBotP,1797,1711,1,0,0,5.652125,0.12592,0.22196,0,1,0,1,2.334084,0.621297,3.06992,0.05885,2.87123,2.346771,0.200824
262,1059,whalemean,NextProBot,1797,1600,0,0,0,4.652125,0.12592,0.22196,0,0,0,0,,0.756581,3.738378,0.05885,1.202772,2.349308,0.219992
262,1060,whalemean,WildFire,1797,1709,18,0,0,22.652125,0.12592,0.22196,13,4,1,18,2.319804,0.624002,16.083286,1.05885,5.857864,2.326218,0.102572
262,1065,whalemean,MindMatrix,1797,1514,0,0,0,4.652125,0.12592,0.22196,0,0,0,0,,0.836043,4.131016,0.05885,0.810134,2.349308,0.219992
262,1066,whalemean,CompetitiveBotTest,1797,1482,0,0,0,4.652125,0.12592,0.22196,0,0,0,0,,0.859759,4.248196,0.05885,0.692954,2.349308,0.219992
262,1067,whalemean,Hello_world,1797,1600,0,0,0,4.652125,0.12592,0.22196,0,0,0,0,,0.756581,3.738378,0.05885,1.202772,2.349308,0.219992
262,1078,whalemean,LoremIpsum,1797,1242,0,0,0,4.652125,0.12592,0.22196,0,0,0,0,,0.96064,4.746664,0.05885,0.194486,2.349308,0.219992
262,1079,whalemean,JimmyBotT,1797,1675,0,0,0,4.652125,0.12592,0.22196,0,0,0,0,,0.668695,3.304122,0.05885,1.637028,2.349308,0.219992
262,1080,whalemean,JimmyBot,1797,1675,0,0,0,4.652125,0.12592,0.22196,0,0,0,0,,0.668695,3.304122,0.05885,1.637028,2.349308,0.219992
262,1081,whalemean,ArtZerg,1797,1537,0,0,0,4.652125,0.12592,0.22196,0,0,0,0,,0.817079,4.037309,0.05885,0.903841,2.349308,0.219992
262,1082,whalemean,Dasyatis,1797,1573,0,0,0,4.652125,0.12592,0.22196,0,0,0,0,,0.784054,3.874127,0.05885,1.067023,2.349308,0.219992
262,1084,whalemean,ZippyZap,1797,1457,0,0,0,4.652125,0.12592,0.22196,0,0,0,0,,0.876229,4.32958,0.05885,0.61157,2.349308,0.219992
262,1085,whalemean,AgoraLord,1797,1430,0,0,0,4.652125,0.12592,0.22196,0,0,0,0,,0.892124,4.408118,0.05885,0.533032,2.349308,0.219992
262,1086,whalemean,CherBoiBlue,1797,1500,0,0,0,4.652125,0.12592,0.22196,0,0,0,0,,0.846793,4.184133,0.05885,0.757017,2.349308,0.219992
262,1087,whalemean,SwarmLord2,1797,1533,0,0,0,4.652125,0.12592,0.22196,0,0,0,0,,0.820495,4.05419,0.05885,0.88696,2.349308,0.219992
262,1088,whalemean,SwarmLord3,1797,1562,0,0,0,4.652125,0.12592,0.22196,0,0,0,0,,0.794582,3.926148,0.05885,1.015002,2.349308,0.219992
262,1089,whalemean,WorkingAsIntended,1797,1596,0,0,0,4.652125,0.12592,0.22196,0,0,0,0,,0.760796,3.759208,0.05885,1.181942,2.349308,0.219992
275,338,Lissy,smallBly,1569,1834,0,0,0,4.652125,0.12592,0.22196,0,0,0,0,,0.178659,0.882779,0.05885,4.058371,2.349308,0.219992
275,340,Lissy,MechaShark,1569,1695,2,0,0,6.652125,0.12592,0.22196,0,2,0,2,1.942495,0.326224,1.611921,0.05885,5.329229,2.233076,0.185927
275,341,Lissy,gotest,1569,1328,3,0,0,7.652125,0.12592,0.22196,3,0,0,3,2.4057,0.800162,6.953721,0.05885,0.987429,2.370455,0.173919
275,346,Lissy,Sharkling,1569,1761,0,0,0,4.652125,0.12592,0.22196,0,0,0,0,,0.248759,1.229157,0.05885,3.711993,2.349308,0.219992
275,347,Lissy,PhantomTest,1569,1600,0,0,0,4.652125,0.12592,0.22196,0,0,0,0,,0.455505,2.250721,0.05885,2.690429,2.349308,0.219992
275,352,Lissy,Belzebuth,1569,1134,2,0,1,6.652125,0.12592,1.22196,2,0,0,2,2.5351,0.924426,6.567728,0.05885,0.373422,2.402391,0.185927
275,357,Lissy,12PoolBot,1569,1765,4,0,0,8.652125,0.12592,0.22196,0,4,0,4,1.772212,0.244481,1.208018,0.05885,7.733132,2.092821,0.163972
275,374,Lissy,SwarmLord,1569,1600,0,0,0,4.652125,0.12592,0.22196,0,0,0,0,,0.455505,2.250721,0.05885,2.690429,2.349308,0.219992
275,446,Lissy,Xena,1569,1937,0,0,0,4.652125,0.12592,0.22196,0,0,0,0,,0.107323,0.530301,0.05885,4.410849,2.349308,0.219992
275,496,Lissy,Zozo,1569,2089,0,0,0,4.652125,0.12592,0.22196,0,0,0,0,,0.047727,0.235825,0.05885,4.705325,2.349308,0.219992
275,510,Lissy,PhantomBot,1569,1817,0,0,0,4.652125,0.12592,0.22196,0,0,0,0,,0.193472,0.955977,0.05885,3.985173,2.349308,0.219992
275,516,Lissy,27turtles,1569,1526,24,0,0,28.652125,0.12592,0.22196,5,19,0,24,2.739021,0.561568,7.774791,0.05885,21.166359,2.671829,0.091347
275,517,Lissy,VeTerran-revived,1569,1869,0,0,0,4.652125,0.12592,0.22196,0,0,0,0,,0.15098,0.746013,0.05885,4.195137,2.349308,0.219992
275,518,Lissy,norman,1569,1674,19,0,1,23.652125,0.12592,1.22196,19,0,0,19,2.765529,0.353331,20.745862,0.05885,3.195288,2.678817,0.100412
275,526,Lissy,Apidae,1569,1635,21,0,1,25.652125,0.12592,1.22196,16,5,0,21,2.548392,0.406145,18.006821,0.05885,7.934329,2.510107,0.096473
275,605,Lissy,nida,1569,1693,19,0,3,23.652125,0.12592,3.22196,17,2,0,19,2.735505,0.328759,18.62445,0.05885,5.3167,2.655047,0.100412
275,637,Lissy,72Tortoises,1569,1697,22,0,0,26.652125,0.12592,0.22196,0,21,1,22,2.750824,0.323698,1.599442,1.05885,24.341708,2.676469,0.094669
275,699,Lissy,Clicadinha,1569,1635,24,0,0,28.652125,0.12592,0.22196,1,23,0,24,2.25037,0.406145,3.006821,0.05885,25.934329,2.267428,0.091347
275,708,Lissy,Princess-Mika,1569,1521,8,0,1,12.652125,0.12592,1.22196,7,1,0,8,2.639318,0.568641,9.809742,0.05885,3.131408,2.527776,0.136433
275,709,Lissy,Laser-Circus,1569,1211,1,0,0,5.652125,0.12592,0.22196,1,0,0,1,2.516082,0.887036,5.382977,0.05885,0.558173,2.377104,0.200824
275,718,Lissy,Mulebot,1569,1689,20,0,0,24.652125,0.12592,0.22196,6,14,0,20,2.65831,0.333861,7.649655,0.05885,17.291495,2.59651,0.098383
275,720,Lissy,PiG_Bot,1569,1627,23,0,1,27.652125,0.12592,1.22196,10,13,0,23,2.476744,0.417298,12.061933,0.05885,15.879217,2.453988,0.092963
275,721,Lissy,49Terrapins,1569,1430,4,0,0,8.652125,0.12592,0.22196,3,1,0,4,2.666193,0.690006,6.409424,0.05885,2.531726,2.490146,0.163972
275,729,Lissy,Alexa,1569,1367,2,0,0,6.652125,0.12592,0.22196,2,0,0,2,2.56604,0.761842,5.764376,0.05885,1.176774,2.411232,0.185927
275,730,Lissy,Deimos,1569,2155,0,0,0,4.652125,0.12592,0.22196,0,0,0,0,,0.033141,0.163754,0.05885,4.777396,2.349308,0.219992
275,732,Lissy,GPT,1569,1830,0,0,0,4.652125,0.12592,0.22196,0,0,0,0,,0.182062,0.899597,0.05885,4.041553,2.349308,0.219992
275,759,Lissy,BotTato,1569,1710,7,0,0,11.652125,0.12592,0.22196,0,7,0,7,2.748207,0.307537,1.519585,0.05885,10.421565,2.581999,0.142004
275,779,Lissy,oberon,1569,1472,3,0,0,7.652125,0.12592,0.22196,3,0,0,3,2.656898,0.636077,6.142951,0.05885,1.798199,2.464654,0.173919
275,797,Lissy,WickedBot,1569,1707,6,0,1,10.652125,0.12592,1.22196,0,6,0,6,3.136903,0.311226,1.537816,0.05885,9.403334,2.778905,0.148318
275,809,Lissy,PrimordialOrigin,1569,1258,3,0,0,7.652125,0.12592,0.22196,3,0,0,3,2.542001,0.856959,7.234364,0.05885,0.706786,2.421568,0.173919
275,813,Lissy,MewCombatMicro,1569,1511,0,0,0,4.652125,0.12592,0.22196,0,0,0,0,,0.582702,2.879217,0.05885,2.061933,2.349308,0.219992
275,827,Lissy,smokinggunbot,1569,1579,22,0,0,26.652125,0.12592,0.22196,21,1,0,22,2.817482,0.485613,23.399486,0.05885,3.541664,2.730783,0.094669
275,832,Lissy,muravev,1569,1632,21,1,2,25.652125,1.12592,2.22196,3,18,0,21,2.469384,0.410316,5.027435,0.05885,20.913715,2.446292,0.096473
275,836,Lissy,muravevTerran,1569,1477,1,0,0,5.652125,0.12592,0.22196,1,0,0,1,2.986187,0.629389,4.109903,0.05885,1.831247,2.455454,0.200824
275,858,Lissy,Crawler,1569,1562,19,0,1,23.652125,0.12592,1.22196,15,4,0,19,2.533051,0.510072,17.520344,0.05885,6.420806,2.494771,0.100412
275,876,Lissy,GenesisLotus,1569,1411,3,0,1,7.652125,0.12592,1.22196,3,0,0,3,2.662235,0.712902,6.522556,0.05885,1.418594,2.466656,0.173919
275,901,Lissy,clone,1569,1667,21,1,1,25.652125,1.12592,1.22196,8,13,0,21,2.873682,0.362592,9.79162,0.05885,16.14953,2.772841,0.096473
275,930,Lissy,SiriusBot,1569,1519,13,0,0,17.652125,0.12592,0.22196,6,7,0,13,2.721116,0.571463,8.823685,0.05885,9.117465,2.617836,0.115946
275,939,Lissy,RustyNikolaj,1569,1539,7,0,1,11.652125,0.12592,1.22196,7,0,0,7,2.762263,0.543066,9.683373,0.05885,2.257777,2.590199,0.142004
275,940,Lissy,Princess-Mika-Test,1569,1524,7,0,0,11.652125,0.12592,0.22196,3,4,0,7,2.59355,0.5644,5.788787,0.05885,6.152363,2.491783,0.142004
275,943,Lissy,puck,1569,1529,8,0,1,12.652125,0.12592,1.22196,2,6,0,8,2.022683,0.557312,4.75376,0.05885,8.18739,2.148308,0.136433
275,948,Lissy,titania,1569,1185,1,0,0,5.652125,0.12592,0.22196,1,0,0,1,2.523326,0.901187,5.452899,0.05885,0.488251,2.378311,0.200824
275,953,Lissy,ZeratulsRevengeTest,1569,1702,7,0,0,11.652125,0.12592,0.22196,0,7,0,7,1.590432,0.31743,1.568467,0.05885,10.372683,1.90663,0.142004
275,959,Lissy,ur_moms_a_ho,1569,1600,0,0,0,4.652125,0.12592,0.22196,0,0,0,0,,0.455505,2.250721,0.05885,2.690429,2.349308,0.219992
275,960,Lissy,BigDaddy,1569,1637,22,0,2,26.652125,0.12592,2.22196,3,19,0,22,2.149966,0.403371,4.993116,0.05885,21.948034,2.186881,0.094669
275,961,Lissy,AvocaDOS,1569,1751,3,0,0,7.652125,0.12592,0.22196,0,3,0,3,2.303825,0.259672,1.283076,0.05885,6.658074,2.332252,0.173919
275,962,Lissy,AvocaDEV,1569,1700,4,0,0,8.652125,0.12592,0.22196,0,4,0,4,2.182489,0.319929,1.580819,0.05885,7.360331,2.275166,0.163972
275,966,Lissy,ArgoBot,1569,1909,0,0,0,4.652125,0.12592,0.22196,0,0,0,0,,0.123771,0.61157,0.05885,4.32958,2.349308,0.219992
275,970,Lissy,TheLAW,1569,1576,25,0,0,29.652125,0.12592,0.22196,6,19,0,25,2.425524,0.489928,8.420806,0.05885,21.520344,2.412821,0.089811
275,971,Lissy,Nothing,1569,1570,21,0,3,25.652125,0.12592,3.22196,12,9,0,21,2.776602,0.498561,14.463464,0.05885,11.477686,2.69443,0.096473
275,977,Lissy,Siriusly,1569,1392,3,0,0,7.652125,0.12592,0.22196,2,1,0,3,2.453451,0.734757,5.630545,0.05885,2.310605,2.388362,0.173919
275,981,Lissy,KoB,1569,1499,4,0,0,8.652125,0.12592,0.22196,4,0,0,4,2.671026,0.599397,6.961709,0.05885,1.979441,2.492294,0.163972
275,998,Lissy,LordSuperKing,1569,1656,14,0,1,18.652125,0.12592,1.22196,12,2,0,14,2.685778,0.37735,13.864542,0.05885,5.076608,2.597233,0.112853
275,1007,Lissy,SharkGull,1569,1605,16,0,0,20.652125,0.12592,0.22196,4,12,0,16,2.304586,0.448376,6.215495,0.05885,14.725655,2.315234,0.107345
275,1008,Lissy,Creepy_canon,1569,1587,0,0,0,4.652125,0.12592,0.22196,0,0,0,0,,0.474119,2.342693,0.05885,2.598457,2.349308,0.219992
275,1023,Lissy,MY_SCRIPTING_SON,1569,1275,3,0,0,7.652125,0.12592,0.22196,3,0,0,3,2.482444,0.84454,7.172996,0.05885,0.768154,2.399234,0.173919
275,1026,Lissy,WildLupo,1569,1199,2,0,1,6.652125,0.12592,1.22196,2,0,0,2,2.531766,0.893775,6.416275,0.05885,0.524875,2.401439,0.185927
275,1029,Lissy,Chomppet,1569,1600,0,0,0,4.652125,0.12592,0.22196,0,0,0,0,,0.455505,2.250721,0.05885,2.690429,2.349308,0.219992
275,1030,Lissy,who,1569,1924,0,0,0,4.652125,0.12592,0.22196,0,0,0,0,,0.114706,0.566781,0.05885,4.374369,2.349308,0.219992
275,1032,Lissy,WaterLeak,1569,1607,16,0,0,20.652125,0.12592,0.22196,3,13,0,16,1.875065,0.445531,5.201434,0.05885,15.739716,1.98798,0.107345
275,1038,Lissy,PolyMorph,1569,1463,4,0,0,8.652125,0.12592,0.22196,4,0,0,4,2.830421,0.647983,7.201781,0.05885,1.739369,2.563136,0.163972
275,1042,Lissy,Creepy_duo_canon,1569,1386,2,0,1,6.652125,0.12592,1.22196,2,0,0,2,2.540588,0.741434,5.663534,0.05885,1.277616,2.403959,0.185927
275,1044,Lissy,DoopyBot,1569,1418,6,0,0,10.652125,0.12592,0.22196,4,2,0,6,2.695469,0.704585,7.481458,0.05885,3.459692,2.538123,0.148318
275,1045,Lissy,tito,1569,1801,2,0,0,6.652125,0.12592,0.22196,0,2,0,2,2.129183,0.208251,1.029,0.05885,5.91215,2.286415,0.185927
275,1049,Lissy,TheCatSC2Bot,1569,970,3,0,0,7.652125,0.12592,0.22196,3,0,0,3,2.501361,0.969175,7.788839,0.05885,0.152311,2.406328,0.173919
275,1050,Lissy,onlyfans,1569,1517,11,0,1,15.652125,0.12592,1.22196,7,4,0,11,2.730587,0.57428,9.837605,0.05885,6.103545,2.611437,0.122979
275,1052,Lissy,Starlight,1569,1204,2,0,1,6.652125,0.12592,1.22196,2,0,0,2,2.408307,0.891011,6.402619,0.05885,0.538531,2.366165,0.185927
275,1054,Lissy,JimmyBotZ,1569,1724,21,0,0,25.652125,0.12592,0.22196,7,14,0,21,2.334917,0.290645,8.436122,0.05885,17.505028,2.337684,0.096473
275,1056,Lissy,bilisaur,1569,1600,0,0,0,4.652125,0.12592,0.22196,0,0,0,0,,0.455505,2.250721,0.05885,2.690429,2.349308,0.219992
275,1057,Lissy,DoopyBot-Test,1569,1238,6,0,0,10.652125,0.12592,0.22196,4,2,0,6,2.580771,0.8705,8.301272,0.05885,2.639878,2.47556,0.148318
275,1058,Lissy,JimmyBotP,1569,1711,14,0,0,18.652125,0.12592,0.22196,1,13,0,14,1.941482,0.306312,2.513534,0.05885,16.427616,2.048804,0.112853
275,1059,Lissy,NextProBot,1569,1600,0,0,0,4.652125,0.12592,0.22196,0,0,0,0,,0.455505,2.250721,0.05885,2.690429,2.349308,0.219992
275,1060,Lissy,WildFire,1569,1709,7,0,0,11.652125,0.12592,0.22196,0,7,0,7,1.814102,0.308764,1.525648,0.05885,10.415502,2.037105,0.142004
275,1065,Lissy,MindMatrix,1569,1514,8,0,0,12.652125,0.12592,0.22196,3,5,0,8,2.629418,0.578497,5.858439,0.05885,7.082711,2.521683,0.136433
275,1066,Lissy,CompetitiveBotTest,1569,1482,0,0,0,4.652125,0.12592,0.22196,0,0,0,0,,0.62265,3.076608,0.05885,1.864542,2.349308,0.219992
275,1067,Lissy,Hello_world,1569,1600,0,0,0,4.652125,0.12592,0.22196,0,0,0,0,,0.455505,2.250721,0.05885,2.690429,2.349308,0.219992
275,1078,Lissy,LoremIpsum,1569,1242,2,0,0,6.652125,0.12592,0.22196,2,0,0,2,2.655393,0.867882,6.288337,0.05885,0.652813,2.436761,0.185927
275,1079,Lissy,JimmyBotT,1569,1675,15,0,1,19.652125,0.12592,1.22196,3,12,0,15,2.603863,0.352017,4.739369,0.05885,15.201781,2.540224,0.109996
275,1080,Lissy,JimmyBot,1569,1675,19,0,0,23.652125,0.12592,0.22196,7,12,0,19,2.416141,0.352017,8.739369,0.05885,15.201781,2.402217,0.100412
275,1081,Lissy,ArtZerg,1569,1537,15,3,0,19.652125,3.12592,0.22196,0,15,0,15,1.610277,0.545922,2.697482,0.05885,17.243668,1.795035,0.109996
275,1082,Lissy,Dasyatis,1569,1573,4,0,1,8.652125,0.12592,1.22196,4,0,0,4,2.422334,0.494244,6.442133,0.05885,2.499017,2.381764,0.163972
275,1084,Lissy,ZippyZap,1569,1457,0,0,0,4.652125,0.12592,0.22196,0,0,0,0,,0.655821,3.240507,0.05885,1.700643,2.349308,0.219992
275,1085,Lissy,AgoraLord,1569,1430,1,0,0,5.652125,0.12592,0.22196,1,0,0,1,2.548664,0.690006,4.409424,0.05885,1.531726,2.382534,0.200824
275,1086,Lissy,CherBoiBlue,1569,1500,0,0,0,4.652125,0.12592,0.22196,0,0,0,0,,0.598014,2.954876,0.05885,1.986274,2.349308,0.219992
275,1087,Lissy,SwarmLord2,1569,1533,0,0,0,4.652125,0.12592,0.22196,0,0,0,0,,0.551624,2.725655,0.05885,2.215495,2.349308,0.219992
275,1088,Lissy,SwarmLord3,1569,1562,0,0,0,4.652125,0.12592,0.22196,0,0,0,0,,0.510072,2.520344,0.05885,2.420806,2.349308,0.219992
275,1089,Lissy,WorkingAsIntended,1569,1596,1,0,0,5.652125,0.12592,0.22196,0,1,0,1,2.472328,0.461222,2.278967,0.05885,3.662183,2.369811,0.200824
338,340,smallBly,MechaShark,1834,1695,43,0,0,47.652125,0.12592,0.22196,24,18,1,43,2.129021,0.690006,27.409424,1.05885,19.531726,2.151967,0.071002
338,341,smallBly,gotest,1834,1328,0,0,0,4.652125,0.12592,0.22196,0,0,0,0,,0.948474,4.686553,0.05885,0.254597,2.349308,0.219992
338,346,smallBly,Sharkling,1834,1761,46,1,0,50.652125,1.12592,0.22196,6,40,0,46,1.691621,0.603536,8.982163,0.05885,41.958987,1.7561,0.068882
338,347,smallBly,PhantomTest,1834,1600,0,0,0,4.652125,0.12592,0.22196,0,0,0,0,,0.793641,3.921498,0.05885,1.019652,2.349308,0.219992
338,352,smallBly,Belzebuth,1834,1134,0,0,0,4.652125,0.12592,0.22196,0,0,0,0,,0.982528,4.854818,0.05885,0.086332,2.349308,0.219992
338,357,smallBly,12PoolBot,1834,1765,25,0,0,29.652125,0.12592,0.22196,16,9,0,25,1.653684,0.598014,18.954876,0.05885,10.986274,1.769622,0.089811
338,374,smallBly,SwarmLord,1834,1600,0,0,0,4.652125,0.12592,0.22196,0,0,0,0,,0.793641,3.921498,0.05885,1.019652,2.349308,0.219992
338,446,smallBly,Xena,1834,1937,42,0,0,46.652125,0.12592,0.22196,23,19,0,42,1.893174,0.355966,24.758882,0.05885,22.182268,1.941699,0.071753
338,496,smallBly,Zozo,1834,2089,40,0,0,44.652125,0.12592,0.22196,0,40,0,40,2.275093,0.187262,0.925291,0.05885,44.015859,2.283339,0.073331
338,510,smallBly,PhantomBot,1834,1817,46,0,0,50.652125,0.12592,0.22196,37,9,0,46,1.892951,0.524445,39.591364,0.05885,11.349786,1.937692,0.068882
338,516,smallBly,27turtles,1834,1526,5,0,0,9.652125,0.12592,0.22196,2,3,0,5,2.666013,0.854829,6.223839,0.05885,3.717311,2.507661,0.155557
338,517,smallBly,VeTerran-revived,1834,1869,41,0,0,45.652125,0.12592,0.22196,12,29,0,41,1.975784,0.449801,14.222532,0.05885,31.718618,2.016385,0.072529
338,518,smallBly,norman,1834,1674,15,0,0,19.652125,0.12592,0.22196,10,5,0,15,1.783797,0.715253,13.534171,0.05885,6.406979,1.925175,0.109996
338,526,smallBly,Apidae,1834,1635,13,0,0,17.652125,0.12592,0.22196,10,3,0,13,1.829261,0.758695,13.748824,0.05885,4.192326,1.973719,0.115946
338,605,smallBly,nida,1834,1693,18,0,0,22.652125,0.12592,0.22196,10,7,1,18,2.174972,0.692463,13.421565,1.05885,8.519585,2.212872,0.102572
338,637,smallBly,72Tortoises,1834,1697,10,0,0,14.652125,0.12592,0.22196,9,1,0,10,1.836011,0.687538,12.39723,0.05885,2.54392,2.00711,0.127012
338,699,smallBly,Clicadinha,1834,1635,14,0,0,18.652125,0.12592,0.22196,14,0,0,14,1.649592,0.758695,17.748824,0.05885,1.192326,1.833728,0.112853
338,708,smallBly,Princess-Mika,1834,1521,5,0,0,9.652125,0.12592,0.22196,5,0,0,5,1.775508,0.858365,9.241308,0.05885,0.699842,2.062408,0.155557
338,709,smallBly,Laser-Circus,1834,1211,0,0,0,4.652125,0.12592,0.22196,0,0,0,0,,0.973045,4.807963,0.05885,0.133187,2.349308,0.219992
338,718,smallBly,Mulebot,1834,1689,20,0,0,24.652125,0.12592,0.22196,17,3,0,20,2.0651,0.697345,20.445687,0.05885,4.495463,2.121942,0.098383
338,720,smallBly,PiG_Bot,1834,1627,0,0,0,4.652125,0.12592,0.22196,0,0,0,0,,0.767025,3.789985,0.05885,1.151165,2.349308,0.219992
338,721,smallBly,49Terrapins,1834,1430,4,0,0,8.652125,0.12592,0.22196,3,1,0,4,2.393292,0.910976,7.501269,0.05885,1.439881,2.368856,0.163972
338,729,smallBly,Alexa,1834,1367,0,0,0,4.652125,0.12592,0.22196,0,0,0,0,,0.936331,4.626551,0.05885,0.314599,2.349308,0.219992
338,730,smallBly,Deimos,1834,2155,46,0,1,50.652125,0.12592,1.22196,0,46,0,46,2.15855,0.136129,0.672631,0.05885,50.268519,2.177252,0.068882
338,732,smallBly,GPT,1834,1830,51,0,0,55.652125,0.12592,0.22196,33,18,0,51,1.961723,0.505756,35.499017,0.05885,20.442133,1.996328,0.065735
338,759,smallBly,BotTato,1834,1710,32,0,2,36.652125,0.12592,2.22196,7,25,0,32,2.155238,0.671241,10.3167,0.05885,26.62445,2.181464,0.08087
338,779,smallBly,oberon,1834,1472,0,0,0,4.652125,0.12592,0.22196,0,0,0,0,,0.889323,4.394276,0.05885,0.546874,2.349308,0.219992
338,797,smallBly,WickedBot,1834,1707,37,0,2,41.652125,0.12592,2.22196,28,7,2,37,2.195415,0.67504,31.335475,2.05885,8.605675,2.213736,0.075904
338,809,smallBly,PrimordialOrigin,1834,1258,0,0,0,4.652125,0.12592,0.22196,0,0,0,0,,0.964964,4.768033,0.05885,0.173117,2.349308,0.219992
338,813,smallBly,MewCombatMicro,1834,1511,0,0,0,4.652125,0.12592,0.22196,0,0,0,0,,0.86522,4.27518,0.05885,0.66597,2.349308,0.219992
338,827,smallBly,smokinggunbot,1834,1579,12,0,0,16.652125,0.12592,0.22196,8,4,0,12,2.093417,0.812738,12.015859,0.05885,4.925291,2.168679,0.119307
338,832,smallBly,muravev,1834,1632,6,0,0,10.652125,0.12592,0.22196,5,1,0,6,1.962474,0.761842,8.764376,0.05885,2.176774,2.138308,0.148318
338,836,smallBly,muravevTerran,1834,1477,0,0,0,4.652125,0.12592,0.22196,0,0,0,0,,0.886458,4.38012,0.05885,0.56103,2.349308,0.219992
338,858,smallBly,Crawler,1834,1562,8,0,0,12.652125,0.12592,0.22196,7,1,0,8,1.794289,0.827178,11.087211,0.05885,1.853939,2.007758,0.136433
338,876,smallBly,GenesisLotus,1834,1411,4,0,0,8.652125,0.12592,0.22196,4,0,0,4,1.562399,0.919456,8.543172,0.05885,0.397978,1.999571,0.163972
338,901,smallBly,clone,1834,1667,15,0,1,19.652125,0.12592,1.22196,12,3,0,15,2.12303,0.723388,15.574368,0.05885,4.366782,2.179599,0.109996
338,930,smallBly,SiriusBot,1834,1519,5,0,0,9.652125,0.12592,0.22196,3,2,0,5,1.883378,0.859759,7.248196,0.05885,2.692954,2.116343,0.155557
338,939,smallBly,RustyNikolaj,1834,1539,3,0,0,7.652125,0.12592,0.22196,3,0,0,3,1.867812,0.845294,7.176724,0.05885,0.764426,2.168747,0.173919
338,940,smallBly,Princess-Mika-Test,1834,1524,4,0,0,8.652125,0.12592,0.22196,4,0,0,4,1.879729,0.856252,8.23087,0.05885,0.71028,2.140606,0.163972
338,943,smallBly,puck,1834,1529,2,0,0,6.652125,0.12592,0.22196,2,0,0,2,1.863196,0.852673,6.213185,0.05885,0.727965,2.210419,0.185927
338,948,smallBly,titania,1834,1185,1,0,0,5.652125,0.12592,0.22196,1,0,0,1,1.756132,0.976705,5.826046,0.05885,0.115104,2.250445,0.200824
338,953,smallBly,ZeratulsRevengeTest,1834,1702,19,0,1,23.652125,0.12592,1.22196,4,15,0,19,1.559338,0.681322,7.366513,0.05885,16.574637,1.723915,0.100412
338,959,smallBly,ur_moms_a_ho,1834,1600,0,0,0,4.652125,0.12592,0.22196,0,0,0,0,,0.793641,3.921498,0.05885,1.019652,2.349308,0.219992
338,960,smallBly,BigDaddy,1834,1637,17,0,0,21.652125,0.12592,0.22196,16,1,0,17,1.914965,0.756581,19.738378,0.05885,2.202772,2.013679,0.104877
338,961,smallBly,AvocaDOS,1834,1751,39,0,0,43.652125,0.12592,0.22196,22,16,1,39,2.029412,0.617225,25.049801,1.05885,17.891349,2.065764,0.074159
338,962,smallBly,AvocaDEV,1834,1700,3,0,0,7.652125,0.12592,0.22196,2,1,0,3,2.144858,0.683816,5.378839,0.05885,2.562311,2.272639,0.173919
338,966,smallBly,ArgoBot,1834,1909,48,0,0,52.652125,0.12592,0.22196,14,34,0,48,2.196278,0.393712,15.945391,0.05885,36.995759,2.210714,0.06757
338,970,smallBly,TheLAW,1834,1576,9,0,1,13.652125,0.12592,1.22196,9,0,0,9,1.830725,0.815352,13.028776,0.05885,0.912374,2.015933,0.13147
338,971,smallBly,Nothing,1834,1570,11,0,0,15.652125,0.12592,0.22196,6,5,0,11,1.580311,0.820495,10.05419,0.05885,5.88696,1.820623,0.122979
338,977,smallBly,Siriusly,1834,1392,2,0,0,6.652125,0.12592,0.22196,2,0,0,2,1.797106,0.927193,6.581402,0.05885,0.359748,2.191536,0.185927
338,981,smallBly,KoB,1834,1499,7,0,0,11.652125,0.12592,0.22196,6,1,0,7,1.528572,0.873074,10.313989,0.05885,1.627161,1.870545,0.142004
338,998,smallBly,LordSuperKing,1834,1656,11,0,0,15.652125,0.12592,0.22196,8,3,0,11,1.658743,0.735877,11.636081,0.05885,4.305069,1.874544,0.122979
338,1007,smallBly,SharkGull,1834,1605,0,0,0,4.652125,0.12592,0.22196,0,0,0,0,,0.788887,3.898009,0.05885,1.043141,2.349308,0.219992
338,1008,smallBly,Creepy_canon,1834,1587,0,0,0,4.652125,0.12592,0.22196,0,0,0,0,,0.805628,3.980727,0.05885,0.960423,2.349308,0.219992
338,1023,smallBly,MY_SCRIPTING_SON,1834,1275,2,0,0,6.652125,0.12592,0.22196,2,0,0,2,1.525072,0.961501,6.750921,0.05885,0.190229,2.113812,0.185927
338,1026,smallBly,WildLupo,1834,1199,0,0,0,4.652125,0.12592,0.22196,0,0,0,0,,0.974799,4.816629,0.05885,0.124521,2.349308,0.219992
338,1029,smallBly,Chomppet,1834,1600,0,0,0,4.652125,0.12592,0.22196,0,0,0,0,,0.793641,3.921498,0.05885,1.019652,2.349308,0.219992
338,1030,smallBly,who,1834,1924,49,0,0,53.652125,0.12592,0.22196,10,38,1,49,1.629917,0.373301,11.844536,1.05885,41.096614,1.696527,0.066941
338,1032,smallBly,WaterLeak,1834,1607,28,0,0,32.652125,0.12592,0.22196,9,19,0,28,1.65551,0.786963,12.888504,0.05885,20.052646,1.760631,0.085632
338,1038,smallBly,PolyMorph,1834,1463,2,0,0,6.652125,0.12592,0.22196,2,0,0,2,1.656707,0.89432,6.418969,0.05885,0.522181,2.151422,0.185927
338,1042,smallBly,Creepy_duo_canon,1834,1386,1,0,0,5.652125,0.12592,0.22196,1,0,0,1,1.108563,0.929491,5.592754,0.05885,0.348396,2.142517,0.200824
338,1044,smallBly,DoopyBot,1834,1418,5,0,0,9.652125,0.12592,0.22196,5,0,0,5,1.602408,0.916421,9.528175,0.05885,0.412975,1.975858,0.155557
338,1045,smallBly,tito,1834,1801,40,0,0,44.652125,0.12592,0.22196,32,8,0,40,1.813252,0.547349,34.704531,0.05885,10.236619,1.872814,0.073331
338,1049,smallBly,TheCatSC2Bot,1834,970,0,0,0,4.652125,0.12592,0.22196,0,0,0,0,,0.993129,4.9072,0.05885,0.03395,2.349308,0.219992
338,1050,smallBly,onlyfans,1834,1517,5,0,0,9.652125,0.12592,0.22196,5,0,0,5,1.607386,0.861141,9.255027,0.05885,0.686123,1.978347,0.155557
338,1052,smallBly,Starlight,1834,1204,0,0,0,4.652125,0.12592,0.22196,0,0,0,0,,0.974082,4.813087,0.05885,0.128063,2.349308,0.219992
338,1054,smallBly,JimmyBotZ,1834,1724,7,0,0,11.652125,0.12592,0.22196,6,1,0,7,1.805943,0.653217,9.227644,0.05885,2.713506,2.032345,0.142004
338,1056,smallBly,bilisaur,1834,1600,0,0,0,4.652125,0.12592,0.22196,0,0,0,0,,0.793641,3.921498,0.05885,1.019652,2.349308,0.219992
338,1057,smallBly,DoopyBot-Test,1834,1238,1,0,0,5.652125,0.12592,0.22196,1,0,0,1,1.885553,0.968655,5.786269,0.05885,0.154881,2.272016,0.200824
338,1058,smallBly,JimmyBotP,1834,1711,3,0,0,7.652125,0.12592,0.22196,3,0,0,3,1.600094,0.669969,6.310417,0.05885,1.630733,2.068353,0.173919
338,1059,smallBly,NextProBot,1834,1600,0,0,0,4.652125,0.12592,0.22196,0,0,0,0,,0.793641,3.921498,0.05885,1.019652,2.349308,0.219992
338,1060,smallBly,WildFire,1834,1709,21,0,0,25.652125,0.12592,0.22196,12,9,0,21,1.62062,0.67251,15.322971,0.05885,10.618179,1.760752,0.096473
338,1065,smallBly,MindMatrix,1834,1514,0,0,0,4.652125,0.12592,0.22196,0,0,0,0,,0.863193,4.265167,0.05885,0.675983,2.349308,0.219992
338,1066,smallBly,CompetitiveBotTest,1834,1482,0,0,0,4.652125,0.12592,0.22196,0,0,0,0,,0.883528,4.365646,0.05885,0.575504,2.349308,0.219992
338,1067,smallBly,Hello_world,1834,1600,0,0,0,4.652125,0.12592,0.22196,0,0,0,0,,0.793641,3.921498,0.05885,1.019652,2.349308,0.219992
338,1078,smallBly,LoremIpsum,1834,1242,0,0,0,4.652125,0.12592,0.22196,0,0,0,0,,0.967948,4.782777,0.05885,0.158373,2.349308,0.219992
338,1079,smallBly,JimmyBotT,1834,1675,0,0,0,4.652125,0.12592,0.22196,0,0,0,0,,0.714079,3.528371,0.05885,1.412779,2.349308,0.219992
338,1080,smallBly,JimmyBot,1834,1675,0,0,0,4.652125,0.12592,0.22196,0,0,0,0,,0.714079,3.528371,0.05885,1.412779,2.349308,0.219992
338,1081,smallBly,ArtZerg,1834,1537,0,0,0,4.652125,0.12592,0.22196,0,0,0,0,,0.846793,4.184133,0.05885,0.757017,2.349308,0.219992
338,1082,smallBly,Dasyatis,1834,1573,0,0,0,4.652125,0.12592,0.22196,0,0,0,0,,0.817938,4.041553,0.05885,0.899597,2.349308,0.219992
338,1084,smallBly,ZippyZap,1834,1457,0,0,0,4.652125,0.12592,0.22196,0,0,0,0,,0.89754,4.43488,0.05885,0.50627,2.349308,0.219992
338,1085,smallBly,AgoraLord,1834,1430,0,0,0,4.652125,0.12592,0.22196,0,0,0,0,,0.910976,4.501269,0.05885,0.439881,2.349308,0.219992
338,1086,smallBly,CherBoiBlue,1834,1500,0,0,0,4.652125,0.12592,0.22196,0,0,0,0,,0.872435,4.31083,0.05885,0.63032,2.349308,0.219992
338,1087,smallBly,SwarmLord2,1834,1533,0,0,0,4.652125,0.12592,0.22196,0,0,0,0,,0.849757,4.198776,0.05885,0.742374,2.349308,0.219992
338,1088,smallBly,SwarmLord3,1834,1562,0,0,0,4.652125,0.12592,0.22196,0,0,0,0,,0.827178,4.087211,0.05885,0.853939,2.349308,0.219992
338,1089,smallBly,WorkingAsIntended,1834,1596,0,0,0,4.652125,0.12592,0.22196,0,0,0,0,,0.797386,3.940005,0.05885,1.001145,2.349308,0.219992
340,341,MechaShark,gotest,1695,1328,0,0,0,4.652125,0.12592,0.22196,0,0,0,0,,0.892124,4.408118,0.05885,0.533032,2.349308,0.219992
340,346,MechaShark,Sharkling,1695,1761,48,0,0,52.652125,0.12592,0.22196,0,48,0,48,2.32188,0.406145,2.006821,0.05885,50.934329,2.324468,0.06757
340,347,MechaShark,PhantomTest,1695,1600,0,0,0,4.652125,0.12592,0.22196,0,0,0,0,,0.633408,3.129762,0.05885,1.811388,2.349308,0.219992
340,352,MechaShark,Belzebuth,1695,1134,0,0,0,4.652125,0.12592,0.22196,0,0,0,0,,0.961925,4.753015,0.05885,0.188135,2.349308,0.219992
340,357,MechaShark,12PoolBot,1695,1765,18,5,0,22.652125,5.12592,0.22196,14,4,0,18,2.418927,0.400603,15.979441,0.05885,6.961709,2.403792,0.102572
340,374,MechaShark,SwarmLord,1695,1600,0,0,0,4.652125,0.12592,0.22196,0,0,0,0,,0.633408,3.129762,0.05885,1.811388,2.349308,0.219992
340,446,MechaShark,Xena,1695,1937,43,0,1,47.652125,0.12592,1.22196,10,33,0,43,2.294408,0.198919,10.982889,0.05885,36.958261,2.300127,0.071002
340,496,MechaShark,Zozo,1695,2089,39,0,0,43.652125,0.12592,0.22196,0,39,0,39,2.549249,0.093804,0.4635,0.05885,43.47765,2.526528,0.074159
340,510,MechaShark,PhantomBot,1695,1817,41,1,0,45.652125,1.12592,0.22196,27,13,1,41,2.418722,0.331305,28.637028,1.05885,16.304122,2.411177,0.072529
340,516,MechaShark,27turtles,1695,1526,4,2,0,8.652125,2.12592,0.22196,3,1,0,4,2.288033,0.725686,6.585722,0.05885,2.355428,2.322075,0.163972
340,517,MechaShark,VeTerran-revived,1695,1869,39,0,0,43.652125,0.12592,0.22196,8,31,0,39,2.29773,0.268622,9.327302,0.05885,34.613848,2.303591,0.074159
340,518,MechaShark,norman,1695,1674,21,0,0,25.652125,0.12592,0.22196,8,10,3,21,2.61817,0.530185,10.619722,3.05885,12.321428,2.566466,0.096473
340,526,MechaShark,Apidae,1695,1635,12,0,0,16.652125,0.12592,0.22196,11,1,0,12,2.171986,0.585499,13.893037,0.05885,3.048113,2.224139,0.119307
340,605,MechaShark,nida,1695,1693,12,0,0,16.652125,0.12592,0.22196,4,8,0,12,2.665757,0.502878,6.484797,0.05885,10.456353,2.572684,0.119307
340,637,MechaShark,72Tortoises,1695,1697,10,0,0,14.652125,0.12592,0.22196,9,1,0,10,2.082497,0.497122,11.456353,0.05885,3.484797,2.171434,0.127012
340,699,MechaShark,Clicadinha,1695,1635,11,3,0,15.652125,3.12592,0.22196,4,4,3,11,3.113796,0.585499,6.893037,3.05885,6.048113,2.874893,0.122979
340,708,MechaShark,Princess-Mika,1695,1521,4,0,0,8.652125,0.12592,0.22196,4,0,0,4,1.989271,0.731378,7.613848,0.05885,1.327302,2.189291,0.163972
340,709,MechaShark,Laser-Circus,1695,1211,0,0,0,4.652125,0.12592,0.22196,0,0,0,0,,0.941922,4.654176,0.05885,0.286974,2.349308,0.219992
340,718,MechaShark,Mulebot,1695,1689,20,0,2,24.652125,0.12592,2.22196,14,4,2,20,1.98432,0.508634,16.513236,2.05885,6.427914,2.057318,0.098383
340,720,MechaShark,PiG_Bot,1695,1627,3,0,0,7.652125,0.12592,0.22196,3,0,0,3,1.580815,0.596629,5.948034,0.05885,1.993116,2.061123,0.173919
340,721,MechaShark,49Terrapins,1695,1430,1,0,0,5.652125,0.12592,0.22196,1,0,0,1,2.999724,0.821341,5.058371,0.05885,0.882779,2.457711,0.200824
340,729,MechaShark,Alexa,1695,1367,0,0,0,4.652125,0.12592,0.22196,0,0,0,0,,0.868541,4.291591,0.05885,0.649559,2.349308,0.219992
340,730,MechaShark,Deimos,1695,2155,49,0,0,53.652125,0.12592,0.22196,6,43,0,49,2.330861,0.066114,6.326679,0.05885,47.614471,2.332569,0.066941
340,732,MechaShark,GPT,1695,1830,48,0,0,52.652125,0.12592,0.22196,48,0,0,48,2.294253,0.31494,49.556168,0.05885,3.384982,2.299447,0.06757
340,759,MechaShark,BotTato,1695,1710,34,0,0,38.652125,0.12592,0.22196,17,17,0,34,2.600564,0.478427,19.363978,0.05885,19.577172,2.568352,0.07877
340,779,MechaShark,oberon,1695,1472,0,0,0,4.652125,0.12592,0.22196,0,0,0,0,,0.783077,3.869303,0.05885,1.071847,2.349308,0.219992
340,797,MechaShark,WickedBot,1695,1707,34,0,1,38.652125,0.12592,1.22196,4,30,0,34,2.514803,0.482737,6.385278,0.05885,32.555872,2.493586,0.07877
340,809,MechaShark,PrimordialOrigin,1695,1258,0,0,0,4.652125,0.12592,0.22196,0,0,0,0,,0.925226,4.571683,0.05885,0.369467,2.349308,0.219992
340,813,MechaShark,MewCombatMicro,1695,1511,0,0,0,4.652125,0.12592,0.22196,0,0,0,0,,0.742536,3.66898,0.05885,1.27217,2.349308,0.219992
340,827,MechaShark,smokinggunbot,1695,1579,14,0,0,18.652125,0.12592,0.22196,14,0,0,14,2.383237,0.660999,17.266096,0.05885,1.675054,2.374308,0.112853
340,832,MechaShark,muravev,1695,1632,6,0,0,10.652125,0.12592,0.22196,4,2,0,6,3.152051,0.589684,6.913715,0.05885,4.027435,2.787168,0.148318
340,836,MechaShark,muravevTerran,1695,1477,0,0,0,4.652125,0.12592,0.22196,0,0,0,0,,0.778148,3.844948,0.05885,1.096202,2.349308,0.219992
340,858,MechaShark,Crawler,1695,1562,3,2,0,7.652125,2.12592,0.22196,3,0,0,3,2.462653,0.68257,6.372683,0.05885,1.568467,2.391812,0.173919
340,876,MechaShark,GenesisLotus,1695,1411,0,0,2,4.652125,0.12592,2.22196,0,0,0,0,,0.836831,4.134907,0.05885,0.806243,2.349308,0.219992
340,901,MechaShark,clone,1695,1667,21,0,0,25.652125,0.12592,0.22196,16,3,2,21,1.948125,0.540208,18.66925,2.05885,5.2719,2.025276,0.096473
340,930,MechaShark,SiriusBot,1695,1519,6,0,0,10.652125,0.12592,0.22196,6,0,0,6,2.768178,0.733634,9.624994,0.05885,1.316156,2.577783,0.148318
340,939,MechaShark,RustyNikolaj,1695,1539,0,0,0,4.652125,0.12592,0.22196,0,0,0,0,,0.71054,3.510885,0.05885,1.430265,2.349308,0.219992
340,940,MechaShark,Princess-Mika-Test,1695,1524,5,0,1,9.652125,0.12592,1.22196,5,0,0,5,2.851579,0.727972,8.597016,0.05885,1.344134,2.600443,0.155557
340,943,MechaShark,puck,1695,1529,3,0,0,7.652125,0.12592,0.22196,3,0,0,3,1.927356,0.722235,6.568669,0.05885,1.372481,2.191076,0.173919
340,948,MechaShark,titania,1695,1185,1,0,0,5.652125,0.12592,0.22196,1,0,0,1,1.964311,0.949588,5.692056,0.05885,0.249094,2.285142,0.200824
340,953,MechaShark,ZeratulsRevengeTest,1695,1702,17,0,0,21.652125,0.12592,0.22196,16,1,0,17,1.557976,0.489928,18.420806,0.05885,3.520344,1.737825,0.104877
340,959,MechaShark,ur_moms_a_ho,1695,1600,0,0,0,4.652125,0.12592,0.22196,0,0,0,0,,0.633408,3.129762,0.05885,1.811388,2.349308,0.219992
340,960,MechaShark,BigDaddy,1695,1637,14,0,1,18.652125,0.12592,1.22196,4,10,0,14,1.984418,0.582702,6.879217,0.05885,12.061933,2.080442,0.112853
340,961,MechaShark,AvocaDOS,1695,1751,37,0,0,41.652125,0.12592,0.22196,27,10,0,37,2.399674,0.4201,29.075778,0.05885,12.865372,2.393678,0.075904
340,962,MechaShark,AvocaDEV,1695,1700,2,0,0,6.652125,0.12592,0.22196,1,1,0,2,2.244953,0.492805,3.435023,0.05885,3.506127,2.319492,0.185927
340,966,MechaShark,ArgoBot,1695,1909,47,0,0,51.652125,0.12592,0.22196,4,41,2,47,2.476156,0.225852,5.115969,2.05885,44.825181,2.463959,0.068216
340,970,MechaShark,TheLAW,1695,1576,10,0,0,14.652125,0.12592,0.22196,10,0,0,10,1.655805,0.664858,13.285163,0.05885,1.655987,1.886973,0.127012
340,971,MechaShark,Nothing,1695,1570,11,0,0,15.652125,0.12592,0.22196,11,0,0,11,1.706594,0.67251,14.322971,0.05885,1.618179,1.907442,0.122979
340,977,MechaShark,Siriusly,1695,1392,3,0,0,7.652125,0.12592,0.22196,3,0,0,3,2.207219,0.851221,7.20601,0.05885,0.73514,2.296025,0.173919
340,981,MechaShark,KoB,1695,1499,8,0,0,12.652125,0.12592,0.22196,8,0,0,8,1.877447,0.755519,11.733132,0.05885,1.208018,2.058932,0.136433
340,998,MechaShark,LordSuperKing,1695,1656,11,0,0,15.652125,0.12592,0.22196,4,7,0,11,2.750363,0.555891,6.746741,0.05885,9.194409,2.625033,0.122979
340,1007,MechaShark,SharkGull,1695,1605,2,0,0,6.652125,0.12592,0.22196,1,1,0,2,2.148969,0.626699,4.096614,0.05885,2.844536,2.292068,0.185927
340,1008,MechaShark,Creepy_canon,1695,1587,0,0,0,4.652125,0.12592,0.22196,0,0,0,0,,0.650605,3.214735,0.05885,1.726415,2.349308,0.219992
340,1023,MechaShark,MY_SCRIPTING_SON,1695,1275,0,0,0,4.652125,0.12592,0.22196,0,0,0,0,,0.918168,4.536807,0.05885,0.404343,2.349308,0.219992
340,1026,MechaShark,WildLupo,1695,1199,0,0,0,4.652125,0.12592,0.22196,0,0,0,0,,0.945587,4.672288,0.05885,0.268862,2.349308,0.219992
340,1029,MechaShark,Chomppet,1695,1600,0,0,0,4.652125,0.12592,0.22196,0,0,0,0,,0.633408,3.129762,0.05885,1.811388,2.349308,0.219992
340,1030,MechaShark,who,1695,1924,45,4,0,49.652125,4.12592,0.22196,5,39,1,45,2.205086,0.211113,6.043141,1.05885,42.898009,2.219509,0.069567
340,1032,MechaShark,WaterLeak,1695,1607,20,4,0,24.652125,4.12592,0.22196,18,1,1,20,2.198646,0.624002,21.083286,1.05885,2.857864,2.228778,0.098383
340,1038,MechaShark,PolyMorph,1695,1463,3,0,0,7.652125,0.12592,0.22196,3,0,0,3,1.992911,0.791749,6.91215,0.05885,1.029,2.215659,0.173919
340,1042,MechaShark,Creepy_duo_canon,1695,1386,0,0,0,4.652125,0.12592,0.22196,0,0,0,0,,0.855542,4.227362,0.05885,0.713788,2.349308,0.219992
340,1044,MechaShark,DoopyBot,1695,1418,1,1,0,5.652125,1.12592,0.22196,1,0,0,1,2.869035,0.831254,5.10735,0.05885,0.8338,2.435929,0.200824
340,1045,MechaShark,tito,1695,1801,47,0,0,51.652125,0.12592,0.22196,20,27,0,47,2.27448,0.352017,21.739369,0.05885,30.201781,2.281675,0.068216
340,1049,MechaShark,TheCatSC2Bot,1695,970,0,0,0,4.652125,0.12592,0.22196,0,0,0,0,,0.984834,4.866214,0.05885,0.074936,2.349308,0.219992
340,1050,MechaShark,onlyfans,1695,1517,5,0,0,9.652125,0.12592,0.22196,5,0,0,5,2.225291,0.735877,8.636081,0.05885,1.305069,2.287299,0.155557
340,1052,MechaShark,Starlight,1695,1204,0,0,0,4.652125,0.12592,0.22196,0,0,0,0,,0.944087,4.664876,0.05885,0.276274,2.349308,0.219992
340,1054,MechaShark,JimmyBotZ,1695,1724,6,0,0,10.652125,0.12592,0.22196,6,0,0,6,1.864869,0.458362,8.264837,0.05885,2.676313,2.085069,0.148318
340,1056,MechaShark,bilisaur,1695,1600,0,0,0,4.652125,0.12592,0.22196,0,0,0,0,,0.633408,3.129762,0.05885,1.811388,2.349308,0.219992
340,1057,MechaShark,DoopyBot-Test,1695,1238,1,0,0,5.652125,0.12592,0.22196,1,0,0,1,2.122262,0.932812,5.609162,0.05885,0.331988,2.311467,0.200824
340,1058,MechaShark,JimmyBotP,1695,1711,3,0,0,7.652125,0.12592,0.22196,1,2,0,3,1.938076,0.47699,3.356881,0.05885,4.584269,2.195096,0.173919
340,1059,MechaShark,NextProBot,1695,1600,0,0,0,4.652125,0.12592,0.22196,0,0,0,0,,0.633408,3.129762,0.05885,1.811388,2.349308,0.219992
340,1060,MechaShark,WildFire,1695,1709,16,4,0,20.652125,4.12592,0.22196,15,0,1,16,3.312714,0.479863,17.371076,1.05885,2.570074,3.083332,0.107345
340,1065,MechaShark,MindMatrix,1695,1514,1,0,0,5.652125,0.12592,0.22196,1,0,0,1,1.911023,0.73922,4.652598,0.05885,1.288552,2.27626,0.200824
340,1066,MechaShark,CompetitiveBotTest,1695,1482,0,0,0,4.652125,0.12592,0.22196,0,0,0,0,,0.77314,3.8202,0.05885,1.12095,2.349308,0.219992
340,1067,MechaShark,Hello_world,1695,1600,0,0,0,4.652125,0.12592,0.22196,0,0,0,0,,0.633408,3.129762,0.05885,1.811388,2.349308,0.219992
340,1078,MechaShark,LoremIpsum,1695,1242,0,0,0,4.652125,0.12592,0.22196,0,0,0,0,,0.931354,4.60196,0.05885,0.33919,2.349308,0.219992
340,1079,MechaShark,JimmyBotT,1695,1675,3,0,0,7.652125,0.12592,0.22196,3,0,0,3,2.401958,0.528751,5.612636,0.05885,2.328514,2.369052,0.173919
340,1080,MechaShark,JimmyBot,1695,1675,2,0,0,6.652125,0.12592,0.22196,2,0,0,2,2.312378,0.528751,4.612636,0.05885,2.328514,2.338756,0.185927
340,1081,MechaShark,ArtZerg,1695,1537,3,0,0,7.652125,0.12592,0.22196,3,0,0,3,2.006423,0.712902,6.522556,0.05885,1.418594,2.220726,0.173919
340,1082,MechaShark,Dasyatis,1695,1573,0,0,1,4.652125,0.12592,1.22196,0,0,0,0,,0.668695,3.304122,0.05885,1.637028,2.349308,0.219992
340,1084,MechaShark,ZippyZap,1695,1457,0,0,0,4.652125,0.12592,0.22196,0,0,0,0,,0.797386,3.940005,0.05885,1.001145,2.349308,0.219992
340,1085,MechaShark,AgoraLord,1695,1430,0,0,0,4.652125,0.12592,0.22196,0,0,0,0,,0.821341,4.058371,0.05885,0.882779,2.349308,0.219992
340,1086,MechaShark,CherBoiBlue,1695,1500,0,0,0,4.652125,0.12592,0.22196,0,0,0,0,,0.754454,3.727871,0.05885,1.213279,2.349308,0.219992
340,1087,MechaShark,SwarmLord2,1695,1533,0,0,0,4.652125,0.12592,0.22196,0,0,0,0,,0.717592,3.545728,0.05885,1.395422,2.349308,0.219992
340,1088,MechaShark,SwarmLord3,1695,1562,0,0,0,4.652125,0.12592,0.22196,0,0,0,0,,0.68257,3.372683,0.05885,1.568467,2.349308,0.219992
340,1089,MechaShark,WorkingAsIntended,1695,1596,0,0,0,4.652125,0.12592,0.22196,0,0,0,0,,0.638738,3.156099,0.05885,1.785051,2.349308,0.219992
341,346,gotest,Sharkling,1328,1761,1,0,0,5.652125,0.12592,0.22196,0,1,0,1,1.470176,0.076382,0.377416,0.05885,5.563734,2.202786,0.200824
341,347,gotest,PhantomTest,1328,1600,0,0,0,4.652125,0.12592,0.22196,0,0,0,0,,0.172822,0.853939,0.05885,4.087211,2.349308,0.219992
341,352,gotest,Belzebuth,1328,1134,17,5,19,21.652125,5.12592,19.22196,2,15,0,17,2.605324,0.753386,5.722594,0.05885,16.218556,2.547138,0.104877
341,357,gotest,12PoolBot,1328,1765,1,0,0,5.652125,0.12592,0.22196,0,1,0,1,1.642873,0.074774,0.369467,0.05885,5.571683,2.231569,0.200824
341,374,gotest,SwarmLord,1328,1600,0,0,0,4.652125,0.12592,0.22196,0,0,0,0,,0.172822,0.853939,0.05885,4.087211,2.349308,0.219992
341,446,gotest,Xena,1328,1937,0,0,0,4.652125,0.12592,0.22196,0,0,0,0,,0.029151,0.144039,0.05885,4.797111,2.349308,0.219992
341,496,gotest,Zozo,1328,2089,0,0,0,4.652125,0.12592,0.22196,0,0,0,0,,0.012362,0.061084,0.05885,4.880066,2.349308,0.219992
341,510,gotest,PhantomBot,1328,1817,0,0,0,4.652125,0.12592,0.22196,0,0,0,0,,0.056524,0.279292,0.05885,4.661858,2.349308,0.219992
341,516,gotest,27turtles,1328,1526,1,0,0,5.652125,0.12592,0.22196,0,1,0,1,3.43431,0.242361,1.197541,0.05885,4.743609,2.530142,0.200824
341,517,gotest,VeTerran-revived,1328,1869,0,0,0,4.652125,0.12592,0.22196,0,0,0,0,,0.042523,0.210115,0.05885,4.731035,2.349308,0.219992
341,518,gotest,norman,1328,1674,1,0,0,5.652125,0.12592,0.22196,0,1,0,1,2.294553,0.120073,0.5933,0.05885,5.34785,2.340182,0.200824
341,526,gotest,Apidae,1328,1635,1,0,0,5.652125,0.12592,0.22196,1,0,0,1,2.09433,0.145887,1.720848,0.05885,4.220302,2.306812,0.200824
341,605,gotest,nida,1328,1693,1,0,0,5.652125,0.12592,0.22196,0,1,0,1,2.319442,0.108989,0.538531,0.05885,5.402619,2.34433,0.200824
341,637,gotest,72Tortoises,1328,1697,1,0,0,5.652125,0.12592,0.22196,1,0,0,1,2.068128,0.106773,1.527582,0.05885,4.413568,2.302445,0.200824
341,699,gotest,Clicadinha,1328,1635,1,0,0,5.652125,0.12592,0.22196,0,1,0,1,1.979621,0.145887,0.720848,0.05885,5.220302,2.287694,0.200824
341,708,gotest,Princess-Mika,1328,1521,26,2,2,30.652125,2.12592,2.22196,4,21,1,26,2.580093,0.247685,5.223849,1.05885,24.717301,2.54287,0.088351
341,709,gotest,Laser-Circus,1328,1211,2,0,5,6.652125,0.12592,5.22196,1,1,0,2,2.862653,0.662288,4.272463,0.05885,2.668687,2.495978,0.185927
341,718,gotest,Mulebot,1328,1689,1,0,0,5.652125,0.12592,0.22196,0,1,0,1,3.053529,0.111245,0.54968,0.05885,5.39147,2.466678,0.200824
341,720,gotest,PiG_Bot,1328,1627,1,0,0,5.652125,0.12592,0.22196,1,0,0,1,2.792391,0.151719,1.749666,0.05885,4.191484,2.423155,0.200824
341,721,gotest,49Terrapins,1328,1430,29,2,1,33.652125,2.12592,1.22196,25,4,0,29,2.075142,0.357287,26.765408,0.05885,7.175742,2.11546,0.084363
341,729,gotest,Alexa,1328,1367,5,1,27,9.652125,1.12592,27.22196,1,3,1,5,2.455506,0.444109,3.194409,1.05885,5.746741,2.402407,0.155557
341,730,gotest,Deimos,1328,2155,0,0,0,4.652125,0.12592,0.22196,0,0,0,0,,0.008488,0.04194,0.05885,4.89921,2.349308,0.219992
341,732,gotest,GPT,1328,1830,0,0,0,4.652125,0.12592,0.22196,0,0,0,0,,0.052663,0.260215,0.05885,4.680935,2.349308,0.219992
341,759,gotest,BotTato,1328,1710,1,0,0,5.652125,0.12592,0.22196,0,1,0,1,2.174752,0.099843,0.49334,0.05885,5.44781,2.320215,0.200824
341,779,gotest,oberon,1328,1472,40,0,0,44.652125,0.12592,0.22196,0,40,0,40,2.465452,0.303871,1.501473,0.05885,43.439677,2.452547,0.073331
341,797,gotest,WickedBot,1328,1707,0,0,0,4.652125,0.12592,0.22196,0,0,0,0,,0.101406,0.501062,0.05885,4.440088,2.349308,0.219992
341,809,gotest,PrimordialOrigin,1328,1258,39,1,0,43.652125,1.12592,0.22196,37,2,0,39,1.815168,0.599397,39.961709,0.05885,3.979441,1.875866,0.074159
341,813,gotest,MewCombatMicro,1328,1511,1,0,0,5.652125,0.12592,0.22196,1,0,0,1,2.551006,0.258566,2.277616,0.05885,3.663534,2.382924,0.200824
341,827,gotest,smokinggunbot,1328,1579,5,0,0,9.652125,0.12592,0.22196,1,4,0,5,2.381985,0.190792,1.942732,0.05885,7.998418,2.365647,0.155557
341,832,gotest,muravev,1328,1632,1,0,0,5.652125,0.12592,0.22196,0,1,0,1,2.260721,0.148052,0.731545,0.05885,5.209605,2.334543,0.200824
341,836,gotest,muravevTerran,1328,1477,9,0,0,13.652125,0.12592,0.22196,2,7,0,9,2.353203,0.297817,3.47156,0.05885,10.46959,2.351812,0.13147
341,858,gotest,Crawler,1328,1562,9,0,0,13.652125,0.12592,0.22196,0,9,0,9,1.638676,0.206359,1.019652,0.05885,12.921498,1.892473,0.13147
341,876,gotest,GenesisLotus,1328,1411,39,0,0,43.652125,0.12592,0.22196,38,1,0,39,1.693323,0.382775,39.891349,0.05885,4.049801,1.767867,0.074159
341,901,gotest,clone,1328,1667,0,0,0,4.652125,0.12592,0.22196,0,0,0,0,,0.124396,0.614661,0.05885,4.326489,2.349308,0.219992
341,930,gotest,SiriusBot,1328,1519,17,1,0,21.652125,1.12592,0.22196,8,9,0,17,2.253001,0.249837,9.23448,0.05885,12.70667,2.274889,0.104877
341,939,gotest,RustyNikolaj,1328,1539,29,0,0,33.652125,0.12592,0.22196,0,29,0,29,2.425908,0.228886,1.130959,0.05885,32.810191,2.414644,0.084363
341,940,gotest,Princess-Mika-Test,1328,1524,5,0,23,9.652125,0.12592,23.22196,2,3,0,5,2.245827,0.244481,3.208018,0.05885,6.733132,2.297568,0.155557
341,943,gotest,puck,1328,1529,32,1,0,36.652125,1.12592,0.22196,7,25,0,32,2.112518,0.239204,8.181942,0.05885,28.759208,2.144516,0.08087
341,948,gotest,titania,1328,1185,15,1,0,19.652125,1.12592,0.22196,8,7,0,15,2.165729,0.69491,11.433653,0.05885,8.507497,2.211624,0.109996
341,953,gotest,ZeratulsRevengeTest,1328,1702,1,0,0,5.652125,0.12592,0.22196,0,1,0,1,1.506297,0.104059,0.514171,0.05885,5.426979,2.208806,0.200824
341,959,gotest,ur_moms_a_ho,1328,1600,0,0,0,4.652125,0.12592,0.22196,0,0,0,0,,0.172822,0.853939,0.05885,4.087211,2.349308,0.219992
341,960,gotest,BigDaddy,1328,1637,1,0,0,5.652125,0.12592,0.22196,0,1,0,1,1.640937,0.144458,0.713788,0.05885,5.227362,2.231246,0.200824
341,961,gotest,AvocaDOS,1328,1751,0,0,0,4.652125,0.12592,0.22196,0,0,0,0,,0.080544,0.397978,0.05885,4.543172,2.349308,0.219992
341,962,gotest,AvocaDEV,1328,1700,1,0,0,5.652125,0.12592,0.22196,0,1,0,1,1.937302,0.105137,0.519499,0.05885,5.421651,2.28064,0.200824
341,966,gotest,ArgoBot,1328,1909,0,0,0,4.652125,0.12592,0.22196,0,0,0,0,,0.034076,0.168373,0.05885,4.772777,2.349308,0.219992
341,970,gotest,TheLAW,1328,1576,1,0,0,5.652125,0.12592,0.22196,0,1,0,1,2.071913,0.193472,0.955977,0.05885,4.985173,2.303076,0.200824
341,971,gotest,Nothing,1328,1570,1,0,0,5.652125,0.12592,0.22196,0,1,0,1,2.196113,0.198919,0.982889,0.05885,4.958261,2.323775,0.200824
341,977,gotest,Siriusly,1328,1392,38,0,0,42.652125,0.12592,0.22196,24,11,3,38,2.200013,0.408924,26.020557,3.05885,13.920593,2.217373,0.075016
341,981,gotest,KoB,1328,1499,26,0,1,30.652125,0.12592,1.22196,8,18,0,26,2.151911,0.272028,9.344134,0.05885,21.597016,2.183749,0.088351
341,998,gotest,LordSuperKing,1328,1656,1,0,0,5.652125,0.12592,0.22196,0,1,0,1,2.415914,0.131459,0.649559,0.05885,5.291591,2.360409,0.200824
341,1007,gotest,SharkGull,1328,1605,1,0,0,5.652125,0.12592,0.22196,0,1,0,1,1.931521,0.168746,0.8338,0.05885,5.10735,2.279677,0.200824
341,1008,gotest,Creepy_canon,1328,1587,0,0,0,4.652125,0.12592,0.22196,0,0,0,0,,0.183783,0.9081,0.05885,4.03305,2.349308,0.219992
341,1023,gotest,MY_SCRIPTING_SON,1328,1275,22,0,18,26.652125,0.12592,18.22196,22,0,0,22,2.077807,0.575687,24.844556,0.05885,2.096594,2.128085,0.094669
341,1026,gotest,WildLupo,1328,1199,30,2,8,34.652125,2.12592,8.22196,24,6,0,30,2.279478,0.677561,27.347928,0.05885,7.593222,2.289454,0.083149
341,1029,gotest,Chomppet,1328,1600,0,0,0,4.652125,0.12592,0.22196,0,0,0,0,,0.172822,0.853939,0.05885,4.087211,2.349308,0.219992
341,1030,gotest,who,1328,1924,0,0,0,4.652125,0.12592,0.22196,0,0,0,0,,0.031345,0.154881,0.05885,4.786269,2.349308,0.219992
341,1032,gotest,WaterLeak,1328,1607,1,0,0,5.652125,0.12592,0.22196,0,1,0,1,1.583094,0.167137,0.825851,0.05885,5.115299,2.221606,0.200824
341,1038,gotest,PolyMorph,1328,1463,35,1,1,39.652125,1.12592,1.22196,5,29,1,35,2.581623,0.31494,6.556168,1.05885,32.384982,2.552583,0.077779
341,1042,gotest,Creepy_duo_canon,1328,1386,34,0,1,38.652125,0.12592,1.22196,29,5,0,34,1.884731,0.417298,31.061933,0.05885,7.879217,1.944292,0.07877
341,1044,gotest,DoopyBot,1328,1418,25,1,3,29.652125,1.12592,3.22196,0,25,0,25,2.420549,0.373301,1.844536,0.05885,28.096614,2.408675,0.089811
341,1045,gotest,tito,1328,1801,1,0,0,5.652125,0.12592,0.22196,1,0,0,1,2.148268,0.061641,1.304577,0.05885,4.636573,2.315801,0.200824
341,1049,gotest,TheCatSC2Bot,1328,970,39,0,2,43.652125,0.12592,2.22196,39,0,0,39,1.778612,0.887036,43.382977,0.05885,0.558173,1.843464,0.074159
341,1050,gotest,onlyfans,1328,1517,19,3,0,23.652125,3.12592,0.22196,2,17,0,19,2.515536,0.252,3.245172,0.05885,20.695978,2.480905,0.100412
341,1052,gotest,Starlight,1328,1204,33,1,6,37.652125,1.12592,6.22196,18,10,5,33,2.49977,0.671241,21.3167,5.05885,11.62445,2.479972,0.079799
341,1054,gotest,JimmyBotZ,1328,1724,4,0,0,8.652125,0.12592,0.22196,0,4,0,4,1.739092,0.09283,0.458687,0.05885,8.482463,2.078101,0.163972
341,1056,gotest,bilisaur,1328,1600,0,0,0,4.652125,0.12592,0.22196,0,0,0,0,,0.172822,0.853939,0.05885,4.087211,2.349308,0.219992
341,1057,gotest,DoopyBot-Test,1328,1238,21,9,4,25.652125,9.12592,4.22196,5,16,0,21,2.646459,0.626699,8.096614,0.05885,17.844536,2.589315,0.096473
341,1058,gotest,JimmyBotP,1328,1711,17,0,1,21.652125,0.12592,1.22196,13,4,0,17,1.823739,0.099327,13.490789,0.05885,8.450361,1.943186,0.104877
341,1059,gotest,NextProBot,1328,1600,0,0,0,4.652125,0.12592,0.22196,0,0,0,0,,0.172822,0.853939,0.05885,4.087211,2.349308,0.219992
341,1060,gotest,WildFire,1328,1709,1,0,0,5.652125,0.12592,0.22196,0,1,0,1,2.013569,0.100362,0.495902,0.05885,5.445248,2.293351,0.200824
341,1065,gotest,MindMatrix,1328,1514,19,0,1,23.652125,0.12592,1.22196,3,16,0,19,2.439383,0.25527,4.261325,0.05885,19.679825,2.420617,0.100412
341,1066,gotest,CompetitiveBotTest,1328,1482,1,0,0,5.652125,0.12592,0.22196,1,0,0,1,0.966984,0.291834,2.441994,0.05885,3.499156,2.118921,0.200824
341,1067,gotest,Hello_world,1328,1600,0,0,0,4.652125,0.12592,0.22196,0,0,0,0,,0.172822,0.853939,0.05885,4.087211,2.349308,0.219992
341,1078,gotest,LoremIpsum,1328,1242,21,0,0,25.652125,0.12592,0.22196,21,0,0,21,2.154671,0.621297,24.06992,0.05885,1.87123,2.192101,0.096473
341,1079,gotest,JimmyBotT,1328,1675,1,1,0,5.652125,1.12592,0.22196,0,1,0,1,2.312535,0.119466,0.590302,0.05885,5.350848,2.343179,0.200824
341,1080,gotest,JimmyBot,1328,1675,2,0,0,6.652125,0.12592,0.22196,0,2,0,2,2.778574,0.119466,0.590302,0.05885,6.350848,2.471956,0.185927
341,1081,gotest,ArtZerg,1328,1537,1,1,0,5.652125,1.12592,0.22196,0,1,0,1,1.838961,0.230924,1.141031,0.05885,4.800119,2.26425,0.200824
341,1082,gotest,Dasyatis,1328,1573,8,0,2,12.652125,0.12592,2.22196,6,2,0,8,1.907853,0.196181,6.969362,0.05885,5.971788,2.077643,0.136433
341,1084,gotest,ZippyZap,1328,1457,0,0,1,4.652125,0.12592,1.22196,0,0,0,0,,0.322439,1.593222,0.05885,3.347928,2.349308,0.219992
341,1085,gotest,AgoraLord,1328,1430,3,0,0,7.652125,0.12592,0.22196,0,3,0,3,3.619725,0.357287,1.765408,0.05885,6.175742,2.825715,0.173919
341,1086,gotest,CherBoiBlue,1328,1500,0,1,0,4.652125,1.12592,0.22196,0,0,0,0,,0.27089,1.338508,0.05885,3.602642,2.349308,0.219992
341,1087,gotest,SwarmLord2,1328,1533,1,0,0,5.652125,0.12592,0.22196,1,0,0,1,2.628285,0.235039,2.161362,0.05885,3.779788,2.395804,0.200824
341,1088,gotest,SwarmLord3,1328,1562,1,0,0,5.652125,0.12592,0.22196,0,1,0,1,1.803359,0.206359,1.019652,0.05885,4.921498,2.258316,0.200824
341,1089,gotest,WorkingAsIntended,1328,1596,0,1,0,4.652125,1.12592,0.22196,0,0,0,0,,0.176138,0.870327,0.05885,4.070823,2.349308,0.219992
346,347,Sharkling,PhantomTest,1761,1600,0,0,0,4.652125,0.12592,0.22196,0,0,0,0,,0.716424,3.539957,0.05885,1.401193,2.349308,0.219992
346,352,Sharkling,Belzebuth,1761,1134,0,0,0,4.652125,0.12592,0.22196,0,0,0,0,,0.973643,4.810915,0.05885,0.130235,2.349308,0.219992
346,357,Sharkling,12PoolBot,1761,1765,28,0,0,32.652125,0.12592,0.22196,3,25,0,28,1.578337,0.494244,5.442133,0.05885,27.499017,1.695151,0.085632
346,374,Sharkling,SwarmLord,1761,1600,0,0,0,4.652125,0.12592,0.22196,0,0,0,0,,0.716424,3.539957,0.05885,1.401193,2.349308,0.219992
346,446,Sharkling,Xena,1761,1937,48,0,0,52.652125,0.12592,0.22196,7,41,0,48,2.188521,0.266366,8.316156,0.05885,44.624994,2.203689,0.06757
346,496,Sharkling,Zozo,1761,2089,42,1,0,46.652125,1.12592,0.22196,1,41,0,42,2.418281,0.131459,1.649559,0.05885,45.291591,2.410943,0.071753
346,510,Sharkling,PhantomBot,1761,1817,49,0,0,53.652125,0.12592,0.22196,49,0,0,49,1.465145,0.4201,51.075778,0.05885,2.865372,1.547012,0.066941
346,516,Sharkling,27turtles,1761,1526,3,0,0,7.652125,0.12592,0.22196,2,1,0,3,2.384961,0.794582,5.926148,0.05885,2.015002,2.362678,0.173919
346,517,Sharkling,VeTerran-revived,1761,1869,42,0,0,46.652125,0.12592,0.22196,6,36,0,42,2.021451,0.349395,7.726415,0.05885,39.214735,2.05633,0.071753
346,518,Sharkling,norman,1761,1674,13,1,0,17.652125,1.12592,0.22196,11,2,0,13,2.66113,0.62265,14.076608,0.05885,3.864542,2.574512,0.115946
346,526,Sharkling,Apidae,1761,1635,10,0,0,14.652125,0.12592,0.22196,10,0,0,10,1.337021,0.673776,13.329229,0.05885,1.611921,1.67445,0.127012
346,605,Sharkling,nida,1761,1693,10,0,0,14.652125,0.12592,0.22196,6,3,1,10,2.117037,0.596629,8.948034,1.05885,4.993116,2.194461,0.127012
346,637,Sharkling,72Tortoises,1761,1697,9,0,0,13.652125,0.12592,0.22196,9,0,0,9,1.385054,0.591076,11.920593,0.05885,2.020557,1.729431,0.13147
346,699,Sharkling,Clicadinha,1761,1635,5,0,0,9.652125,0.12592,0.22196,5,0,0,5,1.323333,0.673776,8.329229,0.05885,1.611921,1.83632,0.155557
346,708,Sharkling,Princess-Mika,1761,1521,0,0,0,4.652125,0.12592,0.22196,0,0,0,0,,0.79924,3.949165,0.05885,0.991985,2.349308,0.219992
346,709,Sharkling,Laser-Circus,1761,1211,0,0,0,4.652125,0.12592,0.22196,0,0,0,0,,0.959537,4.741215,0.05885,0.199935,2.349308,0.219992
346,718,Sharkling,Mulebot,1761,1689,19,0,0,23.652125,0.12592,0.22196,13,6,0,19,2.03889,0.602158,15.975353,0.05885,7.965797,2.103561,0.100412
346,720,Sharkling,PiG_Bot,1761,1627,0,0,0,4.652125,0.12592,0.22196,0,0,0,0,,0.683816,3.378839,0.05885,1.562311,2.349308,0.219992
346,721,Sharkling,49Terrapins,1761,1430,1,0,0,5.652125,0.12592,0.22196,0,1,0,1,2.505526,0.8705,4.301272,0.05885,1.639878,2.375344,0.200824
346,729,Sharkling,Alexa,1761,1367,0,0,0,4.652125,0.12592,0.22196,0,0,0,0,,0.906196,4.47765,0.05885,0.4635,2.349308,0.219992
346,730,Sharkling,Deimos,1761,2155,58,0,0,62.652125,0.12592,0.22196,1,57,0,58,2.2312,0.093804,1.4635,0.05885,61.47765,2.240573,0.061976
346,732,Sharkling,GPT,1761,1830,55,0,0,59.652125,0.12592,0.22196,47,8,0,55,1.535177,0.401986,48.986274,0.05885,10.954876,1.603021,0.063506
346,759,Sharkling,BotTato,1761,1710,40,0,0,44.652125,0.12592,0.22196,38,2,0,40,1.428089,0.572872,40.830648,0.05885,4.110502,1.530447,0.073331
346,779,Sharkling,oberon,1761,1472,0,0,0,4.652125,0.12592,0.22196,0,0,0,0,,0.840723,4.154139,0.05885,0.787011,2.349308,0.219992
346,797,Sharkling,WickedBot,1761,1707,28,0,7,32.652125,0.12592,7.22196,28,0,0,28,1.265281,0.577092,30.8515,0.05885,2.08965,1.429528,0.085632
346,809,Sharkling,PrimordialOrigin,1761,1258,0,0,0,4.652125,0.12592,0.22196,0,0,0,0,,0.947624,4.68235,0.05885,0.2588,2.349308,0.219992
346,813,Sharkling,MewCombatMicro,1761,1511,0,0,0,4.652125,0.12592,0.22196,0,0,0,0,,0.808318,3.994019,0.05885,0.947131,2.349308,0.219992
346,827,Sharkling,smokinggunbot,1761,1579,4,0,0,8.652125,0.12592,0.22196,3,1,0,4,1.742595,0.740328,6.658074,0.05885,2.283076,2.079658,0.163972
346,832,Sharkling,muravev,1761,1632,3,0,0,7.652125,0.12592,0.22196,3,0,0,3,1.317385,0.677561,6.347928,0.05885,1.593222,1.962337,0.173919
346,836,Sharkling,muravevTerran,1761,1477,0,0,0,4.652125,0.12592,0.22196,0,0,0,0,,0.836831,4.134907,0.05885,0.806243,2.349308,0.219992
346,858,Sharkling,Crawler,1761,1562,2,0,0,6.652125,0.12592,0.22196,2,0,0,2,1.330312,0.758695,5.748824,0.05885,1.192326,2.058166,0.185927
346,876,Sharkling,GenesisLotus,1761,1411,0,0,0,4.652125,0.12592,0.22196,0,0,0,0,,0.882338,4.359766,0.05885,0.581384,2.349308,0.219992
346,901,Sharkling,clone,1761,1667,17,0,0,21.652125,0.12592,0.22196,10,7,0,17,1.819806,0.63207,13.123153,0.05885,8.817997,1.940147,0.104877
346,930,Sharkling,SiriusBot,1761,1519,2,0,0,6.652125,0.12592,0.22196,2,0,0,2,1.290892,0.801081,5.958261,0.05885,0.982889,2.046903,0.185927
346,939,Sharkling,RustyNikolaj,1761,1539,3,0,0,7.652125,0.12592,0.22196,3,0,0,3,1.72122,0.782098,6.864464,0.05885,1.076686,2.113775,0.173919
346,940,Sharkling,Princess-Mika-Test,1761,1524,1,0,0,5.652125,0.12592,0.22196,1,0,0,1,1.332366,0.796455,4.935402,0.05885,1.005748,2.179818,0.200824
346,943,Sharkling,puck,1761,1529,2,0,0,6.652125,0.12592,0.22196,1,1,0,2,2.122659,0.791749,4.91215,0.05885,2.029,2.284551,0.185927
346,948,Sharkling,titania,1761,1185,1,0,0,5.652125,0.12592,0.22196,1,0,0,1,1.66203,0.964964,5.768033,0.05885,0.173117,2.234762,0.200824
346,953,Sharkling,ZeratulsRevengeTest,1761,1702,20,0,0,24.652125,0.12592,0.22196,20,0,0,20,2.179793,0.584101,22.88613,0.05885,2.05502,2.213696,0.098383
346,959,Sharkling,ur_moms_a_ho,1761,1600,0,0,0,4.652125,0.12592,0.22196,0,0,0,0,,0.716424,3.539957,0.05885,1.401193,2.349308,0.219992
346,960,Sharkling,BigDaddy,1761,1637,8,0,0,12.652125,0.12592,0.22196,2,6,0,8,1.705489,0.671241,5.3167,0.05885,7.62445,1.953112,0.136433
346,961,Sharkling,AvocaDOS,1761,1751,36,0,0,40.652125,0.12592,0.22196,15,21,0,36,2.327,0.514387,17.541664,0.05885,23.399486,2.32972,0.076824
346,962,Sharkling,AvocaDEV,1761,1700,2,0,0,6.652125,0.12592,0.22196,1,1,0,2,2.334654,0.586895,3.899936,0.05885,3.041214,2.345121,0.185927
346,966,Sharkling,ArgoBot,1761,1909,56,0,0,60.652125,0.12592,0.22196,7,49,0,56,2.142632,0.299023,8.477516,0.05885,52.463634,2.159573,0.062983
346,970,Sharkling,TheLAW,1761,1576,3,0,0,7.652125,0.12592,0.22196,3,0,0,3,1.421244,0.743635,6.67441,0.05885,1.26674,2.001284,0.173919
346,971,Sharkling,Nothing,1761,1570,4,0,1,8.652125,0.12592,1.22196,3,1,0,4,2.42987,0.750163,6.70667,0.05885,2.23448,2.385113,0.163972
346,977,Sharkling,Siriusly,1761,1392,0,0,0,4.652125,0.12592,0.22196,0,0,0,0,,0.893227,4.413568,0.05885,0.527582,2.349308,0.219992
346,981,Sharkling,KoB,1761,1499,8,0,0,12.652125,0.12592,0.22196,4,4,0,8,1.563946,0.818793,8.04578,0.05885,4.89537,1.866009,0.136433
346,998,Sharkling,LordSuperKing,1761,1656,9,0,0,13.652125,0.12592,0.22196,9,0,0,9,1.23687,0.646669,12.195288,0.05885,1.745862,1.634169,0.13147
346,1007,Sharkling,SharkGull,1761,1605,0,0,0,4.652125,0.12592,0.22196,0,0,0,0,,0.71054,3.510885,0.05885,1.430265,2.349308,0.219992
346,1008,Sharkling,Creepy_canon,1761,1587,0,0,0,4.652125,0.12592,0.22196,0,0,0,0,,0.731378,3.613848,0.05885,1.327302,2.349308,0.219992
346,1023,Sharkling,MY_SCRIPTING_SON,1761,1275,0,0,0,4.652125,0.12592,0.22196,0,0,0,0,,0.942548,4.657272,0.05885,0.283878,2.349308,0.219992
346,1026,Sharkling,WildLupo,1761,1199,0,0,0,4.652125,0.12592,0.22196,0,0,0,0,,0.962135,4.754054,0.05885,0.187096,2.349308,0.219992
346,1029,Sharkling,Chomppet,1761,1600,0,0,0,4.652125,0.12592,0.22196,0,0,0,0,,0.716424,3.539957,0.05885,1.401193,2.349308,0.219992
346,1030,Sharkling,who,1761,1924,58,0,0,62.652125,0.12592,0.22196,11,47,0,58,1.61833,0.281243,12.389665,0.05885,50.551485,1.676344,0.061976
346,1032,Sharkling,WaterLeak,1761,1607,25,1,0,29.652125,1.12592,0.22196,14,11,0,25,1.872203,0.708166,17.499156,0.05885,12.441994,1.95172,0.089811
346,1038,Sharkling,PolyMorph,1761,1463,2,0,0,6.652125,0.12592,0.22196,2,0,0,2,1.419469,0.847539,6.187816,0.05885,0.753334,2.08364,0.185927
346,1042,Sharkling,Creepy_duo_canon,1761,1386,0,0,0,4.652125,0.12592,0.22196,0,0,0,0,,0.896477,4.429625,0.05885,0.511525,2.349308,0.219992
346,1044,Sharkling,DoopyBot,1761,1418,1,0,0,5.652125,0.12592,0.22196,1,0,0,1,1.026042,0.87809,5.338775,0.05885,0.602375,2.128764,0.200824
346,1045,Sharkling,tito,1761,1801,46,0,0,50.652125,0.12592,0.22196,28,18,0,46,1.817975,0.442688,30.18739,0.05885,20.75376,1.870066,0.068882
346,1049,Sharkling,TheCatSC2Bot,1761,970,0,0,0,4.652125,0.12592,0.22196,0,0,0,0,,0.989578,4.889653,0.05885,0.051497,2.349308,0.219992
346,1050,Sharkling,onlyfans,1761,1517,3,0,0,7.652125,0.12592,0.22196,3,0,0,3,2.287372,0.802909,6.967295,0.05885,0.973855,2.326082,0.173919
346,1052,Sharkling,Starlight,1761,1204,0,0,0,4.652125,0.12592,0.22196,0,0,0,0,,0.961073,4.748804,0.05885,0.192346,2.349308,0.219992
346,1054,Sharkling,JimmyBotZ,1761,1724,1,0,0,5.652125,0.12592,0.22196,0,1,0,1,2.428336,0.553047,2.732688,0.05885,3.208462,2.362479,0.200824
346,1056,Sharkling,bilisaur,1761,1600,0,0,0,4.652125,0.12592,0.22196,0,0,0,0,,0.716424,3.539957,0.05885,1.401193,2.349308,0.219992
346,1057,Sharkling,DoopyBot-Test,1761,1238,0,0,0,4.652125,0.12592,0.22196,0,0,0,0,,0.953052,4.709173,0.05885,0.231977,2.349308,0.219992
346,1058,Sharkling,JimmyBotP,1761,1711,1,0,0,5.652125,0.12592,0.22196,1,0,0,1,2.431857,0.571463,3.823685,0.05885,2.117465,2.363066,0.200824
346,1059,Sharkling,NextProBot,1761,1600,0,0,0,4.652125,0.12592,0.22196,0,0,0,0,,0.716424,3.539957,0.05885,1.401193,2.349308,0.219992
346,1060,Sharkling,WildFire,1761,1709,18,0,0,22.652125,0.12592,0.22196,16,2,0,18,1.709114,0.57428,18.837605,0.05885,4.103545,1.848287,0.102572
346,1065,Sharkling,MindMatrix,1761,1514,0,0,0,4.652125,0.12592,0.22196,0,0,0,0,,0.805628,3.980727,0.05885,0.960423,2.349308,0.219992
346,1066,Sharkling,CompetitiveBotTest,1761,1482,0,0,0,4.652125,0.12592,0.22196,0,0,0,0,,0.832863,4.115299,0.05885,0.825851,2.349308,0.219992
346,1067,Sharkling,Hello_world,1761,1600,0,0,0,4.652125,0.12592,0.22196,0,0,0,0,,0.716424,3.539957,0.05885,1.401193,2.349308,0.219992
346,1078,Sharkling,LoremIpsum,1761,1242,0,0,0,4.652125,0.12592,0.22196,0,0,0,0,,0.952011,4.704029,0.05885,0.237121,2.349308,0.219992
346,1079,Sharkling,JimmyBotT,1761,1675,0,0,0,4.652125,0.12592,0.22196,0,0,0,0,,0.621297,3.06992,0.05885,1.87123,2.349308,0.219992
346,1080,Sharkling,JimmyBot,1761,1675,0,0,0,4.652125,0.12592,0.22196,0,0,0,0,,0.621297,3.06992,0.05885,1.87123,2.349308,0.219992
346,1081,Sharkling,ArtZerg,1761,1537,0,0,0,4.652125,0.12592,0.22196,0,0,0,0,,0.784054,3.874127,0.05885,1.067023,2.349308,0.219992
346,1082,Sharkling,Dasyatis,1761,1573,0,0,0,4.652125,0.12592,0.22196,0,0,0,0,,0.746913,3.690609,0.05885,1.250541,2.349308,0.219992
346,1084,Sharkling,ZippyZap,1761,1457,0,0,0,4.652125,0.12592,0.22196,0,0,0,0,,0.851948,4.209605,0.05885,0.731545,2.349308,0.219992
346,1085,Sharkling,AgoraLord,1761,1430,0,0,0,4.652125,0.12592,0.22196,0,0,0,0,,0.8705,4.301272,0.05885,0.639878,2.349308,0.219992
346,1086,Sharkling,CherBoiBlue,1761,1500,0,0,0,4.652125,0.12592,0.22196,0,0,0,0,,0.817938,4.041553,0.05885,0.899597,2.349308,0.219992
346,1087,Sharkling,SwarmLord2,1761,1533,0,0,0,4.652125,0.12592,0.22196,0,0,0,0,,0.787927,3.893264,0.05885,1.047886,2.349308,0.219992
346,1088,Sharkling,SwarmLord3,1761,1562,0,0,0,4.652125,0.12592,0.22196,0,0,0,0,,0.758695,3.748824,0.05885,1.192326,2.349308,0.219992
346,1089,Sharkling,WorkingAsIntended,1761,1596,0,0,0,4.652125,0.12592,0.22196,0,0,0,0,,0.721078,3.562956,0.05885,1.378194,2.349308,0.219992
347,352,PhantomTest,Belzebuth,1600,1134,0,0,0,4.652125,0.12592,0.22196,0,0,0,0,,0.935987,4.624851,0.05885,0.316299,2.349308,0.219992
347,357,PhantomTest,12PoolBot,1600,1765,0,0,0,4.652125,0.12592,0.22196,0,0,0,0,,0.278922,1.378194,0.05885,3.562956,2.349308,0.219992
347,374,PhantomTest,SwarmLord,1600,1600,0,0,0,4.652125,0.12592,0.22196,0,0,0,0,,0.5,2.470575,0.05885,2.470575,2.349308,0.219992
347,446,PhantomTest,Xena,1600,1937,0,0,0,4.652125,0.12592,0.22196,0,0,0,0,,0.125656,0.620884,0.05885,4.320266,2.349308,0.219992
347,496,PhantomTest,Zozo,1600,2089,0,0,0,4.652125,0.12592,0.22196,0,0,0,0,,0.056524,0.279292,0.05885,4.661858,2.349308,0.219992
347,510,PhantomTest,PhantomBot,1600,1817,0,0,0,4.652125,0.12592,0.22196,0,0,0,0,,0.222847,1.10112,0.05885,3.84003,2.349308,0.219992
347,516,PhantomTest,27turtles,1600,1526,0,0,0,4.652125,0.12592,0.22196,0,0,0,0,,0.604913,2.988965,0.05885,1.952185,2.349308,0.219992
347,517,PhantomTest,VeTerran-revived,1600,1869,0,0,0,4.652125,0.12592,0.22196,0,0,0,0,,0.175305,0.866207,0.05885,4.074943,2.349308,0.219992
347,518,PhantomTest,norman,1600,1674,0,0,0,4.652125,0.12592,0.22196,0,0,0,0,,0.395087,1.952185,0.05885,2.988965,2.349308,0.219992
347,526,PhantomTest,Apidae,1600,1635,0,0,0,4.652125,0.12592,0.22196,0,0,0,0,,0.449801,2.222532,0.05885,2.718618,2.349308,0.219992
347,605,PhantomTest,nida,1600,1693,0,0,0,4.652125,0.12592,0.22196,0,0,0,0,,0.36927,1.824617,0.05885,3.116533,2.349308,0.219992
347,637,PhantomTest,72Tortoises,1600,1697,0,0,0,4.652125,0.12592,0.22196,0,0,0,0,,0.363923,1.798199,0.05885,3.142951,2.349308,0.219992
347,699,PhantomTest,Clicadinha,1600,1635,0,0,0,4.652125,0.12592,0.22196,0,0,0,0,,0.449801,2.222532,0.05885,2.718618,2.349308,0.219992
347,708,PhantomTest,Princess-Mika,1600,1521,0,0,0,4.652125,0.12592,0.22196,0,0,0,0,,0.611771,3.02285,0.05885,1.9183,2.349308,0.219992
347,709,PhantomTest,Laser-Circus,1600,1211,0,0,0,4.652125,0.12592,0.22196,0,0,0,0,,0.90372,4.465418,0.05885,0.475732,2.349308,0.219992
347,718,PhantomTest,Mulebot,1600,1689,0,0,0,4.652125,0.12592,0.22196,0,0,0,0,,0.374649,1.851195,0.05885,3.089955,2.349308,0.219992
347,720,PhantomTest,PiG_Bot,1600,1627,0,0,0,4.652125,0.12592,0.22196,0,0,0,0,,0.461222,2.278967,0.05885,2.662183,2.349308,0.219992
347,721,PhantomTest,49Terrapins,1600,1430,0,0,0,4.652125,0.12592,0.22196,0,0,0,0,,0.72683,3.591376,0.05885,1.349774,2.349308,0.219992
347,729,PhantomTest,Alexa,1600,1367,0,0,0,4.652125,0.12592,0.22196,0,0,0,0,,0.792696,3.916832,0.05885,1.024318,2.349308,0.219992
347,730,PhantomTest,Deimos,1600,2155,0,0,0,4.652125,0.12592,0.22196,0,0,0,0,,0.03936,0.194486,0.05885,4.746664,2.349308,0.219992
347,732,PhantomTest,GPT,1600,1830,0,0,0,4.652125,0.12592,0.22196,0,0,0,0,,0.210156,1.038411,0.05885,3.902739,2.349308,0.219992
347,759,PhantomTest,BotTato,1600,1710,0,0,0,4.652125,0.12592,0.22196,0,0,0,0,,0.346783,1.713506,0.05885,3.227644,2.349308,0.219992
347,779,PhantomTest,oberon,1600,1472,0,0,0,4.652125,0.12592,0.22196,0,0,0,0,,0.676302,3.341708,0.05885,1.599442,2.349308,0.219992
347,797,PhantomTest,WickedBot,1600,1707,0,0,0,4.652125,0.12592,0.22196,0,0,0,0,,0.350705,1.732886,0.05885,3.208264,2.349308,0.219992
347,809,PhantomTest,PrimordialOrigin,1600,1258,0,0,0,4.652125,0.12592,0.22196,0,0,0,0,,0.877473,4.335723,0.05885,0.605427,2.349308,0.219992
347,813,PhantomTest,MewCombatMicro,1600,1511,0,0,0,4.652125,0.12592,0.22196,0,0,0,0,,0.625351,3.089955,0.05885,1.851195,2.349308,0.219992
347,827,PhantomTest,smokinggunbot,1600,1579,0,0,0,4.652125,0.12592,0.22196,0,0,0,0,,0.530185,2.619722,0.05885,2.321428,2.349308,0.219992
347,832,PhantomTest,muravev,1600,1632,0,0,0,4.652125,0.12592,0.22196,0,0,0,0,,0.454078,2.243668,0.05885,2.697482,2.349308,0.219992
347,836,PhantomTest,muravevTerran,1600,1477,0,0,0,4.652125,0.12592,0.22196,0,0,0,0,,0.669969,3.310417,0.05885,1.630733,2.349308,0.219992
347,858,PhantomTest,Crawler,1600,1562,0,0,0,4.652125,0.12592,0.22196,0,0,0,0,,0.554469,2.739716,0.05885,2.201434,2.349308,0.219992
347,876,PhantomTest,GenesisLotus,1600,1411,0,0,0,4.652125,0.12592,0.22196,0,0,0,0,,0.748,3.695978,0.05885,1.245172,2.349308,0.219992
347,901,PhantomTest,clone,1600,1667,0,0,0,4.652125,0.12592,0.22196,0,0,0,0,,0.404757,1.999965,0.05885,2.941185,2.349308,0.219992
347,930,PhantomTest,SiriusBot,1600,1519,0,0,0,4.652125,0.12592,0.22196,0,0,0,0,,0.614501,3.036343,0.05885,1.904807,2.349308,0.219992
347,939,PhantomTest,RustyNikolaj,1600,1539,0,0,0,4.652125,0.12592,0.22196,0,0,0,0,,0.586895,2.899936,0.05885,2.041214,2.349308,0.219992
347,940,PhantomTest,Princess-Mika-Test,1600,1524,0,0,0,4.652125,0.12592,0.22196,0,0,0,0,,0.607661,3.002544,0.05885,1.938606,2.349308,0.219992
347,943,PhantomTest,puck,1600,1529,0,0,0,4.652125,0.12592,0.22196,0,0,0,0,,0.600778,2.968535,0.05885,1.972615,2.349308,0.219992
347,948,PhantomTest,titania,1600,1185,0,0,0,4.652125,0.12592,0.22196,0,0,0,0,,0.915979,4.525992,0.05885,0.415158,2.349308,0.219992
347,953,PhantomTest,ZeratulsRevengeTest,1600,1702,0,0,0,4.652125,0.12592,0.22196,0,0,0,0,,0.357287,1.765408,0.05885,3.175742,2.349308,0.219992
347,959,PhantomTest,ur_moms_a_ho,1600,1600,0,0,0,4.652125,0.12592,0.22196,0,0,0,0,,0.5,2.470575,0.05885,2.470575,2.349308,0.219992
347,960,PhantomTest,BigDaddy,1600,1637,0,0,0,4.652125,0.12592,0.22196,0,0,0,0,,0.446953,2.208462,0.05885,2.732688,2.349308,0.219992
347,961,PhantomTest,AvocaDOS,1600,1751,0,0,0,4.652125,0.12592,0.22196,0,0,0,0,,0.295415,1.459692,0.05885,3.481458,2.349308,0.219992
347,962,PhantomTest,AvocaDEV,1600,1700,0,0,0,4.652125,0.12592,0.22196,0,0,0,0,,0.359935,1.778493,0.05885,3.162657,2.349308,0.219992
347,966,PhantomTest,ArgoBot,1600,1909,0,0,0,4.652125,0.12592,0.22196,0,0,0,0,,0.144458,0.713788,0.05885,4.227362,2.349308,0.219992
347,970,PhantomTest,TheLAW,1600,1576,0,0,0,4.652125,0.12592,0.22196,0,0,0,0,,0.534484,2.640965,0.05885,2.300185,2.349308,0.219992
347,971,PhantomTest,Nothing,1600,1570,0,0,0,4.652125,0.12592,0.22196,0,0,0,0,,0.543066,2.683373,0.05885,2.257777,2.349308,0.219992
347,977,PhantomTest,Siriusly,1600,1392,0,0,0,4.652125,0.12592,0.22196,0,0,0,0,,0.768052,3.79506,0.05885,1.14609,2.349308,0.219992
347,981,PhantomTest,KoB,1600,1499,0,0,0,4.652125,0.12592,0.22196,0,0,0,0,,0.64139,3.169205,0.05885,1.771945,2.349308,0.219992
347,998,PhantomTest,LordSuperKing,1600,1656,0,0,0,4.652125,0.12592,0.22196,0,0,0,0,,0.4201,2.075778,0.05885,2.865372,2.349308,0.219992
347,1007,PhantomTest,SharkGull,1600,1605,0,0,0,4.652125,0.12592,0.22196,0,0,0,0,,0.492805,2.435023,0.05885,2.506127,2.349308,0.219992
347,1008,PhantomTest,Creepy_canon,1600,1587,0,0,0,4.652125,0.12592,0.22196,0,0,0,0,,0.5187,2.562973,0.05885,2.378177,2.349308,0.219992
347,1023,PhantomTest,MY_SCRIPTING_SON,1600,1275,0,0,0,4.652125,0.12592,0.22196,0,0,0,0,,0.866557,4.281786,0.05885,0.659364,2.349308,0.219992
347,1026,PhantomTest,WildLupo,1600,1199,0,0,0,4.652125,0.12592,0.22196,0,0,0,0,,0.909566,4.4943,0.05885,0.44685,2.349308,0.219992
347,1029,PhantomTest,Chomppet,1600,1600,0,0,0,4.652125,0.12592,0.22196,0,0,0,0,,0.5,2.470575,0.05885,2.470575,2.349308,0.219992
347,1030,PhantomTest,who,1600,1924,0,0,0,4.652125,0.12592,0.22196,0,0,0,0,,0.13411,0.66266,0.05885,4.27849,2.349308,0.219992
347,1032,PhantomTest,WaterLeak,1600,1607,0,0,0,4.652125,0.12592,0.22196,0,0,0,0,,0.489928,2.420806,0.05885,2.520344,2.349308,0.219992
347,1038,PhantomTest,PolyMorph,1600,1463,0,0,0,4.652125,0.12592,0.22196,0,0,0,0,,0.687538,3.39723,0.05885,1.54392,2.349308,0.219992
347,1042,PhantomTest,Creepy_duo_canon,1600,1386,0,0,0,4.652125,0.12592,0.22196,0,0,0,0,,0.774148,3.825181,0.05885,1.115969,2.349308,0.219992
347,1044,PhantomTest,DoopyBot,1600,1418,0,0,0,4.652125,0.12592,0.22196,0,0,0,0,,0.740328,3.658074,0.05885,1.283076,2.349308,0.219992
347,1045,PhantomTest,tito,1600,1801,0,0,0,4.652125,0.12592,0.22196,0,0,0,0,,0.239204,1.181942,0.05885,3.759208,2.349308,0.219992
347,1049,PhantomTest,TheCatSC2Bot,1600,970,0,0,0,4.652125,0.12592,0.22196,0,0,0,0,,0.974082,4.813087,0.05885,0.128063,2.349308,0.219992
347,1050,PhantomTest,onlyfans,1600,1517,0,0,0,4.652125,0.12592,0.22196,0,0,0,0,,0.617225,3.049801,0.05885,1.891349,2.349308,0.219992
347,1052,PhantomTest,Starlight,1600,1204,0,0,0,4.652125,0.12592,0.22196,0,0,0,0,,0.90717,4.482463,0.05885,0.458687,2.349308,0.219992
347,1054,PhantomTest,JimmyBotZ,1600,1724,0,0,0,4.652125,0.12592,0.22196,0,0,0,0,,0.328759,1.62445,0.05885,3.3167,2.349308,0.219992
347,1056,PhantomTest,bilisaur,1600,1600,0,0,0,4.652125,0.12592,0.22196,0,0,0,0,,0.5,2.470575,0.05885,2.470575,2.349308,0.219992
347,1057,PhantomTest,DoopyBot-Test,1600,1238,0,0,0,4.652125,0.12592,0.22196,0,0,0,0,,0.889323,4.394276,0.05885,0.546874,2.349308,0.219992
347,1058,PhantomTest,JimmyBotP,1600,1711,0,0,0,4.652125,0.12592,0.22196,0,0,0,0,,0.34548,1.707069,0.05885,3.234081,2.349308,0.219992
347,1059,PhantomTest,NextProBot,1600,1600,0,0,0,4.652125,0.12592,0.22196,0,0,0,0,,0.5,2.470575,0.05885,2.470575,2.349308,0.219992
347,1060,PhantomTest,WildFire,1600,1709,0,0,0,4.652125,0.12592,0.22196,0,0,0,0,,0.348088,1.719955,0.05885,3.221195,2.349308,0.219992
347,1065,PhantomTest,MindMatrix,1600,1514,0,0,0,4.652125,0.12592,0.22196,0,0,0,0,,0.621297,3.06992,0.05885,1.87123,2.349308,0.219992
347,1066,PhantomTest,CompetitiveBotTest,1600,1482,0,0,0,4.652125,0.12592,0.22196,0,0,0,0,,0.663574,3.278819,0.05885,1.662331,2.349308,0.219992
347,1067,PhantomTest,Hello_world,1600,1600,0,0,0,4.652125,0.12592,0.22196,0,0,0,0,,0.5,2.470575,0.05885,2.470575,2.349308,0.219992
347,1078,PhantomTest,LoremIpsum,1600,1242,0,0,0,4.652125,0.12592,0.22196,0,0,0,0,,0.887036,4.382977,0.05885,0.558173,2.349308,0.219992
347,1079,PhantomTest,JimmyBotT,1600,1675,0,0,0,4.652125,0.12592,0.22196,0,0,0,0,,0.393712,1.945391,0.05885,2.995759,2.349308,0.219992
347,1080,PhantomTest,JimmyBot,1600,1675,0,0,0,4.652125,0.12592,0.22196,0,0,0,0,,0.393712,1.945391,0.05885,2.995759,2.349308,0.219992
347,1081,PhantomTest,ArtZerg,1600,1537,0,0,0,4.652125,0.12592,0.22196,0,0,0,0,,0.589684,2.913715,0.05885,2.027435,2.349308,0.219992
347,1082,PhantomTest,Dasyatis,1600,1573,0,0,0,4.652125,0.12592,0.22196,0,0,0,0,,0.538778,2.662183,0.05885,2.278967,2.349308,0.219992
347,1084,PhantomTest,ZippyZap,1600,1457,0,0,0,4.652125,0.12592,0.22196,0,0,0,0,,0.69491,3.433653,0.05885,1.507497,2.349308,0.219992
347,1085,PhantomTest,AgoraLord,1600,1430,0,0,0,4.652125,0.12592,0.22196,0,0,0,0,,0.72683,3.591376,0.05885,1.349774,2.349308,0.219992
347,1086,PhantomTest,CherBoiBlue,1600,1500,0,0,0,4.652125,0.12592,0.22196,0,0,0,0,,0.640065,3.162657,0.05885,1.778493,2.349308,0.219992
347,1087,PhantomTest,SwarmLord2,1600,1533,0,0,0,4.652125,0.12592,0.22196,0,0,0,0,,0.595243,2.941185,0.05885,1.999965,2.349308,0.219992
347,1088,PhantomTest,SwarmLord3,1600,1562,0,0,0,4.652125,0.12592,0.22196,0,0,0,0,,0.554469,2.739716,0.05885,2.201434,2.349308,0.219992
347,1089,PhantomTest,WorkingAsIntended,1600,1596,0,0,0,4.652125,0.12592,0.22196,0,0,0,0,,0.505756,2.499017,0.05885,2.442133,2.349308,0.219992
352,357,Belzebuth,12PoolBot,1134,1765,0,0,0,4.652125,0.12592,0.22196,0,0,0,0,,0.025773,0.127347,0.05885,4.813803,2.349308,0.219992
352,374,Belzebuth,SwarmLord,1134,1600,0,0,0,4.652125,0.12592,0.22196,0,0,0,0,,0.064013,0.316299,0.05885,4.624851,2.349308,0.219992
352,446,Belzebuth,Xena,1134,1937,0,0,1,4.652125,0.12592,1.22196,0,0,0,0,,0.009733,0.048093,0.05885,4.893057,2.349308,0.219992
352,496,Belzebuth,Zozo,1134,2089,1,0,0,5.652125,0.12592,0.22196,0,1,0,1,2.293544,0.004081,0.020163,0.05885,5.920987,2.340014,0.200824
352,510,Belzebuth,PhantomBot,1134,1817,0,0,0,4.652125,0.12592,0.22196,0,0,0,0,,0.019234,0.095037,0.05885,4.846113,2.349308,0.219992
352,516,Belzebuth,27turtles,1134,1526,2,0,0,6.652125,0.12592,0.22196,0,2,0,2,3.13947,0.094787,0.468359,0.05885,6.472791,2.575069,0.185927
352,517,Belzebuth,VeTerran-revived,1134,1869,1,0,0,5.652125,0.12592,0.22196,0,1,0,1,1.912501,0.01433,0.070804,0.05885,5.870346,2.276507,0.200824
352,518,Belzebuth,norman,1134,1674,0,0,0,4.652125,0.12592,0.22196,0,0,0,0,,0.042758,0.211276,0.05885,4.729874,2.349308,0.219992
352,526,Belzebuth,Apidae,1134,1635,0,0,1,4.652125,0.12592,1.22196,0,0,0,0,,0.052951,0.261638,0.05885,4.679512,2.349308,0.219992
352,605,Belzebuth,nida,1134,1693,0,0,1,4.652125,0.12592,1.22196,0,0,0,0,,0.038499,0.190229,0.05885,4.750921,2.349308,0.219992
352,637,Belzebuth,72Tortoises,1134,1697,1,0,0,5.652125,0.12592,0.22196,0,1,0,1,2.753024,0.037656,0.186062,0.05885,5.755088,2.416594,0.200824
352,699,Belzebuth,Clicadinha,1134,1635,0,0,0,4.652125,0.12592,0.22196,0,0,0,0,,0.052951,0.261638,0.05885,4.679512,2.349308,0.219992
352,708,Belzebuth,Princess-Mika,1134,1521,21,0,18,25.652125,0.12592,18.22196,2,19,0,21,2.343142,0.097286,2.480705,0.05885,23.460445,2.344328,0.096473
352,709,Belzebuth,Laser-Circus,1134,1211,0,1,8,4.652125,1.12592,8.22196,0,0,0,0,,0.390967,1.931829,0.05885,3.009321,2.349308,0.219992
352,718,Belzebuth,Mulebot,1134,1689,0,0,0,4.652125,0.12592,0.22196,0,0,0,0,,0.03936,0.194486,0.05885,4.746664,2.349308,0.219992
352,720,Belzebuth,PiG_Bot,1134,1627,1,0,0,5.652125,0.12592,0.22196,0,1,0,1,2.028148,0.055308,0.273286,0.05885,5.667864,2.295781,0.200824
352,721,Belzebuth,49Terrapins,1134,1430,33,0,3,37.652125,0.12592,3.22196,0,33,0,33,2.308973,0.153955,0.760714,0.05885,37.180436,2.31428,0.079799
352,729,Belzebuth,Alexa,1134,1367,23,2,18,27.652125,2.12592,18.22196,0,23,0,23,2.94692,0.207304,1.024318,0.05885,26.916832,2.840204,0.092963
352,730,Belzebuth,Deimos,1134,2155,0,0,0,4.652125,0.12592,0.22196,0,0,0,0,,0.002794,0.013807,0.05885,4.927343,2.349308,0.219992
352,732,Belzebuth,GPT,1134,1830,0,0,0,4.652125,0.12592,0.22196,0,0,0,0,,0.017872,0.088307,0.05885,4.852843,2.349308,0.219992
352,759,Belzebuth,BotTato,1134,1710,0,0,0,4.652125,0.12592,0.22196,0,0,0,0,,0.035036,0.173117,0.05885,4.768033,2.349308,0.219992
352,779,Belzebuth,oberon,1134,1472,29,6,19,33.652125,6.12592,19.22196,9,18,2,29,2.883,0.125025,9.617766,2.05885,22.323384,2.804516,0.084363
352,797,Belzebuth,WickedBot,1134,1707,0,0,1,4.652125,0.12592,1.22196,0,0,0,0,,0.035624,0.176025,0.05885,4.765125,2.349308,0.219992
352,809,Belzebuth,PrimordialOrigin,1134,1258,33,1,22,37.652125,1.12592,22.22196,2,31,0,33,2.324982,0.328759,3.62445,0.05885,34.3167,2.328182,0.079799
352,813,Belzebuth,MewCombatMicro,1134,1511,1,0,0,5.652125,0.12592,0.22196,1,0,0,1,1.572774,0.10246,1.50627,0.05885,4.43488,2.219886,0.200824
352,827,Belzebuth,smokinggunbot,1134,1579,5,0,0,9.652125,0.12592,0.22196,0,5,0,5,2.454311,0.071649,0.35403,0.05885,9.58712,2.401809,0.155557
352,832,Belzebuth,muravev,1134,1632,1,0,0,5.652125,0.12592,0.22196,0,1,0,1,2.60417,0.053824,0.26595,0.05885,5.6752,2.391785,0.200824
352,836,Belzebuth,muravevTerran,1134,1477,10,0,0,14.652125,0.12592,0.22196,0,10,0,10,2.390342,0.12191,0.602375,0.05885,14.338775,2.376664,0.127012
352,858,Belzebuth,Crawler,1134,1562,11,0,1,15.652125,0.12592,1.22196,0,11,0,11,1.513035,0.078438,0.387572,0.05885,15.553578,1.77437,0.122979
352,876,Belzebuth,GenesisLotus,1134,1411,41,1,6,45.652125,1.12592,6.22196,0,40,1,41,2.19589,0.168746,0.8338,1.05885,44.10735,2.212566,0.072529
352,901,Belzebuth,clone,1134,1667,0,0,0,4.652125,0.12592,0.22196,0,0,0,0,,0.044438,0.219577,0.05885,4.721573,2.349308,0.219992
352,930,Belzebuth,SiriusBot,1134,1519,17,2,9,21.652125,2.12592,9.22196,0,17,0,17,2.349802,0.098302,0.485724,0.05885,21.455426,2.349689,0.104877
352,939,Belzebuth,RustyNikolaj,1134,1539,27,0,2,31.652125,0.12592,2.22196,0,27,0,27,2.473412,0.088558,0.437579,0.05885,31.503571,2.454021,0.086959
352,940,Belzebuth,Princess-Mika-Test,1134,1524,15,0,20,19.652125,0.12592,20.22196,0,15,0,15,2.131639,0.09578,0.473263,0.05885,19.467887,2.186056,0.109996
352,943,Belzebuth,puck,1134,1529,22,1,25,26.652125,1.12592,25.22196,0,22,0,22,1.950583,0.093316,0.461088,0.05885,26.480062,2.024421,0.094669
352,948,Belzebuth,titania,1134,1185,23,0,8,27.652125,0.12592,8.22196,23,0,0,23,2.737246,0.427128,25.110502,0.05885,2.830648,2.667971,0.092963
352,953,Belzebuth,ZeratulsRevengeTest,1134,1702,1,0,0,5.652125,0.12592,0.22196,0,1,0,1,1.510722,0.036626,0.180977,0.05885,5.760173,2.209544,0.200824
352,959,Belzebuth,ur_moms_a_ho,1134,1600,0,0,0,4.652125,0.12592,0.22196,0,0,0,0,,0.064013,0.316299,0.05885,4.624851,2.349308,0.219992
352,960,Belzebuth,BigDaddy,1134,1637,0,0,0,4.652125,0.12592,0.22196,0,0,0,0,,0.052376,0.2588,0.05885,4.68235,2.349308,0.219992
352,961,Belzebuth,AvocaDOS,1134,1751,0,0,0,4.652125,0.12592,0.22196,0,0,0,0,,0.027875,0.137737,0.05885,4.803413,2.349308,0.219992
352,962,Belzebuth,AvocaDEV,1134,1700,1,0,0,5.652125,0.12592,0.22196,0,1,0,1,1.941615,0.037035,0.182995,0.05885,5.758155,2.281359,0.200824
352,966,Belzebuth,ArgoBot,1134,1909,0,0,0,4.652125,0.12592,0.22196,0,0,0,0,,0.011416,0.056408,0.05885,4.884742,2.349308,0.219992
352,970,Belzebuth,TheLAW,1134,1576,1,0,2,5.652125,0.12592,2.22196,0,1,0,1,2.161022,0.072807,0.359748,0.05885,5.581402,2.317927,0.200824
352,971,Belzebuth,Nothing,1134,1570,1,0,0,5.652125,0.12592,0.22196,0,1,0,1,2.116256,0.075173,0.37144,0.05885,5.56971,2.310466,0.200824
352,977,Belzebuth,Siriusly,1134,1392,30,2,18,34.652125,2.12592,18.22196,6,21,3,30,2.400894,0.184648,6.912374,3.05885,25.028776,2.393525,0.083149
352,981,Belzebuth,KoB,1134,1499,18,1,12,22.652125,1.12592,12.22196,0,18,0,18,2.224686,0.108989,0.538531,0.05885,22.402619,2.251778,0.102572
352,998,Belzebuth,LordSuperKing,1134,1656,0,0,1,4.652125,0.12592,1.22196,0,0,0,0,,0.047206,0.233253,0.05885,4.707897,2.349308,0.219992
352,1007,Belzebuth,SharkGull,1134,1605,0,0,1,4.652125,0.12592,1.22196,0,0,0,0,,0.06231,0.307884,0.05885,4.633266,2.349308,0.219992
352,1008,Belzebuth,Creepy_canon,1134,1587,1,0,0,5.652125,0.12592,0.22196,0,1,0,1,1.953028,0.068646,0.33919,0.05885,5.60196,2.283261,0.200824
352,1023,Belzebuth,MY_SCRIPTING_SON,1134,1275,22,5,27,26.652125,5.12592,27.22196,9,13,0,22,2.589539,0.307537,10.519585,0.05885,16.421565,2.545052,0.094669
352,1026,Belzebuth,WildLupo,1134,1199,30,4,22,34.652125,4.12592,22.22196,6,24,0,30,2.635196,0.407534,8.013685,0.05885,26.927465,2.594355,0.083149
352,1029,Belzebuth,Chomppet,1134,1600,0,0,0,4.652125,0.12592,0.22196,0,0,0,0,,0.064013,0.316299,0.05885,4.624851,2.349308,0.219992
352,1030,Belzebuth,who,1134,1924,0,0,0,4.652125,0.12592,0.22196,0,0,0,0,,0.010482,0.051791,0.05885,4.889359,2.349308,0.219992
352,1032,Belzebuth,WaterLeak,1134,1607,0,0,0,4.652125,0.12592,0.22196,0,0,0,0,,0.061641,0.304577,0.05885,4.636573,2.349308,0.219992
352,1038,Belzebuth,PolyMorph,1134,1463,28,0,20,32.652125,0.12592,20.22196,0,28,0,28,2.569259,0.130803,0.646318,0.05885,32.294832,2.535933,0.085632
352,1042,Belzebuth,Creepy_duo_canon,1134,1386,20,5,10,24.652125,5.12592,10.22196,10,10,0,20,2.429318,0.189905,10.938348,0.05885,14.002802,2.413316,0.098383
352,1044,Belzebuth,DoopyBot,1134,1418,15,4,17,19.652125,4.12592,17.22196,3,12,0,15,2.541728,0.163169,3.806243,0.05885,16.134907,2.493623,0.109996
352,1045,Belzebuth,tito,1134,1801,0,0,0,4.652125,0.12592,0.22196,0,0,0,0,,0.02105,0.104013,0.05885,4.837137,2.349308,0.219992
352,1049,Belzebuth,TheCatSC2Bot,1134,970,33,15,8,37.652125,15.12592,8.22196,30,0,3,33,3.093489,0.719919,33.557228,3.05885,1.383922,2.99557,0.079799
352,1050,Belzebuth,onlyfans,1134,1517,24,1,5,28.652125,1.12592,5.22196,0,24,0,24,2.418069,0.099327,0.490789,0.05885,28.450361,2.406214,0.091347
352,1052,Belzebuth,Starlight,1134,1204,28,6,16,32.652125,6.12592,16.22196,6,19,3,28,2.928131,0.400603,7.979441,3.05885,21.961709,2.840431,0.085632
352,1054,Belzebuth,JimmyBotZ,1134,1724,5,0,3,9.652125,0.12592,3.22196,0,5,0,5,2.416267,0.032411,0.160147,0.05885,9.781003,2.382788,0.155557
352,1056,Belzebuth,bilisaur,1134,1600,0,0,0,4.652125,0.12592,0.22196,0,0,0,0,,0.064013,0.316299,0.05885,4.624851,2.349308,0.219992
352,1057,Belzebuth,DoopyBot-Test,1134,1238,19,11,10,23.652125,11.12592,10.22196,4,13,2,19,2.671731,0.354648,5.752367,2.05885,16.188783,2.604559,0.100412
352,1058,Belzebuth,JimmyBotP,1134,1711,9,4,5,13.652125,4.12592,5.22196,1,7,1,9,2.737786,0.034842,1.172158,1.05885,11.768992,2.599044,0.13147
352,1059,Belzebuth,NextProBot,1134,1600,0,0,0,4.652125,0.12592,0.22196,0,0,0,0,,0.064013,0.316299,0.05885,4.624851,2.349308,0.219992
352,1060,Belzebuth,WildFire,1134,1709,2,0,0,6.652125,0.12592,0.22196,0,2,0,2,1.66855,0.035231,0.174081,0.05885,6.767069,2.154806,0.185927
352,1065,Belzebuth,MindMatrix,1134,1514,14,0,6,18.652125,0.12592,6.22196,1,12,1,14,2.39514,0.100883,1.498476,1.05885,16.442674,2.383079,0.112853
352,1066,Belzebuth,CompetitiveBotTest,1134,1482,1,0,0,5.652125,0.12592,0.22196,1,0,0,1,2.824944,0.118862,1.587316,0.05885,4.353834,2.428581,0.200824
352,1067,Belzebuth,Hello_world,1134,1600,0,0,0,4.652125,0.12592,0.22196,0,0,0,0,,0.064013,0.316299,0.05885,4.624851,2.349308,0.219992
352,1078,Belzebuth,LoremIpsum,1134,1242,13,4,4,17.652125,4.12592,4.22196,4,6,3,13,3.069951,0.349395,5.726415,3.05885,9.214735,2.869773,0.115946
352,1079,Belzebuth,JimmyBotT,1134,1675,2,0,0,6.652125,0.12592,0.22196,0,2,0,2,2.418474,0.042523,0.210115,0.05885,6.731035,2.36907,0.185927
352,1080,Belzebuth,JimmyBot,1134,1675,2,0,0,6.652125,0.12592,0.22196,0,2,0,2,1.889557,0.042523,0.210115,0.05885,6.731035,2.21795,0.185927
352,1081,Belzebuth,ArtZerg,1134,1537,2,0,0,6.652125,0.12592,0.22196,0,2,0,2,1.298746,0.089492,0.442193,0.05885,6.498957,2.049147,0.185927
352,1082,Belzebuth,Dasyatis,1134,1573,3,3,4,7.652125,3.12592,4.22196,1,2,0,3,2.28893,0.073981,1.365551,0.05885,6.575599,2.326666,0.173919
352,1084,Belzebuth,ZippyZap,1134,1457,0,0,1,4.652125,0.12592,1.22196,0,0,0,0,,0.13478,0.66597,0.05885,4.27518,2.349308,0.219992
352,1085,Belzebuth,AgoraLord,1134,1430,1,1,1,5.652125,1.12592,1.22196,0,1,0,1,3.088767,0.153955,0.760714,0.05885,5.180436,2.472551,0.200824
352,1086,Belzebuth,CherBoiBlue,1134,1500,1,0,0,5.652125,0.12592,0.22196,0,1,0,1,2.783158,0.108431,0.535775,0.05885,5.405375,2.421616,0.200824
352,1087,Belzebuth,SwarmLord2,1134,1533,0,0,0,4.652125,0.12592,0.22196,0,0,0,0,,0.091386,0.451552,0.05885,4.489598,2.349308,0.219992
352,1088,Belzebuth,SwarmLord3,1134,1562,1,0,0,5.652125,0.12592,0.22196,1,0,0,1,1.711995,0.078438,1.387572,0.05885,4.553578,2.243089,0.200824
352,1089,Belzebuth,WorkingAsIntended,1134,1596,0,0,1,4.652125,0.12592,1.22196,0,0,0,0,,0.065407,0.323185,0.05885,4.617965,2.349308,0.219992
357,374,12PoolBot,SwarmLord,1765,1600,0,0,0,4.652125,0.12592,0.22196,0,0,0,0,,0.721078,3.562956,0.05885,1.378194,2.349308,0.219992
357,446,12PoolBot,Xena,1765,1937,25,0,0,29.652125,0.12592,0.22196,8,17,0,25,2.1276,0.27089,9.338508,0.05885,20.602642,2.164551,0.089811
357,496,12PoolBot,Zozo,1765,2089,27,0,0,31.652125,0.12592,0.22196,4,23,0,27,2.311594,0.13411,4.66266,0.05885,27.27849,2.317486,0.086959
357,510,12PoolBot,PhantomBot,1765,1817,24,0,0,28.652125,0.12592,0.22196,16,8,0,24,1.789575,0.42572,18.103545,0.05885,10.837605,1.886081,0.091347
357,516,12PoolBot,27turtles,1765,1526,6,0,0,10.652125,0.12592,0.22196,6,0,0,6,2.640094,0.798315,9.944593,0.05885,0.996557,2.507918,0.148318
357,517,12PoolBot,VeTerran-revived,1765,1869,27,0,0,31.652125,0.12592,0.22196,2,25,0,27,2.086669,0.354648,3.752367,0.05885,28.188783,2.127707,0.086959
357,518,12PoolBot,norman,1765,1674,10,0,0,14.652125,0.12592,0.22196,10,0,0,10,1.556673,0.628045,13.103264,0.05885,1.837886,1.820885,0.127012
357,526,12PoolBot,Apidae,1765,1635,8,0,0,12.652125,0.12592,0.22196,8,0,0,8,1.509364,0.678817,11.354136,0.05885,1.587014,1.832419,0.136433
357,605,12PoolBot,nida,1765,1693,8,1,0,12.652125,1.12592,0.22196,7,1,0,8,2.940372,0.602158,9.975353,0.05885,2.965797,2.71304,0.136433
357,637,12PoolBot,72Tortoises,1765,1697,8,0,0,12.652125,0.12592,0.22196,7,1,0,8,1.789468,0.596629,9.948034,0.05885,2.993116,2.004791,0.136433
357,699,12PoolBot,Clicadinha,1765,1635,6,0,0,10.652125,0.12592,0.22196,2,4,0,6,1.912312,0.678817,5.354136,0.05885,5.587014,2.110946,0.148318
357,708,12PoolBot,Princess-Mika,1765,1521,2,0,0,6.652125,0.12592,0.22196,2,0,0,2,1.456876,0.802909,5.967295,0.05885,0.973855,2.094327,0.185927
357,709,12PoolBot,Laser-Circus,1765,1211,0,0,0,4.652125,0.12592,0.22196,0,0,0,0,,0.960421,4.745586,0.05885,0.195564,2.349308,0.219992
357,718,12PoolBot,Mulebot,1765,1689,10,0,0,14.652125,0.12592,0.22196,10,0,0,10,1.995827,0.607661,13.002544,0.05885,1.938606,2.113654,0.127012
357,720,12PoolBot,PiG_Bot,1765,1627,4,0,0,8.652125,0.12592,0.22196,2,2,0,4,1.746903,0.688774,5.403334,0.05885,3.537816,2.081573,0.163972
357,721,12PoolBot,49Terrapins,1765,1430,1,0,0,5.652125,0.12592,0.22196,1,0,0,1,1.495149,0.873074,5.313989,0.05885,0.627161,2.206948,0.200824
357,729,12PoolBot,Alexa,1765,1367,1,0,0,5.652125,0.12592,0.22196,1,0,0,1,2.518503,0.908135,5.487231,0.05885,0.453919,2.377507,0.200824
357,730,12PoolBot,Deimos,1765,2155,25,0,1,29.652125,0.12592,1.22196,6,19,0,25,2.211945,0.09578,6.473263,0.05885,23.467887,2.234839,0.089811
357,732,12PoolBot,GPT,1765,1830,27,0,0,31.652125,0.12592,0.22196,2,25,0,27,1.742834,0.407534,4.013685,0.05885,27.927465,1.837596,0.086959
357,759,12PoolBot,BotTato,1765,1710,20,1,0,24.652125,1.12592,0.22196,3,17,0,20,2.6598,0.578497,5.858439,0.05885,19.082711,2.597701,0.098383
357,779,12PoolBot,oberon,1765,1472,0,0,0,4.652125,0.12592,0.22196,0,0,0,0,,0.843782,4.169255,0.05885,0.771895,2.349308,0.219992
357,797,12PoolBot,WickedBot,1765,1707,17,1,1,21.652125,1.12592,1.22196,12,5,0,17,2.021777,0.582702,14.879217,0.05885,7.061933,2.096216,0.104877
357,809,12PoolBot,PrimordialOrigin,1765,1258,0,0,0,4.652125,0.12592,0.22196,0,0,0,0,,0.948755,4.687939,0.05885,0.253211,2.349308,0.219992
357,813,12PoolBot,MewCombatMicro,1765,1511,0,0,0,4.652125,0.12592,0.22196,0,0,0,0,,0.81186,4.011522,0.05885,0.929628,2.349308,0.219992
357,827,12PoolBot,smokinggunbot,1765,1579,4,0,0,8.652125,0.12592,0.22196,3,1,0,4,1.721911,0.74473,6.679825,0.05885,2.261325,2.070465,0.163972
357,832,12PoolBot,muravev,1765,1632,6,0,0,10.652125,0.12592,0.22196,6,0,0,6,1.594968,0.68257,9.372683,0.05885,1.568467,1.93785,0.148318
357,836,12PoolBot,muravevTerran,1765,1477,1,0,0,5.652125,0.12592,0.22196,1,0,0,1,1.313724,0.839951,5.150322,0.05885,0.790828,2.176711,0.200824
357,858,12PoolBot,Crawler,1765,1562,4,0,0,8.652125,0.12592,0.22196,2,2,0,4,1.782775,0.762885,5.769529,0.05885,3.171621,2.097516,0.163972
357,876,12PoolBot,GenesisLotus,1765,1411,1,0,0,5.652125,0.12592,0.22196,1,0,0,1,1.319086,0.884708,5.371474,0.05885,0.569676,2.177604,0.200824
357,901,12PoolBot,clone,1765,1667,5,0,0,9.652125,0.12592,0.22196,5,0,0,5,1.86627,0.637408,8.14953,0.05885,1.79162,2.107789,0.155557
357,930,12PoolBot,SiriusBot,1765,1519,2,0,0,6.652125,0.12592,0.22196,2,0,0,2,1.367979,0.804725,5.976265,0.05885,0.964885,2.068928,0.185927
357,939,12PoolBot,RustyNikolaj,1765,1539,1,0,0,5.652125,0.12592,0.22196,0,0,1,1,3.377588,0.785997,3.883727,1.05885,1.057423,2.520688,0.200824
357,940,12PoolBot,Princess-Mika-Test,1765,1524,2,0,0,6.652125,0.12592,0.22196,2,0,0,2,1.386469,0.800162,5.953721,0.05885,0.987429,2.074211,0.185927
357,943,12PoolBot,puck,1765,1529,3,0,0,7.652125,0.12592,0.22196,3,0,0,3,1.584002,0.79552,6.930783,0.05885,1.010367,2.062318,0.173919
357,948,12PoolBot,titania,1765,1185,0,0,0,4.652125,0.12592,0.22196,0,0,0,0,,0.965734,4.771839,0.05885,0.169311,2.349308,0.219992
357,953,12PoolBot,ZeratulsRevengeTest,1765,1702,20,0,0,24.652125,0.12592,0.22196,10,10,0,20,1.93854,0.589684,12.913715,0.05885,12.027435,2.020693,0.098383
357,959,12PoolBot,ur_moms_a_ho,1765,1600,0,0,0,4.652125,0.12592,0.22196,0,0,0,0,,0.721078,3.562956,0.05885,1.378194,2.349308,0.219992
357,960,12PoolBot,BigDaddy,1765,1637,7,1,0,11.652125,1.12592,0.22196,2,5,0,7,1.755026,0.676302,5.341708,0.05885,6.599442,2.002643,0.142004
357,961,12PoolBot,AvocaDOS,1765,1751,24,0,0,28.652125,0.12592,0.22196,6,18,0,24,2.081137,0.520137,8.570074,0.05885,20.371076,2.127373,0.091347
357,962,12PoolBot,AvocaDEV,1765,1700,2,0,0,6.652125,0.12592,0.22196,1,1,0,2,2.193651,0.592466,3.927465,0.05885,3.013685,2.304835,0.185927
357,966,12PoolBot,ArgoBot,1765,1909,26,0,0,30.652125,0.12592,0.22196,0,26,0,26,2.431971,0.303871,1.501473,0.05885,29.439677,2.418638,0.088351
357,970,12PoolBot,TheLAW,1765,1576,6,0,0,10.652125,0.12592,0.22196,6,0,0,6,1.3225,0.748,9.695978,0.05885,1.245172,1.789231,0.148318
357,971,12PoolBot,Nothing,1765,1570,6,0,0,10.652125,0.12592,0.22196,6,0,0,6,1.388793,0.754454,9.727871,0.05885,1.213279,1.825391,0.148318
357,977,12PoolBot,Siriusly,1765,1392,0,0,0,4.652125,0.12592,0.22196,0,0,0,0,,0.895403,4.424321,0.05885,0.516829,2.349308,0.219992
357,981,12PoolBot,KoB,1765,1499,2,0,0,6.652125,0.12592,0.22196,1,1,0,2,1.841154,0.822185,5.062537,0.05885,1.878613,2.204121,0.185927
357,998,12PoolBot,LordSuperKing,1765,1656,9,0,0,13.652125,0.12592,0.22196,4,5,0,9,2.009375,0.651912,7.221195,0.05885,6.719955,2.130779,0.13147
357,1007,12PoolBot,SharkGull,1765,1605,4,0,0,8.652125,0.12592,0.22196,4,0,0,4,1.405511,0.715253,7.534171,0.05885,1.406979,1.929843,0.163972
357,1008,12PoolBot,Creepy_canon,1765,1587,0,0,0,4.652125,0.12592,0.22196,0,0,0,0,,0.735877,3.636081,0.05885,1.305069,2.349308,0.219992
357,1023,12PoolBot,MY_SCRIPTING_SON,1765,1275,0,0,0,4.652125,0.12592,0.22196,0,0,0,0,,0.943782,4.663371,0.05885,0.277779,2.349308,0.219992
357,1026,12PoolBot,WildLupo,1765,1199,0,0,0,4.652125,0.12592,0.22196,0,0,0,0,,0.962965,4.758155,0.05885,0.182995,2.349308,0.219992
357,1029,12PoolBot,Chomppet,1765,1600,0,0,0,4.652125,0.12592,0.22196,0,0,0,0,,0.721078,3.562956,0.05885,1.378194,2.349308,0.219992
357,1030,12PoolBot,who,1765,1924,28,0,0,32.652125,0.12592,0.22196,21,7,0,28,1.570906,0.285921,22.412779,0.05885,10.528371,1.688846,0.085632
357,1032,12PoolBot,WaterLeak,1765,1607,9,0,0,13.652125,0.12592,0.22196,1,8,0,9,1.883557,0.712902,4.522556,0.05885,9.418594,2.049896,0.13147
357,1038,12PoolBot,PolyMorph,1765,1463,1,0,0,5.652125,0.12592,0.22196,1,0,0,1,1.386294,0.85049,5.2024,0.05885,0.73875,2.188806,0.200824
357,1042,12PoolBot,Creepy_duo_canon,1765,1386,0,0,0,4.652125,0.12592,0.22196,0,0,0,0,,0.898594,4.440088,0.05885,0.501062,2.349308,0.219992
357,1044,12PoolBot,DoopyBot,1765,1418,0,0,0,4.652125,0.12592,0.22196,0,0,0,0,,0.880534,4.350848,0.05885,0.590302,2.349308,0.219992
357,1045,12PoolBot,tito,1765,1801,24,0,0,28.652125,0.12592,0.22196,23,1,0,24,1.649686,0.448376,25.215495,0.05885,3.725655,1.77031,0.091347
357,1049,12PoolBot,TheCatSC2Bot,1765,970,0,0,0,4.652125,0.12592,0.22196,0,0,0,0,,0.989813,4.890814,0.05885,0.050336,2.349308,0.219992
357,1050,12PoolBot,onlyfans,1765,1517,3,0,0,7.652125,0.12592,0.22196,3,0,0,3,1.94464,0.806528,6.985173,0.05885,0.955977,2.197557,0.173919
357,1052,12PoolBot,Starlight,1765,1204,0,0,0,4.652125,0.12592,0.22196,0,0,0,0,,0.961925,4.753015,0.05885,0.188135,2.349308,0.219992
357,1054,12PoolBot,JimmyBotZ,1765,1724,6,0,0,10.652125,0.12592,0.22196,3,3,0,6,2.241109,0.558731,5.760776,0.05885,5.180374,2.29029,0.148318
357,1056,12PoolBot,bilisaur,1765,1600,0,0,0,4.652125,0.12592,0.22196,0,0,0,0,,0.721078,3.562956,0.05885,1.378194,2.349308,0.219992
357,1057,12PoolBot,DoopyBot-Test,1765,1238,0,0,0,4.652125,0.12592,0.22196,0,0,0,0,,0.954072,4.714211,0.05885,0.226939,2.349308,0.219992
357,1058,12PoolBot,JimmyBotP,1765,1711,5,0,0,9.652125,0.12592,0.22196,5,0,0,5,1.410323,0.577092,7.8515,0.05885,2.08965,1.879815,0.155557
357,1059,12PoolBot,NextProBot,1765,1600,0,0,0,4.652125,0.12592,0.22196,0,0,0,0,,0.721078,3.562956,0.05885,1.378194,2.349308,0.219992
357,1060,12PoolBot,WildFire,1765,1709,18,0,0,22.652125,0.12592,0.22196,4,14,0,18,1.876776,0.5799,6.865372,0.05885,16.075778,1.9795,0.102572
357,1065,12PoolBot,MindMatrix,1765,1514,0,0,0,4.652125,0.12592,0.22196,0,0,0,0,,0.809208,3.998418,0.05885,0.942732,2.349308,0.219992
357,1066,12PoolBot,CompetitiveBotTest,1765,1482,0,0,0,4.652125,0.12592,0.22196,0,0,0,0,,0.836043,4.131016,0.05885,0.810134,2.349308,0.219992
357,1067,12PoolBot,Hello_world,1765,1600,0,0,0,4.652125,0.12592,0.22196,0,0,0,0,,0.721078,3.562956,0.05885,1.378194,2.349308,0.219992
357,1078,12PoolBot,LoremIpsum,1765,1242,0,0,0,4.652125,0.12592,0.22196,0,0,0,0,,0.953052,4.709173,0.05885,0.231977,2.349308,0.219992
357,1079,12PoolBot,JimmyBotT,1765,1675,4,0,0,8.652125,0.12592,0.22196,0,4,0,4,2.526599,0.626699,3.096614,0.05885,5.844536,2.428104,0.163972
357,1080,12PoolBot,JimmyBot,1765,1675,4,0,0,8.652125,0.12592,0.22196,3,1,0,4,2.116026,0.626699,6.096614,0.05885,2.844536,2.245627,0.163972
357,1081,12PoolBot,ArtZerg,1765,1537,2,1,0,6.652125,1.12592,0.22196,0,2,0,2,1.291772,0.787927,3.893264,0.05885,3.047886,2.047155,0.185927
357,1082,12PoolBot,Dasyatis,1765,1573,0,0,0,4.652125,0.12592,0.22196,0,0,0,0,,0.751241,3.711993,0.05885,1.229157,2.349308,0.219992
357,1084,12PoolBot,ZippyZap,1765,1457,0,0,0,4.652125,0.12592,0.22196,0,0,0,0,,0.854829,4.223839,0.05885,0.717311,2.349308,0.219992
357,1085,12PoolBot,AgoraLord,1765,1430,0,0,0,4.652125,0.12592,0.22196,0,0,0,0,,0.873074,4.313989,0.05885,0.627161,2.349308,0.219992
357,1086,12PoolBot,CherBoiBlue,1765,1500,0,0,0,4.652125,0.12592,0.22196,0,0,0,0,,0.821341,4.058371,0.05885,0.882779,2.349308,0.219992
357,1087,12PoolBot,SwarmLord2,1765,1533,0,0,0,4.652125,0.12592,0.22196,0,0,0,0,,0.791749,3.91215,0.05885,1.029,2.349308,0.219992
357,1088,12PoolBot,SwarmLord3,1765,1562,0,0,0,4.652125,0.12592,0.22196,0,0,0,0,,0.762885,3.769529,0.05885,1.171621,2.349308,0.219992
357,1089,12PoolBot,WorkingAsIntended,1765,1596,0,0,0,4.652125,0.12592,0.22196,0,0,0,0,,0.725686,3.585722,0.05885,1.355428,2.349308,0.219992
374,446,SwarmLord,Xena,1600,1937,0,0,0,4.652125,0.12592,0.22196,0,0,0,0,,0.125656,0.620884,0.05885,4.320266,2.349308,0.219992
374,496,SwarmLord,Zozo,1600,2089,0,0,0,4.652125,0.12592,0.22196,0,0,0,0,,0.056524,0.279292,0.05885,4.661858,2.349308,0.219992
374,510,SwarmLord,PhantomBot,1600,1817,0,0,0,4.652125,0.12592,0.22196,0,0,0,0,,0.222847,1.10112,0.05885,3.84003,2.349308,0.219992
374,516,SwarmLord,27turtles,1600,1526,0,0,0,4.652125,0.12592,0.22196,0,0,0,0,,0.604913,2.988965,0.05885,1.952185,2.349308,0.219992
374,517,SwarmLord,VeTerran-revived,1600,1869,0,0,0,4.652125,0.12592,0.22196,0,0,0,0,,0.175305,0.866207,0.05885,4.074943,2.349308,0.219992
374,518,SwarmLord,norman,1600,1674,0,0,0,4.652125,0.12592,0.22196,0,0,0,0,,0.395087,1.952185,0.05885,2.988965,2.349308,0.219992
374,526,SwarmLord,Apidae,1600,1635,0,0,0,4.652125,0.12592,0.22196,0,0,0,0,,0.449801,2.222532,0.05885,2.718618,2.349308,0.219992
374,605,SwarmLord,nida,1600,1693,0,0,0,4.652125,0.12592,0.22196,0,0,0,0,,0.36927,1.824617,0.05885,3.116533,2.349308,0.219992
374,637,SwarmLord,72Tortoises,1600,1697,0,0,0,4.652125,0.12592,0.22196,0,0,0,0,,0.363923,1.798199,0.05885,3.142951,2.349308,0.219992
374,699,SwarmLord,Clicadinha,1600,1635,0,0,0,4.652125,0.12592,0.22196,0,0,0,0,,0.449801,2.222532,0.05885,2.718618,2.349308,0.219992
374,708,SwarmLord,Princess-Mika,1600,1521,0,0,0,4.652125,0.12592,0.22196,0,0,0,0,,0.611771,3.02285,0.05885,1.9183,2.349308,0.219992
374,709,SwarmLord,Laser-Circus,1600,1211,0,0,0,4.652125,0.12592,0.22196,0,0,0,0,,0.90372,4.465418,0.05885,0.475732,2.349308,0.219992
374,718,SwarmLord,Mulebot,1600,1689,0,0,0,4.652125,0.12592,0.22196,0,0,0,0,,0.374649,1.851195,0.05885,3.089955,2.349308,0.219992
374,720,SwarmLord,PiG_Bot,1600,1627,0,0,0,4.652125,0.12592,0.22196,0,0,0,0,,0.461222,2.278967,0.05885,2.662183,2.349308,0.219992
374,721,SwarmLord,49Terrapins,1600,1430,0,0,0,4.652125,0.12592,0.22196,0,0,0,0,,0.72683,3.591376,0.05885,1.349774,2.349308,0.219992
374,729,SwarmLord,Alexa,1600,1367,0,0,0,4.652125,0.12592,0.22196,0,0,0,0,,0.792696,3.916832,0.05885,1.024318,2.349308,0.219992
374,730,SwarmLord,Deimos,1600,2155,0,0,0,4.652125,0.12592,0.22196,0,0,0,0,,0.03936,0.194486,0.05885,4.746664,2.349308,0.219992
374,732,SwarmLord,GPT,1600,1830,0,0,0,4.652125,0.12592,0.22196,0,0,0,0,,0.210156,1.038411,0.05885,3.902739,2.349308,0.219992
374,759,SwarmLord,BotTato,1600,1710,0,0,0,4.652125,0.12592,0.22196,0,0,0,0,,0.346783,1.713506,0.05885,3.227644,2.349308,0.219992
374,779,SwarmLord,oberon,1600,1472,0,0,0,4.652125,0.12592,0.22196,0,0,0,0,,0.676302,3.341708,0.05885,1.599442,2.349308,0.219992
374,797,SwarmLord,WickedBot,1600,1707,0,0,0,4.652125,0.12592,0.22196,0,0,0,0,,0.350705,1.732886,0.05885,3.208264,2.349308,0.219992
374,809,SwarmLord,PrimordialOrigin,1600,1258,0,0,0,4.652125,0.12592,0.22196,0,0,0,0,,0.877473,4.335723,0.05885,0.605427,2.349308,0.219992
374,813,SwarmLord,MewCombatMicro,1600,1511,0,0,0,4.652125,0.12592,0.22196,0,0,0,0,,0.625351,3.089955,0.05885,1.851195,2.349308,0.219992
374,827,SwarmLord,smokinggunbot,1600,1579,0,0,0,4.652125,0.12592,0.22196,0,0,0,0,,0.530185,2.619722,0.05885,2.321428,2.349308,0.219992
374,832,SwarmLord,muravev,1600,1632,0,0,0,4.652125,0.12592,0.22196,0,0,0,0,,0.454078,2.243668,0.05885,2.697482,2.349308,0.219992
374,836,SwarmLord,muravevTerran,1600,1477,0,0,0,4.652125,0.12592,0.22196,0,0,0,0,,0.669969,3.310417,0.05885,1.630733,2.349308,0.219992
374,858,SwarmLord,Crawler,1600,1562,0,0,0,4.652125,0.12592,0.22196,0,0,0,0,,0.554469,2.739716,0.05885,2.201434,2.349308,0.219992
374,876,SwarmLord,GenesisLotus,1600,1411,0,0,0,4.652125,0.12592,0.22196,0,0,0,0,,0.748,3.695978,0.05885,1.245172,2.349308,0.219992
374,901,SwarmLord,clone,1600,1667,0,0,0,4.652125,0.12592,0.22196,0,0,0,0,,0.404757,1.999965,0.05885,2.941185,2.349308,0.219992
374,930,SwarmLord,SiriusBot,1600,1519,0,0,0,4.652125,0.12592,0.22196,0,0,0,0,,0.614501,3.036343,0.05885,1.904807,2.349308,0.219992
374,939,SwarmLord,RustyNikolaj,1600,1539,0,0,0,4.652125,0.12592,0.22196,0,0,0,0,,0.586895,2.899936,0.05885,2.041214,2.349308,0.219992
374,940,SwarmLord,Princess-Mika-Test,1600,1524,0,0,0,4.652125,0.12592,0.22196,0,0,0,0,,0.607661,3.002544,0.05885,1.938606,2.349308,0.219992
374,943,SwarmLord,puck,1600,1529,0,0,0,4.652125,0.12592,0.22196,0,0,0,0,,0.600778,2.968535,0.05885,1.972615,2.349308,0.219992
374,948,SwarmLord,titania,1600,1185,0,0,0,4.652125,0.12592,0.22196,0,0,0,0,,0.915979,4.525992,0.05885,0.415158,2.349308,0.219992
374,953,SwarmLord,ZeratulsRevengeTest,1600,1702,0,0,0,4.652125,0.12592,0.22196,0,0,0,0,,0.357287,1.765408,0.05885,3.175742,2.349308,0.219992
374,959,SwarmLord,ur_moms_a_ho,1600,1600,0,0,0,4.652125,0.12592,0.22196,0,0,0,0,,0.5,2.470575,0.05885,2.470575,2.349308,0.219992
374,960,SwarmLord,BigDaddy,1600,1637,0,0,0,4.652125,0.12592,0.22196,0,0,0,0,,0.446953,2.208462,0.05885,2.732688,2.349308,0.219992
374,961,SwarmLord,AvocaDOS,1600,1751,0,0,0,4.652125,0.12592,0.22196,0,0,0,0,,0.295415,1.459692,0.05885,3.481458,2.349308,0.219992
374,962,SwarmLord,AvocaDEV,1600,1700,0,0,0,4.652125,0.12592,0.22196,0,0,0,0,,0.359935,1.778493,0.05885,3.162657,2.349308,0.219992
374,966,SwarmLord,ArgoBot,1600,1909,0,0,0,4.652125,0.12592,0.22196,0,0,0,0,,0.144458,0.713788,0.05885,4.227362,2.349308,0.219992
374,970,SwarmLord,TheLAW,1600,1576,0,0,0,4.652125,0.12592,0.22196,0,0,0,0,,0.534484,2.640965,0.05885,2.300185,2.349308,0.219992
374,971,SwarmLord,Nothing,1600,1570,0,0,0,4.652125,0.12592,0.22196,0,0,0,0,,0.543066,2.683373,0.05885,2.257777,2.349308,0.219992
374,977,SwarmLord,Siriusly,1600,1392,0,0,0,4.652125,0.12592,0.22196,0,0,0,0,,0.768052,3.79506,0.05885,1.14609,2.349308,0.219992
374,981,SwarmLord,KoB,1600,1499,0,0,0,4.652125,0.12592,0.22196,0,0,0,0,,0.64139,3.169205,0.05885,1.771945,2.349308,0.219992
374,998,SwarmLord,LordSuperKing,1600,1656,0,0,0,4.652125,0.12592,0.22196,0,0,0,0,,0.4201,2.075778,0.05885,2.865372,2.349308,0.219992
374,1007,SwarmLord,SharkGull,1600,1605,0,0,0,4.652125,0.12592,0.22196,0,0,0,0,,0.492805,2.435023,0.05885,2.506127,2.349308,0.219992
374,1008,SwarmLord,Creepy_canon,1600,1587,0,0,0,4.652125,0.12592,0.22196,0,0,0,0,,0.5187,2.562973,0.05885,2.378177,2.349308,0.219992
374,1023,SwarmLord,MY_SCRIPTING_SON,1600,1275,0,0,0,4.652125,0.12592,0.22196,0,0,0,0,,0.866557,4.281786,0.05885,0.659364,2.349308,0.219992
374,1026,SwarmLord,WildLupo,1600,1199,0,0,0,4.652125,0.12592,0.22196,0,0,0,0,,0.909566,4.4943,0.05885,0.44685,2.349308,0.219992
374,1029,SwarmLord,Chomppet,1600,1600,0,0,0,4.652125,0.12592,0.22196,0,0,0,0,,0.5,2.470575,0.05885,2.470575,2.349308,0.219992
374,1030,SwarmLord,who,1600,1924,0,0,0,4.652125,0.12592,0.22196,0,0,0,0,,0.13411,0.66266,0.05885,4.27849,2.349308,0.219992
374,1032,SwarmLord,WaterLeak,1600,1607,0,0,0,4.652125,0.12592,0.22196,0,0,0,0,,0.489928,2.420806,0.05885,2.520344,2.349308,0.219992
374,1038,SwarmLord,PolyMorph,1600,1463,0,0,0,4.652125,0.12592,0.22196,0,0,0,0,,0.687538,3.39723,0.05885,1.54392,2.349308,0.219992
374,1042,SwarmLord,Creepy_duo_canon,1600,1386,0,0,0,4.652125,0.12592,0.22196,0,0,0,0,,0.774148,3.825181,0.05885,1.115969,2.349308,0.219992
374,1044,SwarmLord,DoopyBot,1600,1418,0,0,0,4.652125,0.12592,0.22196,0,0,0,0,,0.740328,3.658074,0.05885,1.283076,2.349308,0.219992
374,1045,SwarmLord,tito,1600,1801,0,0,0,4.652125,0.12592,0.22196,0,0,0,0,,0.239204,1.181942,0.05885,3.759208,2.349308,0.219992
374,1049,SwarmLord,TheCatSC2Bot,1600,970,0,0,0,4.652125,0.12592,0.22196,0,0,0,0,,0.974082,4.813087,0.05885,0.128063,2.349308,0.219992
374,1050,SwarmLord,onlyfans,1600,1517,0,0,0,4.652125,0.12592,0.22196,0,0,0,0,,0.617225,3.049801,0.05885,1.891349,2.349308,0.219992
374,1052,SwarmLord,Starlight,1600,1204,0,0,0,4.652125,0.12592,0.22196,0,0,0,0,,0.90717,4.482463,0.05885,0.458687,2.349308,0.219992
374,1054,SwarmLord,JimmyBotZ,1600,1724,0,0,0,4.652125,0.12592,0.22196,0,0,0,0,,0.328759,1.62445,0.05885,3.3167,2.349308,0.219992
374,1056,SwarmLord,bilisaur,1600,1600,0,0,0,4.652125,0.12592,0.22196,0,0,0,0,,0.5,2.470575,0.05885,2.470575,2.349308,0.219992
374,1057,SwarmLord,DoopyBot-Test,1600,1238,0,0,0,4.652125,0.12592,0.22196,0,0,0,0,,0.889323,4.394276,0.05885,0.546874,2.349308,0.219992
374,1058,SwarmLord,JimmyBotP,1600,1711,0,0,0,4.652125,0.12592,0.22196,0,0,0,0,,0.34548,1.707069,0.05885,3.234081,2.349308,0.219992
374,1059,SwarmLord,NextProBot,1600,1600,0,0,0,4.652125,0.12592,0.22196,0,0,0,0,,0.5,2.470575,0.05885,2.470575,2.349308,0.219992
374,1060,SwarmLord,WildFire,1600,1709,0,0,0,4.652125,0.12592,0.22196,0,0,0,0,,0.348088,1.719955,0.05885,3.221195,2.349308,0.219992
374,1065,SwarmLord,MindMatrix,1600,1514,0,0,0,4.652125,0.12592,0.22196,0,0,0,0,,0.621297,3.06992,0.05885,1.87123,2.349308,0.219992
374,1066,SwarmLord,CompetitiveBotTest,1600,1482,0,0,0,4.652125,0.12592,0.22196,0,0,0,0,,0.663574,3.278819,0.05885,1.662331,2.349308,0.219992
374,1067,SwarmLord,Hello_world,1600,1600,0,0,0,4.652125,0.12592,0.22196,0,0,0,0,,0.5,2.470575,0.05885,2.470575,2.349308,0.219992
374,1078,SwarmLord,LoremIpsum,1600,1242,0,0,0,4.652125,0.12592,0.22196,0,0,0,0,,0.887036,4.382977,0.05885,0.558173,2.349308,0.219992
374,1079,SwarmLord,JimmyBotT,1600,1675,0,0,0,4.652125,0.12592,0.22196,0,0,0,0,,0.393712,1.945391,0.05885,2.995759,2.349308,0.219992
374,1080,SwarmLord,JimmyBot,1600,1675,0,0,0,4.652125,0.12592,0.22196,0,0,0,0,,0.393712,1.945391,0.05885,2.995759,2.349308,0.219992
374,1081,SwarmLord,ArtZerg,1600,1537,0,0,0,4.652125,0.12592,0.22196,0,0,0,0,,0.589684,2.913715,0.05885,2.027435,2.349308,0.219992
374,1082,SwarmLord,Dasyatis,1600,1573,0,0,0,4.652125,0.12592,0.22196,0,0,0,0,,0.538778,2.662183,0.05885,2.278967,2.349308,0.219992
374,1084,SwarmLord,ZippyZap,1600,1457,0,0,0,4.652125,0.12592,0.22196,0,0,0,0,,0.69491,3.433653,0.05885,1.507497,2.349308,0.219992
374,1085,SwarmLord,AgoraLord,1600,1430,0,0,0,4.652125,0.12592,0.22196,0,0,0,0,,0.72683,3.591376,0.05885,1.349774,2.349308,0.219992
374,1086,SwarmLord,CherBoiBlue,1600,1500,0,0,0,4.652125,0.12592,0.22196,0,0,0,0,,0.640065,3.162657,0.05885,1.778493,2.349308,0.219992
374,1087,SwarmLord,SwarmLord2,1600,1533,0,0,0,4.652125,0.12592,0.22196,0,0,0,0,,0.595243,2.941185,0.05885,1.999965,2.349308,0.219992
374,1088,SwarmLord,SwarmLord3,1600,1562,0,0,0,4.652125,0.12592,0.22196,0,0,0,0,,0.554469,2.739716,0.05885,2.201434,2.349308,0.219992
374,1089,SwarmLord,WorkingAsIntended,1600,1596,0,0,0,4.652125,0.12592,0.22196,0,0,0,0,,0.505756,2.499017,0.05885,2.442133,2.349308,0.219992
446,496,Xena,Zozo,1937,2089,45,0,1,49.652125,0.12592,1.22196,5,39,1,45,2.520965,0.294219,6.453778,1.05885,42.487372,2.503799,0.069567
446,510,Xena,PhantomBot,1937,1817,42,0,0,46.652125,0.12592,0.22196,29,13,0,42,2.116781,0.666139,32.291495,0.05885,14.649655,2.141518,0.071753
446,516,Xena,27turtles,1937,1526,0,0,0,4.652125,0.12592,0.22196,0,0,0,0,,0.91419,4.517151,0.05885,0.423999,2.349308,0.219992
446,517,Xena,VeTerran-revived,1937,1869,42,0,3,46.652125,0.12592,3.22196,24,18,0,42,1.98576,0.596629,26.948034,0.05885,19.993116,2.024435,0.071753
446,518,Xena,norman,1937,1674,9,0,0,13.652125,0.12592,0.22196,8,1,0,9,2.677245,0.819646,12.049993,0.05885,1.891157,2.560124,0.13147
446,526,Xena,Apidae,1937,1635,8,0,0,12.652125,0.12592,0.22196,8,0,0,8,2.092476,0.85049,12.2024,0.05885,0.73875,2.191258,0.136433
446,605,Xena,nida,1937,1693,5,0,0,9.652125,0.12592,0.22196,5,0,0,5,1.992808,0.802909,8.967295,0.05885,0.973855,2.171058,0.155557
446,637,Xena,72Tortoises,1937,1697,6,0,0,10.652125,0.12592,0.22196,5,1,0,6,2.085848,0.79924,8.949165,0.05885,1.991985,2.205603,0.148318
446,699,Xena,Clicadinha,1937,1635,0,0,0,4.652125,0.12592,0.22196,0,0,0,0,,0.85049,4.2024,0.05885,0.73875,2.349308,0.219992
446,708,Xena,Princess-Mika,1937,1521,0,0,1,4.652125,0.12592,1.22196,0,0,0,0,,0.916421,4.528175,0.05885,0.412975,2.349308,0.219992
446,709,Xena,Laser-Circus,1937,1211,0,0,0,4.652125,0.12592,0.22196,0,0,0,0,,0.98492,4.866638,0.05885,0.074512,2.349308,0.219992
446,718,Xena,Mulebot,1937,1689,14,0,0,18.652125,0.12592,0.22196,11,3,0,14,2.249739,0.806528,14.985173,0.05885,3.955977,2.275942,0.112853
446,720,Xena,PiG_Bot,1937,1627,0,0,0,4.652125,0.12592,0.22196,0,0,0,0,,0.856252,4.23087,0.05885,0.71028,2.349308,0.219992
446,721,Xena,49Terrapins,1937,1430,0,0,0,4.652125,0.12592,0.22196,0,0,0,0,,0.948755,4.687939,0.05885,0.253211,2.349308,0.219992
446,729,Xena,Alexa,1937,1367,1,0,0,5.652125,0.12592,0.22196,1,0,0,1,1.688249,0.963778,5.76217,0.05885,0.17898,2.239132,0.200824
446,730,Xena,Deimos,1937,2155,50,0,1,54.652125,0.12592,1.22196,22,28,0,50,2.151174,0.221852,23.096202,0.05885,31.844948,2.169186,0.06633
446,732,Xena,GPT,1937,1830,49,0,1,53.652125,0.12592,1.22196,25,24,0,49,2.176939,0.649295,28.208264,0.05885,25.732886,2.192899,0.066941
446,759,Xena,BotTato,1937,1710,32,0,1,36.652125,0.12592,1.22196,24,8,0,32,2.333635,0.786963,27.888504,0.05885,9.052646,2.335753,0.08087
446,779,Xena,oberon,1937,1472,1,0,0,5.652125,0.12592,0.22196,1,0,0,1,1.504077,0.935641,5.623143,0.05885,0.318007,2.208436,0.200824
446,797,Xena,WickedBot,1937,1707,29,0,2,33.652125,0.12592,2.22196,16,13,0,29,2.373648,0.789844,19.902739,0.05885,14.038411,2.370068,0.084363
446,809,Xena,PrimordialOrigin,1937,1258,1,0,0,5.652125,0.12592,0.22196,1,0,0,1,1.99061,0.980327,5.843943,0.05885,0.097207,2.289525,0.200824
446,813,Xena,MewCombatMicro,1937,1511,0,0,0,4.652125,0.12592,0.22196,0,0,0,0,,0.920726,4.549446,0.05885,0.391704,2.349308,0.219992
446,827,Xena,smokinggunbot,1937,1579,0,0,0,4.652125,0.12592,0.22196,0,0,0,0,,0.887036,4.382977,0.05885,0.558173,2.349308,0.219992
446,832,Xena,muravev,1937,1632,0,0,0,4.652125,0.12592,0.22196,0,0,0,0,,0.852673,4.213185,0.05885,0.727965,2.349308,0.219992
446,836,Xena,muravevTerran,1937,1477,0,0,0,4.652125,0.12592,0.22196,0,0,0,0,,0.933886,4.614471,0.05885,0.326679,2.349308,0.219992
446,858,Xena,Crawler,1937,1562,0,0,0,4.652125,0.12592,0.22196,0,0,0,0,,0.896477,4.429625,0.05885,0.511525,2.349308,0.219992
446,876,Xena,GenesisLotus,1937,1411,0,0,0,4.652125,0.12592,0.22196,0,0,0,0,,0.953819,4.712961,0.05885,0.228189,2.349308,0.219992
446,901,Xena,clone,1937,1667,13,0,0,17.652125,0.12592,0.22196,8,4,1,13,2.351446,0.825526,12.079048,1.05885,4.862102,2.350852,0.115946
446,930,Xena,SiriusBot,1937,1519,1,0,0,5.652125,0.12592,0.22196,1,0,0,1,2.665838,0.917299,5.532512,0.05885,0.408638,2.402063,0.200824
446,939,Xena,RustyNikolaj,1937,1539,0,0,0,4.652125,0.12592,0.22196,0,0,0,0,,0.908135,4.487231,0.05885,0.453919,2.349308,0.219992
446,940,Xena,Princess-Mika-Test,1937,1524,0,0,0,4.652125,0.12592,0.22196,0,0,0,0,,0.915089,4.521593,0.05885,0.419557,2.349308,0.219992
446,943,Xena,puck,1937,1529,1,0,0,5.652125,0.12592,0.22196,1,0,0,1,1.776646,0.912826,5.510409,0.05885,0.430741,2.253864,0.200824
446,948,Xena,titania,1937,1185,1,0,0,5.652125,0.12592,0.22196,1,0,0,1,1.517323,0.986989,5.87686,0.05885,0.06429,2.210644,0.200824
446,953,Xena,ZeratulsRevengeTest,1937,1702,20,0,0,24.652125,0.12592,0.22196,13,7,0,20,1.880172,0.794582,16.926148,0.05885,8.015002,1.973999,0.098383
446,959,Xena,ur_moms_a_ho,1937,1600,0,0,0,4.652125,0.12592,0.22196,0,0,0,0,,0.874344,4.320266,0.05885,0.620884,2.349308,0.219992
446,960,Xena,BigDaddy,1937,1637,3,0,0,7.652125,0.12592,0.22196,3,0,0,3,1.940207,0.84902,7.195137,0.05885,0.746013,2.195895,0.173919
446,961,Xena,AvocaDOS,1937,1751,33,0,1,37.652125,0.12592,1.22196,24,9,0,33,2.299347,0.74473,27.679825,0.05885,10.261325,2.305921,0.079799
446,962,Xena,AvocaDEV,1937,1700,2,0,0,6.652125,0.12592,0.22196,2,0,0,2,2.127223,0.796455,5.935402,0.05885,1.005748,2.285855,0.185927
446,966,Xena,ArgoBot,1937,1909,52,0,0,56.652125,0.12592,0.22196,27,25,0,52,2.231662,0.540208,29.66925,0.05885,27.2719,2.241982,0.065156
446,970,Xena,TheLAW,1937,1576,0,0,0,4.652125,0.12592,0.22196,0,0,0,0,,0.888755,4.39147,0.05885,0.54968,2.349308,0.219992
446,971,Xena,Nothing,1937,1570,1,0,0,5.652125,0.12592,0.22196,0,1,0,1,2.042518,0.892124,4.408118,0.05885,1.533032,2.298176,0.200824
446,977,Xena,Siriusly,1937,1392,1,0,0,5.652125,0.12592,0.22196,1,0,0,1,1.896119,0.958404,5.735619,0.05885,0.205531,2.273777,0.200824
446,981,Xena,KoB,1937,1499,1,0,0,5.652125,0.12592,0.22196,1,0,0,1,2.180417,0.925624,5.573646,0.05885,0.367504,2.32116,0.200824
446,998,Xena,LordSuperKing,1937,1656,8,0,1,12.652125,0.12592,1.22196,5,3,0,8,2.142109,0.834459,9.123188,0.05885,3.817962,2.221801,0.136433
446,1007,Xena,SharkGull,1937,1605,0,0,0,4.652125,0.12592,0.22196,0,0,0,0,,0.871148,4.304472,0.05885,0.636678,2.349308,0.219992
446,1008,Xena,Creepy_canon,1937,1587,0,0,0,4.652125,0.12592,0.22196,0,0,0,0,,0.882338,4.359766,0.05885,0.581384,2.349308,0.219992
446,1023,Xena,MY_SCRIPTING_SON,1937,1275,0,0,0,4.652125,0.12592,0.22196,0,0,0,0,,0.978348,4.834165,0.05885,0.106985,2.349308,0.219992
446,1026,Xena,WildLupo,1937,1199,0,0,1,4.652125,0.12592,1.22196,0,0,0,0,,0.985912,4.871541,0.05885,0.069609,2.349308,0.219992
446,1029,Xena,Chomppet,1937,1600,0,0,0,4.652125,0.12592,0.22196,0,0,0,0,,0.874344,4.320266,0.05885,0.620884,2.349308,0.219992
446,1030,Xena,who,1937,1924,51,0,0,55.652125,0.12592,0.22196,26,25,0,51,1.892605,0.5187,28.562973,0.05885,27.378177,1.933382,0.065735
446,1032,Xena,WaterLeak,1937,1607,19,0,0,23.652125,0.12592,0.22196,8,11,0,19,1.950092,0.86985,12.298059,0.05885,11.643091,2.033262,0.100412
446,1038,Xena,PolyMorph,1937,1463,1,0,0,5.652125,0.12592,0.22196,1,0,0,1,1.715598,0.938691,5.638214,0.05885,0.302936,2.24369,0.200824
446,1042,Xena,Creepy_duo_canon,1937,1386,0,0,0,4.652125,0.12592,0.22196,0,0,0,0,,0.95976,4.742316,0.05885,0.198834,2.349308,0.219992
446,1044,Xena,DoopyBot,1937,1418,0,0,0,4.652125,0.12592,0.22196,0,0,0,0,,0.952011,4.704029,0.05885,0.237121,2.349308,0.219992
446,1045,Xena,tito,1937,1801,42,0,0,46.652125,0.12592,0.22196,27,15,0,42,2.194707,0.6863,30.391113,0.05885,16.550037,2.211154,0.071753
446,1049,Xena,TheCatSC2Bot,1937,970,1,0,0,5.652125,0.12592,0.22196,1,0,0,1,1.706565,0.996191,5.922328,0.05885,0.018822,2.242184,0.200824
446,1050,Xena,onlyfans,1937,1517,1,0,0,5.652125,0.12592,0.22196,1,0,0,1,1.558145,0.918168,5.536807,0.05885,0.404343,2.217447,0.200824
446,1052,Xena,Starlight,1937,1204,1,0,0,5.652125,0.12592,0.22196,1,0,0,1,2.118662,0.985507,5.869538,0.05885,0.071612,2.310867,0.200824
446,1054,Xena,JimmyBotZ,1937,1724,0,0,0,4.652125,0.12592,0.22196,0,0,0,0,,0.77314,3.8202,0.05885,1.12095,2.349308,0.219992
446,1056,Xena,bilisaur,1937,1600,0,0,0,4.652125,0.12592,0.22196,0,0,0,0,,0.874344,4.320266,0.05885,0.620884,2.349308,0.219992
446,1057,Xena,DoopyBot-Test,1937,1238,0,0,0,4.652125,0.12592,0.22196,0,0,0,0,,0.982429,4.854328,0.05885,0.086822,2.349308,0.219992
446,1058,Xena,JimmyBotP,1937,1711,1,0,0,5.652125,0.12592,0.22196,1,0,0,1,1.720979,0.785997,4.883727,0.05885,1.057423,2.244587,0.200824
446,1059,Xena,NextProBot,1937,1600,0,0,0,4.652125,0.12592,0.22196,0,0,0,0,,0.874344,4.320266,0.05885,0.620884,2.349308,0.219992
446,1060,Xena,WildFire,1937,1709,18,0,0,22.652125,0.12592,0.22196,7,11,0,18,2.001223,0.787927,10.893264,0.05885,12.047886,2.076893,0.102572
446,1065,Xena,MindMatrix,1937,1514,0,0,0,4.652125,0.12592,0.22196,0,0,0,0,,0.919456,4.543172,0.05885,0.397978,2.349308,0.219992
446,1066,Xena,CompetitiveBotTest,1937,1482,0,0,0,4.652125,0.12592,0.22196,0,0,0,0,,0.932086,4.605579,0.05885,0.335571,2.349308,0.219992
446,1067,Xena,Hello_world,1937,1600,0,0,0,4.652125,0.12592,0.22196,0,0,0,0,,0.874344,4.320266,0.05885,0.620884,2.349308,0.219992
446,1078,Xena,LoremIpsum,1937,1242,0,0,0,4.652125,0.12592,0.22196,0,0,0,0,,0.982027,4.852342,0.05885,0.088808,2.349308,0.219992
446,1079,Xena,JimmyBotT,1937,1675,0,0,0,4.652125,0.12592,0.22196,0,0,0,0,,0.818793,4.04578,0.05885,0.89537,2.349308,0.219992
446,1080,Xena,JimmyBot,1937,1675,0,0,0,4.652125,0.12592,0.22196,0,0,0,0,,0.818793,4.04578,0.05885,0.89537,2.349308,0.219992
446,1081,Xena,ArtZerg,1937,1537,0,0,0,4.652125,0.12592,0.22196,0,0,0,0,,0.909091,4.491955,0.05885,0.449195,2.349308,0.219992
446,1082,Xena,Dasyatis,1937,1573,0,0,0,4.652125,0.12592,0.22196,0,0,0,0,,0.890451,4.39985,0.05885,0.5413,2.349308,0.219992
446,1084,Xena,ZippyZap,1937,1457,0,0,0,4.652125,0.12592,0.22196,0,0,0,0,,0.940649,4.647888,0.05885,0.293262,2.349308,0.219992
446,1085,Xena,AgoraLord,1937,1430,0,0,0,4.652125,0.12592,0.22196,0,0,0,0,,0.948755,4.687939,0.05885,0.253211,2.349308,0.219992
446,1086,Xena,CherBoiBlue,1937,1500,0,0,0,4.652125,0.12592,0.22196,0,0,0,0,,0.925226,4.571683,0.05885,0.369467,2.349308,0.219992
446,1087,Xena,SwarmLord2,1937,1533,0,0,0,4.652125,0.12592,0.22196,0,0,0,0,,0.910976,4.501269,0.05885,0.439881,2.349308,0.219992
446,1088,Xena,SwarmLord3,1937,1562,0,0,0,4.652125,0.12592,0.22196,0,0,0,0,,0.896477,4.429625,0.05885,0.511525,2.349308,0.219992
446,1089,Xena,WorkingAsIntended,1937,1596,0,0,0,4.652125,0.12592,0.22196,0,0,0,0,,0.876852,4.332659,0.05885,0.608491,2.349308,0.219992
496,510,Zozo,PhantomBot,2089,1817,39,0,0,43.652125,0.12592,0.22196,9,30,0,39,2.535131,0.827178,13.087211,0.05885,30.853939,2.514015,0.074159
496,516,Zozo,27turtles,2089,1526,1,0,0,5.652125,0.12592,0.22196,1,0,0,1,2.486572,0.962344,5.755088,0.05885,0.186062,2.372185,0.200824
496,517,Zozo,VeTerran-revived,2089,1869,45,0,0,49.652125,0.12592,0.22196,44,1,0,45,2.422608,0.78013,47.854737,0.05885,2.086413,2.415278,0.069567
496,518,Zozo,norman,2089,1674,7,0,0,11.652125,0.12592,0.22196,7,0,0,7,2.285206,0.915979,11.525992,0.05885,0.415158,2.311915,0.142004
496,526,Zozo,Apidae,2089,1635,8,0,0,12.652125,0.12592,0.22196,8,0,0,8,2.52701,0.931721,12.603774,0.05885,0.337376,2.458663,0.136433
496,605,Zozo,nida,2089,1693,3,0,0,7.652125,0.12592,0.22196,3,0,0,3,2.408196,0.90717,7.482463,0.05885,0.458687,2.371391,0.173919
496,637,Zozo,72Tortoises,2089,1697,7,0,0,11.652125,0.12592,0.22196,7,0,0,7,2.489152,0.905213,11.472791,0.05885,0.468359,2.430883,0.142004
496,699,Zozo,Clicadinha,2089,1635,0,0,0,4.652125,0.12592,0.22196,0,0,0,0,,0.931721,4.603774,0.05885,0.337376,2.349308,0.219992
496,708,Zozo,Princess-Mika,2089,1521,0,0,0,4.652125,0.12592,0.22196,0,0,0,0,,0.963374,4.760173,0.05885,0.180977,2.349308,0.219992
496,709,Zozo,Laser-Circus,2089,1211,0,0,0,4.652125,0.12592,0.22196,0,0,0,0,,0.993658,4.909812,0.05885,0.031338,2.349308,0.219992
496,718,Zozo,Mulebot,2089,1689,11,0,0,15.652125,0.12592,0.22196,11,0,0,11,2.41981,0.909091,15.491955,0.05885,0.449195,2.397778,0.122979
496,720,Zozo,PiG_Bot,2089,1627,0,0,0,4.652125,0.12592,0.22196,0,0,0,0,,0.934593,4.617965,0.05885,0.323185,2.349308,0.219992
496,721,Zozo,49Terrapins,2089,1430,1,0,0,5.652125,0.12592,0.22196,1,0,0,1,2.199444,0.977979,5.832343,0.05885,0.108807,2.324331,0.200824
496,729,Zozo,Alexa,2089,1367,1,0,0,5.652125,0.12592,0.22196,1,0,0,1,2.191654,0.984574,5.864929,0.05885,0.076221,2.323032,0.200824
496,730,Zozo,Deimos,2089,2155,45,1,0,49.652125,1.12592,0.22196,16,29,0,45,2.625261,0.406145,18.006821,0.05885,31.934329,2.597666,0.069567
496,732,Zozo,GPT,2089,1830,46,0,0,50.652125,0.12592,0.22196,44,2,0,46,2.464066,0.816217,48.03305,0.05885,2.9081,2.452816,0.068882
496,759,Zozo,BotTato,2089,1710,29,0,0,33.652125,0.12592,0.22196,29,0,0,29,2.475887,0.898594,33.440088,0.05885,0.501062,2.457273,0.084363
496,779,Zozo,oberon,2089,1472,1,0,0,5.652125,0.12592,0.22196,1,0,0,1,2.55955,0.972125,5.803413,0.05885,0.137737,2.384348,0.200824
496,797,Zozo,WickedBot,2089,1707,31,0,1,35.652125,0.12592,1.22196,30,1,0,31,2.497445,0.900157,34.44781,0.05885,1.49334,2.47687,0.081986
496,809,Zozo,PrimordialOrigin,2089,1258,1,0,0,5.652125,0.12592,0.22196,1,0,0,1,2.175887,0.991704,5.900157,0.05885,0.040993,2.320405,0.200824
496,813,Zozo,MewCombatMicro,2089,1511,0,0,0,4.652125,0.12592,0.22196,0,0,0,0,,0.965351,4.769946,0.05885,0.171204,2.349308,0.219992
496,827,Zozo,smokinggunbot,2089,1579,0,0,0,4.652125,0.12592,0.22196,0,0,0,0,,0.949588,4.692056,0.05885,0.249094,2.349308,0.219992
496,832,Zozo,muravev,2089,1632,0,0,0,4.652125,0.12592,0.22196,0,0,0,0,,0.932812,4.609162,0.05885,0.331988,2.349308,0.219992
496,836,Zozo,muravevTerran,2089,1477,0,0,0,4.652125,0.12592,0.22196,0,0,0,0,,0.971334,4.799507,0.05885,0.141643,2.349308,0.219992
496,858,Zozo,Crawler,2089,1562,0,0,0,4.652125,0.12592,0.22196,0,0,0,0,,0.954072,4.714211,0.05885,0.226939,2.349308,0.219992
496,876,Zozo,GenesisLotus,2089,1411,0,0,0,4.652125,0.12592,0.22196,0,0,0,0,,0.980216,4.843393,0.05885,0.097757,2.349308,0.219992
496,901,Zozo,clone,2089,1667,11,0,0,15.652125,0.12592,0.22196,11,0,0,11,2.427843,0.919029,15.54106,0.05885,0.40009,2.403301,0.122979
496,930,Zozo,SiriusBot,2089,1519,1,0,0,5.652125,0.12592,0.22196,1,0,0,1,2.230014,0.963778,5.76217,0.05885,0.17898,2.329426,0.200824
496,939,Zozo,RustyNikolaj,2089,1539,1,0,0,5.652125,0.12592,0.22196,1,0,0,1,2.371178,0.959537,5.741215,0.05885,0.199935,2.352953,0.200824
496,940,Zozo,Princess-Mika-Test,2089,1524,1,0,0,5.652125,0.12592,0.22196,1,0,0,1,2.423031,0.962759,5.757138,0.05885,0.184012,2.361595,0.200824
496,943,Zozo,puck,2089,1529,0,0,0,4.652125,0.12592,0.22196,0,0,0,0,,0.961713,4.751971,0.05885,0.189179,2.349308,0.219992
496,948,Zozo,titania,2089,1185,1,0,0,5.652125,0.12592,0.22196,1,0,0,1,2.281361,0.994535,5.914145,0.05885,0.027005,2.337984,0.200824
496,953,Zozo,ZeratulsRevengeTest,2089,1702,20,0,0,24.652125,0.12592,0.22196,18,1,1,20,2.430439,0.902714,22.460445,1.05885,1.480705,2.414213,0.098383
496,959,Zozo,ur_moms_a_ho,2089,1600,0,0,0,4.652125,0.12592,0.22196,0,0,0,0,,0.943476,4.661858,0.05885,0.279292,2.349308,0.219992
496,960,Zozo,BigDaddy,2089,1637,3,0,0,7.652125,0.12592,0.22196,3,0,0,3,2.302297,0.930985,7.600137,0.05885,0.341013,2.331679,0.173919
496,961,Zozo,AvocaDOS,2089,1751,31,0,1,35.652125,0.12592,1.22196,24,7,0,31,2.5082,0.874975,28.323384,0.05885,7.617766,2.486132,0.081986
496,962,Zozo,AvocaDEV,2089,1700,2,0,0,6.652125,0.12592,0.22196,0,2,0,2,2.40119,0.90372,4.465418,0.05885,2.475732,2.364131,0.185927
496,966,Zozo,ArgoBot,2089,1909,46,0,0,50.652125,0.12592,0.22196,39,7,0,46,2.342806,0.738109,42.647107,0.05885,8.294043,2.343443,0.068882
496,970,Zozo,TheLAW,2089,1576,0,0,0,4.652125,0.12592,0.22196,0,0,0,0,,0.950408,4.696109,0.05885,0.245041,2.349308,0.219992
496,971,Zozo,Nothing,2089,1570,0,0,0,4.652125,0.12592,0.22196,0,0,0,0,,0.952011,4.704029,0.05885,0.237121,2.349308,0.219992
496,977,Zozo,Siriusly,2089,1392,1,0,0,5.652125,0.12592,0.22196,1,0,0,1,2.454447,0.982229,5.853341,0.05885,0.087809,2.366831,0.200824
496,981,Zozo,KoB,2089,1499,0,0,0,4.652125,0.12592,0.22196,0,0,0,0,,0.967589,4.781003,0.05885,0.160147,2.349308,0.219992
496,998,Zozo,LordSuperKing,2089,1656,9,0,0,13.652125,0.12592,0.22196,9,0,0,9,2.350446,0.923618,13.563734,0.05885,0.377416,2.350039,0.13147
496,1007,Zozo,SharkGull,2089,1605,0,0,0,4.652125,0.12592,0.22196,0,0,0,0,,0.941922,4.654176,0.05885,0.286974,2.349308,0.219992
496,1008,Zozo,Creepy_canon,2089,1587,0,0,0,4.652125,0.12592,0.22196,0,0,0,0,,0.947337,4.680935,0.05885,0.260215,2.349308,0.219992
496,1023,Zozo,MY_SCRIPTING_SON,2089,1275,0,0,1,4.652125,0.12592,1.22196,0,0,0,0,,0.990859,4.895981,0.05885,0.045169,2.349308,0.219992
496,1026,Zozo,WildLupo,2089,1199,1,0,0,5.652125,0.12592,0.22196,1,0,0,1,2.36462,0.994079,5.911892,0.05885,0.029258,2.35186,0.200824
496,1029,Zozo,Chomppet,2089,1600,0,0,0,4.652125,0.12592,0.22196,0,0,0,0,,0.943476,4.661858,0.05885,0.279292,2.349308,0.219992
496,1030,Zozo,who,2089,1924,42,0,2,46.652125,0.12592,2.22196,31,11,0,42,2.331623,0.721078,34.562956,0.05885,12.378194,2.333504,0.071753
496,1032,Zozo,WaterLeak,2089,1607,16,0,0,20.652125,0.12592,0.22196,15,1,0,16,2.2668,0.941289,19.651048,0.05885,1.290102,2.286445,0.107345
496,1038,Zozo,PolyMorph,2089,1463,0,0,0,4.652125,0.12592,0.22196,0,0,0,0,,0.973495,4.810183,0.05885,0.130967,2.349308,0.219992
496,1042,Zozo,Creepy_duo_canon,2089,1386,0,0,0,4.652125,0.12592,0.22196,0,0,0,0,,0.982822,4.85627,0.05885,0.08488,2.349308,0.219992
496,1044,Zozo,DoopyBot,2089,1418,0,0,0,4.652125,0.12592,0.22196,0,0,0,0,,0.979419,4.839456,0.05885,0.101694,2.349308,0.219992
496,1045,Zozo,tito,2089,1801,39,0,0,43.652125,0.12592,0.22196,35,4,0,39,2.548778,0.839951,39.150322,0.05885,4.790828,2.526111,0.074159
496,1049,Zozo,TheCatSC2Bot,2089,970,1,0,0,5.652125,0.12592,0.22196,1,0,0,1,2.19277,0.998408,5.933286,0.05885,0.007864,2.323218,0.200824
496,1050,Zozo,onlyfans,2089,1517,1,0,0,5.652125,0.12592,0.22196,1,0,0,1,2.341806,0.964177,5.764145,0.05885,0.177005,2.348058,0.200824
496,1052,Zozo,Starlight,2089,1204,1,0,0,5.652125,0.12592,0.22196,1,0,0,1,2.497329,0.993907,5.911043,0.05885,0.030107,2.373978,0.200824
496,1054,Zozo,JimmyBotZ,2089,1724,1,0,0,5.652125,0.12592,0.22196,1,0,0,1,2.329227,0.891011,5.402619,0.05885,0.538531,2.345961,0.200824
496,1056,Zozo,bilisaur,2089,1600,0,0,0,4.652125,0.12592,0.22196,0,0,0,0,,0.943476,4.661858,0.05885,0.279292,2.349308,0.219992
496,1057,Zozo,DoopyBot-Test,2089,1238,0,0,0,4.652125,0.12592,0.22196,0,0,0,0,,0.992599,4.904582,0.05885,0.036568,2.349308,0.219992
496,1058,Zozo,JimmyBotP,2089,1711,1,0,0,5.652125,0.12592,0.22196,1,0,0,1,2.171337,0.898068,5.43749,0.05885,0.50366,2.319646,0.200824
496,1059,Zozo,NextProBot,2089,1600,0,0,0,4.652125,0.12592,0.22196,0,0,0,0,,0.943476,4.661858,0.05885,0.279292,2.349308,0.219992
496,1060,Zozo,WildFire,2089,1709,18,0,0,22.652125,0.12592,0.22196,18,0,0,18,2.346013,0.899117,22.442674,0.05885,0.498476,2.346729,0.102572
496,1065,Zozo,MindMatrix,2089,1514,0,0,0,4.652125,0.12592,0.22196,0,0,0,0,,0.964769,4.767069,0.05885,0.174081,2.349308,0.219992
496,1066,Zozo,CompetitiveBotTest,2089,1482,0,0,0,4.652125,0.12592,0.22196,0,0,0,0,,0.970522,4.795492,0.05885,0.145658,2.349308,0.219992
496,1067,Zozo,Hello_world,2089,1600,0,0,0,4.652125,0.12592,0.22196,0,0,0,0,,0.943476,4.661858,0.05885,0.279292,2.349308,0.219992
496,1078,Zozo,LoremIpsum,2089,1242,0,0,0,4.652125,0.12592,0.22196,0,0,0,0,,0.992428,4.903737,0.05885,0.037413,2.349308,0.219992
496,1079,Zozo,JimmyBotT,2089,1675,0,0,0,4.652125,0.12592,0.22196,0,0,0,0,,0.915535,4.523797,0.05885,0.417353,2.349308,0.219992
496,1080,Zozo,JimmyBot,2089,1675,0,0,0,4.652125,0.12592,0.22196,0,0,0,0,,0.915535,4.523797,0.05885,0.417353,2.349308,0.219992
496,1081,Zozo,ArtZerg,2089,1537,0,0,0,4.652125,0.12592,0.22196,0,0,0,0,,0.959981,4.743412,0.05885,0.197738,2.349308,0.219992
496,1082,Zozo,Dasyatis,2089,1573,0,0,0,4.652125,0.12592,0.22196,0,0,0,0,,0.951216,4.7001,0.05885,0.24105,2.349308,0.219992
496,1084,Zozo,ZippyZap,2089,1457,0,0,0,4.652125,0.12592,0.22196,0,0,0,0,,0.974371,4.814515,0.05885,0.126635,2.349308,0.219992
496,1085,Zozo,AgoraLord,2089,1430,0,0,0,4.652125,0.12592,0.22196,0,0,0,0,,0.977979,4.832343,0.05885,0.108807,2.349308,0.219992
496,1086,Zozo,CherBoiBlue,2089,1500,0,0,0,4.652125,0.12592,0.22196,0,0,0,0,,0.967408,4.780109,0.05885,0.161041,2.349308,0.219992
496,1087,Zozo,SwarmLord2,2089,1533,0,0,0,4.652125,0.12592,0.22196,0,0,0,0,,0.960857,4.747737,0.05885,0.193413,2.349308,0.219992
496,1088,Zozo,SwarmLord3,2089,1562,0,0,0,4.652125,0.12592,0.22196,0,0,0,0,,0.954072,4.714211,0.05885,0.226939,2.349308,0.219992
496,1089,Zozo,WorkingAsIntended,2089,1596,0,0,0,4.652125,0.12592,0.22196,0,0,0,0,,0.944692,4.667864,0.05885,0.273286,2.349308,0.219992
510,516,PhantomBot,27turtles,1817,1526,6,0,0,10.652125,0.12592,0.22196,6,0,0,6,2.425444,0.842259,10.161726,0.05885,0.779424,2.390837,0.148318
510,517,PhantomBot,VeTerran-revived,1817,1869,34,1,0,38.652125,1.12592,0.22196,25,9,0,34,2.451689,0.42572,27.103545,0.05885,11.837605,2.438563,0.07877
510,518,PhantomBot,norman,1817,1674,19,0,0,23.652125,0.12592,0.22196,15,3,1,19,2.408724,0.69491,18.433653,1.05885,4.507497,2.396346,0.100412
510,526,PhantomBot,Apidae,1817,1635,11,0,0,15.652125,0.12592,0.22196,5,6,0,11,2.414848,0.740328,8.658074,0.05885,7.283076,2.394367,0.122979
510,605,PhantomBot,nida,1817,1693,14,0,0,18.652125,0.12592,0.22196,13,1,0,14,2.240198,0.671241,16.3167,0.05885,2.62445,2.268911,0.112853
510,637,PhantomBot,72Tortoises,1817,1697,9,0,0,13.652125,0.12592,0.22196,8,1,0,9,2.521662,0.666139,11.291495,0.05885,2.649655,2.460107,0.13147
510,699,PhantomBot,Clicadinha,1817,1635,11,0,0,15.652125,0.12592,0.22196,4,7,0,11,2.267896,0.740328,7.658074,0.05885,8.283076,2.293337,0.122979
510,708,PhantomBot,Princess-Mika,1817,1521,5,0,0,9.652125,0.12592,0.22196,5,0,0,5,2.218289,0.846045,9.180436,0.05885,0.760714,2.283799,0.155557
510,709,PhantomBot,Laser-Circus,1817,1211,0,0,0,4.652125,0.12592,0.22196,0,0,0,0,,0.970356,4.794676,0.05885,0.146474,2.349308,0.219992
510,718,PhantomBot,Mulebot,1817,1689,22,0,1,26.652125,0.12592,1.22196,13,9,0,22,2.544789,0.676302,16.341708,0.05885,10.599442,2.508589,0.094669
510,720,PhantomBot,PiG_Bot,1817,1627,0,0,0,4.652125,0.12592,0.22196,0,0,0,0,,0.749083,3.701332,0.05885,1.239818,2.349308,0.219992
510,721,PhantomBot,49Terrapins,1817,1430,5,0,0,9.652125,0.12592,0.22196,4,1,0,5,2.208557,0.902714,8.460445,0.05885,1.480705,2.278932,0.155557
510,729,PhantomBot,Alexa,1817,1367,0,0,0,4.652125,0.12592,0.22196,0,0,0,0,,0.930242,4.596464,0.05885,0.344686,2.349308,0.219992
510,730,PhantomBot,Deimos,1817,2155,50,0,0,54.652125,0.12592,0.22196,22,28,0,50,2.648109,0.125025,22.617766,0.05885,32.323384,2.620946,0.06633
510,732,PhantomBot,GPT,1817,1830,48,1,0,52.652125,1.12592,0.22196,20,27,1,48,2.538438,0.4813,22.378177,1.05885,29.562973,2.520595,0.06757
510,759,PhantomBot,BotTato,1817,1710,35,0,1,39.652125,0.12592,1.22196,31,4,0,35,2.691585,0.649295,34.208264,0.05885,5.732886,2.648801,0.077779
510,779,PhantomBot,oberon,1817,1472,0,0,0,4.652125,0.12592,0.22196,0,0,0,0,,0.879317,4.344838,0.05885,0.596312,2.349308,0.219992
510,797,PhantomBot,WickedBot,1817,1707,36,0,0,40.652125,0.12592,0.22196,31,5,0,36,2.670818,0.653217,34.227644,0.05885,6.713506,2.63161,0.076824
510,809,PhantomBot,PrimordialOrigin,1817,1258,0,0,0,4.652125,0.12592,0.22196,0,0,0,0,,0.961501,4.750921,0.05885,0.190229,2.349308,0.219992
510,813,PhantomBot,MewCombatMicro,1817,1511,0,0,0,4.652125,0.12592,0.22196,0,0,0,0,,0.853395,4.216751,0.05885,0.724399,2.349308,0.219992
510,827,PhantomBot,smokinggunbot,1817,1579,12,0,0,16.652125,0.12592,0.22196,10,2,0,12,2.325893,0.797386,13.940005,0.05885,3.001145,2.33278,0.119307
510,832,PhantomBot,muravev,1817,1632,6,0,0,10.652125,0.12592,0.22196,6,0,0,6,2.525969,0.743635,9.67441,0.05885,1.26674,2.445668,0.148318
510,836,PhantomBot,muravevTerran,1817,1477,0,0,0,4.652125,0.12592,0.22196,0,0,0,0,,0.876229,4.32958,0.05885,0.61157,2.349308,0.219992
510,858,PhantomBot,Crawler,1817,1562,7,0,0,11.652125,0.12592,0.22196,4,3,0,7,2.11215,0.812738,8.015859,0.05885,3.925291,2.210966,0.142004
510,876,PhantomBot,GenesisLotus,1817,1411,2,0,0,6.652125,0.12592,0.22196,2,0,0,2,1.950278,0.911905,6.505861,0.05885,0.435289,2.235299,0.185927
510,901,PhantomBot,clone,1817,1667,17,0,1,21.652125,0.12592,1.22196,11,5,1,17,2.325099,0.703385,14.475531,1.05885,6.465619,2.330601,0.104877
510,930,PhantomBot,SiriusBot,1817,1519,8,0,1,12.652125,0.12592,1.22196,8,0,0,8,2.178534,0.847539,12.187816,0.05885,0.753334,2.244216,0.136433
510,939,PhantomBot,RustyNikolaj,1817,1539,3,0,0,7.652125,0.12592,0.22196,3,0,0,3,2.447939,0.83206,7.111332,0.05885,0.829818,2.386295,0.173919
510,940,PhantomBot,Princess-Mika-Test,1817,1524,1,0,0,5.652125,0.12592,0.22196,1,0,0,1,2.222459,0.843782,5.169255,0.05885,0.771895,2.328167,0.200824
510,943,PhantomBot,puck,1817,1529,3,0,0,7.652125,0.12592,0.22196,3,0,0,3,2.4885,0.839951,7.150322,0.05885,0.790828,2.401505,0.173919
510,948,PhantomBot,titania,1817,1185,1,0,0,5.652125,0.12592,0.22196,1,0,0,1,2.252344,0.974371,5.814515,0.05885,0.126635,2.333147,0.200824
510,953,PhantomBot,ZeratulsRevengeTest,1817,1702,20,0,0,24.652125,0.12592,0.22196,1,19,0,20,1.779767,0.659708,4.259716,0.05885,20.681434,1.893675,0.098383
510,959,PhantomBot,ur_moms_a_ho,1817,1600,0,0,0,4.652125,0.12592,0.22196,0,0,0,0,,0.777153,3.84003,0.05885,1.10112,2.349308,0.219992
510,960,PhantomBot,BigDaddy,1817,1637,14,0,0,18.652125,0.12592,0.22196,7,7,0,14,2.230473,0.738109,10.647107,0.05885,8.294043,2.261745,0.112853
510,961,PhantomBot,AvocaDOS,1817,1751,38,0,0,42.652125,0.12592,0.22196,33,5,0,38,2.505716,0.593855,35.934329,0.05885,7.006821,2.487529,0.075016
510,962,PhantomBot,AvocaDEV,1817,1700,3,0,0,7.652125,0.12592,0.22196,2,1,0,3,2.618047,0.662288,5.272463,0.05885,2.668687,2.450085,0.173919
510,966,PhantomBot,ArgoBot,1817,1909,44,3,1,48.652125,3.12592,1.22196,11,31,2,44,3.051518,0.370611,12.831247,2.05885,34.109903,2.979864,0.070274
510,970,PhantomBot,TheLAW,1817,1576,11,0,0,15.652125,0.12592,0.22196,6,5,0,11,2.337333,0.800162,9.953721,0.05885,5.987429,2.341075,0.122979
510,971,PhantomBot,Nothing,1817,1570,9,1,0,13.652125,1.12592,0.22196,7,1,1,9,2.498756,0.805628,10.980727,1.05885,1.960423,2.445382,0.13147
510,977,PhantomBot,Siriusly,1817,1392,1,0,0,5.652125,0.12592,0.22196,1,0,0,1,2.134166,0.920305,5.547364,0.05885,0.393786,2.313451,0.200824
510,981,PhantomBot,KoB,1817,1499,16,0,0,20.652125,0.12592,0.22196,8,8,0,16,2.14983,0.861828,12.258421,0.05885,8.682729,2.197325,0.107345
510,998,PhantomBot,LordSuperKing,1817,1656,13,0,0,17.652125,0.12592,0.22196,12,1,0,13,2.223222,0.716424,15.539957,0.05885,2.401193,2.258246,0.115946
510,1007,PhantomBot,SharkGull,1817,1605,0,0,0,4.652125,0.12592,0.22196,0,0,0,0,,0.772129,3.815204,0.05885,1.125946,2.349308,0.219992
510,1008,PhantomBot,Creepy_canon,1817,1587,0,0,0,4.652125,0.12592,0.22196,0,0,0,0,,0.789844,3.902739,0.05885,1.038411,2.349308,0.219992
510,1023,PhantomBot,MY_SCRIPTING_SON,1817,1275,1,0,0,5.652125,0.12592,0.22196,1,0,0,1,1.818077,0.95771,5.73219,0.05885,0.20896,2.260769,0.200824
510,1026,PhantomBot,WildLupo,1817,1199,0,0,0,4.652125,0.12592,0.22196,0,0,0,0,,0.97228,4.804182,0.05885,0.136968,2.349308,0.219992
510,1029,PhantomBot,Chomppet,1817,1600,0,0,0,4.652125,0.12592,0.22196,0,0,0,0,,0.777153,3.84003,0.05885,1.10112,2.349308,0.219992
510,1030,PhantomBot,who,1817,1924,48,1,0,52.652125,1.12592,0.22196,17,30,1,48,1.879901,0.350705,18.732886,1.05885,33.208264,1.924185,0.06757
510,1032,PhantomBot,WaterLeak,1817,1607,23,0,0,27.652125,0.12592,0.22196,0,23,0,23,1.882917,0.770097,3.805163,0.05885,24.135987,1.966201,0.092963
510,1038,PhantomBot,PolyMorph,1817,1463,4,0,0,8.652125,0.12592,0.22196,4,0,0,4,2.330954,0.884708,8.371474,0.05885,0.569676,2.341151,0.163972
510,1042,PhantomBot,Creepy_duo_canon,1817,1386,1,0,0,5.652125,0.12592,0.22196,1,0,0,1,2.112635,0.922802,5.559701,0.05885,0.381449,2.309862,0.200824
510,1044,PhantomBot,DoopyBot,1817,1418,3,0,0,7.652125,0.12592,0.22196,3,0,0,3,2.422023,0.908614,7.489598,0.05885,0.451552,2.376576,0.173919
510,1045,PhantomBot,tito,1817,1801,41,0,1,45.652125,0.12592,1.22196,32,9,0,41,2.382457,0.52301,34.584269,0.05885,11.356881,2.378854,0.072529
510,1049,PhantomBot,TheCatSC2Bot,1817,970,0,0,0,4.652125,0.12592,0.22196,0,0,0,0,,0.992428,4.903737,0.05885,0.037413,2.349308,0.219992
510,1050,PhantomBot,onlyfans,1817,1517,5,0,0,9.652125,0.12592,0.22196,4,1,0,5,2.354245,0.84902,8.195137,0.05885,1.746013,2.351777,0.155557
510,1052,PhantomBot,Starlight,1817,1204,0,0,0,4.652125,0.12592,0.22196,0,0,0,0,,0.971494,4.800296,0.05885,0.140854,2.349308,0.219992
510,1054,PhantomBot,JimmyBotZ,1817,1724,6,0,0,10.652125,0.12592,0.22196,5,1,0,6,2.137414,0.63073,8.116533,0.05885,2.824617,2.23373,0.148318
510,1056,PhantomBot,bilisaur,1817,1600,0,0,0,4.652125,0.12592,0.22196,0,0,0,0,,0.777153,3.84003,0.05885,1.10112,2.349308,0.219992
510,1057,PhantomBot,DoopyBot-Test,1817,1238,1,0,0,5.652125,0.12592,0.22196,1,0,0,1,2.284421,0.965543,5.770895,0.05885,0.170255,2.338494,0.200824
510,1058,PhantomBot,JimmyBotP,1817,1711,3,0,0,7.652125,0.12592,0.22196,3,0,0,3,2.279753,0.647983,6.201781,0.05885,1.739369,2.323225,0.173919
510,1059,PhantomBot,NextProBot,1817,1600,0,0,0,4.652125,0.12592,0.22196,0,0,0,0,,0.777153,3.84003,0.05885,1.10112,2.349308,0.219992
510,1060,PhantomBot,WildFire,1817,1709,22,0,0,26.652125,0.12592,0.22196,6,16,0,22,2.266134,0.650605,9.214735,0.05885,17.726415,2.281537,0.094669
510,1065,PhantomBot,MindMatrix,1817,1514,0,0,0,4.652125,0.12592,0.22196,0,0,0,0,,0.851221,4.20601,0.05885,0.73514,2.349308,0.219992
510,1066,PhantomBot,CompetitiveBotTest,1817,1482,0,0,0,4.652125,0.12592,0.22196,0,0,0,0,,0.873074,4.313989,0.05885,0.627161,2.349308,0.219992
510,1067,PhantomBot,Hello_world,1817,1600,0,0,0,4.652125,0.12592,0.22196,0,0,0,0,,0.777153,3.84003,0.05885,1.10112,2.349308,0.219992
510,1078,PhantomBot,LoremIpsum,1817,1242,0,0,0,4.652125,0.12592,0.22196,0,0,0,0,,0.964769,4.767069,0.05885,0.174081,2.349308,0.219992
510,1079,PhantomBot,JimmyBotT,1817,1675,0,0,0,4.652125,0.12592,0.22196,0,0,0,0,,0.693688,3.427616,0.05885,1.513534,2.349308,0.219992
510,1080,PhantomBot,JimmyBot,1817,1675,0,0,0,4.652125,0.12592,0.22196,0,0,0,0,,0.693688,3.427616,0.05885,1.513534,2.349308,0.219992
510,1081,PhantomBot,ArtZerg,1817,1537,0,0,0,4.652125,0.12592,0.22196,0,0,0,0,,0.833662,4.119251,0.05885,0.821899,2.349308,0.219992
510,1082,PhantomBot,Dasyatis,1817,1573,0,0,0,4.652125,0.12592,0.22196,0,0,0,0,,0.802909,3.967295,0.05885,0.973855,2.349308,0.219992
510,1084,PhantomBot,ZippyZap,1817,1457,0,0,0,4.652125,0.12592,0.22196,0,0,0,0,,0.888184,4.388652,0.05885,0.552498,2.349308,0.219992
510,1085,PhantomBot,AgoraLord,1817,1430,0,0,0,4.652125,0.12592,0.22196,0,0,0,0,,0.902714,4.460445,0.05885,0.480705,2.349308,0.219992
510,1086,PhantomBot,CherBoiBlue,1817,1500,0,0,0,4.652125,0.12592,0.22196,0,0,0,0,,0.861141,4.255027,0.05885,0.686123,2.349308,0.219992
510,1087,PhantomBot,SwarmLord2,1817,1533,0,0,0,4.652125,0.12592,0.22196,0,0,0,0,,0.836831,4.134907,0.05885,0.806243,2.349308,0.219992
510,1088,PhantomBot,SwarmLord3,1817,1562,0,0,0,4.652125,0.12592,0.22196,0,0,0,0,,0.812738,4.015859,0.05885,0.925291,2.349308,0.219992
510,1089,PhantomBot,WorkingAsIntended,1817,1596,0,0,0,4.652125,0.12592,0.22196,0,0,0,0,,0.781115,3.859608,0.05885,1.081542,2.349308,0.219992
516,517,27turtles,VeTerran-revived,1526,1869,2,0,0,6.652125,0.12592,0.22196,0,2,0,2,2.264263,0.12191,0.602375,0.05885,6.338775,2.32501,0.185927
516,518,27turtles,norman,1526,1674,36,0,0,40.652125,0.12592,0.22196,4,32,0,36,2.384408,0.299023,5.477516,0.05885,35.463634,2.380128,0.076824
516,526,27turtles,Apidae,1526,1635,34,0,0,38.652125,0.12592,0.22196,8,26,0,34,2.588164,0.348088,9.719955,0.05885,29.221195,2.557541,0.07877
516,605,27turtles,nida,1526,1693,40,0,0,44.652125,0.12592,0.22196,12,28,0,40,2.550668,0.276612,13.366782,0.05885,31.574368,2.528294,0.073331
516,637,27turtles,72Tortoises,1526,1697,39,0,0,43.652125,0.12592,0.22196,7,32,0,39,2.542808,0.272028,8.344134,0.05885,35.597016,2.52082,0.074159
516,699,27turtles,Clicadinha,1526,1635,42,1,0,46.652125,1.12592,0.22196,16,26,0,42,2.608099,0.348088,17.719955,0.05885,29.221195,2.580568,0.071753
516,708,27turtles,Princess-Mika,1526,1521,8,0,0,12.652125,0.12592,0.22196,5,3,0,8,2.550833,0.507195,7.506127,0.05885,5.435023,2.473324,0.136433
516,709,27turtles,Laser-Circus,1526,1211,1,0,0,5.652125,0.12592,0.22196,1,0,0,1,2.432736,0.859759,5.248196,0.05885,0.692954,2.363213,0.200824
516,718,27turtles,Mulebot,1526,1689,34,0,0,38.652125,0.12592,0.22196,11,23,0,34,2.484421,0.281243,12.389665,0.05885,26.551485,2.467099,0.07877
516,720,27turtles,PiG_Bot,1526,1627,25,0,0,29.652125,0.12592,0.22196,10,15,0,25,2.513927,0.35861,11.771945,0.05885,18.169205,2.486491,0.089811
516,721,27turtles,49Terrapins,1526,1430,11,0,0,15.652125,0.12592,0.22196,9,2,0,11,2.42087,0.634743,12.136362,0.05885,3.804788,2.398507,0.122979
516,729,27turtles,Alexa,1526,1367,1,0,0,5.652125,0.12592,0.22196,1,0,0,1,2.145931,0.714079,4.528371,0.05885,1.412779,2.315412,0.200824
516,730,27turtles,Deimos,1526,2155,0,0,0,4.652125,0.12592,0.22196,0,0,0,0,,0.026063,0.128783,0.05885,4.812367,2.349308,0.219992
516,732,27turtles,GPT,1526,1830,0,0,0,4.652125,0.12592,0.22196,0,0,0,0,,0.148052,0.731545,0.05885,4.209605,2.349308,0.219992
516,759,27turtles,BotTato,1526,1710,15,0,0,19.652125,0.12592,0.22196,1,14,0,15,2.597497,0.257464,2.27217,0.05885,17.66898,2.53545,0.109996
516,779,27turtles,oberon,1526,1472,2,0,0,6.652125,0.12592,0.22196,2,0,0,2,2.710675,0.577092,4.8515,0.05885,2.08965,2.452556,0.185927
516,797,27turtles,WickedBot,1526,1707,14,0,0,18.652125,0.12592,0.22196,0,14,0,14,2.423115,0.26078,1.288552,0.05885,17.652598,2.403692,0.112853
516,809,27turtles,PrimordialOrigin,1526,1258,1,0,0,5.652125,0.12592,0.22196,0,1,0,1,2.008214,0.823862,4.070823,0.05885,1.870327,2.292459,0.200824
516,813,27turtles,MewCombatMicro,1526,1511,0,0,0,4.652125,0.12592,0.22196,0,0,0,0,,0.521573,2.577172,0.05885,2.363978,2.349308,0.219992
516,827,27turtles,smokinggunbot,1526,1579,38,1,0,42.652125,1.12592,0.22196,24,12,2,38,2.707401,0.424313,26.096594,2.05885,14.844556,2.665763,0.075016
516,832,27turtles,muravev,1526,1632,42,0,0,46.652125,0.12592,0.22196,12,30,0,42,2.731733,0.352017,13.739369,0.05885,33.201781,2.69105,0.071753
516,836,27turtles,muravevTerran,1526,1477,2,0,0,6.652125,0.12592,0.22196,2,0,0,2,2.371739,0.570053,4.816717,0.05885,2.124433,2.355717,0.185927
516,858,27turtles,Crawler,1526,1562,32,2,0,36.652125,2.12592,0.22196,21,11,0,32,2.754871,0.448376,23.215495,0.05885,13.725655,2.700065,0.08087
516,876,27turtles,GenesisLotus,1526,1411,3,0,0,7.652125,0.12592,0.22196,3,0,0,3,2.497709,0.659708,6.259716,0.05885,1.681434,2.404958,0.173919
516,901,27turtles,clone,1526,1667,30,0,1,34.652125,0.12592,1.22196,10,20,0,30,2.563173,0.307537,11.519585,0.05885,23.421565,2.532621,0.083149
516,930,27turtles,SiriusBot,1526,1519,24,0,0,28.652125,0.12592,0.22196,13,11,0,24,2.71789,0.510072,15.520344,0.05885,13.420806,2.654342,0.091347
516,939,27turtles,RustyNikolaj,1526,1539,18,0,0,22.652125,0.12592,0.22196,7,10,1,18,2.971557,0.4813,9.378177,1.05885,12.562973,2.836285,0.102572
516,940,27turtles,Princess-Mika-Test,1526,1524,15,0,1,19.652125,0.12592,1.22196,9,6,0,15,2.517896,0.502878,11.484797,0.05885,8.456353,2.475749,0.109996
516,943,27turtles,puck,1526,1529,7,1,0,11.652125,1.12592,0.22196,7,0,0,7,2.24781,0.495683,9.449243,0.05885,2.491907,2.290101,0.142004
516,948,27turtles,titania,1526,1185,2,0,0,6.652125,0.12592,0.22196,2,0,0,2,2.54685,0.876852,6.332659,0.05885,0.608491,2.405749,0.185927
516,953,27turtles,ZeratulsRevengeTest,1526,1702,6,0,0,10.652125,0.12592,0.22196,2,4,0,6,2.807388,0.266366,3.316156,0.05885,7.624994,2.59917,0.148318
516,959,27turtles,ur_moms_a_ho,1526,1600,0,0,0,4.652125,0.12592,0.22196,0,0,0,0,,0.395087,1.952185,0.05885,2.988965,2.349308,0.219992
516,960,27turtles,BigDaddy,1526,1637,41,0,0,45.652125,0.12592,0.22196,13,28,0,41,2.168654,0.34548,14.707069,0.05885,31.234081,2.18829,0.072529
516,961,27turtles,AvocaDOS,1526,1751,13,0,0,17.652125,0.12592,0.22196,1,12,0,13,2.531018,0.214973,2.062215,0.05885,15.878935,2.480543,0.115946
516,962,27turtles,AvocaDEV,1526,1700,7,0,0,11.652125,0.12592,0.22196,2,5,0,7,2.548594,0.268622,3.327302,0.05885,8.613848,2.465558,0.142004
516,966,27turtles,ArgoBot,1526,1909,0,0,0,4.652125,0.12592,0.22196,0,0,0,0,,0.099327,0.490789,0.05885,4.450361,2.349308,0.219992
516,970,27turtles,TheLAW,1526,1576,35,0,8,39.652125,0.12592,8.22196,29,6,0,35,2.477021,0.428537,31.117465,0.05885,8.823685,2.461057,0.077779
516,971,27turtles,Nothing,1526,1570,41,0,2,45.652125,0.12592,2.22196,13,28,0,41,2.516678,0.437015,15.159358,0.05885,30.781792,2.498486,0.072529
516,977,27turtles,Siriusly,1526,1392,1,0,0,5.652125,0.12592,0.22196,1,0,0,1,2.371178,0.683816,4.378839,0.05885,1.562311,2.352953,0.200824
516,981,27turtles,KoB,1526,1499,13,2,0,17.652125,2.12592,0.22196,8,5,0,13,2.600844,0.538778,10.662183,0.05885,7.278967,2.530973,0.115946
516,998,27turtles,LordSuperKing,1526,1656,23,0,0,27.652125,0.12592,0.22196,1,22,0,23,2.644488,0.321183,2.587014,0.05885,25.354136,2.591777,0.092963
516,1007,27turtles,SharkGull,1526,1605,17,1,0,21.652125,1.12592,0.22196,4,13,0,17,2.259574,0.388229,5.9183,0.05885,16.02285,2.279968,0.104877
516,1008,27turtles,Creepy_canon,1526,1587,0,0,0,4.652125,0.12592,0.22196,0,0,0,0,,0.413105,2.041214,0.05885,2.899936,2.349308,0.219992
516,1023,27turtles,MY_SCRIPTING_SON,1526,1275,2,0,0,6.652125,0.12592,0.22196,1,1,0,2,3.59016,0.809208,4.998418,0.05885,1.942732,2.703837,0.185927
516,1026,27turtles,WildLupo,1526,1199,2,0,0,6.652125,0.12592,0.22196,2,0,0,2,1.92442,0.867882,6.288337,0.05885,0.652813,2.227911,0.185927
516,1029,27turtles,Chomppet,1526,1600,0,0,0,4.652125,0.12592,0.22196,0,0,0,0,,0.395087,1.952185,0.05885,2.988965,2.349308,0.219992
516,1030,27turtles,who,1526,1924,0,0,0,4.652125,0.12592,0.22196,0,0,0,0,,0.091865,0.453919,0.05885,4.487231,2.349308,0.219992
516,1032,27turtles,WaterLeak,1526,1607,28,1,0,32.652125,1.12592,0.22196,15,13,0,28,2.68245,0.385499,16.904807,0.05885,16.036343,2.631974,0.085632
516,1038,27turtles,PolyMorph,1526,1463,4,0,0,8.652125,0.12592,0.22196,3,1,0,4,2.997831,0.589684,5.913715,0.05885,3.027435,2.63754,0.163972
516,1042,27turtles,Creepy_duo_canon,1526,1386,4,0,0,8.652125,0.12592,0.22196,4,0,0,4,2.844866,0.691236,7.415502,0.05885,1.525648,2.569556,0.163972
516,1044,27turtles,DoopyBot,1526,1418,12,1,0,16.652125,1.12592,0.22196,5,7,0,12,2.777531,0.650605,8.214735,0.05885,8.726415,2.651583,0.119307
516,1045,27turtles,tito,1526,1801,7,0,0,11.652125,0.12592,0.22196,0,7,0,7,2.340865,0.170367,0.84181,0.05885,11.09934,2.344383,0.142004
516,1049,27turtles,TheCatSC2Bot,1526,970,2,0,0,6.652125,0.12592,0.22196,2,0,0,2,3.459908,0.960857,6.747737,0.05885,0.193413,2.666622,0.185927
516,1050,27turtles,onlyfans,1526,1517,21,2,0,25.652125,2.12592,0.22196,15,6,0,21,2.827179,0.512949,17.534559,0.05885,8.406591,2.73528,0.096473
516,1052,27turtles,Starlight,1526,1204,2,0,0,6.652125,0.12592,0.22196,1,1,0,2,3.009384,0.864547,5.271856,0.05885,1.669294,2.537901,0.185927
516,1054,27turtles,JimmyBotZ,1526,1724,39,0,0,43.652125,0.12592,0.22196,28,10,1,39,2.785341,0.242361,29.197541,1.05885,13.743609,2.735792,0.074159
516,1056,27turtles,bilisaur,1526,1600,0,0,0,4.652125,0.12592,0.22196,0,0,0,0,,0.395087,1.952185,0.05885,2.988965,2.349308,0.219992
516,1057,27turtles,DoopyBot-Test,1526,1238,3,0,0,7.652125,0.12592,0.22196,2,1,0,3,3.105179,0.839951,6.150322,0.05885,1.790828,2.63276,0.173919
516,1058,27turtles,JimmyBotP,1526,1711,21,0,0,25.652125,0.12592,0.22196,17,3,1,21,2.647551,0.256365,18.26674,1.05885,6.67441,2.590196,0.096473
516,1059,27turtles,NextProBot,1526,1600,0,0,0,4.652125,0.12592,0.22196,0,0,0,0,,0.395087,1.952185,0.05885,2.988965,2.349308,0.219992
516,1060,27turtles,WildFire,1526,1709,14,2,0,18.652125,2.12592,0.22196,4,10,0,14,2.585932,0.258566,5.277616,0.05885,13.663534,2.523663,0.112853
516,1065,27turtles,MindMatrix,1526,1514,6,0,0,10.652125,0.12592,0.22196,2,4,0,6,2.883164,0.517263,4.555872,0.05885,6.385278,2.640502,0.148318
516,1066,27turtles,CompetitiveBotTest,1526,1482,0,0,0,4.652125,0.12592,0.22196,0,0,0,0,,0.562985,2.781792,0.05885,2.159358,2.349308,0.219992
516,1067,27turtles,Hello_world,1526,1600,0,0,0,4.652125,0.12592,0.22196,0,0,0,0,,0.395087,1.952185,0.05885,2.988965,2.349308,0.219992
516,1078,27turtles,LoremIpsum,1526,1242,0,0,0,4.652125,0.12592,0.22196,0,0,0,0,,0.836831,4.134907,0.05885,0.806243,2.349308,0.219992
516,1079,27turtles,JimmyBotT,1526,1675,18,0,0,22.652125,0.12592,0.22196,5,13,0,18,2.397143,0.297817,6.47156,0.05885,16.46959,2.386744,0.102572
516,1080,27turtles,JimmyBot,1526,1675,19,0,0,23.652125,0.12592,0.22196,11,8,0,19,2.556152,0.297817,12.47156,0.05885,11.46959,2.513059,0.100412
516,1081,27turtles,ArtZerg,1526,1537,19,0,0,23.652125,0.12592,0.22196,11,8,0,19,2.269393,0.484175,13.392381,0.05885,10.548769,2.286042,0.100412
516,1082,27turtles,Dasyatis,1526,1573,7,0,0,11.652125,0.12592,0.22196,4,3,0,7,2.735586,0.432771,6.138387,0.05885,5.802763,2.574637,0.142004
516,1084,27turtles,ZippyZap,1526,1457,0,0,0,4.652125,0.12592,0.22196,0,0,0,0,,0.598014,2.954876,0.05885,1.986274,2.349308,0.219992
516,1085,27turtles,AgoraLord,1526,1430,0,0,0,4.652125,0.12592,0.22196,0,0,0,0,,0.634743,3.136362,0.05885,1.804788,2.349308,0.219992
516,1086,27turtles,CherBoiBlue,1526,1500,0,0,0,4.652125,0.12592,0.22196,0,0,0,0,,0.537347,2.655114,0.05885,2.286036,2.349308,0.219992
516,1087,27turtles,SwarmLord2,1526,1533,0,0,0,4.652125,0.12592,0.22196,0,0,0,0,,0.489928,2.420806,0.05885,2.520344,2.349308,0.219992
516,1088,27turtles,SwarmLord3,1526,1562,0,0,0,4.652125,0.12592,0.22196,0,0,0,0,,0.448376,2.215495,0.05885,2.725655,2.349308,0.219992
516,1089,27turtles,WorkingAsIntended,1526,1596,0,0,0,4.652125,0.12592,0.22196,0,0,0,0,,0.400603,1.979441,0.05885,2.961709,2.349308,0.219992
517,518,VeTerran-revived,norman,1869,1674,6,0,0,10.652125,0.12592,0.22196,6,0,0,6,2.334194,0.754454,9.727871,0.05885,1.213279,2.341064,0.148318
517,526,VeTerran-revived,Apidae,1869,1635,8,0,0,12.652125,0.12592,0.22196,8,0,0,8,2.117077,0.793641,11.921498,0.05885,1.019652,2.206397,0.136433
517,605,VeTerran-revived,nida,1869,1693,3,0,0,7.652125,0.12592,0.22196,2,1,0,3,2.355897,0.733634,5.624994,0.05885,2.316156,2.351779,0.173919
517,637,VeTerran-revived,72Tortoises,1869,1697,8,0,0,12.652125,0.12592,0.22196,8,0,0,8,2.395857,0.72911,11.602642,0.05885,1.338508,2.377954,0.136433
517,699,VeTerran-revived,Clicadinha,1869,1635,1,0,0,5.652125,0.12592,0.22196,1,0,0,1,2.169054,0.793641,4.921498,0.05885,1.019652,2.319266,0.200824
517,708,VeTerran-revived,Princess-Mika,1869,1521,0,0,0,4.652125,0.12592,0.22196,0,0,0,0,,0.881138,4.353834,0.05885,0.587316,2.349308,0.219992
517,709,VeTerran-revived,Laser-Circus,1869,1211,0,0,0,4.652125,0.12592,0.22196,0,0,0,0,,0.977855,4.831729,0.05885,0.109421,2.349308,0.219992
517,718,VeTerran-revived,Mulebot,1869,1689,11,0,0,15.652125,0.12592,0.22196,10,1,0,11,2.073606,0.738109,13.647107,0.05885,2.294043,2.159763,0.122979
517,720,VeTerran-revived,PiG_Bot,1869,1627,0,0,0,4.652125,0.12592,0.22196,0,0,0,0,,0.801081,3.958261,0.05885,0.982889,2.349308,0.219992
517,721,VeTerran-revived,49Terrapins,1869,1430,2,0,0,6.652125,0.12592,0.22196,2,0,0,2,2.675404,0.926019,6.575599,0.05885,0.365551,2.442478,0.185927
517,729,VeTerran-revived,Alexa,1869,1367,1,0,0,5.652125,0.12592,0.22196,1,0,0,1,1.903599,0.947337,5.680935,0.05885,0.260215,2.275023,0.200824
517,730,VeTerran-revived,Deimos,1869,2155,44,0,1,48.652125,0.12592,1.22196,3,41,0,44,2.523346,0.161603,3.798505,0.05885,45.142645,2.505587,0.070274
517,732,VeTerran-revived,GPT,1869,1830,45,0,0,49.652125,0.12592,0.22196,19,25,1,45,2.299075,0.555891,21.746741,1.05885,27.194409,2.304098,0.069567
517,759,VeTerran-revived,BotTato,1869,1710,28,0,0,32.652125,0.12592,0.22196,26,2,0,28,2.538509,0.714079,29.528371,0.05885,3.412779,2.509842,0.085632
517,779,VeTerran-revived,oberon,1869,1472,1,0,0,5.652125,0.12592,0.22196,1,0,0,1,1.835776,0.907654,5.484852,0.05885,0.456298,2.263719,0.200824
517,797,VeTerran-revived,WickedBot,1869,1707,32,0,1,36.652125,0.12592,1.22196,25,7,0,32,2.250814,0.717592,28.545728,0.05885,8.395422,2.264124,0.08087
517,809,VeTerran-revived,PrimordialOrigin,1869,1258,1,0,0,5.652125,0.12592,0.22196,1,0,0,1,1.868721,0.971173,5.798712,0.05885,0.142438,2.26921,0.200824
517,813,VeTerran-revived,MewCombatMicro,1869,1511,0,0,0,4.652125,0.12592,0.22196,0,0,0,0,,0.887036,4.382977,0.05885,0.558173,2.349308,0.219992
517,827,VeTerran-revived,smokinggunbot,1869,1579,1,0,0,5.652125,0.12592,0.22196,1,0,0,1,2.21266,0.841492,5.15794,0.05885,0.78321,2.326533,0.200824
517,832,VeTerran-revived,muravev,1869,1632,1,0,0,5.652125,0.12592,0.22196,1,0,0,1,2.029463,0.796455,4.935402,0.05885,1.005748,2.296001,0.200824
517,836,VeTerran-revived,muravevTerran,1869,1477,0,0,0,4.652125,0.12592,0.22196,0,0,0,0,,0.905213,4.472791,0.05885,0.468359,2.349308,0.219992
517,858,VeTerran-revived,Crawler,1869,1562,1,0,0,5.652125,0.12592,0.22196,1,0,0,1,2.005526,0.854113,5.220302,0.05885,0.720848,2.292011,0.200824
517,876,VeTerran-revived,GenesisLotus,1869,1411,0,0,0,4.652125,0.12592,0.22196,0,0,0,0,,0.933172,4.610941,0.05885,0.330209,2.349308,0.219992
517,901,VeTerran-revived,clone,1869,1667,12,0,0,16.652125,0.12592,0.22196,10,2,0,12,2.408804,0.761842,13.764376,0.05885,3.176774,2.391305,0.119307
517,930,VeTerran-revived,SiriusBot,1869,1519,1,0,0,5.652125,0.12592,0.22196,1,0,0,1,2.62684,0.882338,5.359766,0.05885,0.581384,2.395563,0.200824
517,939,VeTerran-revived,RustyNikolaj,1869,1539,2,0,0,6.652125,0.12592,0.22196,2,0,0,2,2.180759,0.86985,6.298059,0.05885,0.643091,2.301151,0.185927
517,940,VeTerran-revived,Princess-Mika-Test,1869,1524,1,0,0,5.652125,0.12592,0.22196,1,0,0,1,2.012233,0.879317,5.344838,0.05885,0.596312,2.293129,0.200824
517,943,VeTerran-revived,puck,1869,1529,0,0,0,4.652125,0.12592,0.22196,0,0,0,0,,0.876229,4.32958,0.05885,0.61157,2.349308,0.219992
517,948,VeTerran-revived,titania,1869,1185,1,0,0,5.652125,0.12592,0.22196,1,0,0,1,1.83737,0.980874,5.846648,0.05885,0.094502,2.263985,0.200824
517,953,VeTerran-revived,ZeratulsRevengeTest,1869,1702,20,0,0,24.652125,0.12592,0.22196,13,7,0,20,2.172931,0.723388,16.574368,0.05885,8.366782,2.208206,0.098383
517,959,VeTerran-revived,ur_moms_a_ho,1869,1600,0,0,0,4.652125,0.12592,0.22196,0,0,0,0,,0.824695,4.074943,0.05885,0.866207,2.349308,0.219992
517,960,VeTerran-revived,BigDaddy,1869,1637,4,0,0,8.652125,0.12592,0.22196,4,0,0,4,2.288997,0.791749,7.91215,0.05885,1.029,2.322503,0.163972
517,961,VeTerran-revived,AvocaDOS,1869,1751,33,0,0,37.652125,0.12592,0.22196,28,5,0,33,2.259306,0.663574,31.278819,0.05885,6.662331,2.271148,0.079799
517,962,VeTerran-revived,AvocaDEV,1869,1700,2,0,0,6.652125,0.12592,0.22196,0,2,0,2,2.394981,0.725686,3.585722,0.05885,3.355428,2.362357,0.185927
517,966,VeTerran-revived,ArgoBot,1869,1909,45,0,0,49.652125,0.12592,0.22196,11,34,0,45,2.493156,0.442688,13.18739,0.05885,36.75376,2.478771,0.069567
517,970,VeTerran-revived,TheLAW,1869,1576,1,0,0,5.652125,0.12592,0.22196,0,1,0,1,2.150599,0.843782,4.169255,0.05885,1.771895,2.31619,0.200824
517,971,VeTerran-revived,Nothing,1869,1570,1,0,0,5.652125,0.12592,0.22196,1,0,0,1,2.065596,0.848281,5.191484,0.05885,0.749666,2.302023,0.200824
517,977,VeTerran-revived,Siriusly,1869,1392,1,0,0,5.652125,0.12592,0.22196,1,0,0,1,1.819699,0.939678,5.643088,0.05885,0.298062,2.26104,0.200824
517,981,VeTerran-revived,KoB,1869,1499,0,0,0,4.652125,0.12592,0.22196,0,0,0,0,,0.893775,4.416275,0.05885,0.524875,2.349308,0.219992
517,998,VeTerran-revived,LordSuperKing,1869,1656,9,0,0,13.652125,0.12592,0.22196,4,5,0,9,2.745156,0.77314,7.8202,0.05885,6.12095,2.603782,0.13147
517,1007,VeTerran-revived,SharkGull,1869,1605,0,0,0,4.652125,0.12592,0.22196,0,0,0,0,,0.820495,4.05419,0.05885,0.88696,2.349308,0.219992
517,1008,VeTerran-revived,Creepy_canon,1869,1587,0,0,0,4.652125,0.12592,0.22196,0,0,0,0,,0.835253,4.12711,0.05885,0.81404,2.349308,0.219992
517,1023,VeTerran-revived,MY_SCRIPTING_SON,1869,1275,1,0,0,5.652125,0.12592,0.22196,1,0,0,1,1.706565,0.968303,5.784533,0.05885,0.156617,2.242184,0.200824
517,1026,VeTerran-revived,WildLupo,1869,1199,1,0,0,5.652125,0.12592,0.22196,1,0,0,1,1.873339,0.979303,5.838881,0.05885,0.102269,2.26998,0.200824
517,1029,VeTerran-revived,Chomppet,1869,1600,0,0,0,4.652125,0.12592,0.22196,0,0,0,0,,0.824695,4.074943,0.05885,0.866207,2.349308,0.219992
517,1030,VeTerran-revived,who,1869,1924,45,0,0,49.652125,0.12592,0.22196,21,24,0,45,1.817393,0.421503,23.082711,0.05885,26.858439,1.870585,0.069567
517,1032,VeTerran-revived,WaterLeak,1869,1607,15,0,0,19.652125,0.12592,0.22196,15,0,0,15,1.967338,0.818793,19.04578,0.05885,0.89537,2.06283,0.109996
517,1038,VeTerran-revived,PolyMorph,1869,1463,0,0,0,4.652125,0.12592,0.22196,0,0,0,0,,0.911905,4.505861,0.05885,0.435289,2.349308,0.219992
517,1042,VeTerran-revived,Creepy_duo_canon,1869,1386,0,0,0,4.652125,0.12592,0.22196,0,0,0,0,,0.941606,4.652616,0.05885,0.288534,2.349308,0.219992
517,1044,VeTerran-revived,DoopyBot,1869,1418,0,0,0,4.652125,0.12592,0.22196,0,0,0,0,,0.930614,4.598305,0.05885,0.342845,2.349308,0.219992
517,1045,VeTerran-revived,tito,1869,1801,38,0,0,42.652125,0.12592,0.22196,27,11,0,38,2.388027,0.596629,29.948034,0.05885,12.993116,2.383525,0.075016
517,1049,VeTerran-revived,TheCatSC2Bot,1869,970,1,0,0,5.652125,0.12592,0.22196,1,0,0,1,1.783391,0.994376,5.913361,0.05885,0.027789,2.254989,0.200824
517,1050,VeTerran-revived,onlyfans,1869,1517,1,0,0,5.652125,0.12592,0.22196,1,0,0,1,1.874874,0.883528,5.365646,0.05885,0.575504,2.270236,0.200824
517,1052,VeTerran-revived,Starlight,1869,1204,1,0,0,5.652125,0.12592,0.22196,1,0,0,1,2.05027,0.978711,5.835958,0.05885,0.105192,2.299468,0.200824
517,1054,VeTerran-revived,JimmyBotZ,1869,1724,2,0,0,6.652125,0.12592,0.22196,2,0,0,2,1.893864,0.697345,5.445687,0.05885,1.495463,2.219181,0.185927
517,1056,VeTerran-revived,bilisaur,1869,1600,0,0,0,4.652125,0.12592,0.22196,0,0,0,0,,0.824695,4.074943,0.05885,0.866207,2.349308,0.219992
517,1057,VeTerran-revived,DoopyBot-Test,1869,1238,0,0,0,4.652125,0.12592,0.22196,0,0,0,0,,0.974227,4.813803,0.05885,0.127347,2.349308,0.219992
517,1058,VeTerran-revived,JimmyBotP,1869,1711,1,0,0,5.652125,0.12592,0.22196,1,0,0,1,2.177022,0.712902,4.522556,0.05885,1.418594,2.320594,0.200824
517,1059,VeTerran-revived,NextProBot,1869,1600,0,0,0,4.652125,0.12592,0.22196,0,0,0,0,,0.824695,4.074943,0.05885,0.866207,2.349308,0.219992
517,1060,VeTerran-revived,WildFire,1869,1709,18,0,0,22.652125,0.12592,0.22196,18,0,0,18,2.119735,0.715253,21.534171,0.05885,1.406979,2.169642,0.102572
517,1065,VeTerran-revived,MindMatrix,1869,1514,0,0,0,4.652125,0.12592,0.22196,0,0,0,0,,0.885294,4.374369,0.05885,0.566781,2.349308,0.219992
517,1066,VeTerran-revived,CompetitiveBotTest,1869,1482,0,0,0,4.652125,0.12592,0.22196,0,0,0,0,,0.902714,4.460445,0.05885,0.480705,2.349308,0.219992
517,1067,VeTerran-revived,Hello_world,1869,1600,0,0,0,4.652125,0.12592,0.22196,0,0,0,0,,0.824695,4.074943,0.05885,0.866207,2.349308,0.219992
517,1078,VeTerran-revived,LoremIpsum,1869,1242,0,0,0,4.652125,0.12592,0.22196,0,0,0,0,,0.973643,4.810915,0.05885,0.130235,2.349308,0.219992
517,1079,VeTerran-revived,JimmyBotT,1869,1675,0,0,0,4.652125,0.12592,0.22196,0,0,0,0,,0.753386,3.722594,0.05885,1.218556,2.349308,0.219992
517,1080,VeTerran-revived,JimmyBot,1869,1675,0,0,0,4.652125,0.12592,0.22196,0,0,0,0,,0.753386,3.722594,0.05885,1.218556,2.349308,0.219992
517,1081,VeTerran-revived,ArtZerg,1869,1537,0,0,0,4.652125,0.12592,0.22196,0,0,0,0,,0.871148,4.304472,0.05885,0.636678,2.349308,0.219992
517,1082,VeTerran-revived,Dasyatis,1869,1573,0,0,0,4.652125,0.12592,0.22196,0,0,0,0,,0.846045,4.180436,0.05885,0.760714,2.349308,0.219992
517,1084,VeTerran-revived,ZippyZap,1869,1457,0,0,0,4.652125,0.12592,0.22196,0,0,0,0,,0.914641,4.519377,0.05885,0.421773,2.349308,0.219992
517,1085,VeTerran-revived,AgoraLord,1869,1430,0,0,0,4.652125,0.12592,0.22196,0,0,0,0,,0.926019,4.575599,0.05885,0.365551,2.349308,0.219992
517,1086,VeTerran-revived,CherBoiBlue,1869,1500,0,0,0,4.652125,0.12592,0.22196,0,0,0,0,,0.893227,4.413568,0.05885,0.527582,2.349308,0.219992
517,1087,VeTerran-revived,SwarmLord2,1869,1533,0,0,0,4.652125,0.12592,0.22196,0,0,0,0,,0.87371,4.317134,0.05885,0.624016,2.349308,0.219992
517,1088,VeTerran-revived,SwarmLord3,1869,1562,0,0,0,4.652125,0.12592,0.22196,0,0,0,0,,0.854113,4.220302,0.05885,0.720848,2.349308,0.219992
517,1089,VeTerran-revived,WorkingAsIntended,1869,1596,0,0,0,4.652125,0.12592,0.22196,0,0,0,0,,0.827999,4.091269,0.05885,0.849881,2.349308,0.219992
518,526,norman,Apidae,1674,1635,32,0,0,36.652125,0.12592,0.22196,24,8,0,32,2.347391,0.555891,26.746741,0.05885,10.194409,2.34765,0.08087
518,605,norman,nida,1674,1693,40,3,0,44.652125,3.12592,0.22196,17,23,0,40,2.556219,0.472684,19.335603,0.05885,25.605547,2.533229,0.073331
518,637,norman,72Tortoises,1674,1697,36,0,0,40.652125,0.12592,0.22196,3,32,1,36,2.682397,0.466949,5.307263,1.05885,34.633887,2.641777,0.076824
518,699,norman,Clicadinha,1674,1635,41,7,0,45.652125,7.12592,0.22196,25,16,0,41,2.06996,0.555891,27.746741,0.05885,18.194409,2.100324,0.072529
518,708,norman,Princess-Mika,1674,1521,14,0,0,18.652125,0.12592,0.22196,14,0,0,14,2.229341,0.706975,17.493271,0.05885,1.447879,2.260911,0.112853
518,709,norman,Laser-Circus,1674,1211,1,0,0,5.652125,0.12592,0.22196,1,0,0,1,2.38968,0.934944,5.6197,0.05885,0.32145,2.356037,0.200824
518,718,norman,Mulebot,1674,1689,40,0,0,44.652125,0.12592,0.22196,17,22,1,40,2.613126,0.478427,19.363978,1.05885,24.577172,2.583813,0.073331
518,720,norman,PiG_Bot,1674,1627,23,0,0,27.652125,0.12592,0.22196,16,7,0,23,2.323722,0.567229,18.802763,0.05885,9.138387,2.328291,0.092963
518,721,norman,49Terrapins,1674,1430,9,0,0,13.652125,0.12592,0.22196,8,1,0,9,2.389329,0.802909,11.967295,0.05885,1.973855,2.375036,0.13147
518,729,norman,Alexa,1674,1367,0,0,0,4.652125,0.12592,0.22196,0,0,0,0,,0.854113,4.220302,0.05885,0.720848,2.349308,0.219992
518,730,norman,Deimos,1674,2155,10,0,0,14.652125,0.12592,0.22196,0,10,0,10,2.795658,0.05903,0.291678,0.05885,14.649472,2.646875,0.127012
518,732,norman,GPT,1674,1830,12,0,0,16.652125,0.12592,0.22196,1,11,0,12,2.075312,0.28946,2.430265,0.05885,14.510885,2.155899,0.119307
518,759,norman,BotTato,1674,1710,21,0,1,25.652125,0.12592,1.22196,4,17,0,21,2.598547,0.448376,6.215495,0.05885,19.725655,2.550616,0.096473
518,779,norman,oberon,1674,1472,1,0,0,5.652125,0.12592,0.22196,1,0,0,1,2.121063,0.761842,4.764376,0.05885,1.176774,2.311267,0.200824
518,797,norman,WickedBot,1674,1707,16,0,1,20.652125,0.12592,1.22196,1,15,0,16,2.381645,0.452651,3.236619,0.05885,17.704531,2.373945,0.107345
518,809,norman,PrimordialOrigin,1674,1258,0,0,0,4.652125,0.12592,0.22196,0,0,0,0,,0.916421,4.528175,0.05885,0.412975,2.349308,0.219992
518,813,norman,MewCombatMicro,1674,1511,0,0,0,4.652125,0.12592,0.22196,0,0,0,0,,0.718757,3.551485,0.05885,1.389665,2.349308,0.219992
518,827,norman,smokinggunbot,1674,1579,44,2,0,48.652125,2.12592,0.22196,30,13,1,44,2.839321,0.633408,33.129762,1.05885,14.811388,2.78932,0.070274
518,832,norman,muravev,1674,1632,38,1,0,42.652125,1.12592,0.22196,11,27,0,38,2.867654,0.56015,13.767786,0.05885,29.173364,2.807382,0.075016
518,836,norman,muravevTerran,1674,1477,2,0,0,6.652125,0.12592,0.22196,2,0,0,2,2.121988,0.756581,5.738378,0.05885,1.202772,2.284359,0.185927
518,858,norman,Crawler,1674,1562,33,0,0,37.652125,0.12592,0.22196,13,20,0,33,2.318798,0.655821,16.240507,0.05885,21.700643,2.322812,0.079799
518,876,norman,GenesisLotus,1674,1411,7,0,0,11.652125,0.12592,0.22196,7,0,0,7,1.947315,0.819646,11.049993,0.05885,0.891157,2.114812,0.142004
518,901,norman,clone,1674,1667,38,0,0,42.652125,0.12592,0.22196,21,17,0,38,2.358198,0.510072,23.520344,0.05885,19.420806,2.357164,0.075016
518,930,norman,SiriusBot,1674,1519,25,1,0,29.652125,1.12592,0.22196,19,5,1,25,2.392035,0.709355,22.505028,1.05885,6.436122,2.384914,0.089811
518,939,norman,RustyNikolaj,1674,1539,13,0,0,17.652125,0.12592,0.22196,13,0,0,13,2.450281,0.68506,16.384982,0.05885,1.556168,2.422233,0.115946
518,940,norman,Princess-Mika-Test,1674,1524,16,0,0,20.652125,0.12592,0.22196,16,0,0,16,2.196098,0.703385,19.475531,0.05885,1.465619,2.232577,0.107345
518,943,norman,puck,1674,1529,11,0,0,15.652125,0.12592,0.22196,11,0,0,11,2.190189,0.697345,14.445687,0.05885,1.495463,2.239914,0.122979
518,948,norman,titania,1674,1185,0,0,0,4.652125,0.12592,0.22196,0,0,0,0,,0.943476,4.661858,0.05885,0.279292,2.349308,0.219992
518,953,norman,ZeratulsRevengeTest,1674,1702,8,0,0,12.652125,0.12592,0.22196,0,8,0,8,1.620874,0.459792,2.2719,0.05885,10.66925,1.901041,0.136433
518,959,norman,ur_moms_a_ho,1674,1600,0,0,0,4.652125,0.12592,0.22196,0,0,0,0,,0.604913,2.988965,0.05885,1.952185,2.349308,0.219992
518,960,norman,BigDaddy,1674,1637,47,0,1,51.652125,0.12592,1.22196,47,0,0,47,2.181271,0.553047,49.732688,0.05885,2.208462,2.197428,0.068216
518,961,norman,AvocaDOS,1674,1751,24,0,0,28.652125,0.12592,0.22196,2,21,1,24,2.239936,0.390967,3.931829,1.05885,24.009321,2.258793,0.091347
518,962,norman,AvocaDEV,1674,1700,5,0,0,9.652125,0.12592,0.22196,1,4,0,5,2.182038,0.462653,3.286036,0.05885,6.655114,2.265673,0.155557
518,966,norman,ArgoBot,1674,1909,10,0,0,14.652125,0.12592,0.22196,0,10,0,10,2.401403,0.205418,1.015002,0.05885,13.926148,2.384038,0.127012
518,970,norman,TheLAW,1674,1576,38,0,11,42.652125,0.12592,11.22196,34,4,0,38,2.223542,0.637408,37.14953,0.05885,5.79162,2.238166,0.075016
518,971,norman,Nothing,1674,1570,47,0,0,51.652125,0.12592,0.22196,47,0,0,47,2.24321,0.645352,50.188783,0.05885,1.752367,2.253411,0.068216
518,977,norman,Siriusly,1674,1392,3,1,0,7.652125,1.12592,0.22196,2,1,0,3,2.287206,0.835253,6.12711,0.05885,1.81404,2.32602,0.173919
518,981,norman,KoB,1674,1499,25,0,0,29.652125,0.12592,0.22196,21,4,0,25,2.37332,0.732507,24.619428,0.05885,5.321722,2.369318,0.089811
518,998,norman,LordSuperKing,1674,1656,20,0,0,24.652125,0.12592,0.22196,15,5,0,20,2.427548,0.525881,17.598457,0.05885,7.342693,2.4119,0.098383
518,1007,norman,SharkGull,1674,1605,15,0,0,19.652125,0.12592,0.22196,6,9,0,15,2.224372,0.598014,8.954876,0.05885,10.986274,2.255606,0.109996
518,1008,norman,Creepy_canon,1674,1587,0,0,0,4.652125,0.12592,0.22196,0,0,0,0,,0.62265,3.076608,0.05885,1.864542,2.349308,0.219992
518,1023,norman,MY_SCRIPTING_SON,1674,1275,1,0,1,5.652125,0.12592,1.22196,1,0,0,1,2.243896,0.908614,5.489598,0.05885,0.451552,2.331739,0.200824
518,1026,norman,WildLupo,1674,1199,0,0,0,4.652125,0.12592,0.22196,0,0,0,0,,0.939022,4.639847,0.05885,0.301303,2.349308,0.219992
518,1029,norman,Chomppet,1674,1600,0,0,0,4.652125,0.12592,0.22196,0,0,0,0,,0.604913,2.988965,0.05885,1.952185,2.349308,0.219992
518,1030,norman,who,1674,1924,10,0,0,14.652125,0.12592,0.22196,0,10,0,10,1.988563,0.191682,0.947131,0.05885,13.994019,2.108811,0.127012
518,1032,norman,WaterLeak,1674,1607,33,1,0,37.652125,1.12592,0.22196,31,2,0,33,2.330737,0.595243,33.941185,0.05885,3.999965,2.333181,0.079799
518,1038,norman,PolyMorph,1674,1463,7,0,0,11.652125,0.12592,0.22196,7,0,0,7,2.445001,0.771114,10.810191,0.05885,1.130959,2.405129,0.142004
518,1042,norman,Creepy_duo_canon,1674,1386,3,0,0,7.652125,0.12592,0.22196,3,0,0,3,2.135489,0.839951,7.150322,0.05885,0.790828,2.269126,0.173919
518,1044,norman,DoopyBot,1674,1418,12,3,1,16.652125,3.12592,1.22196,6,6,0,12,2.667862,0.813612,10.02018,0.05885,6.92097,2.574169,0.119307
518,1045,norman,tito,1674,1801,21,0,0,25.652125,0.12592,0.22196,2,19,0,21,2.432575,0.32496,3.605675,0.05885,22.335475,2.416562,0.096473
518,1049,norman,TheCatSC2Bot,1674,970,0,0,0,4.652125,0.12592,0.22196,0,0,0,0,,0.982919,4.856749,0.05885,0.084401,2.349308,0.219992
518,1050,norman,onlyfans,1674,1517,23,0,0,27.652125,0.12592,0.22196,23,0,0,23,2.092264,0.711723,26.516728,0.05885,1.424422,2.138165,0.092963
518,1052,norman,Starlight,1674,1204,0,0,0,4.652125,0.12592,0.22196,0,0,0,0,,0.937353,4.6316,0.05885,0.30955,2.349308,0.219992
518,1054,norman,JimmyBotZ,1674,1724,34,1,0,38.652125,1.12592,0.22196,20,14,0,34,2.457805,0.428537,22.117465,0.05885,16.823685,2.443895,0.07877
518,1056,norman,bilisaur,1674,1600,0,0,0,4.652125,0.12592,0.22196,0,0,0,0,,0.604913,2.988965,0.05885,1.952185,2.349308,0.219992
518,1057,norman,DoopyBot-Test,1674,1238,1,1,0,5.652125,1.12592,0.22196,0,1,0,1,2.451867,0.924827,4.56971,0.05885,1.37144,2.366401,0.200824
518,1058,norman,JimmyBotP,1674,1711,16,0,0,20.652125,0.12592,0.22196,15,0,1,16,2.308012,0.446953,17.208462,1.05885,2.732688,2.317844,0.107345
518,1059,norman,NextProBot,1674,1600,0,0,0,4.652125,0.12592,0.22196,0,0,0,0,,0.604913,2.988965,0.05885,1.952185,2.349308,0.219992
518,1060,norman,WildFire,1674,1709,15,1,0,19.652125,1.12592,0.22196,11,4,0,15,2.383112,0.449801,13.222532,0.05885,6.718618,2.374661,0.109996
518,1065,norman,MindMatrix,1674,1514,5,0,1,9.652125,0.12592,1.22196,5,0,0,5,2.324467,0.715253,8.534171,0.05885,1.406979,2.336887,0.155557
518,1066,norman,CompetitiveBotTest,1674,1482,0,0,0,4.652125,0.12592,0.22196,0,0,0,0,,0.751241,3.711993,0.05885,1.229157,2.349308,0.219992
518,1067,norman,Hello_world,1674,1600,0,0,0,4.652125,0.12592,0.22196,0,0,0,0,,0.604913,2.988965,0.05885,1.952185,2.349308,0.219992
518,1078,norman,LoremIpsum,1674,1242,0,0,0,4.652125,0.12592,0.22196,0,0,0,0,,0.923211,4.561722,0.05885,0.379428,2.349308,0.219992
518,1079,norman,JimmyBotT,1674,1675,16,0,0,20.652125,0.12592,0.22196,12,4,0,16,2.570856,0.498561,14.463464,0.05885,6.477686,2.518107,0.107345
518,1080,norman,JimmyBot,1674,1675,13,3,0,17.652125,3.12592,0.22196,13,0,0,13,2.35876,0.498561,15.463464,0.05885,2.477686,2.356134,0.115946
518,1081,norman,ArtZerg,1674,1537,17,0,0,21.652125,0.12592,0.22196,16,1,0,17,2.236638,0.687538,19.39723,0.05885,2.54392,2.262245,0.104877
518,1082,norman,Dasyatis,1674,1573,4,0,1,8.652125,0.12592,1.22196,4,0,0,4,2.011713,0.64139,7.169205,0.05885,1.771945,2.199266,0.163972
518,1084,norman,ZippyZap,1674,1457,0,0,0,4.652125,0.12592,0.22196,0,0,0,0,,0.777153,3.84003,0.05885,1.10112,2.349308,0.219992
518,1085,norman,AgoraLord,1674,1430,0,0,0,4.652125,0.12592,0.22196,0,0,0,0,,0.802909,3.967295,0.05885,0.973855,2.349308,0.219992
518,1086,norman,CherBoiBlue,1674,1500,0,0,0,4.652125,0.12592,0.22196,0,0,0,0,,0.731378,3.613848,0.05885,1.327302,2.349308,0.219992
518,1087,norman,SwarmLord2,1674,1533,0,0,0,4.652125,0.12592,0.22196,0,0,0,0,,0.692463,3.421565,0.05885,1.519585,2.349308,0.219992
518,1088,norman,SwarmLord3,1674,1562,0,0,0,4.652125,0.12592,0.22196,0,0,0,0,,0.655821,3.240507,0.05885,1.700643,2.349308,0.219992
518,1089,norman,WorkingAsIntended,1674,1596,1,0,0,5.652125,0.12592,0.22196,0,1,0,1,2.618125,0.610402,3.01609,0.05885,2.92506,2.394111,0.200824
526,605,Apidae,nida,1635,1693,35,0,0,39.652125,0.12592,0.22196,19,16,0,35,2.522384,0.417298,21.061933,0.05885,18.879217,2.50075,0.077779
526,637,Apidae,72Tortoises,1635,1697,31,0,0,35.652125,0.12592,0.22196,21,10,0,31,2.311821,0.41171,23.034321,0.05885,12.906829,2.317027,0.081986
526,699,Apidae,Clicadinha,1635,1635,35,0,0,39.652125,0.12592,0.22196,9,26,0,35,2.273574,0.5,11.470575,0.05885,28.470575,2.283041,0.077779
526,708,Apidae,Princess-Mika,1635,1521,8,0,0,12.652125,0.12592,0.22196,8,0,0,8,2.209256,0.658415,11.253325,0.05885,1.687825,2.263122,0.136433
526,709,Apidae,Laser-Circus,1635,1211,0,0,0,4.652125,0.12592,0.22196,0,0,0,0,,0.919882,4.545273,0.05885,0.395877,2.349308,0.219992
526,718,Apidae,Mulebot,1635,1689,25,0,1,29.652125,0.12592,1.22196,4,21,0,25,2.190848,0.422908,6.08965,0.05885,23.8515,2.217258,0.089811
526,720,Apidae,PiG_Bot,1635,1627,23,0,0,27.652125,0.12592,0.22196,20,3,0,23,2.164857,0.511511,22.527452,0.05885,5.413698,2.197794,0.092963
526,721,Apidae,49Terrapins,1635,1430,7,0,0,11.652125,0.12592,0.22196,7,0,0,7,2.189066,0.764961,10.779788,0.05885,1.161362,2.255834,0.142004
526,729,Apidae,Alexa,1635,1367,1,0,0,5.652125,0.12592,0.22196,1,0,0,1,2.150599,0.823862,5.070823,0.05885,0.870327,2.31619,0.200824
526,730,Apidae,Deimos,1635,2155,8,0,0,12.652125,0.12592,0.22196,0,8,0,8,2.376454,0.047727,0.235825,0.05885,12.705325,2.366013,0.136433
526,732,Apidae,GPT,1635,1830,8,0,0,12.652125,0.12592,0.22196,1,7,0,8,2.151011,0.245546,2.213279,0.05885,10.727871,2.227279,0.136433
526,759,Apidae,BotTato,1635,1710,16,0,0,20.652125,0.12592,0.22196,9,7,0,16,2.588127,0.393712,10.945391,0.05885,9.995759,2.531265,0.107345
526,779,Apidae,oberon,1635,1472,1,0,0,5.652125,0.12592,0.22196,1,0,0,1,2.166765,0.718757,4.551485,0.05885,1.389665,2.318884,0.200824
526,797,Apidae,WickedBot,1635,1707,11,0,0,15.652125,0.12592,0.22196,0,11,0,11,2.562793,0.397842,1.965797,0.05885,13.975353,2.496079,0.122979
526,809,Apidae,PrimordialOrigin,1635,1258,1,0,0,5.652125,0.12592,0.22196,1,0,0,1,2.242835,0.89754,5.43488,0.05885,0.50627,2.331563,0.200824
526,813,Apidae,MewCombatMicro,1635,1511,0,0,0,4.652125,0.12592,0.22196,0,0,0,0,,0.671241,3.3167,0.05885,1.62445,2.349308,0.219992
526,827,Apidae,smokinggunbot,1635,1579,34,0,0,38.652125,0.12592,0.22196,17,17,0,34,2.661339,0.5799,19.865372,0.05885,19.075778,2.621335,0.07877
526,832,Apidae,muravev,1635,1632,35,0,0,39.652125,0.12592,0.22196,34,1,0,35,2.204341,0.504317,36.491907,0.05885,3.449243,2.222462,0.077779
526,836,Apidae,muravevTerran,1635,1477,2,0,0,6.652125,0.12592,0.22196,2,0,0,2,2.308757,0.712902,5.522556,0.05885,1.418594,2.337722,0.185927
526,858,Apidae,Crawler,1635,1562,24,0,0,28.652125,0.12592,0.22196,24,0,0,24,2.1911,0.603536,26.982163,0.05885,1.958987,2.218377,0.091347
526,876,Apidae,GenesisLotus,1635,1411,3,0,0,7.652125,0.12592,0.22196,2,1,0,3,2.268933,0.784054,5.874127,0.05885,2.067023,2.319167,0.173919
526,901,Apidae,clone,1635,1667,27,0,0,31.652125,0.12592,0.22196,7,20,0,27,2.168643,0.454078,9.243668,0.05885,22.697482,2.196872,0.086959
526,930,Apidae,SiriusBot,1635,1519,17,0,0,21.652125,0.12592,0.22196,16,1,0,17,2.34228,0.660999,19.266096,0.05885,2.675054,2.343878,0.104877
526,939,Apidae,RustyNikolaj,1635,1539,11,0,0,15.652125,0.12592,0.22196,9,2,0,11,2.663982,0.634743,12.136362,0.05885,3.804788,2.565646,0.122979
526,940,Apidae,Princess-Mika-Test,1635,1524,12,1,0,16.652125,1.12592,0.22196,12,0,0,12,2.319794,0.65452,15.234081,0.05885,1.707069,2.328475,0.119307
526,943,Apidae,puck,1635,1529,7,0,0,11.652125,0.12592,0.22196,7,0,0,7,1.982062,0.647983,10.201781,0.05885,1.739369,2.135081,0.142004
526,948,Apidae,titania,1635,1185,1,0,0,5.652125,0.12592,0.22196,1,0,0,1,2.231089,0.930242,5.596464,0.05885,0.344686,2.329605,0.200824
526,953,Apidae,ZeratulsRevengeTest,1635,1702,8,0,0,12.652125,0.12592,0.22196,0,8,0,8,1.539527,0.404757,1.999965,0.05885,10.941185,1.850981,0.136433
526,959,Apidae,ur_moms_a_ho,1635,1600,0,0,0,4.652125,0.12592,0.22196,0,0,0,0,,0.550199,2.718618,0.05885,2.222532,2.349308,0.219992
526,960,Apidae,BigDaddy,1635,1637,33,0,0,37.652125,0.12592,0.22196,21,12,0,33,2.328641,0.497122,23.456353,0.05885,14.484797,2.33136,0.079799
526,961,Apidae,AvocaDOS,1635,1751,6,0,0,10.652125,0.12592,0.22196,3,3,0,6,2.44221,0.339001,4.675054,0.05885,6.266096,2.399982,0.148318
526,962,Apidae,AvocaDEV,1635,1700,6,0,0,10.652125,0.12592,0.22196,1,5,0,6,2.340043,0.407534,3.013685,0.05885,7.927465,2.344254,0.148318
526,966,Apidae,ArgoBot,1635,1909,8,0,0,12.652125,0.12592,0.22196,0,8,0,8,1.996084,0.171182,0.845838,0.05885,12.095312,2.13194,0.136433
526,970,Apidae,TheLAW,1635,1576,34,0,1,38.652125,0.12592,1.22196,21,13,0,34,2.34782,0.584101,23.88613,0.05885,15.05502,2.348011,0.07877
526,971,Apidae,Nothing,1635,1570,34,0,0,38.652125,0.12592,0.22196,26,8,0,34,2.347763,0.592466,28.927465,0.05885,10.013685,2.347961,0.07877
526,977,Apidae,Siriusly,1635,1392,1,0,0,5.652125,0.12592,0.22196,1,0,0,1,2.761907,0.801997,4.962786,0.05885,0.978364,2.418074,0.200824
526,981,Apidae,KoB,1635,1499,12,0,0,16.652125,0.12592,0.22196,9,3,0,12,2.213901,0.6863,12.391113,0.05885,4.550037,2.253726,0.119307
526,998,Apidae,LordSuperKing,1635,1656,21,0,0,25.652125,0.12592,0.22196,3,18,0,21,2.611206,0.469815,5.321428,0.05885,20.619722,2.560841,0.096473
526,1007,Apidae,SharkGull,1635,1605,17,0,0,21.652125,0.12592,0.22196,3,14,0,17,2.185961,0.543066,5.683373,0.05885,16.257777,2.223086,0.104877
526,1008,Apidae,Creepy_canon,1635,1587,0,0,0,4.652125,0.12592,0.22196,0,0,0,0,,0.568641,2.809742,0.05885,2.131408,2.349308,0.219992
526,1023,Apidae,MY_SCRIPTING_SON,1635,1275,1,0,0,5.652125,0.12592,0.22196,1,0,0,1,2.104134,0.888184,5.388652,0.05885,0.552498,2.308446,0.200824
526,1026,Apidae,WildLupo,1635,1199,0,0,1,4.652125,0.12592,1.22196,0,0,0,0,,0.924827,4.56971,0.05885,0.37144,2.349308,0.219992
526,1029,Apidae,Chomppet,1635,1600,0,0,0,4.652125,0.12592,0.22196,0,0,0,0,,0.550199,2.718618,0.05885,2.222532,2.349308,0.219992
526,1030,Apidae,who,1635,1924,8,0,0,12.652125,0.12592,0.22196,4,4,0,8,1.85193,0.159277,4.787011,0.05885,8.154139,2.043229,0.136433
526,1032,Apidae,WaterLeak,1635,1607,28,0,0,32.652125,0.12592,0.22196,28,0,0,28,2.151644,0.540208,30.66925,0.05885,2.2719,2.181593,0.085632
526,1038,Apidae,PolyMorph,1635,1463,2,0,0,6.652125,0.12592,0.22196,2,0,0,2,2.079132,0.72911,5.602642,0.05885,1.338508,2.272115,0.185927
526,1042,Apidae,Creepy_duo_canon,1635,1386,1,1,0,5.652125,1.12592,0.22196,1,0,0,1,2.637628,0.807424,4.989604,0.05885,0.951546,2.397361,0.200824
526,1044,Apidae,DoopyBot,1635,1418,10,0,0,14.652125,0.12592,0.22196,10,0,0,10,2.256625,0.777153,13.84003,0.05885,1.10112,2.287519,0.127012
526,1045,Apidae,tito,1635,1801,14,0,0,18.652125,0.12592,0.22196,7,7,0,14,2.218661,0.277765,8.372481,0.05885,10.568669,2.253041,0.112853
526,1049,Apidae,TheCatSC2Bot,1635,970,1,0,0,5.652125,0.12592,0.22196,1,0,0,1,2.284421,0.978711,5.835958,0.05885,0.105192,2.338494,0.200824
526,1050,Apidae,onlyfans,1635,1517,19,0,0,23.652125,0.12592,0.22196,19,0,0,19,2.253901,0.663574,22.278819,0.05885,1.662331,2.273778,0.100412
526,1052,Apidae,Starlight,1635,1204,1,0,0,5.652125,0.12592,0.22196,1,0,0,1,2.507972,0.922802,5.559701,0.05885,0.381449,2.375752,0.200824
526,1054,Apidae,JimmyBotZ,1635,1724,30,0,0,34.652125,0.12592,0.22196,16,14,0,30,1.957558,0.374649,17.851195,0.05885,17.089955,2.013522,0.083149
526,1056,Apidae,bilisaur,1635,1600,0,0,0,4.652125,0.12592,0.22196,0,0,0,0,,0.550199,2.718618,0.05885,2.222532,2.349308,0.219992
526,1057,Apidae,DoopyBot-Test,1635,1238,4,0,0,8.652125,0.12592,0.22196,4,0,0,4,2.276276,0.907654,8.484852,0.05885,0.456298,2.316849,0.163972
526,1058,Apidae,JimmyBotP,1635,1711,19,0,0,23.652125,0.12592,0.22196,8,11,0,19,2.238823,0.392339,9.938606,0.05885,14.002544,2.261841,0.100412
526,1059,Apidae,NextProBot,1635,1600,0,0,0,4.652125,0.12592,0.22196,0,0,0,0,,0.550199,2.718618,0.05885,2.222532,2.349308,0.219992
526,1060,Apidae,WildFire,1635,1709,16,0,0,20.652125,0.12592,0.22196,15,1,0,16,2.241422,0.395087,16.952185,0.05885,3.988965,2.267109,0.107345
526,1065,Apidae,MindMatrix,1635,1514,5,0,0,9.652125,0.12592,0.22196,5,0,0,5,2.290811,0.667418,8.297815,0.05885,1.643335,2.32006,0.155557
526,1066,Apidae,CompetitiveBotTest,1635,1482,0,0,0,4.652125,0.12592,0.22196,0,0,0,0,,0.706975,3.493271,0.05885,1.447879,2.349308,0.219992
526,1067,Apidae,Hello_world,1635,1600,0,0,0,4.652125,0.12592,0.22196,0,0,0,0,,0.550199,2.718618,0.05885,2.222532,2.349308,0.219992
526,1078,Apidae,LoremIpsum,1635,1242,0,0,0,4.652125,0.12592,0.22196,0,0,0,0,,0.905705,4.475226,0.05885,0.465924,2.349308,0.219992
526,1079,Apidae,JimmyBotT,1635,1675,13,0,5,17.652125,0.12592,5.22196,11,1,1,13,2.498556,0.442688,13.18739,1.05885,3.75376,2.457098,0.115946
526,1080,Apidae,JimmyBot,1635,1675,19,0,0,23.652125,0.12592,0.22196,9,9,1,19,2.225716,0.442688,11.18739,1.05885,11.75376,2.251464,0.100412
526,1081,Apidae,ArtZerg,1635,1537,18,0,0,22.652125,0.12592,0.22196,18,0,0,18,2.137249,0.637408,21.14953,0.05885,1.79162,2.183349,0.102572
526,1082,Apidae,Dasyatis,1635,1573,7,0,0,11.652125,0.12592,0.22196,5,2,0,7,2.385492,0.58829,7.906829,0.05885,4.034321,2.370415,0.142004
526,1084,Apidae,ZippyZap,1635,1457,0,0,0,4.652125,0.12592,0.22196,0,0,0,0,,0.735877,3.636081,0.05885,1.305069,2.349308,0.219992
526,1085,Apidae,AgoraLord,1635,1430,1,0,0,5.652125,0.12592,0.22196,1,0,0,1,2.098018,0.764961,4.779788,0.05885,1.161362,2.307426,0.200824
526,1086,Apidae,CherBoiBlue,1635,1500,0,0,0,4.652125,0.12592,0.22196,0,0,0,0,,0.68506,3.384982,0.05885,1.556168,2.349308,0.219992
526,1087,Apidae,SwarmLord2,1635,1533,0,0,0,4.652125,0.12592,0.22196,0,0,0,0,,0.642713,3.175742,0.05885,1.765408,2.349308,0.219992
526,1088,Apidae,SwarmLord3,1635,1562,0,0,0,4.652125,0.12592,0.22196,0,0,0,0,,0.603536,2.982163,0.05885,1.958987,2.349308,0.219992
526,1089,Apidae,WorkingAsIntended,1635,1596,1,0,0,5.652125,0.12592,0.22196,1,0,0,1,2.09679,0.555891,3.746741,0.05885,2.194409,2.307222,0.200824
605,637,nida,72Tortoises,1693,1697,35,0,0,39.652125,0.12592,0.22196,3,32,0,35,2.588164,0.494244,5.442133,0.05885,34.499017,2.558307,0.077779
605,699,nida,Clicadinha,1693,1635,49,3,0,53.652125,3.12592,0.22196,9,38,2,49,2.342109,0.582702,11.879217,2.05885,40.061933,2.342776,0.066941
605,708,nida,Princess-Mika,1693,1521,14,0,1,18.652125,0.12592,1.22196,14,0,0,14,2.19701,0.72911,17.602642,0.05885,1.338508,2.237088,0.112853
605,709,nida,Laser-Circus,1693,1211,1,0,1,5.652125,0.12592,1.22196,1,0,0,1,2.165619,0.941289,5.651048,0.05885,0.290102,2.318693,0.200824
605,718,nida,Mulebot,1693,1689,41,0,1,45.652125,0.12592,1.22196,14,27,0,41,2.564076,0.505756,16.499017,0.05885,29.442133,2.540732,0.072529
605,720,nida,PiG_Bot,1693,1627,23,0,0,27.652125,0.12592,0.22196,13,10,0,23,2.6804,0.593855,15.934329,0.05885,12.006821,2.621277,0.092963
605,721,nida,49Terrapins,1693,1430,10,0,0,14.652125,0.12592,0.22196,6,4,0,10,2.418278,0.819646,10.049993,0.05885,4.891157,2.395288,0.127012
605,729,nida,Alexa,1693,1367,0,0,0,4.652125,0.12592,0.22196,0,0,0,0,,0.867221,4.285069,0.05885,0.656081,2.349308,0.219992
605,730,nida,Deimos,1693,2155,7,0,0,11.652125,0.12592,0.22196,0,7,0,7,2.584303,0.065407,0.323185,0.05885,11.617965,2.486389,0.142004
605,732,nida,GPT,1693,1830,9,0,0,13.652125,0.12592,0.22196,0,9,0,9,2.238517,0.312462,1.54392,0.05885,12.39723,2.278085,0.13147
605,759,nida,BotTato,1693,1710,23,0,0,27.652125,0.12592,0.22196,3,20,0,23,2.544563,0.475555,5.349786,0.05885,22.591364,2.509696,0.092963
605,779,nida,oberon,1693,1472,2,0,0,6.652125,0.12592,0.22196,2,0,0,2,2.202543,0.781115,5.859608,0.05885,1.081542,2.307375,0.185927
605,797,nida,WickedBot,1693,1707,26,0,1,30.652125,0.12592,1.22196,1,25,0,26,2.389543,0.479863,3.371076,0.05885,27.570074,2.383053,0.088351
605,809,nida,PrimordialOrigin,1693,1258,3,0,0,7.652125,0.12592,0.22196,3,0,0,3,2.089002,0.924426,7.567728,0.05885,0.373422,2.251693,0.173919
605,813,nida,MewCombatMicro,1693,1511,0,0,0,4.652125,0.12592,0.22196,0,0,0,0,,0.740328,3.658074,0.05885,1.283076,2.349308,0.219992
605,827,nida,smokinggunbot,1693,1579,46,3,0,50.652125,3.12592,0.22196,44,0,2,46,2.56526,0.658415,47.253325,2.05885,1.687825,2.544089,0.068882
605,832,nida,muravev,1693,1632,42,0,0,46.652125,0.12592,0.22196,29,12,1,42,2.798526,0.586895,31.899936,1.05885,14.041214,2.750737,0.071753
605,836,nida,muravevTerran,1693,1477,2,0,0,6.652125,0.12592,0.22196,2,0,0,2,2.758427,0.776155,5.835096,0.05885,1.106054,2.466199,0.185927
605,858,nida,Crawler,1693,1562,35,0,0,39.652125,0.12592,0.22196,31,4,0,35,2.460515,0.680071,34.360331,0.05885,5.580819,2.446614,0.077779
605,876,nida,GenesisLotus,1693,1411,5,0,0,9.652125,0.12592,0.22196,5,0,0,5,2.019255,0.835253,9.12711,0.05885,0.81404,2.184282,0.155557
605,901,nida,clone,1693,1667,35,0,0,39.652125,0.12592,0.22196,11,24,0,35,2.406845,0.537347,13.655114,0.05885,26.286036,2.399653,0.077779
605,930,nida,SiriusBot,1693,1519,27,0,0,31.652125,0.12592,0.22196,24,3,0,27,2.37784,0.731378,27.613848,0.05885,4.327302,2.373382,0.086959
605,939,nida,RustyNikolaj,1693,1539,16,0,0,20.652125,0.12592,0.22196,15,1,0,16,2.530098,0.708166,18.499156,0.05885,2.441994,2.487053,0.107345
605,940,nida,Princess-Mika-Test,1693,1524,15,0,1,19.652125,0.12592,1.22196,15,0,0,15,2.305315,0.725686,18.585722,0.05885,1.355428,2.316313,0.109996
605,943,nida,puck,1693,1529,10,0,0,14.652125,0.12592,0.22196,10,0,0,10,2.435767,0.719919,13.557228,0.05885,1.383922,2.406947,0.127012
605,948,nida,titania,1693,1185,1,1,0,5.652125,1.12592,0.22196,1,0,0,1,2.800933,0.949034,5.689319,0.05885,0.251831,2.424579,0.200824
605,953,nida,ZeratulsRevengeTest,1693,1702,8,0,0,12.652125,0.12592,0.22196,5,3,0,8,2.121105,0.487051,7.406591,0.05885,5.534559,2.208875,0.136433
605,959,nida,ur_moms_a_ho,1693,1600,0,0,0,4.652125,0.12592,0.22196,0,0,0,0,,0.63073,3.116533,0.05885,1.824617,2.349308,0.219992
605,960,nida,BigDaddy,1693,1637,52,0,0,56.652125,0.12592,0.22196,42,10,0,52,2.234878,0.5799,44.865372,0.05885,12.075778,2.244916,0.065156
605,961,nida,AvocaDOS,1693,1751,23,0,0,27.652125,0.12592,0.22196,1,22,0,23,2.228787,0.417298,3.061933,0.05885,24.879217,2.250309,0.092963
605,962,nida,AvocaDEV,1693,1700,7,0,1,11.652125,0.12592,1.22196,3,4,0,7,2.176562,0.489928,5.420806,0.05885,6.520344,2.24854,0.142004
605,966,nida,ArgoBot,1693,1909,6,0,0,10.652125,0.12592,0.22196,3,2,1,6,2.62847,0.223845,4.106054,1.05885,5.835096,2.501578,0.148318
605,970,nida,TheLAW,1693,1576,45,0,9,49.652125,0.12592,9.22196,16,29,0,45,2.388233,0.662288,19.272463,0.05885,30.668687,2.384341,0.069567
605,971,nida,Nothing,1693,1570,53,0,0,57.652125,0.12592,0.22196,46,7,0,53,2.59254,0.669969,49.310417,0.05885,8.630733,2.571572,0.064592
605,977,nida,Siriusly,1693,1392,4,0,0,8.652125,0.12592,0.22196,4,0,0,4,2.367278,0.849757,8.198776,0.05885,0.742374,2.357295,0.163972
605,981,nida,KoB,1693,1499,21,0,0,25.652125,0.12592,0.22196,13,8,0,21,2.498752,0.753386,16.722594,0.05885,9.218556,2.470012,0.096473
605,998,nida,LordSuperKing,1693,1656,23,0,0,27.652125,0.12592,0.22196,17,6,0,23,2.513104,0.553047,19.732688,0.05885,8.208462,2.483855,0.092963
605,1007,nida,SharkGull,1693,1605,15,0,0,19.652125,0.12592,0.22196,3,12,0,15,2.32476,0.624002,6.083286,0.05885,13.857864,2.330897,0.109996
605,1008,nida,Creepy_canon,1693,1587,0,0,0,4.652125,0.12592,0.22196,0,0,0,0,,0.647983,3.201781,0.05885,1.739369,2.349308,0.219992
605,1023,nida,MY_SCRIPTING_SON,1693,1275,3,0,2,7.652125,0.12592,2.22196,1,2,0,3,2.279447,0.917299,5.532512,0.05885,2.408638,2.32311,0.173919
605,1026,nida,WildLupo,1693,1199,0,0,0,4.652125,0.12592,0.22196,0,0,0,0,,0.944992,4.669346,0.05885,0.271804,2.349308,0.219992
605,1029,nida,Chomppet,1693,1600,0,0,0,4.652125,0.12592,0.22196,0,0,0,0,,0.63073,3.116533,0.05885,1.824617,2.349308,0.219992
605,1030,nida,who,1693,1924,7,0,0,11.652125,0.12592,0.22196,0,7,0,7,1.709156,0.209202,1.033698,0.05885,10.907452,1.975886,0.142004
605,1032,nida,WaterLeak,1693,1607,33,0,0,37.652125,0.12592,0.22196,31,1,1,33,2.467765,0.621297,34.06992,1.05885,2.87123,2.452178,0.079799
605,1038,nida,PolyMorph,1693,1463,6,0,0,10.652125,0.12592,0.22196,5,0,1,6,2.796649,0.789844,8.902739,1.05885,1.038411,2.593312,0.148318
605,1042,nida,Creepy_duo_canon,1693,1386,3,0,0,7.652125,0.12592,0.22196,3,0,0,3,2.345341,0.854113,7.220302,0.05885,0.720848,2.34782,0.173919
605,1044,nida,DoopyBot,1693,1418,13,2,0,17.652125,2.12592,0.22196,4,9,0,13,2.664377,0.829633,8.09934,0.05885,9.84181,2.576858,0.115946
605,1045,nida,tito,1693,1801,14,0,0,18.652125,0.12592,0.22196,2,12,0,14,2.373298,0.349395,3.726415,0.05885,15.214735,2.366985,0.112853
605,1049,nida,TheCatSC2Bot,1693,970,3,0,0,7.652125,0.12592,0.22196,3,0,0,3,2.610156,0.984661,7.865359,0.05885,0.075791,2.447126,0.173919
605,1050,nida,onlyfans,1693,1517,25,0,0,29.652125,0.12592,0.22196,24,1,0,25,2.236712,0.733634,27.624994,0.05885,2.316156,2.255478,0.089811
605,1052,nida,Starlight,1693,1204,1,0,0,5.652125,0.12592,0.22196,0,1,0,1,2.290513,0.943476,4.661858,0.05885,1.279292,2.339509,0.200824
605,1054,nida,JimmyBotZ,1693,1724,36,0,0,40.652125,0.12592,0.22196,26,10,0,36,2.48708,0.455505,28.250721,0.05885,12.690429,2.470278,0.076824
605,1056,nida,bilisaur,1693,1600,0,0,0,4.652125,0.12592,0.22196,0,0,0,0,,0.63073,3.116533,0.05885,1.824617,2.349308,0.219992
605,1057,nida,DoopyBot-Test,1693,1238,4,0,0,8.652125,0.12592,0.22196,2,2,0,4,2.409643,0.932086,6.605579,0.05885,2.335571,2.376123,0.163972
605,1058,nida,JimmyBotP,1693,1711,17,0,0,21.652125,0.12592,0.22196,14,3,0,17,2.361207,0.474119,16.342693,0.05885,5.598457,2.358503,0.104877
605,1059,nida,NextProBot,1693,1600,0,0,0,4.652125,0.12592,0.22196,0,0,0,0,,0.63073,3.116533,0.05885,1.824617,2.349308,0.219992
605,1060,nida,WildFire,1693,1709,15,0,0,19.652125,0.12592,0.22196,14,1,0,15,2.576957,0.47699,16.356881,0.05885,3.584269,2.520044,0.109996
605,1065,nida,MindMatrix,1693,1514,6,0,0,10.652125,0.12592,0.22196,1,4,1,6,2.410996,0.736995,4.641602,1.05885,5.299548,2.382956,0.148318
605,1066,nida,CompetitiveBotTest,1693,1482,0,0,0,4.652125,0.12592,0.22196,0,0,0,0,,0.771114,3.810191,0.05885,1.130959,2.349308,0.219992
605,1067,nida,Hello_world,1693,1600,0,0,0,4.652125,0.12592,0.22196,0,0,0,0,,0.63073,3.116533,0.05885,1.824617,2.349308,0.219992
605,1078,nida,LoremIpsum,1693,1242,0,0,0,4.652125,0.12592,0.22196,0,0,0,0,,0.930614,4.598305,0.05885,0.342845,2.349308,0.219992
605,1079,nida,JimmyBotT,1693,1675,16,0,0,20.652125,0.12592,0.22196,11,5,0,16,2.332024,0.525881,13.598457,0.05885,7.342693,2.336139,0.107345
605,1080,nida,JimmyBot,1693,1675,16,0,0,20.652125,0.12592,0.22196,12,4,0,16,2.411378,0.525881,14.598457,0.05885,6.342693,2.3966,0.107345
605,1081,nida,ArtZerg,1693,1537,17,0,0,21.652125,0.12592,0.22196,17,0,0,17,2.501081,0.71054,20.510885,0.05885,1.430265,2.466587,0.104877
605,1082,nida,Dasyatis,1693,1573,6,0,0,10.652125,0.12592,0.22196,6,0,0,6,2.360363,0.666139,9.291495,0.05885,1.649655,2.355338,0.148318
605,1084,nida,ZippyZap,1693,1457,0,0,0,4.652125,0.12592,0.22196,0,0,0,0,,0.79552,3.930783,0.05885,1.010367,2.349308,0.219992
605,1085,nida,AgoraLord,1693,1430,1,0,0,5.652125,0.12592,0.22196,1,0,0,1,2.322388,0.819646,5.049993,0.05885,0.891157,2.344821,0.200824
605,1086,nida,CherBoiBlue,1693,1500,0,0,0,4.652125,0.12592,0.22196,0,0,0,0,,0.752315,3.717301,0.05885,1.223849,2.349308,0.219992
605,1087,nida,SwarmLord2,1693,1533,0,0,0,4.652125,0.12592,0.22196,0,0,0,0,,0.715253,3.534171,0.05885,1.406979,2.349308,0.219992
605,1088,nida,SwarmLord3,1693,1562,0,0,0,4.652125,0.12592,0.22196,0,0,0,0,,0.680071,3.360331,0.05885,1.580819,2.349308,0.219992
605,1089,nida,WorkingAsIntended,1693,1596,0,0,0,4.652125,0.12592,0.22196,0,0,0,0,,0.636077,3.142951,0.05885,1.798199,2.349308,0.219992
637,699,72Tortoises,Clicadinha,1697,1635,36,1,0,40.652125,1.12592,0.22196,4,32,0,36,2.278074,0.58829,6.906829,0.05885,34.034321,2.286761,0.076824
637,708,72Tortoises,Princess-Mika,1697,1521,10,0,0,14.652125,0.12592,0.22196,8,2,0,10,2.419261,0.733634,11.624994,0.05885,3.316156,2.395943,0.127012
637,709,72Tortoises,Laser-Circus,1697,1211,0,0,0,4.652125,0.12592,0.22196,0,0,0,0,,0.942548,4.657272,0.05885,0.283878,2.349308,0.219992
637,718,72Tortoises,Mulebot,1697,1689,31,0,0,35.652125,0.12592,0.22196,10,21,0,31,2.32276,0.511511,12.527452,0.05885,23.413698,2.326447,0.081986
637,720,72Tortoises,PiG_Bot,1697,1627,22,0,0,26.652125,0.12592,0.22196,14,8,0,22,2.533821,0.599397,16.961709,0.05885,9.979441,2.499652,0.094669
637,721,72Tortoises,49Terrapins,1697,1430,11,0,0,15.652125,0.12592,0.22196,11,0,0,11,2.826847,0.823025,15.066688,0.05885,0.874462,2.677616,0.122979
637,729,72Tortoises,Alexa,1697,1367,1,0,0,5.652125,0.12592,0.22196,1,0,0,1,2.731767,0.86985,5.298059,0.05885,0.643091,2.413051,0.200824
637,730,72Tortoises,Deimos,1697,2155,6,0,0,10.652125,0.12592,0.22196,0,6,0,6,2.405969,0.066828,0.330209,0.05885,10.610941,2.380214,0.148318
637,732,72Tortoises,GPT,1697,1830,6,0,0,10.652125,0.12592,0.22196,0,6,0,6,2.355109,0.31743,1.568467,0.05885,9.372683,2.352472,0.148318
637,759,72Tortoises,BotTato,1697,1710,9,0,1,13.652125,0.12592,1.22196,3,6,0,9,2.677839,0.4813,5.378177,0.05885,8.562973,2.560506,0.13147
637,779,72Tortoises,oberon,1697,1472,1,0,0,5.652125,0.12592,0.22196,1,0,0,1,2.16791,0.785027,4.878935,0.05885,1.062215,2.319075,0.200824
637,797,72Tortoises,WickedBot,1697,1707,16,0,0,20.652125,0.12592,0.22196,8,7,1,16,3.000685,0.485613,10.399486,1.05885,9.541664,2.845595,0.107345
637,809,72Tortoises,PrimordialOrigin,1697,1258,1,0,0,5.652125,0.12592,0.22196,1,0,0,1,2.009555,0.926019,5.575599,0.05885,0.365551,2.292683,0.200824
637,813,72Tortoises,MewCombatMicro,1697,1511,0,0,0,4.652125,0.12592,0.22196,0,0,0,0,,0.74473,3.679825,0.05885,1.261325,2.349308,0.219992
637,827,72Tortoises,smokinggunbot,1697,1579,33,0,0,37.652125,0.12592,0.22196,27,6,0,33,2.669407,0.663574,30.278819,0.05885,7.662331,2.627288,0.079799
637,832,72Tortoises,muravev,1697,1632,38,0,0,42.652125,0.12592,0.22196,24,12,2,38,2.85909,0.592466,26.927465,2.05885,14.013685,2.799813,0.075016
637,836,72Tortoises,muravevTerran,1697,1477,2,0,0,6.652125,0.12592,0.22196,2,0,0,2,2.609382,0.78013,5.854737,0.05885,1.086413,2.423615,0.185927
637,858,72Tortoises,Crawler,1697,1562,30,0,0,34.652125,0.12592,0.22196,16,14,0,30,2.557131,0.68506,19.384982,0.05885,15.556168,2.527442,0.083149
637,876,72Tortoises,GenesisLotus,1697,1411,2,0,0,6.652125,0.12592,0.22196,2,0,0,2,2.458751,0.838397,6.142645,0.05885,0.798505,2.380577,0.185927
637,901,72Tortoises,clone,1697,1667,35,0,0,39.652125,0.12592,0.22196,16,19,0,35,2.419723,0.543066,18.683373,0.05885,21.257777,2.410921,0.077779
637,930,72Tortoises,SiriusBot,1697,1519,20,0,0,24.652125,0.12592,0.22196,15,3,2,20,2.575819,0.735877,18.636081,2.05885,4.305069,2.530517,0.098383
637,939,72Tortoises,RustyNikolaj,1697,1539,14,0,0,18.652125,0.12592,0.22196,13,1,0,14,2.738826,0.712902,16.522556,0.05885,2.418594,2.636322,0.112853
637,940,72Tortoises,Princess-Mika-Test,1697,1524,14,0,0,18.652125,0.12592,0.22196,9,5,0,14,2.559377,0.730245,12.608252,0.05885,6.332898,2.504096,0.112853
637,943,72Tortoises,puck,1697,1529,6,0,0,10.652125,0.12592,0.22196,2,4,0,6,1.834885,0.724538,5.580052,0.05885,5.361098,2.068713,0.148318
637,948,72Tortoises,titania,1697,1185,1,0,0,5.652125,0.12592,0.22196,1,0,0,1,2.395164,0.950136,5.694765,0.05885,0.246385,2.356951,0.200824
637,953,72Tortoises,ZeratulsRevengeTest,1697,1702,8,0,0,12.652125,0.12592,0.22196,0,8,0,8,1.5802,0.492805,2.435023,0.05885,10.506127,1.87601,0.136433
637,959,72Tortoises,ur_moms_a_ho,1697,1600,0,0,0,4.652125,0.12592,0.22196,0,0,0,0,,0.636077,3.142951,0.05885,1.798199,2.349308,0.219992
637,960,72Tortoises,BigDaddy,1697,1637,38,0,0,42.652125,0.12592,0.22196,21,16,1,38,2.323321,0.585499,23.893037,1.05885,18.048113,2.326343,0.075016
637,961,72Tortoises,AvocaDOS,1697,1751,15,0,0,19.652125,0.12592,0.22196,10,5,0,15,2.467309,0.422908,12.08965,0.05885,7.8515,2.437809,0.109996
637,962,72Tortoises,AvocaDEV,1697,1700,9,0,0,13.652125,0.12592,0.22196,3,6,0,9,2.417932,0.495683,5.449243,0.05885,8.491907,2.393424,0.13147
637,966,72Tortoises,ArgoBot,1697,1909,6,0,0,10.652125,0.12592,0.22196,0,6,0,6,2.234882,0.227871,1.125946,0.05885,9.815204,2.286894,0.148318
637,970,72Tortoises,TheLAW,1697,1576,36,0,3,40.652125,0.12592,3.22196,15,21,0,36,2.48578,0.667418,18.297815,0.05885,22.643335,2.469137,0.076824
637,971,72Tortoises,Nothing,1697,1570,35,1,0,39.652125,1.12592,0.22196,25,10,0,35,2.688809,0.67504,28.335475,0.05885,11.605675,2.646372,0.077779
637,977,72Tortoises,Siriusly,1697,1392,1,0,0,5.652125,0.12592,0.22196,1,0,0,1,3.54818,0.852673,5.213185,0.05885,0.727965,2.54912,0.200824
637,981,72Tortoises,KoB,1697,1499,10,2,0,14.652125,2.12592,0.22196,8,2,0,10,2.670061,0.757639,11.743609,0.05885,3.197541,2.563144,0.127012
637,998,72Tortoises,LordSuperKing,1697,1656,20,0,0,24.652125,0.12592,0.22196,12,8,0,20,2.653785,0.558731,14.760776,0.05885,10.180374,2.59289,0.098383
637,1007,72Tortoises,SharkGull,1697,1605,17,0,0,21.652125,0.12592,0.22196,3,14,0,17,1.952187,0.629389,6.109903,0.05885,15.831247,2.042442,0.104877
637,1008,72Tortoises,Creepy_canon,1697,1587,0,0,0,4.652125,0.12592,0.22196,0,0,0,0,,0.653217,3.227644,0.05885,1.713506,2.349308,0.219992
637,1023,72Tortoises,MY_SCRIPTING_SON,1697,1275,0,0,1,4.652125,0.12592,1.22196,0,0,0,0,,0.919029,4.54106,0.05885,0.40009,2.349308,0.219992
637,1026,72Tortoises,WildLupo,1697,1199,1,0,0,5.652125,0.12592,0.22196,1,0,0,1,1.99606,0.946176,5.6752,0.05885,0.26595,2.290433,0.200824
637,1029,72Tortoises,Chomppet,1697,1600,0,0,0,4.652125,0.12592,0.22196,0,0,0,0,,0.636077,3.142951,0.05885,1.798199,2.349308,0.219992
637,1030,72Tortoises,who,1697,1924,6,0,0,10.652125,0.12592,0.22196,0,6,0,6,1.977292,0.213037,1.052646,0.05885,9.888504,2.14639,0.148318
637,1032,72Tortoises,WaterLeak,1697,1607,23,0,0,27.652125,0.12592,0.22196,4,19,0,23,1.904888,0.626699,7.096614,0.05885,20.844536,1.984249,0.092963
637,1038,72Tortoises,PolyMorph,1697,1463,2,0,0,6.652125,0.12592,0.22196,1,1,0,2,2.676255,0.793641,4.921498,0.05885,2.019652,2.442721,0.185927
637,1042,72Tortoises,Creepy_duo_canon,1697,1386,1,0,1,5.652125,0.12592,1.22196,1,0,0,1,1.8453,0.856959,5.234364,0.05885,0.706786,2.265307,0.200824
637,1044,72Tortoises,DoopyBot,1697,1418,9,0,0,13.652125,0.12592,0.22196,9,0,0,9,2.585139,0.832863,13.115299,0.05885,0.825851,2.500914,0.13147
637,1045,72Tortoises,tito,1697,1801,9,0,0,13.652125,0.12592,0.22196,3,6,0,9,2.095019,0.354648,4.752367,0.05885,9.188783,2.185837,0.13147
637,1049,72Tortoises,TheCatSC2Bot,1697,970,1,0,0,5.652125,0.12592,0.22196,1,0,0,1,1.89762,0.985005,5.867059,0.05885,0.074091,2.274027,0.200824
637,1050,72Tortoises,onlyfans,1697,1517,19,0,0,23.652125,0.12592,0.22196,15,3,1,19,2.85895,0.738109,18.647107,1.05885,4.294043,2.752774,0.100412
637,1052,72Tortoises,Starlight,1697,1204,1,0,0,5.652125,0.12592,0.22196,1,0,0,1,2.280339,0.944692,5.667864,0.05885,0.273286,2.337813,0.200824
637,1054,72Tortoises,JimmyBotZ,1697,1724,32,0,0,36.652125,0.12592,0.22196,12,19,1,32,2.149878,0.461222,14.278967,1.05885,21.662183,2.176828,0.08087
637,1056,72Tortoises,bilisaur,1697,1600,0,0,0,4.652125,0.12592,0.22196,0,0,0,0,,0.636077,3.142951,0.05885,1.798199,2.349308,0.219992
637,1057,72Tortoises,DoopyBot-Test,1697,1238,4,0,0,8.652125,0.12592,0.22196,4,0,0,4,2.532449,0.93353,8.61271,0.05885,0.32844,2.430704,0.163972
637,1058,72Tortoises,JimmyBotP,1697,1711,16,1,0,20.652125,1.12592,0.22196,3,13,0,16,2.017621,0.479863,5.371076,0.05885,15.570074,2.096594,0.107345
637,1059,72Tortoises,NextProBot,1697,1600,0,0,0,4.652125,0.12592,0.22196,0,0,0,0,,0.636077,3.142951,0.05885,1.798199,2.349308,0.219992
637,1060,72Tortoises,WildFire,1697,1709,16,0,0,20.652125,0.12592,0.22196,2,14,0,16,2.139071,0.482737,4.385278,0.05885,16.555872,2.189128,0.107345
637,1065,72Tortoises,MindMatrix,1697,1514,5,0,0,9.652125,0.12592,0.22196,4,1,0,5,2.503501,0.741434,7.663534,0.05885,2.277616,2.426404,0.155557
637,1066,72Tortoises,CompetitiveBotTest,1697,1482,0,0,0,4.652125,0.12592,0.22196,0,0,0,0,,0.775153,3.830147,0.05885,1.111003,2.349308,0.219992
637,1067,72Tortoises,Hello_world,1697,1600,0,0,0,4.652125,0.12592,0.22196,0,0,0,0,,0.636077,3.142951,0.05885,1.798199,2.349308,0.219992
637,1078,72Tortoises,LoremIpsum,1697,1242,0,0,0,4.652125,0.12592,0.22196,0,0,0,0,,0.932086,4.605579,0.05885,0.335571,2.349308,0.219992
637,1079,72Tortoises,JimmyBotT,1697,1675,17,1,0,21.652125,1.12592,0.22196,10,6,1,17,2.54917,0.531618,12.626806,1.05885,8.314344,2.503747,0.104877
637,1080,72Tortoises,JimmyBot,1697,1675,18,0,0,22.652125,0.12592,0.22196,5,13,0,18,2.049318,0.531618,7.626806,0.05885,15.314344,2.114533,0.102572
637,1081,72Tortoises,ArtZerg,1697,1537,17,1,0,21.652125,1.12592,0.22196,5,12,0,17,1.780586,0.715253,8.534171,0.05885,13.406979,1.909841,0.104877
637,1082,72Tortoises,Dasyatis,1697,1573,6,0,0,10.652125,0.12592,0.22196,3,3,0,6,2.39858,0.671241,6.3167,0.05885,4.62445,2.376184,0.148318
637,1084,72Tortoises,ZippyZap,1697,1457,0,0,0,4.652125,0.12592,0.22196,0,0,0,0,,0.79924,3.949165,0.05885,0.991985,2.349308,0.219992
637,1085,72Tortoises,AgoraLord,1697,1430,1,0,0,5.652125,0.12592,0.22196,1,0,0,1,2.00148,0.823025,5.066688,0.05885,0.874462,2.291337,0.200824
637,1086,72Tortoises,CherBoiBlue,1697,1500,0,0,0,4.652125,0.12592,0.22196,0,0,0,0,,0.756581,3.738378,0.05885,1.202772,2.349308,0.219992
637,1087,72Tortoises,SwarmLord2,1697,1533,0,0,0,4.652125,0.12592,0.22196,0,0,0,0,,0.719919,3.557228,0.05885,1.383922,2.349308,0.219992
637,1088,72Tortoises,SwarmLord3,1697,1562,0,0,0,4.652125,0.12592,0.22196,0,0,0,0,,0.68506,3.384982,0.05885,1.556168,2.349308,0.219992
637,1089,72Tortoises,WorkingAsIntended,1697,1596,0,0,0,4.652125,0.12592,0.22196,0,0,0,0,,0.64139,3.169205,0.05885,1.771945,2.349308,0.219992
699,708,Clicadinha,Princess-Mika,1635,1521,14,1,2,18.652125,1.12592,2.22196,12,2,0,14,2.117311,0.658415,15.253325,0.05885,3.687825,2.178363,0.112853
699,709,Clicadinha,Laser-Circus,1635,1211,1,0,0,5.652125,0.12592,0.22196,1,0,0,1,1.819699,0.919882,5.545273,0.05885,0.395877,2.26104,0.200824
699,718,Clicadinha,Mulebot,1635,1689,43,0,0,47.652125,0.12592,0.22196,6,37,0,43,2.629643,0.422908,8.08965,0.05885,39.8515,2.600442,0.071002
699,720,Clicadinha,PiG_Bot,1635,1627,25,0,0,29.652125,0.12592,0.22196,22,3,0,25,2.213358,0.511511,24.527452,0.05885,5.413698,2.236016,0.089811
699,721,Clicadinha,49Terrapins,1635,1430,11,0,0,15.652125,0.12592,0.22196,10,1,0,11,1.81271,0.764961,13.779788,0.05885,2.161362,1.980397,0.122979
699,729,Clicadinha,Alexa,1635,1367,1,0,0,5.652125,0.12592,0.22196,1,0,0,1,2.329227,0.823862,5.070823,0.05885,0.870327,2.345961,0.200824
699,730,Clicadinha,Deimos,1635,2155,1,0,0,5.652125,0.12592,0.22196,1,0,0,1,2.261763,0.047727,1.235825,0.05885,4.705325,2.334717,0.200824
699,732,Clicadinha,GPT,1635,1830,5,0,0,9.652125,0.12592,0.22196,0,5,0,5,2.444837,0.245546,1.213279,0.05885,8.727871,2.397072,0.155557
699,759,Clicadinha,BotTato,1635,1710,19,0,1,23.652125,0.12592,1.22196,6,13,0,19,2.727446,0.393712,7.945391,0.05885,15.995759,2.648667,0.100412
699,779,Clicadinha,oberon,1635,1472,2,0,0,6.652125,0.12592,0.22196,1,1,0,2,2.242779,0.718757,4.551485,0.05885,2.389665,2.318871,0.185927
699,797,Clicadinha,WickedBot,1635,1707,23,0,1,27.652125,0.12592,1.22196,5,17,1,23,2.843597,0.397842,6.965797,1.05885,19.975353,2.755331,0.092963
699,809,Clicadinha,PrimordialOrigin,1635,1258,1,0,0,5.652125,0.12592,0.22196,1,0,0,1,1.671473,0.89754,5.43488,0.05885,0.50627,2.236336,0.200824
699,813,Clicadinha,MewCombatMicro,1635,1511,0,0,0,4.652125,0.12592,0.22196,0,0,0,0,,0.671241,3.3167,0.05885,1.62445,2.349308,0.219992
699,827,Clicadinha,smokinggunbot,1635,1579,53,1,0,57.652125,1.12592,0.22196,27,26,0,53,2.832637,0.5799,29.865372,0.05885,28.075778,2.790971,0.064592
699,832,Clicadinha,muravev,1635,1632,46,0,0,50.652125,0.12592,0.22196,35,11,0,46,2.321324,0.504317,37.491907,0.05885,13.449243,2.324068,0.068882
699,836,Clicadinha,muravevTerran,1635,1477,2,0,0,6.652125,0.12592,0.22196,0,2,0,2,1.968494,0.712902,3.522556,0.05885,3.418594,2.240504,0.185927
699,858,Clicadinha,Crawler,1635,1562,38,2,0,42.652125,2.12592,0.22196,27,11,0,38,2.049,0.603536,29.982163,0.05885,12.958987,2.08392,0.075016
699,876,Clicadinha,GenesisLotus,1635,1411,7,2,0,11.652125,2.12592,0.22196,6,1,0,7,2.284566,0.784054,9.874127,0.05885,2.067023,2.311542,0.142004
699,901,Clicadinha,clone,1635,1667,41,0,0,45.652125,0.12592,0.22196,6,35,0,41,2.562401,0.454078,8.243668,0.05885,37.697482,2.539238,0.072529
699,930,Clicadinha,SiriusBot,1635,1519,23,5,0,27.652125,5.12592,0.22196,18,4,1,23,2.012638,0.660999,21.266096,1.05885,5.675054,2.072758,0.092963
699,939,Clicadinha,RustyNikolaj,1635,1539,15,1,0,19.652125,1.12592,0.22196,15,0,0,15,2.630599,0.634743,18.136362,0.05885,1.804788,2.560276,0.109996
699,940,Clicadinha,Princess-Mika-Test,1635,1524,18,0,1,22.652125,0.12592,1.22196,14,4,0,18,2.221327,0.65452,17.234081,0.05885,5.707069,2.249149,0.102572
699,943,Clicadinha,puck,1635,1529,10,0,0,14.652125,0.12592,0.22196,5,5,0,10,2.431306,0.647983,8.201781,0.05885,6.739369,2.403973,0.127012
699,948,Clicadinha,titania,1635,1185,0,0,0,4.652125,0.12592,0.22196,0,0,0,0,,0.930242,4.596464,0.05885,0.344686,2.349308,0.219992
699,953,Clicadinha,ZeratulsRevengeTest,1635,1702,6,0,0,10.652125,0.12592,0.22196,3,3,0,6,2.311705,0.404757,4.999965,0.05885,5.941185,2.328797,0.148318
699,959,Clicadinha,ur_moms_a_ho,1635,1600,0,0,0,4.652125,0.12592,0.22196,0,0,0,0,,0.550199,2.718618,0.05885,2.222532,2.349308,0.219992
699,960,Clicadinha,BigDaddy,1635,1637,57,0,0,61.652125,0.12592,0.22196,15,41,1,57,2.009504,0.497122,17.456353,1.05885,43.484797,2.036908,0.062473
699,961,Clicadinha,AvocaDOS,1635,1751,22,0,0,26.652125,0.12592,0.22196,11,11,0,22,2.546484,0.339001,12.675054,0.05885,14.266096,2.50997,0.094669
699,962,Clicadinha,AvocaDEV,1635,1700,7,0,1,11.652125,0.12592,1.22196,3,4,0,7,2.458277,0.407534,5.013685,0.05885,6.927465,2.412873,0.142004
699,966,Clicadinha,ArgoBot,1635,1909,0,0,0,4.652125,0.12592,0.22196,0,0,0,0,,0.171182,0.845838,0.05885,4.095312,2.349308,0.219992
699,970,Clicadinha,TheLAW,1635,1576,53,1,1,57.652125,1.12592,1.22196,15,38,0,53,2.322309,0.584101,17.88613,0.05885,40.05502,2.324636,0.064592
699,971,Clicadinha,Nothing,1635,1570,55,0,0,59.652125,0.12592,0.22196,31,24,0,55,1.969469,0.592466,33.927465,0.05885,26.013685,2.001122,0.063506
699,977,Clicadinha,Siriusly,1635,1392,5,1,1,9.652125,1.12592,1.22196,5,0,0,5,1.924927,0.801997,8.962786,0.05885,0.978364,2.137117,0.155557
699,981,Clicadinha,KoB,1635,1499,24,0,0,28.652125,0.12592,0.22196,7,17,0,24,2.131914,0.6863,10.391113,0.05885,18.550037,2.169395,0.091347
699,998,Clicadinha,LordSuperKing,1635,1656,24,0,0,28.652125,0.12592,0.22196,23,1,0,24,2.241367,0.469815,25.321428,0.05885,3.619722,2.259978,0.091347
699,1007,Clicadinha,SharkGull,1635,1605,17,0,1,21.652125,0.12592,1.22196,0,17,0,17,1.884389,0.543066,2.683373,0.05885,19.257777,1.990053,0.104877
699,1008,Clicadinha,Creepy_canon,1635,1587,0,0,0,4.652125,0.12592,0.22196,0,0,0,0,,0.568641,2.809742,0.05885,2.131408,2.349308,0.219992
699,1023,Clicadinha,MY_SCRIPTING_SON,1635,1275,1,0,2,5.652125,0.12592,2.22196,1,0,0,1,2.270062,0.888184,5.388652,0.05885,0.552498,2.3361,0.200824
699,1026,Clicadinha,WildLupo,1635,1199,1,0,0,5.652125,0.12592,0.22196,1,0,0,1,2.438863,0.924827,5.56971,0.05885,0.37144,2.364234,0.200824
699,1029,Clicadinha,Chomppet,1635,1600,0,0,0,4.652125,0.12592,0.22196,0,0,0,0,,0.550199,2.718618,0.05885,2.222532,2.349308,0.219992
699,1030,Clicadinha,who,1635,1924,1,0,0,5.652125,0.12592,0.22196,0,1,0,1,2.350422,0.159277,0.787011,0.05885,5.154139,2.349494,0.200824
699,1032,Clicadinha,WaterLeak,1635,1607,32,1,0,36.652125,1.12592,0.22196,5,27,0,32,1.863287,0.540208,7.66925,0.05885,29.2719,1.928966,0.08087
699,1038,Clicadinha,PolyMorph,1635,1463,8,1,0,12.652125,1.12592,0.22196,3,5,0,8,2.397236,0.72911,6.602642,0.05885,6.338508,2.378802,0.136433
699,1042,Clicadinha,Creepy_duo_canon,1635,1386,2,0,1,6.652125,0.12592,1.22196,0,2,0,2,2.17624,0.807424,3.989604,0.05885,2.951546,2.29986,0.185927
699,1044,Clicadinha,DoopyBot,1635,1418,17,0,0,21.652125,0.12592,0.22196,14,3,0,17,2.230653,0.777153,17.84003,0.05885,4.10112,2.25762,0.104877
699,1045,Clicadinha,tito,1635,1801,13,0,0,17.652125,0.12592,0.22196,3,10,0,13,2.207408,0.277765,4.372481,0.05885,13.568669,2.246825,0.115946
699,1049,Clicadinha,TheCatSC2Bot,1635,970,1,0,0,5.652125,0.12592,0.22196,1,0,0,1,2.034706,0.978711,5.835958,0.05885,0.105192,2.296874,0.200824
699,1050,Clicadinha,onlyfans,1635,1517,27,0,0,31.652125,0.12592,0.22196,14,13,0,27,2.559147,0.663574,17.278819,0.05885,14.662331,2.526359,0.086959
699,1052,Clicadinha,Starlight,1635,1204,1,0,0,5.652125,0.12592,0.22196,1,0,0,1,2.255493,0.922802,5.559701,0.05885,0.381449,2.333672,0.200824
699,1054,Clicadinha,JimmyBotZ,1635,1724,41,0,0,45.652125,0.12592,0.22196,22,19,0,41,2.086314,0.374649,23.851195,0.05885,22.089955,2.114901,0.072529
699,1056,Clicadinha,bilisaur,1635,1600,0,0,0,4.652125,0.12592,0.22196,0,0,0,0,,0.550199,2.718618,0.05885,2.222532,2.349308,0.219992
699,1057,Clicadinha,DoopyBot-Test,1635,1238,4,0,0,8.652125,0.12592,0.22196,4,0,0,4,2.084537,0.907654,8.484852,0.05885,0.456298,2.231632,0.163972
699,1058,Clicadinha,JimmyBotP,1635,1711,20,0,0,24.652125,0.12592,0.22196,8,11,1,20,2.275195,0.392339,9.938606,1.05885,14.002544,2.290018,0.098383
699,1059,Clicadinha,NextProBot,1635,1600,0,0,0,4.652125,0.12592,0.22196,0,0,0,0,,0.550199,2.718618,0.05885,2.222532,2.349308,0.219992
699,1060,Clicadinha,WildFire,1635,1709,18,0,0,22.652125,0.12592,0.22196,8,10,0,18,2.131173,0.395087,9.952185,0.05885,12.988965,2.178594,0.102572
699,1065,Clicadinha,MindMatrix,1635,1514,6,0,0,10.652125,0.12592,0.22196,5,1,0,6,2.07184,0.667418,8.297815,0.05885,2.643335,2.197962,0.148318
699,1066,Clicadinha,CompetitiveBotTest,1635,1482,0,0,0,4.652125,0.12592,0.22196,0,0,0,0,,0.706975,3.493271,0.05885,1.447879,2.349308,0.219992
699,1067,Clicadinha,Hello_world,1635,1600,0,0,0,4.652125,0.12592,0.22196,0,0,0,0,,0.550199,2.718618,0.05885,2.222532,2.349308,0.219992
699,1078,Clicadinha,LoremIpsum,1635,1242,0,0,0,4.652125,0.12592,0.22196,0,0,0,0,,0.905705,4.475226,0.05885,0.465924,2.349308,0.219992
699,1079,Clicadinha,JimmyBotT,1635,1675,18,1,0,22.652125,1.12592,0.22196,0,18,0,18,2.982328,0.442688,2.18739,0.05885,20.75376,2.844715,0.102572
699,1080,Clicadinha,JimmyBot,1635,1675,18,1,0,22.652125,1.12592,0.22196,9,9,0,18,2.104603,0.442688,11.18739,0.05885,11.75376,2.1578,0.102572
699,1081,Clicadinha,ArtZerg,1635,1537,12,7,0,16.652125,7.12592,0.22196,7,5,0,12,2.164442,0.637408,10.14953,0.05885,6.79162,2.218814,0.119307
699,1082,Clicadinha,Dasyatis,1635,1573,5,0,2,9.652125,0.12592,2.22196,4,1,0,5,2.187306,0.58829,6.906829,0.05885,3.034321,2.268307,0.155557
699,1084,Clicadinha,ZippyZap,1635,1457,0,0,0,4.652125,0.12592,0.22196,0,0,0,0,,0.735877,3.636081,0.05885,1.305069,2.349308,0.219992
699,1085,Clicadinha,AgoraLord,1635,1430,1,0,0,5.652125,0.12592,0.22196,0,1,0,1,3.236323,0.764961,3.779788,0.05885,2.161362,2.497144,0.200824
699,1086,Clicadinha,CherBoiBlue,1635,1500,0,0,0,4.652125,0.12592,0.22196,0,0,0,0,,0.68506,3.384982,0.05885,1.556168,2.349308,0.219992
699,1087,Clicadinha,SwarmLord2,1635,1533,0,0,0,4.652125,0.12592,0.22196,0,0,0,0,,0.642713,3.175742,0.05885,1.765408,2.349308,0.219992
699,1088,Clicadinha,SwarmLord3,1635,1562,0,0,0,4.652125,0.12592,0.22196,0,0,0,0,,0.603536,2.982163,0.05885,1.958987,2.349308,0.219992
699,1089,Clicadinha,WorkingAsIntended,1635,1596,0,0,0,4.652125,0.12592,0.22196,0,0,0,0,,0.555891,2.746741,0.05885,2.194409,2.349308,0.219992
708,709,Princess-Mika,Laser-Circus,1521,1211,4,0,3,8.652125,0.12592,3.22196,4,0,0,4,2.290727,0.856252,8.23087,0.05885,0.71028,2.323272,0.163972
708,718,Princess-Mika,Mulebot,1521,1689,13,0,0,17.652125,0.12592,0.22196,3,10,0,13,2.594895,0.275462,4.361098,0.05885,13.580052,2.526676,0.115946
708,720,Princess-Mika,PiG_Bot,1521,1627,7,0,0,11.652125,0.12592,0.22196,0,7,0,7,2.094506,0.352017,1.739369,0.05885,10.201781,2.200674,0.142004
708,721,Princess-Mika,49Terrapins,1521,1430,31,0,1,35.652125,0.12592,1.22196,19,12,0,31,2.675279,0.628045,22.103264,0.05885,13.837886,2.630005,0.081986
708,729,Princess-Mika,Alexa,1521,1367,36,0,2,40.652125,0.12592,2.22196,32,4,0,36,2.147918,0.708166,35.499156,0.05885,5.441994,2.172478,0.076824
708,730,Princess-Mika,Deimos,1521,2155,1,0,0,5.652125,0.12592,0.22196,0,1,0,1,2.48574,0.025343,0.125222,0.05885,5.815928,2.372047,0.200824
708,732,Princess-Mika,GPT,1521,1830,1,0,0,5.652125,0.12592,0.22196,0,1,0,1,1.981001,0.144458,0.713788,0.05885,5.227362,2.287924,0.200824
708,759,Princess-Mika,BotTato,1521,1710,6,0,0,10.652125,0.12592,0.22196,0,6,0,6,2.51825,0.252,1.245172,0.05885,9.695978,2.441458,0.148318
708,779,Princess-Mika,oberon,1521,1472,39,4,1,43.652125,4.12592,1.22196,36,2,1,39,2.888265,0.570053,38.816717,1.05885,4.124433,2.82702,0.074159
708,797,Princess-Mika,WickedBot,1521,1707,8,0,0,12.652125,0.12592,0.22196,1,7,0,8,2.455527,0.25527,2.261325,0.05885,10.679825,2.414674,0.136433
708,809,Princess-Mika,PrimordialOrigin,1521,1258,38,1,6,42.652125,1.12592,6.22196,34,4,0,38,2.188445,0.819646,38.049993,0.05885,4.891157,2.20715,0.075016
708,813,Princess-Mika,MewCombatMicro,1521,1511,1,0,0,5.652125,0.12592,0.22196,1,0,0,1,1.156881,0.514387,3.541664,0.05885,2.399486,2.15057,0.200824
708,827,Princess-Mika,smokinggunbot,1521,1579,18,1,0,22.652125,1.12592,0.22196,2,16,0,18,3.07857,0.417298,4.061933,0.05885,18.879217,2.920035,0.102572
708,832,Princess-Mika,muravev,1521,1632,11,0,0,15.652125,0.12592,0.22196,2,9,0,11,2.621189,0.34548,3.707069,0.05885,12.234081,2.536226,0.122979
708,836,Princess-Mika,muravevTerran,1521,1477,8,0,0,12.652125,0.12592,0.22196,5,3,0,8,3.026051,0.562985,7.781792,0.05885,5.159358,2.765766,0.136433
708,858,Princess-Mika,Crawler,1521,1562,24,0,0,28.652125,0.12592,0.22196,1,23,0,24,1.905398,0.441269,3.180374,0.05885,25.760776,1.981934,0.091347
708,876,Princess-Mika,GenesisLotus,1521,1411,42,0,1,46.652125,0.12592,1.22196,12,29,1,42,2.243805,0.653217,15.227644,1.05885,30.713506,2.255028,0.071753
708,901,Princess-Mika,clone,1521,1667,11,0,0,15.652125,0.12592,0.22196,7,4,0,11,2.339875,0.301441,8.489467,0.05885,7.451683,2.342823,0.122979
708,930,Princess-Mika,SiriusBot,1521,1519,30,0,2,34.652125,0.12592,2.22196,11,18,1,30,2.620477,0.502878,13.484797,1.05885,20.456353,2.581738,0.083149
708,939,Princess-Mika,RustyNikolaj,1521,1539,25,2,0,29.652125,2.12592,0.22196,2,20,3,25,2.802749,0.474119,4.342693,3.05885,22.598457,2.727175,0.089811
708,940,Princess-Mika,Princess-Mika-Test,1521,1524,33,0,2,37.652125,0.12592,2.22196,17,16,0,33,2.495835,0.495683,19.449243,0.05885,18.491907,2.476555,0.079799
708,943,Princess-Mika,puck,1521,1529,36,2,2,40.652125,2.12592,2.22196,8,28,0,36,2.554305,0.488489,10.413698,0.05885,30.527452,2.529305,0.076824
708,948,Princess-Mika,titania,1521,1185,23,0,2,27.652125,0.12592,2.22196,21,2,0,23,2.667684,0.87371,25.317134,0.05885,2.624016,2.610831,0.092963
708,953,Princess-Mika,ZeratulsRevengeTest,1521,1702,2,0,0,6.652125,0.12592,0.22196,0,2,0,2,1.901136,0.26078,1.288552,0.05885,5.652598,2.221259,0.185927
708,959,Princess-Mika,ur_moms_a_ho,1521,1600,0,0,0,4.652125,0.12592,0.22196,0,0,0,0,,0.388229,1.9183,0.05885,3.02285,2.349308,0.219992
708,960,Princess-Mika,BigDaddy,1521,1637,16,0,0,20.652125,0.12592,0.22196,0,16,0,16,1.758598,0.339001,1.675054,0.05885,19.266096,1.899243,0.107345
708,961,Princess-Mika,AvocaDOS,1521,1751,8,0,0,12.652125,0.12592,0.22196,1,7,0,8,2.125692,0.210156,2.038411,0.05885,10.902739,2.211698,0.136433
708,962,Princess-Mika,AvocaDEV,1521,1700,3,0,0,7.652125,0.12592,0.22196,0,3,0,3,2.347863,0.263005,1.299548,0.05885,6.641602,2.348766,0.173919
708,966,Princess-Mika,ArgoBot,1521,1909,0,0,0,4.652125,0.12592,0.22196,0,0,0,0,,0.096782,0.478212,0.05885,4.462938,2.349308,0.219992
708,970,Princess-Mika,TheLAW,1521,1576,19,0,1,23.652125,0.12592,1.22196,3,16,0,19,2.237122,0.421503,5.082711,0.05885,18.858439,2.260494,0.100412
708,971,Princess-Mika,Nothing,1521,1570,15,0,0,19.652125,0.12592,0.22196,8,7,0,15,2.221506,0.429947,10.124433,0.05885,9.816717,2.253456,0.109996
708,977,Princess-Mika,Siriusly,1521,1392,33,0,2,37.652125,0.12592,2.22196,25,8,0,33,2.096179,0.677561,28.347928,0.05885,9.593222,2.129485,0.079799
708,981,Princess-Mika,KoB,1521,1499,26,0,1,30.652125,0.12592,1.22196,15,11,0,26,2.303365,0.531618,17.626806,0.05885,13.314344,2.310775,0.088351
708,998,Princess-Mika,LordSuperKing,1521,1656,3,0,0,7.652125,0.12592,0.22196,0,3,0,3,2.531476,0.31494,1.556168,0.05885,6.384982,2.417621,0.173919
708,1007,Princess-Mika,SharkGull,1521,1605,6,0,0,10.652125,0.12592,0.22196,0,6,0,6,1.884426,0.381416,1.884633,0.05885,9.056517,2.095736,0.148318
708,1008,Princess-Mika,Creepy_canon,1521,1587,0,0,1,4.652125,0.12592,1.22196,0,0,0,0,,0.406145,2.006821,0.05885,2.934329,2.349308,0.219992
708,1023,Princess-Mika,MY_SCRIPTING_SON,1521,1275,26,0,18,30.652125,0.12592,18.22196,19,7,0,26,2.25937,0.804725,22.976265,0.05885,7.964885,2.273876,0.088351
708,1026,Princess-Mika,WildLupo,1521,1199,38,0,5,42.652125,0.12592,5.22196,38,0,0,38,2.465725,0.864547,42.271856,0.05885,0.669294,2.452188,0.075016
708,1029,Princess-Mika,Chomppet,1521,1600,0,0,0,4.652125,0.12592,0.22196,0,0,0,0,,0.388229,1.9183,0.05885,3.02285,2.349308,0.219992
708,1030,Princess-Mika,who,1521,1924,1,0,0,5.652125,0.12592,0.22196,0,1,0,1,1.93586,0.089492,0.442193,0.05885,5.498957,2.2804,0.200824
708,1032,Princess-Mika,WaterLeak,1521,1607,8,0,0,12.652125,0.12592,0.22196,0,8,0,8,1.841163,0.378703,1.87123,0.05885,11.06992,2.036603,0.136433
708,1038,Princess-Mika,PolyMorph,1521,1463,34,0,4,38.652125,0.12592,4.22196,29,5,0,34,2.507124,0.582702,31.879217,0.05885,7.061933,2.486891,0.07877
708,1042,Princess-Mika,Creepy_duo_canon,1521,1386,28,0,1,32.652125,0.12592,1.22196,11,17,0,28,1.88894,0.68506,14.384982,0.05885,18.556168,1.958692,0.085632
708,1044,Princess-Mika,DoopyBot,1521,1418,30,1,0,34.652125,1.12592,0.22196,19,11,0,30,2.611394,0.644034,22.182268,0.05885,12.758882,2.573953,0.083149
708,1045,Princess-Mika,tito,1521,1801,4,0,0,8.652125,0.12592,0.22196,2,2,0,4,2.431747,0.166338,2.821899,0.05885,6.119251,2.385947,0.163972
708,1049,Princess-Mika,TheCatSC2Bot,1521,970,42,0,3,46.652125,0.12592,3.22196,42,0,0,42,2.11072,0.95976,46.742316,0.05885,0.198834,2.136102,0.071753
708,1050,Princess-Mika,onlyfans,1521,1517,22,1,3,26.652125,1.12592,3.22196,7,15,0,22,2.45214,0.505756,9.499017,0.05885,17.442133,2.433097,0.094669
708,1052,Princess-Mika,Starlight,1521,1204,38,0,0,42.652125,0.12592,0.22196,37,1,0,38,2.14241,0.861141,41.255027,0.05885,1.686123,2.166468,0.075016
708,1054,Princess-Mika,JimmyBotZ,1521,1724,14,0,0,18.652125,0.12592,0.22196,3,11,0,14,1.847261,0.237115,4.171621,0.05885,14.769529,1.979379,0.112853
708,1056,Princess-Mika,bilisaur,1521,1600,0,0,0,4.652125,0.12592,0.22196,0,0,0,0,,0.388229,1.9183,0.05885,3.02285,2.349308,0.219992
708,1057,Princess-Mika,DoopyBot-Test,1521,1238,31,0,0,35.652125,0.12592,0.22196,29,2,0,31,2.653941,0.836043,33.131016,0.05885,2.810134,2.611631,0.081986
708,1058,Princess-Mika,JimmyBotP,1521,1711,18,0,1,22.652125,0.12592,1.22196,10,8,0,18,2.353409,0.250917,11.239818,0.05885,11.701332,2.352517,0.102572
708,1059,Princess-Mika,NextProBot,1521,1600,0,0,0,4.652125,0.12592,0.22196,0,0,0,0,,0.388229,1.9183,0.05885,3.02285,2.349308,0.219992
708,1060,Princess-Mika,WildFire,1521,1709,7,0,0,11.652125,0.12592,0.22196,0,7,0,7,1.883496,0.253087,1.250541,0.05885,10.690609,2.077585,0.142004
708,1065,Princess-Mika,MindMatrix,1521,1514,16,0,0,20.652125,0.12592,0.22196,11,5,0,16,2.345587,0.510072,13.520344,0.05885,7.420806,2.346473,0.107345
708,1066,Princess-Mika,CompetitiveBotTest,1521,1482,1,0,0,5.652125,0.12592,0.22196,1,0,0,1,1.388791,0.555891,3.746741,0.05885,2.194409,2.189222,0.200824
708,1067,Princess-Mika,Hello_world,1521,1600,0,0,0,4.652125,0.12592,0.22196,0,0,0,0,,0.388229,1.9183,0.05885,3.02285,2.349308,0.219992
708,1078,Princess-Mika,LoremIpsum,1521,1242,17,0,0,21.652125,0.12592,0.22196,17,0,0,17,2.145634,0.832863,21.115299,0.05885,0.825851,2.191923,0.104877
708,1079,Princess-Mika,JimmyBotT,1521,1675,6,0,0,10.652125,0.12592,0.22196,1,5,0,6,2.471891,0.291834,2.441994,0.05885,8.499156,2.416172,0.148318
708,1080,Princess-Mika,JimmyBot,1521,1675,6,1,0,10.652125,1.12592,0.22196,2,4,0,6,2.243046,0.291834,3.441994,0.05885,7.499156,2.291347,0.148318
708,1081,Princess-Mika,ArtZerg,1521,1537,4,1,0,8.652125,1.12592,0.22196,1,3,0,4,2.081327,0.47699,3.356881,0.05885,5.584269,2.230205,0.163972
708,1082,Princess-Mika,Dasyatis,1521,1573,6,1,0,10.652125,1.12592,0.22196,1,4,1,6,2.45812,0.42572,3.103545,1.05885,6.837605,2.40866,0.148318
708,1084,Princess-Mika,ZippyZap,1521,1457,0,0,0,4.652125,0.12592,0.22196,0,0,0,0,,0.591076,2.920593,0.05885,2.020557,2.349308,0.219992
708,1085,Princess-Mika,AgoraLord,1521,1430,3,0,0,7.652125,0.12592,0.22196,3,0,0,3,2.997578,0.628045,6.103264,0.05885,1.837886,2.592409,0.173919
708,1086,Princess-Mika,CherBoiBlue,1521,1500,0,0,1,4.652125,0.12592,1.22196,0,0,0,0,,0.530185,2.619722,0.05885,2.321428,2.349308,0.219992
708,1087,Princess-Mika,SwarmLord2,1521,1533,1,0,0,5.652125,0.12592,0.22196,1,0,0,1,1.401183,0.482737,3.385278,0.05885,2.555872,2.191287,0.200824
708,1088,Princess-Mika,SwarmLord3,1521,1562,0,0,0,4.652125,0.12592,0.22196,0,0,0,0,,0.441269,2.180374,0.05885,2.760776,2.349308,0.219992
708,1089,Princess-Mika,WorkingAsIntended,1521,1596,1,0,0,5.652125,0.12592,0.22196,0,1,0,1,1.930071,0.393712,1.945391,0.05885,3.995759,2.279435,0.200824
709,718,Laser-Circus,Mulebot,1211,1689,0,0,0,4.652125,0.12592,0.22196,0,0,0,0,,0.059997,0.296454,0.05885,4.644696,2.349308,0.219992
709,720,Laser-Circus,PiG_Bot,1211,1627,0,0,0,4.652125,0.12592,0.22196,0,0,0,0,,0.083579,0.412975,0.05885,4.528175,2.349308,0.219992
709,721,Laser-Circus,49Terrapins,1211,1430,2,0,1,6.652125,0.12592,1.22196,0,2,0,2,3.035361,0.220859,1.091299,0.05885,5.849851,2.545323,0.185927
709,729,Laser-Circus,Alexa,1211,1367,0,0,0,4.652125,0.12592,0.22196,0,0,0,0,,0.28946,1.430265,0.05885,3.510885,2.349308,0.219992
709,730,Laser-Circus,Deimos,1211,2155,0,0,0,4.652125,0.12592,0.22196,0,0,0,0,,0.004346,0.021475,0.05885,4.919675,2.349308,0.219992
709,732,Laser-Circus,GPT,1211,1830,1,0,0,5.652125,0.12592,0.22196,0,1,0,1,2.075684,0.027565,0.136204,0.05885,5.804946,2.303704,0.200824
709,759,Laser-Circus,BotTato,1211,1710,0,0,0,4.652125,0.12592,0.22196,0,0,0,0,,0.053531,0.264505,0.05885,4.676645,2.349308,0.219992
709,779,Laser-Circus,oberon,1211,1472,6,5,1,10.652125,5.12592,1.22196,2,3,1,6,3.121252,0.182062,2.899597,1.05885,7.041553,2.770369,0.148318
709,797,Laser-Circus,WickedBot,1211,1707,0,0,0,4.652125,0.12592,0.22196,0,0,0,0,,0.054413,0.268862,0.05885,4.672288,2.349308,0.219992
709,809,Laser-Circus,PrimordialOrigin,1211,1258,5,0,6,9.652125,0.12592,6.22196,0,5,0,5,2.341193,0.432771,2.138387,0.05885,7.802763,2.345251,0.155557
709,813,Laser-Circus,MewCombatMicro,1211,1511,0,0,1,4.652125,0.12592,1.22196,0,0,0,0,,0.15098,0.746013,0.05885,4.195137,2.349308,0.219992
709,827,Laser-Circus,smokinggunbot,1211,1579,1,0,1,5.652125,0.12592,1.22196,0,1,0,1,1.736951,0.107323,0.530301,0.05885,5.410849,2.247249,0.200824
709,832,Laser-Circus,muravev,1211,1632,0,0,0,4.652125,0.12592,0.22196,0,0,0,0,,0.0814,0.402211,0.05885,4.538939,2.349308,0.219992
709,836,Laser-Circus,muravevTerran,1211,1477,0,0,0,4.652125,0.12592,0.22196,0,0,0,0,,0.177815,0.878613,0.05885,4.062537,2.349308,0.219992
709,858,Laser-Circus,Crawler,1211,1562,2,0,1,6.652125,0.12592,1.22196,0,2,0,2,1.477377,0.117065,0.578438,0.05885,6.362712,2.100185,0.185927
709,876,Laser-Circus,GenesisLotus,1211,1411,8,0,1,12.652125,0.12592,1.22196,0,8,0,8,2.222803,0.240253,1.187126,0.05885,11.754024,2.271459,0.136433
709,901,Laser-Circus,clone,1211,1667,1,0,0,5.652125,0.12592,0.22196,0,1,0,1,1.722767,0.06755,0.333775,0.05885,5.607375,2.244884,0.200824
709,930,Laser-Circus,SiriusBot,1211,1519,2,0,1,6.652125,0.12592,1.22196,0,2,0,2,2.035333,0.145171,0.717311,0.05885,6.223839,2.259601,0.185927
709,939,Laser-Circus,RustyNikolaj,1211,1539,4,0,1,8.652125,0.12592,1.22196,0,4,0,4,2.480698,0.131459,0.649559,0.05885,8.291591,2.407704,0.163972
709,940,Laser-Circus,Princess-Mika-Test,1211,1524,3,0,3,7.652125,0.12592,3.22196,0,3,0,3,2.424586,0.141635,0.699842,0.05885,7.241308,2.377537,0.173919
709,943,Laser-Circus,puck,1211,1529,6,0,4,10.652125,0.12592,4.22196,0,6,0,6,2.431957,0.138172,0.682729,0.05885,10.258421,2.394389,0.148318
709,948,Laser-Circus,titania,1211,1185,5,1,5,9.652125,1.12592,5.22196,3,2,0,5,2.548091,0.537347,5.655114,0.05885,4.286036,2.4487,0.155557
709,953,Laser-Circus,ZeratulsRevengeTest,1211,1702,1,0,0,5.652125,0.12592,0.22196,0,1,0,1,1.20896,0.055913,0.276274,0.05885,5.664876,2.15925,0.200824
709,959,Laser-Circus,ur_moms_a_ho,1211,1600,0,0,0,4.652125,0.12592,0.22196,0,0,0,0,,0.09628,0.475732,0.05885,4.465418,2.349308,0.219992
709,960,Laser-Circus,BigDaddy,1211,1637,0,0,0,4.652125,0.12592,0.22196,0,0,0,0,,0.079274,0.391704,0.05885,4.549446,2.349308,0.219992
709,961,Laser-Circus,AvocaDOS,1211,1751,1,0,0,5.652125,0.12592,0.22196,0,1,0,1,2.135349,0.042758,0.211276,0.05885,5.729874,2.313648,0.200824
709,962,Laser-Circus,AvocaDEV,1211,1700,0,0,1,4.652125,0.12592,1.22196,0,0,0,0,,0.056524,0.279292,0.05885,4.661858,2.349308,0.219992
709,966,Laser-Circus,ArgoBot,1211,1909,1,0,0,5.652125,0.12592,0.22196,0,1,0,1,2.352327,0.017671,0.087314,0.05885,5.853836,2.349811,0.200824
709,970,Laser-Circus,TheLAW,1211,1576,3,0,0,7.652125,0.12592,0.22196,0,3,0,3,2.077554,0.108989,0.538531,0.05885,7.402619,2.2474,0.173919
709,971,Laser-Circus,Nothing,1211,1570,1,0,0,5.652125,0.12592,0.22196,0,1,0,1,2.059239,0.112389,0.55533,0.05885,5.38582,2.300963,0.200824
709,977,Laser-Circus,Siriusly,1211,1392,8,0,2,12.652125,0.12592,2.22196,3,5,0,8,2.545557,0.26078,4.288552,0.05885,8.652598,2.470076,0.136433
709,981,Laser-Circus,KoB,1211,1499,1,0,0,5.652125,0.12592,0.22196,0,1,0,1,1.617406,0.160049,0.790828,0.05885,5.150322,2.227324,0.200824
709,998,Laser-Circus,LordSuperKing,1211,1656,0,0,0,4.652125,0.12592,0.22196,0,0,0,0,,0.071649,0.35403,0.05885,4.58712,2.349308,0.219992
709,1007,Laser-Circus,SharkGull,1211,1605,0,0,0,4.652125,0.12592,0.22196,0,0,0,0,,0.093804,0.4635,0.05885,4.47765,2.349308,0.219992
709,1008,Laser-Circus,Creepy_canon,1211,1587,0,0,0,4.652125,0.12592,0.22196,0,0,0,0,,0.10299,0.508891,0.05885,4.432259,2.349308,0.219992
709,1023,Laser-Circus,MY_SCRIPTING_SON,1211,1275,7,0,4,11.652125,0.12592,4.22196,0,7,0,7,2.141384,0.408924,2.020557,0.05885,9.920593,2.228019,0.142004
709,1026,Laser-Circus,WildLupo,1211,1199,6,1,2,10.652125,1.12592,2.22196,2,4,0,6,3.01543,0.517263,4.555872,0.05885,6.385278,2.712647,0.148318
709,1029,Laser-Circus,Chomppet,1211,1600,0,0,0,4.652125,0.12592,0.22196,0,0,0,0,,0.09628,0.475732,0.05885,4.465418,2.349308,0.219992
709,1030,Laser-Circus,who,1211,1924,0,0,0,4.652125,0.12592,0.22196,0,0,0,0,,0.016233,0.080208,0.05885,4.860942,2.349308,0.219992
709,1032,Laser-Circus,WaterLeak,1211,1607,0,0,0,4.652125,0.12592,0.22196,0,0,0,0,,0.09283,0.458687,0.05885,4.482463,2.349308,0.219992
709,1038,Laser-Circus,PolyMorph,1211,1463,8,0,2,12.652125,0.12592,2.22196,0,8,0,8,2.792712,0.189905,0.938348,0.05885,12.002802,2.622172,0.136433
709,1042,Laser-Circus,Creepy_duo_canon,1211,1386,6,0,0,10.652125,0.12592,0.22196,0,6,0,6,1.617227,0.267493,1.321722,0.05885,9.619428,1.949991,0.148318
709,1044,Laser-Circus,DoopyBot,1211,1418,4,0,1,8.652125,0.12592,1.22196,0,4,0,4,2.124153,0.232975,1.151165,0.05885,7.789985,2.249239,0.163972
709,1045,Laser-Circus,tito,1211,1801,0,0,0,4.652125,0.12592,0.22196,0,0,0,0,,0.032411,0.160147,0.05885,4.781003,2.349308,0.219992
709,1049,Laser-Circus,TheCatSC2Bot,1211,970,9,2,0,13.652125,2.12592,0.22196,9,0,0,9,2.568354,0.800162,12.953721,0.05885,0.987429,2.490124,0.13147
709,1050,Laser-Circus,onlyfans,1211,1517,0,1,4,4.652125,1.12592,4.22196,0,0,0,0,,0.146605,0.724399,0.05885,4.216751,2.349308,0.219992
709,1052,Laser-Circus,Starlight,1211,1204,3,1,3,7.652125,1.12592,3.22196,0,3,0,3,2.553257,0.510072,2.520344,0.05885,5.420806,2.425789,0.173919
709,1054,Laser-Circus,JimmyBotZ,1211,1724,0,0,1,4.652125,0.12592,1.22196,0,0,0,0,,0.049592,0.245041,0.05885,4.696109,2.349308,0.219992
709,1056,Laser-Circus,bilisaur,1211,1600,0,0,0,4.652125,0.12592,0.22196,0,0,0,0,,0.09628,0.475732,0.05885,4.465418,2.349308,0.219992
709,1057,Laser-Circus,DoopyBot-Test,1211,1238,3,1,2,7.652125,1.12592,2.22196,0,3,0,3,2.34646,0.461222,2.278967,0.05885,5.662183,2.34824,0.173919
709,1058,Laser-Circus,JimmyBotP,1211,1711,3,0,3,7.652125,0.12592,3.22196,0,3,0,3,2.66676,0.05324,0.263068,0.05885,7.678082,2.468352,0.173919
709,1059,Laser-Circus,NextProBot,1211,1600,0,0,0,4.652125,0.12592,0.22196,0,0,0,0,,0.09628,0.475732,0.05885,4.465418,2.349308,0.219992
709,1060,Laser-Circus,WildFire,1211,1709,0,0,1,4.652125,0.12592,1.22196,0,0,0,0,,0.053824,0.26595,0.05885,4.6752,2.349308,0.219992
709,1065,Laser-Circus,MindMatrix,1211,1514,0,0,0,4.652125,0.12592,0.22196,0,0,0,0,,0.148779,0.73514,0.05885,4.20601,2.349308,0.219992
709,1066,Laser-Circus,CompetitiveBotTest,1211,1482,0,0,0,4.652125,0.12592,0.22196,0,0,0,0,,0.173646,0.858013,0.05885,4.083137,2.349308,0.219992
709,1067,Laser-Circus,Hello_world,1211,1600,0,0,0,4.652125,0.12592,0.22196,0,0,0,0,,0.09628,0.475732,0.05885,4.465418,2.349308,0.219992
709,1078,Laser-Circus,LoremIpsum,1211,1242,0,0,0,4.652125,0.12592,0.22196,0,0,0,0,,0.455505,2.250721,0.05885,2.690429,2.349308,0.219992
709,1079,Laser-Circus,JimmyBotT,1211,1675,0,0,0,4.652125,0.12592,0.22196,0,0,0,0,,0.064707,0.319725,0.05885,4.621425,2.349308,0.219992
709,1080,Laser-Circus,JimmyBot,1211,1675,0,0,0,4.652125,0.12592,0.22196,0,0,0,0,,0.064707,0.319725,0.05885,4.621425,2.349308,0.219992
709,1081,Laser-Circus,ArtZerg,1211,1537,0,0,0,4.652125,0.12592,0.22196,0,0,0,0,,0.132779,0.656081,0.05885,4.285069,2.349308,0.219992
709,1082,Laser-Circus,Dasyatis,1211,1573,0,0,0,4.652125,0.12592,0.22196,0,0,0,0,,0.110677,0.546874,0.05885,4.394276,2.349308,0.219992
709,1084,Laser-Circus,ZippyZap,1211,1457,0,0,0,4.652125,0.12592,0.22196,0,0,0,0,,0.195275,0.964885,0.05885,3.976265,2.349308,0.219992
709,1085,Laser-Circus,AgoraLord,1211,1430,0,0,0,4.652125,0.12592,0.22196,0,0,0,0,,0.220859,1.091299,0.05885,3.849851,2.349308,0.219992
709,1086,Laser-Circus,CherBoiBlue,1211,1500,0,0,0,4.652125,0.12592,0.22196,0,0,0,0,,0.159277,0.787011,0.05885,4.154139,2.349308,0.219992
709,1087,Laser-Circus,SwarmLord2,1211,1533,0,0,0,4.652125,0.12592,0.22196,0,0,0,0,,0.135453,0.669294,0.05885,4.271856,2.349308,0.219992
709,1088,Laser-Circus,SwarmLord3,1211,1562,0,0,0,4.652125,0.12592,0.22196,0,0,0,0,,0.117065,0.578438,0.05885,4.362712,2.349308,0.219992
709,1089,Laser-Circus,WorkingAsIntended,1211,1596,0,0,0,4.652125,0.12592,0.22196,0,0,0,0,,0.098302,0.485724,0.05885,4.455426,2.349308,0.219992
718,720,Mulebot,PiG_Bot,1689,1627,21,0,0,25.652125,0.12592,0.22196,16,5,0,21,2.261072,0.58829,18.906829,0.05885,7.034321,2.27804,0.096473
718,721,Mulebot,49Terrapins,1689,1430,6,0,1,10.652125,0.12592,1.22196,2,4,0,6,2.49932,0.816217,6.03305,0.05885,4.9081,2.431132,0.148318
718,729,Mulebot,Alexa,1689,1367,0,0,0,4.652125,0.12592,0.22196,0,0,0,0,,0.864547,4.271856,0.05885,0.669294,2.349308,0.219992
718,730,Mulebot,Deimos,1689,2155,16,0,0,20.652125,0.12592,0.22196,0,16,0,16,2.333141,0.064013,0.316299,0.05885,20.624851,2.33699,0.107345
718,732,Mulebot,GPT,1689,1830,19,0,0,23.652125,0.12592,0.22196,10,9,0,19,2.345882,0.307537,11.519585,0.05885,12.421565,2.346596,0.100412
718,759,Mulebot,BotTato,1689,1710,27,0,0,31.652125,0.12592,0.22196,4,23,0,27,2.565225,0.469815,6.321428,0.05885,25.619722,2.531488,0.086959
718,779,Mulebot,oberon,1689,1472,0,0,0,4.652125,0.12592,0.22196,0,0,0,0,,0.777153,3.84003,0.05885,1.10112,2.349308,0.219992
718,797,Mulebot,WickedBot,1689,1707,21,0,2,25.652125,0.12592,2.22196,9,12,0,21,2.525246,0.474119,11.342693,0.05885,14.598457,2.491412,0.096473
718,809,Mulebot,PrimordialOrigin,1689,1258,0,0,0,4.652125,0.12592,0.22196,0,0,0,0,,0.922802,4.559701,0.05885,0.381449,2.349308,0.219992
718,813,Mulebot,MewCombatMicro,1689,1511,0,0,0,4.652125,0.12592,0.22196,0,0,0,0,,0.735877,3.636081,0.05885,1.305069,2.349308,0.219992
718,827,Mulebot,smokinggunbot,1689,1579,42,0,0,46.652125,0.12592,0.22196,37,4,1,42,2.402792,0.653217,40.227644,1.05885,5.713506,2.397102,0.071753
718,832,Mulebot,muravev,1689,1632,35,1,0,39.652125,1.12592,0.22196,18,17,0,35,2.73119,0.581301,20.872298,0.05885,19.068852,2.683455,0.077779
718,836,Mulebot,muravevTerran,1689,1477,2,0,0,6.652125,0.12592,0.22196,2,0,0,2,2.022299,0.772129,5.815204,0.05885,1.125946,2.255877,0.185927
718,858,Mulebot,Crawler,1689,1562,29,1,0,33.652125,1.12592,0.22196,26,3,0,29,2.396687,0.67504,29.335475,0.05885,4.605675,2.38972,0.084363
718,876,Mulebot,GenesisLotus,1689,1411,2,0,0,6.652125,0.12592,0.22196,2,0,0,2,2.730235,0.83206,6.111332,0.05885,0.829818,2.458144,0.185927
718,901,Mulebot,clone,1689,1667,35,0,0,39.652125,0.12592,0.22196,18,17,0,35,2.331267,0.531618,20.626806,0.05885,19.314344,2.333522,0.077779
718,930,Mulebot,SiriusBot,1689,1519,22,0,0,26.652125,0.12592,0.22196,16,6,0,22,2.248609,0.72683,19.591376,0.05885,7.349774,2.267257,0.094669
718,939,Mulebot,RustyNikolaj,1689,1539,12,0,0,16.652125,0.12592,0.22196,9,3,0,12,3.054138,0.703385,12.475531,0.05885,4.465619,2.846835,0.119307
718,940,Mulebot,Princess-Mika-Test,1689,1524,14,0,0,18.652125,0.12592,0.22196,10,4,0,14,2.288787,0.721078,13.562956,0.05885,5.378194,2.304713,0.112853
718,943,Mulebot,puck,1689,1529,10,0,0,14.652125,0.12592,0.22196,9,1,0,10,2.516937,0.715253,12.534171,0.05885,2.406979,2.46106,0.127012
718,948,Mulebot,titania,1689,1185,1,0,0,5.652125,0.12592,0.22196,1,0,0,1,2.706716,0.947909,5.683758,0.05885,0.257392,2.408876,0.200824
718,953,Mulebot,ZeratulsRevengeTest,1689,1702,8,0,0,12.652125,0.12592,0.22196,4,4,0,8,2.304772,0.4813,6.378177,0.05885,6.562973,2.321901,0.136433
718,959,Mulebot,ur_moms_a_ho,1689,1600,0,0,0,4.652125,0.12592,0.22196,0,0,0,0,,0.625351,3.089955,0.05885,1.851195,2.349308,0.219992
718,960,Mulebot,BigDaddy,1689,1637,46,0,0,50.652125,0.12592,0.22196,23,22,1,46,1.995905,0.57428,25.837605,1.05885,24.103545,2.030552,0.068882
718,961,Mulebot,AvocaDOS,1689,1751,22,0,0,26.652125,0.12592,0.22196,11,11,0,22,2.492244,0.41171,13.034321,0.05885,13.906829,2.465774,0.094669
718,962,Mulebot,AvocaDEV,1689,1700,5,0,1,9.652125,0.12592,1.22196,4,1,0,5,2.282644,0.484175,6.392381,0.05885,3.548769,2.315976,0.155557
718,966,Mulebot,ArgoBot,1689,1909,15,0,0,19.652125,0.12592,0.22196,3,12,0,15,2.697209,0.21987,4.086413,0.05885,15.854737,2.610234,0.109996
718,970,Mulebot,TheLAW,1689,1576,42,0,2,46.652125,0.12592,2.22196,23,19,0,42,2.287221,0.657119,26.246922,0.05885,20.694228,2.293826,0.071753
718,971,Mulebot,Nothing,1689,1570,43,0,0,47.652125,0.12592,0.22196,21,22,0,43,2.361374,0.664858,24.285163,0.05885,23.655987,2.360117,0.071002
718,977,Mulebot,Siriusly,1689,1392,2,0,0,6.652125,0.12592,0.22196,2,0,0,2,2.171116,0.846793,6.184133,0.05885,0.757017,2.298396,0.185927
718,981,Mulebot,KoB,1689,1499,20,0,0,24.652125,0.12592,0.22196,16,3,1,20,2.297571,0.749083,19.701332,1.05885,4.239818,2.307918,0.098383
718,998,Mulebot,LordSuperKing,1689,1656,21,0,0,25.652125,0.12592,0.22196,5,16,0,21,2.653458,0.547349,7.704531,0.05885,18.236619,2.594968,0.096473
718,1007,Mulebot,SharkGull,1689,1605,15,0,0,19.652125,0.12592,0.22196,8,7,0,15,2.294392,0.618584,11.056517,0.05885,8.884633,2.308121,0.109996
718,1008,Mulebot,Creepy_canon,1689,1587,0,0,0,4.652125,0.12592,0.22196,0,0,0,0,,0.642713,3.175742,0.05885,1.765408,2.349308,0.219992
718,1023,Mulebot,MY_SCRIPTING_SON,1689,1275,1,0,1,5.652125,0.12592,1.22196,1,0,0,1,2.851862,0.915535,5.523797,0.05885,0.417353,2.433067,0.200824
718,1026,Mulebot,WildLupo,1689,1199,0,0,0,4.652125,0.12592,0.22196,0,0,0,0,,0.943782,4.663371,0.05885,0.277779,2.349308,0.219992
718,1029,Mulebot,Chomppet,1689,1600,0,0,0,4.652125,0.12592,0.22196,0,0,0,0,,0.625351,3.089955,0.05885,1.851195,2.349308,0.219992
718,1030,Mulebot,who,1689,1924,16,0,0,20.652125,0.12592,0.22196,0,15,1,16,2.096083,0.205418,1.015002,1.05885,18.926148,2.156375,0.107345
718,1032,Mulebot,WaterLeak,1689,1607,31,0,0,35.652125,0.12592,0.22196,22,8,1,31,2.599056,0.615864,25.043077,1.05885,9.898073,2.564369,0.081986
718,1038,Mulebot,PolyMorph,1689,1463,5,0,0,9.652125,0.12592,0.22196,5,0,0,5,2.296207,0.785997,8.883727,0.05885,1.057423,2.322757,0.155557
718,1042,Mulebot,Creepy_duo_canon,1689,1386,1,0,0,5.652125,0.12592,0.22196,1,0,0,1,2.585506,0.851221,5.20601,0.05885,0.73514,2.388674,0.200824
718,1044,Mulebot,DoopyBot,1689,1418,12,0,0,16.652125,0.12592,0.22196,11,1,0,12,2.431341,0.826354,15.083137,0.05885,1.858013,2.407214,0.119307
718,1045,Mulebot,tito,1689,1801,20,0,0,24.652125,0.12592,0.22196,4,16,0,20,2.30977,0.344179,5.700643,0.05885,19.240507,2.317677,0.098383
718,1049,Mulebot,TheCatSC2Bot,1689,970,0,0,0,4.652125,0.12592,0.22196,0,0,0,0,,0.98431,4.863622,0.05885,0.077528,2.349308,0.219992
718,1050,Mulebot,onlyfans,1689,1517,17,0,0,21.652125,0.12592,0.22196,12,5,0,17,2.614629,0.72911,15.602642,0.05885,6.338508,2.554329,0.104877
718,1052,Mulebot,Starlight,1689,1204,1,0,0,5.652125,0.12592,0.22196,1,0,0,1,1.93297,0.942236,5.655728,0.05885,0.285422,2.279918,0.200824
718,1054,Mulebot,JimmyBotZ,1689,1724,31,0,0,35.652125,0.12592,0.22196,19,11,1,31,2.30818,0.449801,21.222532,1.05885,13.718618,2.313892,0.081986
718,1056,Mulebot,bilisaur,1689,1600,0,0,0,4.652125,0.12592,0.22196,0,0,0,0,,0.625351,3.089955,0.05885,1.851195,2.349308,0.219992
718,1057,Mulebot,DoopyBot-Test,1689,1238,4,0,0,8.652125,0.12592,0.22196,4,0,0,4,2.484684,0.930614,8.598305,0.05885,0.342845,2.409475,0.163972
718,1058,Mulebot,JimmyBotP,1689,1711,15,0,0,19.652125,0.12592,0.22196,7,8,0,15,2.482332,0.468382,9.314344,0.05885,10.626806,2.449076,0.109996
718,1059,Mulebot,NextProBot,1689,1600,0,0,0,4.652125,0.12592,0.22196,0,0,0,0,,0.625351,3.089955,0.05885,1.851195,2.349308,0.219992
718,1060,Mulebot,WildFire,1689,1709,18,2,0,22.652125,2.12592,0.22196,14,4,0,18,2.833545,0.471249,16.328514,0.05885,6.612636,2.728276,0.102572
718,1065,Mulebot,MindMatrix,1689,1514,6,0,0,10.652125,0.12592,0.22196,4,2,0,6,2.389994,0.732507,7.619428,0.05885,3.321722,2.3715,0.148318
718,1066,Mulebot,CompetitiveBotTest,1689,1482,0,0,0,4.652125,0.12592,0.22196,0,0,0,0,,0.767025,3.789985,0.05885,1.151165,2.349308,0.219992
718,1067,Mulebot,Hello_world,1689,1600,0,0,0,4.652125,0.12592,0.22196,0,0,0,0,,0.625351,3.089955,0.05885,1.851195,2.349308,0.219992
718,1078,Mulebot,LoremIpsum,1689,1242,0,0,0,4.652125,0.12592,0.22196,0,0,0,0,,0.929113,4.590885,0.05885,0.350265,2.349308,0.219992
718,1079,Mulebot,JimmyBotT,1689,1675,16,0,0,20.652125,0.12592,0.22196,13,3,0,16,2.32818,0.520137,15.570074,0.05885,5.371076,2.333211,0.107345
718,1080,Mulebot,JimmyBot,1689,1675,15,0,1,19.652125,0.12592,1.22196,8,7,0,15,2.217714,0.520137,10.570074,0.05885,9.371076,2.250613,0.109996
718,1081,Mulebot,ArtZerg,1689,1537,16,0,0,20.652125,0.12592,0.22196,10,6,0,16,2.116265,0.705781,13.487372,0.05885,7.453778,2.171751,0.107345
718,1082,Mulebot,Dasyatis,1689,1573,5,0,0,9.652125,0.12592,0.22196,5,0,0,5,2.369593,0.660999,8.266096,0.05885,1.675054,2.35945,0.155557
718,1084,Mulebot,ZippyZap,1689,1457,0,0,0,4.652125,0.12592,0.22196,0,0,0,0,,0.791749,3.91215,0.05885,1.029,2.349308,0.219992
718,1085,Mulebot,AgoraLord,1689,1430,0,0,0,4.652125,0.12592,0.22196,0,0,0,0,,0.816217,4.03305,0.05885,0.9081,2.349308,0.219992
718,1086,Mulebot,CherBoiBlue,1689,1500,0,0,0,4.652125,0.12592,0.22196,0,0,0,0,,0.748,3.695978,0.05885,1.245172,2.349308,0.219992
718,1087,Mulebot,SwarmLord2,1689,1533,0,0,0,4.652125,0.12592,0.22196,0,0,0,0,,0.71054,3.510885,0.05885,1.430265,2.349308,0.219992
718,1088,Mulebot,SwarmLord3,1689,1562,0,0,0,4.652125,0.12592,0.22196,0,0,0,0,,0.67504,3.335475,0.05885,1.605675,2.349308,0.219992
718,1089,Mulebot,WorkingAsIntended,1689,1596,0,0,0,4.652125,0.12592,0.22196,0,0,0,0,,0.63073,3.116533,0.05885,1.824617,2.349308,0.219992
720,721,PiG_Bot,49Terrapins,1627,1430,2,0,0,6.652125,0.12592,0.22196,2,0,0,2,3.523364,0.756581,5.738378,0.05885,1.202772,2.684753,0.185927
720,729,PiG_Bot,Alexa,1627,1367,1,0,0,5.652125,0.12592,0.22196,0,1,0,1,2.654649,0.817079,4.037309,0.05885,1.903841,2.400198,0.200824
720,730,PiG_Bot,Deimos,1627,2155,0,0,0,4.652125,0.12592,0.22196,0,0,0,0,,0.045677,0.225696,0.05885,4.715454,2.349308,0.219992
720,732,PiG_Bot,GPT,1627,1830,0,0,0,4.652125,0.12592,0.22196,0,0,0,0,,0.237115,1.171621,0.05885,3.769529,2.349308,0.219992
720,759,PiG_Bot,BotTato,1627,1710,7,0,0,11.652125,0.12592,0.22196,4,3,0,7,2.651821,0.382775,5.891349,0.05885,6.049801,2.525774,0.142004
720,779,PiG_Bot,oberon,1627,1472,1,0,0,5.652125,0.12592,0.22196,1,0,0,1,2.441477,0.709355,4.505028,0.05885,1.436122,2.36467,0.200824
720,797,PiG_Bot,WickedBot,1627,1707,6,0,0,10.652125,0.12592,0.22196,1,5,0,6,2.527203,0.386863,2.911549,0.05885,8.029601,2.446341,0.148318
720,809,PiG_Bot,PrimordialOrigin,1627,1258,1,0,0,5.652125,0.12592,0.22196,1,0,0,1,2.316488,0.893227,5.413568,0.05885,0.527582,2.343838,0.200824
720,813,PiG_Bot,MewCombatMicro,1627,1511,0,0,0,4.652125,0.12592,0.22196,0,0,0,0,,0.660999,3.266096,0.05885,1.675054,2.349308,0.219992
720,827,PiG_Bot,smokinggunbot,1627,1579,24,0,0,28.652125,0.12592,0.22196,14,10,0,24,2.235945,0.568641,16.809742,0.05885,12.131408,2.25549,0.091347
720,832,PiG_Bot,muravev,1627,1632,25,0,0,29.652125,0.12592,0.22196,22,3,0,25,2.709837,0.492805,24.435023,0.05885,5.506127,2.649749,0.089811
720,836,PiG_Bot,muravevTerran,1627,1477,2,0,0,6.652125,0.12592,0.22196,2,0,0,2,2.440081,0.703385,5.475531,0.05885,1.465619,2.375243,0.185927
720,858,PiG_Bot,Crawler,1627,1562,20,0,0,24.652125,0.12592,0.22196,19,1,0,20,2.240657,0.592466,21.927465,0.05885,3.013685,2.262387,0.098383
720,876,PiG_Bot,GenesisLotus,1627,1411,1,1,0,5.652125,1.12592,0.22196,0,1,0,1,2.36368,0.776155,3.835096,0.05885,2.106054,2.351703,0.200824
720,901,PiG_Bot,clone,1627,1667,24,0,0,28.652125,0.12592,0.22196,18,6,0,24,2.350377,0.442688,20.18739,0.05885,8.75376,2.350193,0.091347
720,930,PiG_Bot,SiriusBot,1627,1519,11,0,0,15.652125,0.12592,0.22196,10,1,0,11,2.141861,0.650605,13.214735,0.05885,2.726415,2.206688,0.122979
720,939,PiG_Bot,RustyNikolaj,1627,1539,8,0,0,12.652125,0.12592,0.22196,8,0,0,8,2.380792,0.624002,11.083286,0.05885,1.857864,2.368683,0.136433
720,940,PiG_Bot,Princess-Mika-Test,1627,1524,8,0,0,12.652125,0.12592,0.22196,8,0,0,8,2.263446,0.644034,11.182268,0.05885,1.758882,2.29647,0.136433
720,943,PiG_Bot,puck,1627,1529,7,0,0,11.652125,0.12592,0.22196,7,0,0,7,2.62874,0.637408,10.14953,0.05885,1.79162,2.51231,0.142004
720,948,PiG_Bot,titania,1627,1185,1,0,0,5.652125,0.12592,0.22196,1,0,0,1,1.832581,0.927193,5.581402,0.05885,0.359748,2.263187,0.200824
720,953,PiG_Bot,ZeratulsRevengeTest,1627,1702,6,0,0,10.652125,0.12592,0.22196,0,6,0,6,1.818601,0.393712,1.945391,0.05885,8.995759,2.059831,0.148318
720,959,PiG_Bot,ur_moms_a_ho,1627,1600,0,0,0,4.652125,0.12592,0.22196,0,0,0,0,,0.538778,2.662183,0.05885,2.278967,2.349308,0.219992
720,960,PiG_Bot,BigDaddy,1627,1637,23,0,1,27.652125,0.12592,1.22196,13,10,0,23,1.997418,0.485613,15.399486,0.05885,12.541664,2.060255,0.092963
720,961,PiG_Bot,AvocaDOS,1627,1751,3,0,0,7.652125,0.12592,0.22196,2,1,0,3,2.423581,0.328759,3.62445,0.05885,4.3167,2.37716,0.173919
720,962,PiG_Bot,AvocaDEV,1627,1700,4,0,0,8.652125,0.12592,0.22196,1,3,0,4,2.28346,0.396464,2.958987,0.05885,5.982163,2.320042,0.163972
720,966,PiG_Bot,ArgoBot,1627,1909,0,0,0,4.652125,0.12592,0.22196,0,0,0,0,,0.164747,0.81404,0.05885,4.12711,2.349308,0.219992
720,970,PiG_Bot,TheLAW,1627,1576,19,0,5,23.652125,0.12592,5.22196,6,13,0,19,2.210461,0.572872,8.830648,0.05885,15.110502,2.239387,0.100412
720,971,PiG_Bot,Nothing,1627,1570,25,0,0,29.652125,0.12592,0.22196,7,18,0,25,2.208955,0.581301,9.872298,0.05885,20.068852,2.232347,0.089811
720,977,PiG_Bot,Siriusly,1627,1392,1,0,0,5.652125,0.12592,0.22196,0,1,0,1,2.492379,0.794582,3.926148,0.05885,2.015002,2.373153,0.200824
720,981,PiG_Bot,KoB,1627,1499,1,0,0,5.652125,0.12592,0.22196,1,0,0,1,1.8453,0.676302,4.341708,0.05885,1.599442,2.265307,0.200824
720,998,PiG_Bot,LordSuperKing,1627,1656,15,0,0,19.652125,0.12592,0.22196,2,13,0,15,2.683026,0.458362,4.264837,0.05885,15.676313,2.599597,0.109996
720,1007,PiG_Bot,SharkGull,1627,1605,18,1,0,22.652125,1.12592,0.22196,10,8,0,18,2.292935,0.531618,12.626806,0.05885,10.314344,2.30519,0.102572
720,1008,PiG_Bot,Creepy_canon,1627,1587,0,0,0,4.652125,0.12592,0.22196,0,0,0,0,,0.557312,2.75376,0.05885,2.18739,2.349308,0.219992
720,1023,PiG_Bot,MY_SCRIPTING_SON,1627,1275,0,0,0,4.652125,0.12592,0.22196,0,0,0,0,,0.883528,4.365646,0.05885,0.575504,2.349308,0.219992
720,1026,PiG_Bot,WildLupo,1627,1199,1,0,0,5.652125,0.12592,0.22196,1,0,0,1,2.40243,0.921562,5.553578,0.05885,0.387572,2.358162,0.200824
720,1029,PiG_Bot,Chomppet,1627,1600,0,0,0,4.652125,0.12592,0.22196,0,0,0,0,,0.538778,2.662183,0.05885,2.278967,2.349308,0.219992
720,1030,PiG_Bot,who,1627,1924,0,0,0,4.652125,0.12592,0.22196,0,0,0,0,,0.153207,0.757017,0.05885,4.184133,2.349308,0.219992
720,1032,PiG_Bot,WaterLeak,1627,1607,17,0,0,21.652125,0.12592,0.22196,4,13,0,17,1.966026,0.528751,6.612636,0.05885,15.328514,2.053135,0.104877
720,1038,PiG_Bot,PolyMorph,1627,1463,2,0,0,6.652125,0.12592,0.22196,2,0,0,2,2.138878,0.719919,5.557228,0.05885,1.383922,2.289185,0.185927
720,1042,PiG_Bot,Creepy_duo_canon,1627,1386,1,0,0,5.652125,0.12592,0.22196,0,1,0,1,2.733068,0.800162,3.953721,0.05885,1.987429,2.413268,0.200824
720,1044,PiG_Bot,DoopyBot,1627,1418,5,0,0,9.652125,0.12592,0.22196,5,0,0,5,2.012071,0.769076,8.800119,0.05885,1.141031,2.18069,0.155557
720,1045,PiG_Bot,tito,1627,1801,2,0,0,6.652125,0.12592,0.22196,1,1,0,2,2.936119,0.268622,2.327302,0.05885,4.613848,2.516968,0.185927
720,1049,PiG_Bot,TheCatSC2Bot,1627,970,1,0,0,5.652125,0.12592,0.22196,1,0,0,1,2.239645,0.97773,5.831111,0.05885,0.110039,2.331031,0.200824
720,1050,PiG_Bot,onlyfans,1627,1517,13,0,0,17.652125,0.12592,0.22196,6,7,0,13,2.524792,0.653217,9.227644,0.05885,8.713506,2.476046,0.115946
720,1052,PiG_Bot,Starlight,1627,1204,1,0,0,5.652125,0.12592,0.22196,1,0,0,1,2.712706,0.919456,5.543172,0.05885,0.397978,2.409874,0.200824
720,1054,PiG_Bot,JimmyBotZ,1627,1724,21,0,1,25.652125,0.12592,1.22196,5,16,0,21,1.93145,0.363923,6.798199,0.05885,19.142951,2.011807,0.096473
720,1056,PiG_Bot,bilisaur,1627,1600,0,0,0,4.652125,0.12592,0.22196,0,0,0,0,,0.538778,2.662183,0.05885,2.278967,2.349308,0.219992
720,1057,PiG_Bot,DoopyBot-Test,1627,1238,2,0,0,6.652125,0.12592,0.22196,2,0,0,2,2.288515,0.90372,6.465418,0.05885,0.475732,2.331939,0.185927
720,1058,PiG_Bot,JimmyBotP,1627,1711,16,0,1,20.652125,0.12592,1.22196,2,14,0,16,2.27049,0.381416,3.884633,0.05885,17.056517,2.289256,0.107345
720,1059,PiG_Bot,NextProBot,1627,1600,0,0,0,4.652125,0.12592,0.22196,0,0,0,0,,0.538778,2.662183,0.05885,2.278967,2.349308,0.219992
720,1060,PiG_Bot,WildFire,1627,1709,8,0,0,12.652125,0.12592,0.22196,3,5,0,8,2.368573,0.384136,4.898073,0.05885,8.043077,2.361163,0.136433
720,1065,PiG_Bot,MindMatrix,1627,1514,6,0,0,10.652125,0.12592,0.22196,5,1,0,6,2.203326,0.657119,8.246922,0.05885,2.694228,2.269681,0.148318
720,1066,PiG_Bot,CompetitiveBotTest,1627,1482,0,0,0,4.652125,0.12592,0.22196,0,0,0,0,,0.697345,3.445687,0.05885,1.495463,2.349308,0.219992
720,1067,PiG_Bot,Hello_world,1627,1600,0,0,0,4.652125,0.12592,0.22196,0,0,0,0,,0.538778,2.662183,0.05885,2.278967,2.349308,0.219992
720,1078,PiG_Bot,LoremIpsum,1627,1242,0,0,0,4.652125,0.12592,0.22196,0,0,0,0,,0.901698,4.455426,0.05885,0.485724,2.349308,0.219992
720,1079,PiG_Bot,JimmyBotT,1627,1675,20,0,0,24.652125,0.12592,0.22196,6,14,0,20,2.280092,0.431359,8.131408,0.05885,16.809742,2.293935,0.098383
720,1080,PiG_Bot,JimmyBot,1627,1675,20,0,0,24.652125,0.12592,0.22196,4,16,0,20,2.131006,0.431359,6.131408,0.05885,18.809742,2.174666,0.098383
720,1081,PiG_Bot,ArtZerg,1627,1537,19,0,0,23.652125,0.12592,0.22196,18,1,0,19,2.141739,0.626699,21.096614,0.05885,2.844536,2.184983,0.100412
720,1082,PiG_Bot,Dasyatis,1627,1573,8,0,0,12.652125,0.12592,0.22196,2,6,0,8,2.209391,0.577092,4.8515,0.05885,8.08965,2.263205,0.136433
720,1084,PiG_Bot,ZippyZap,1627,1457,0,0,0,4.652125,0.12592,0.22196,0,0,0,0,,0.72683,3.591376,0.05885,1.349774,2.349308,0.219992
720,1085,PiG_Bot,AgoraLord,1627,1430,1,0,0,5.652125,0.12592,0.22196,1,0,0,1,2.043814,0.756581,4.738378,0.05885,1.202772,2.298392,0.200824
720,1086,PiG_Bot,CherBoiBlue,1627,1500,0,0,0,4.652125,0.12592,0.22196,0,0,0,0,,0.67504,3.335475,0.05885,1.605675,2.349308,0.219992
720,1087,PiG_Bot,SwarmLord2,1627,1533,0,0,0,4.652125,0.12592,0.22196,0,0,0,0,,0.63207,3.123153,0.05885,1.817997,2.349308,0.219992
720,1088,PiG_Bot,SwarmLord3,1627,1562,0,0,0,4.652125,0.12592,0.22196,0,0,0,0,,0.592466,2.927465,0.05885,2.013685,2.349308,0.219992
720,1089,PiG_Bot,WorkingAsIntended,1627,1596,1,0,0,5.652125,0.12592,0.22196,1,0,0,1,2.520917,0.544495,3.690429,0.05885,2.250721,2.37791,0.200824
721,729,49Terrapins,Alexa,1430,1367,30,0,2,34.652125,0.12592,2.22196,19,11,0,30,2.582518,0.589684,21.913715,0.05885,13.027435,2.549202,0.083149
721,730,49Terrapins,Deimos,1430,2155,0,0,0,4.652125,0.12592,0.22196,0,0,0,0,,0.015166,0.074936,0.05885,4.866214,2.349308,0.219992
721,732,49Terrapins,GPT,1430,1830,0,0,0,4.652125,0.12592,0.22196,0,0,0,0,,0.090909,0.449195,0.05885,4.491955,2.349308,0.219992
721,759,49Terrapins,BotTato,1430,1710,4,0,0,8.652125,0.12592,0.22196,0,4,0,4,2.518079,0.166338,0.821899,0.05885,8.119251,2.424317,0.163972
721,779,49Terrapins,oberon,1430,1472,33,1,0,37.652125,1.12592,0.22196,11,20,2,33,2.447374,0.43985,13.173364,2.05885,22.767786,2.43447,0.079799
721,797,49Terrapins,WickedBot,1430,1707,4,0,0,8.652125,0.12592,0.22196,0,4,0,4,2.291478,0.168746,0.8338,0.05885,8.10735,2.323606,0.163972
721,809,49Terrapins,PrimordialOrigin,1430,1258,33,0,2,37.652125,0.12592,2.22196,17,16,0,33,2.624188,0.72911,20.602642,0.05885,17.338508,2.58802,0.079799
721,813,49Terrapins,MewCombatMicro,1430,1511,1,0,0,5.652125,0.12592,0.22196,1,0,0,1,3.416086,0.385499,2.904807,0.05885,3.036343,2.527104,0.200824
721,827,49Terrapins,smokinggunbot,1430,1579,9,0,0,13.652125,0.12592,0.22196,6,3,0,9,2.859057,0.297817,7.47156,0.05885,6.46959,2.677004,0.13147
721,832,49Terrapins,muravev,1430,1632,10,0,0,14.652125,0.12592,0.22196,7,3,0,10,2.83925,0.238158,8.176774,0.05885,6.764376,2.675936,0.127012
721,836,49Terrapins,muravevTerran,1430,1477,9,0,0,13.652125,0.12592,0.22196,8,1,0,9,2.584199,0.432771,10.138387,0.05885,3.802763,2.50031,0.13147
721,858,49Terrapins,Crawler,1430,1562,16,0,0,20.652125,0.12592,0.22196,0,16,0,16,1.809805,0.318678,1.574637,0.05885,19.366513,1.938258,0.107345
721,876,49Terrapins,GenesisLotus,1430,1411,35,0,0,39.652125,0.12592,0.22196,6,29,0,35,2.398922,0.527316,8.605547,0.05885,31.335603,2.39272,0.077779
721,901,49Terrapins,clone,1430,1667,6,0,0,10.652125,0.12592,0.22196,1,5,0,6,2.384974,0.203545,2.005748,0.05885,8.935402,2.368762,0.148318
721,930,49Terrapins,SiriusBot,1430,1519,24,0,0,28.652125,0.12592,0.22196,4,20,0,24,2.471495,0.374649,5.851195,0.05885,23.089955,2.450428,0.091347
721,939,49Terrapins,RustyNikolaj,1430,1539,27,3,0,31.652125,3.12592,0.22196,19,7,1,27,2.86908,0.348088,20.719955,1.05885,10.221195,2.787866,0.086959
721,940,49Terrapins,Princess-Mika-Test,1430,1524,22,0,1,26.652125,0.12592,1.22196,9,13,0,22,2.501597,0.36793,10.817997,0.05885,16.123153,2.473395,0.094669
721,943,49Terrapins,puck,1430,1529,26,1,0,30.652125,1.12592,0.22196,21,5,0,26,2.376846,0.361262,22.785051,0.05885,8.156099,2.372405,0.088351
721,948,49Terrapins,titania,1430,1185,12,0,0,16.652125,0.12592,0.22196,12,0,0,12,2.51185,0.803819,15.971788,0.05885,0.969362,2.464044,0.119307
721,953,49Terrapins,ZeratulsRevengeTest,1430,1702,1,0,0,5.652125,0.12592,0.22196,0,1,0,1,1.720979,0.172822,0.853939,0.05885,5.087211,2.244587,0.200824
721,959,49Terrapins,ur_moms_a_ho,1430,1600,0,0,0,4.652125,0.12592,0.22196,0,0,0,0,,0.27317,1.349774,0.05885,3.591376,2.349308,0.219992
721,960,49Terrapins,BigDaddy,1430,1637,11,0,0,15.652125,0.12592,0.22196,5,6,0,11,2.358906,0.232975,6.151165,0.05885,9.789985,2.355907,0.122979
721,961,49Terrapins,AvocaDOS,1430,1751,6,0,0,10.652125,0.12592,0.22196,0,6,0,6,2.078118,0.136129,0.672631,0.05885,10.268519,2.201386,0.148318
721,962,49Terrapins,AvocaDEV,1430,1700,2,0,1,6.652125,0.12592,1.22196,0,2,0,2,2.439317,0.174474,0.862102,0.05885,6.079048,2.375025,0.185927
721,966,49Terrapins,ArgoBot,1430,1909,0,0,0,4.652125,0.12592,0.22196,0,0,0,0,,0.059673,0.294854,0.05885,4.646296,2.349308,0.219992
721,970,49Terrapins,TheLAW,1430,1576,11,0,1,15.652125,0.12592,1.22196,2,9,0,11,2.494355,0.301441,3.489467,0.05885,12.451683,2.449028,0.122979
721,971,49Terrapins,Nothing,1430,1570,11,0,0,15.652125,0.12592,0.22196,4,7,0,11,2.208829,0.308764,5.525648,0.05885,10.415502,2.252729,0.122979
721,977,49Terrapins,Siriusly,1430,1392,35,0,0,39.652125,0.12592,0.22196,20,15,0,35,2.631885,0.554469,22.739716,0.05885,17.201434,2.596563,0.077779
721,981,49Terrapins,KoB,1430,1499,31,0,0,35.652125,0.12592,0.22196,8,23,0,31,2.362098,0.401986,9.986274,0.05885,25.954876,2.360322,0.081986
721,998,49Terrapins,LordSuperKing,1430,1656,5,0,0,9.652125,0.12592,0.22196,0,5,0,5,2.82904,0.214003,1.057423,0.05885,8.883727,2.589174,0.155557
721,1007,49Terrapins,SharkGull,1430,1605,1,0,0,5.652125,0.12592,0.22196,0,1,0,1,2.464704,0.267493,1.321722,0.05885,4.619428,2.368541,0.200824
721,1008,49Terrapins,Creepy_canon,1430,1587,0,0,0,4.652125,0.12592,0.22196,0,0,0,0,,0.288277,1.424422,0.05885,3.516728,2.349308,0.219992
721,1023,49Terrapins,MY_SCRIPTING_SON,1430,1275,30,1,3,34.652125,1.12592,3.22196,25,5,0,30,3.131739,0.709355,28.505028,0.05885,6.436122,3.019963,0.083149
721,1026,49Terrapins,WildLupo,1430,1199,23,12,0,27.652125,12.12592,0.22196,17,6,0,23,2.849379,0.790798,20.907452,0.05885,7.033698,2.76008,0.092963
721,1029,49Terrapins,Chomppet,1430,1600,0,0,0,4.652125,0.12592,0.22196,0,0,0,0,,0.27317,1.349774,0.05885,3.591376,2.349308,0.219992
721,1030,49Terrapins,who,1430,1924,0,0,0,4.652125,0.12592,0.22196,0,0,0,0,,0.055008,0.271804,0.05885,4.669346,2.349308,0.219992
721,1032,49Terrapins,WaterLeak,1430,1607,5,0,0,9.652125,0.12592,0.22196,0,5,0,5,1.807756,0.265243,1.310605,0.05885,8.630545,2.078532,0.155557
721,1038,49Terrapins,PolyMorph,1430,1463,30,1,0,34.652125,1.12592,0.22196,11,17,2,30,2.720634,0.452651,13.236619,2.05885,19.704531,2.667588,0.083149
721,1042,49Terrapins,Creepy_duo_canon,1430,1386,26,0,2,30.652125,0.12592,2.22196,10,16,0,26,2.247228,0.562985,12.781792,0.05885,18.159358,2.263693,0.088351
721,1044,49Terrapins,DoopyBot,1430,1418,30,0,0,34.652125,0.12592,0.22196,18,12,0,30,2.54303,0.517263,20.555872,0.05885,14.385278,2.515355,0.083149
721,1045,49Terrapins,tito,1430,1801,2,0,0,6.652125,0.12592,0.22196,0,2,0,2,1.67021,0.10568,0.522181,0.05885,6.418969,2.15528,0.185927
721,1049,49Terrapins,TheCatSC2Bot,1430,970,33,3,0,37.652125,3.12592,0.22196,33,0,0,33,3.370364,0.933886,37.614471,0.05885,0.326679,3.236015,0.079799
721,1050,49Terrapins,onlyfans,1430,1517,20,0,0,24.652125,0.12592,0.22196,5,15,0,20,2.6374,0.37735,6.864542,0.05885,18.076608,2.579782,0.098383
721,1052,49Terrapins,Starlight,1430,1204,34,0,0,38.652125,0.12592,0.22196,31,1,2,34,3.280469,0.785997,34.883727,2.05885,2.057423,3.161089,0.07877
721,1054,49Terrapins,JimmyBotZ,1430,1724,10,0,0,14.652125,0.12592,0.22196,5,5,0,10,2.431483,0.15546,5.768154,0.05885,9.172996,2.404091,0.127012
721,1056,49Terrapins,bilisaur,1430,1600,0,0,0,4.652125,0.12592,0.22196,0,0,0,0,,0.27317,1.349774,0.05885,3.591376,2.349308,0.219992
721,1057,49Terrapins,DoopyBot-Test,1430,1238,31,1,0,35.652125,1.12592,0.22196,23,7,1,31,2.839629,0.751241,26.711993,1.05885,8.229157,2.771529,0.081986
721,1058,49Terrapins,JimmyBotP,1430,1711,14,0,0,18.652125,0.12592,0.22196,1,13,0,14,2.589205,0.165541,1.817962,0.05885,17.123188,2.526074,0.112853
721,1059,49Terrapins,NextProBot,1430,1600,0,0,0,4.652125,0.12592,0.22196,0,0,0,0,,0.27317,1.349774,0.05885,3.591376,2.349308,0.219992
721,1060,49Terrapins,WildFire,1430,1709,6,0,0,10.652125,0.12592,0.22196,3,3,0,6,2.382665,0.167137,3.825851,0.05885,7.115299,2.367502,0.148318
721,1065,49Terrapins,MindMatrix,1430,1514,18,1,1,22.652125,1.12592,1.22196,15,3,0,18,2.493395,0.381416,16.884633,0.05885,6.056517,2.462071,0.102572
721,1066,49Terrapins,CompetitiveBotTest,1430,1482,1,0,0,5.652125,0.12592,0.22196,1,0,0,1,3.424914,0.42572,3.103545,0.05885,2.837605,2.528576,0.200824
721,1067,49Terrapins,Hello_world,1430,1600,0,0,0,4.652125,0.12592,0.22196,0,0,0,0,,0.27317,1.349774,0.05885,3.591376,2.349308,0.219992
721,1078,49Terrapins,LoremIpsum,1430,1242,22,0,0,26.652125,0.12592,0.22196,22,0,0,22,2.356142,0.746913,25.690609,0.05885,1.250541,2.354876,0.094669
721,1079,49Terrapins,JimmyBotT,1430,1675,2,0,0,6.652125,0.12592,0.22196,0,2,0,2,2.681535,0.196181,0.969362,0.05885,5.971788,2.44423,0.185927
721,1080,49Terrapins,JimmyBot,1430,1675,2,0,0,6.652125,0.12592,0.22196,0,2,0,2,2.306961,0.196181,0.969362,0.05885,5.971788,2.337209,0.185927
721,1081,49Terrapins,ArtZerg,1430,1537,2,0,0,6.652125,0.12592,0.22196,0,1,1,2,2.592774,0.350705,1.732886,1.05885,4.208264,2.41887,0.185927
721,1082,49Terrapins,Dasyatis,1430,1573,10,0,0,14.652125,0.12592,0.22196,3,7,0,10,2.553862,0.30509,4.507497,0.05885,10.433653,2.485677,0.127012
721,1084,49Terrapins,ZippyZap,1430,1457,0,0,1,4.652125,0.12592,1.22196,0,0,0,0,,0.461222,2.278967,0.05885,2.662183,2.349308,0.219992
721,1085,49Terrapins,AgoraLord,1430,1430,2,1,0,6.652125,1.12592,0.22196,1,1,0,2,3.296362,0.5,3.470575,0.05885,3.470575,2.619895,0.185927
721,1086,49Terrapins,CherBoiBlue,1430,1500,0,0,1,4.652125,0.12592,1.22196,0,0,0,0,,0.400603,1.979441,0.05885,2.961709,2.349308,0.219992
721,1087,49Terrapins,SwarmLord2,1430,1533,1,0,0,5.652125,0.12592,0.22196,1,0,0,1,1.578979,0.355966,2.758882,0.05885,3.182268,2.22092,0.200824
721,1088,49Terrapins,SwarmLord3,1430,1562,1,0,0,5.652125,0.12592,0.22196,1,0,0,1,3.475686,0.318678,2.574637,0.05885,3.366513,2.537038,0.200824
721,1089,49Terrapins,WorkingAsIntended,1430,1596,1,0,0,5.652125,0.12592,0.22196,0,1,0,1,2.922624,0.277765,1.372481,0.05885,4.568669,2.444861,0.200824
729,730,Alexa,Deimos,1367,2155,0,0,0,4.652125,0.12592,0.22196,0,0,0,0,,0.010602,0.052384,0.05885,4.888766,2.349308,0.219992
729,732,Alexa,GPT,1367,1830,0,0,0,4.652125,0.12592,0.22196,0,0,0,0,,0.065056,0.32145,0.05885,4.6197,2.349308,0.219992
729,759,Alexa,BotTato,1367,1710,0,0,0,4.652125,0.12592,0.22196,0,0,0,0,,0.12191,0.602375,0.05885,4.338775,2.349308,0.219992
729,779,Alexa,oberon,1367,1472,43,4,2,47.652125,4.12592,2.22196,13,25,5,43,2.462304,0.353331,14.745862,5.05885,28.195288,2.450534,0.071002
729,797,Alexa,WickedBot,1367,1707,0,0,1,4.652125,0.12592,1.22196,0,0,0,0,,0.123771,0.61157,0.05885,4.32958,2.349308,0.219992
729,809,Alexa,PrimordialOrigin,1367,1258,34,6,10,38.652125,6.12592,10.22196,13,21,0,34,2.615674,0.651912,16.221195,0.05885,22.719955,2.581525,0.07877
729,813,Alexa,MewCombatMicro,1367,1511,0,0,0,4.652125,0.12592,0.22196,0,0,0,0,,0.303871,1.501473,0.05885,3.439677,2.349308,0.219992
729,827,Alexa,smokinggunbot,1367,1579,4,0,0,8.652125,0.12592,0.22196,0,4,0,4,2.352564,0.227871,1.125946,0.05885,7.815204,2.350755,0.163972
729,832,Alexa,muravev,1367,1632,1,0,0,5.652125,0.12592,0.22196,0,1,0,1,2.324347,0.178659,0.882779,0.05885,5.058371,2.345148,0.200824
729,836,Alexa,muravevTerran,1367,1477,9,0,0,13.652125,0.12592,0.22196,3,6,0,9,2.653297,0.346783,4.713506,0.05885,9.227644,2.54473,0.13147
729,858,Alexa,Crawler,1367,1562,8,0,0,12.652125,0.12592,0.22196,0,8,0,8,1.987418,0.245546,1.213279,0.05885,11.727871,2.126606,0.136433
729,876,Alexa,GenesisLotus,1367,1411,42,1,0,46.652125,1.12592,0.22196,11,31,0,42,2.359001,0.437015,13.159358,0.05885,33.781792,2.35797,0.071753
729,901,Alexa,clone,1367,1667,0,0,0,4.652125,0.12592,0.22196,0,0,0,0,,0.15098,0.746013,0.05885,4.195137,2.349308,0.219992
729,930,Alexa,SiriusBot,1367,1519,28,0,1,32.652125,0.12592,1.22196,3,24,1,28,2.281109,0.294219,4.453778,1.05885,27.487372,2.291442,0.085632
729,939,Alexa,RustyNikolaj,1367,1539,24,0,0,28.652125,0.12592,0.22196,0,23,1,24,2.201688,0.27089,1.338508,1.05885,26.602642,2.227139,0.091347
729,940,Alexa,Princess-Mika-Test,1367,1524,33,1,2,37.652125,1.12592,2.22196,6,26,1,33,2.289823,0.288277,7.424422,1.05885,29.516728,2.29765,0.079799
729,943,Alexa,puck,1367,1529,40,0,0,44.652125,0.12592,0.22196,10,30,0,40,2.322472,0.282408,11.395422,0.05885,33.545728,2.325453,0.073331
729,948,Alexa,titania,1367,1185,23,2,1,27.652125,2.12592,1.22196,13,10,0,23,2.357259,0.740328,16.658074,0.05885,11.283076,2.35584,0.092963
729,953,Alexa,ZeratulsRevengeTest,1367,1702,0,0,0,4.652125,0.12592,0.22196,0,0,0,0,,0.126926,0.627161,0.05885,4.313989,2.349308,0.219992
729,959,Alexa,ur_moms_a_ho,1367,1600,0,0,0,4.652125,0.12592,0.22196,0,0,0,0,,0.207304,1.024318,0.05885,3.916832,2.349308,0.219992
729,960,Alexa,BigDaddy,1367,1637,0,0,0,4.652125,0.12592,0.22196,0,0,0,0,,0.174474,0.862102,0.05885,4.079048,2.349308,0.219992
729,961,Alexa,AvocaDOS,1367,1751,0,0,0,4.652125,0.12592,0.22196,0,0,0,0,,0.098813,0.488251,0.05885,4.452899,2.349308,0.219992
729,962,Alexa,AvocaDEV,1367,1700,0,0,0,4.652125,0.12592,0.22196,0,0,0,0,,0.128207,0.633492,0.05885,4.307658,2.349308,0.219992
729,966,Alexa,ArgoBot,1367,1909,0,0,0,4.652125,0.12592,0.22196,0,0,0,0,,0.04229,0.20896,0.05885,4.73219,2.349308,0.219992
729,970,Alexa,TheLAW,1367,1576,3,0,0,7.652125,0.12592,0.22196,0,3,0,3,2.310152,0.230924,1.141031,0.05885,6.800119,2.334624,0.173919
729,971,Alexa,Nothing,1367,1570,2,0,0,6.652125,0.12592,0.22196,0,2,0,2,2.109017,0.237115,1.171621,0.05885,5.769529,2.280654,0.185927
729,977,Alexa,Siriusly,1367,1392,43,1,0,47.652125,1.12592,0.22196,16,25,2,43,2.548781,0.464084,18.293109,2.05885,27.648041,2.528002,0.071002
729,981,Alexa,KoB,1367,1499,28,1,1,32.652125,1.12592,1.22196,9,19,0,28,2.44907,0.318678,10.574637,0.05885,22.366513,2.433954,0.085632
729,998,Alexa,LordSuperKing,1367,1656,1,0,0,5.652125,0.12592,0.22196,0,1,0,1,1.98238,0.159277,0.787011,0.05885,5.154139,2.288153,0.200824
729,1007,Alexa,SharkGull,1367,1605,1,0,0,5.652125,0.12592,0.22196,0,1,0,1,1.934416,0.202614,1.001145,0.05885,4.940005,2.280159,0.200824
729,1008,Alexa,Creepy_canon,1367,1587,0,0,0,4.652125,0.12592,0.22196,0,0,0,0,,0.21987,1.086413,0.05885,3.854737,2.349308,0.219992
729,1023,Alexa,MY_SCRIPTING_SON,1367,1275,40,0,8,44.652125,0.12592,8.22196,0,40,0,40,2.189002,0.629389,3.109903,0.05885,41.831247,2.206814,0.073331
729,1026,Alexa,WildLupo,1367,1199,43,5,0,47.652125,5.12592,0.22196,37,6,0,43,2.660422,0.724538,40.580052,0.05885,7.361098,2.628014,0.071002
729,1029,Alexa,Chomppet,1367,1600,0,0,0,4.652125,0.12592,0.22196,0,0,0,0,,0.207304,1.024318,0.05885,3.916832,2.349308,0.219992
729,1030,Alexa,who,1367,1924,0,0,0,4.652125,0.12592,0.22196,0,0,0,0,,0.038927,0.192346,0.05885,4.748804,2.349308,0.219992
729,1032,Alexa,WaterLeak,1367,1607,0,0,0,4.652125,0.12592,0.22196,0,0,0,0,,0.20076,0.991985,0.05885,3.949165,2.349308,0.219992
729,1038,Alexa,PolyMorph,1367,1463,39,1,3,43.652125,1.12592,3.22196,4,34,1,39,2.757421,0.365257,5.804788,1.05885,37.136362,2.711045,0.074159
729,1042,Alexa,Creepy_duo_canon,1367,1386,27,0,1,31.652125,0.12592,1.22196,6,19,2,27,1.872063,0.472684,8.335603,2.05885,21.605547,1.946633,0.086959
729,1044,Alexa,DoopyBot,1367,1418,33,1,1,37.652125,1.12592,1.22196,7,26,0,33,2.585654,0.427128,9.110502,0.05885,28.830648,2.554556,0.079799
729,1045,Alexa,tito,1367,1801,0,0,0,4.652125,0.12592,0.22196,0,0,0,0,,0.075977,0.375414,0.05885,4.565736,2.349308,0.219992
729,1049,Alexa,TheCatSC2Bot,1367,970,45,3,1,49.652125,3.12592,1.22196,45,0,0,45,2.578417,0.907654,49.484852,0.05885,0.456298,2.555506,0.069567
729,1050,Alexa,onlyfans,1367,1517,28,0,0,32.652125,0.12592,0.22196,10,18,0,28,2.330471,0.296615,11.465619,0.05885,21.475531,2.333325,0.085632
729,1052,Alexa,Starlight,1367,1204,39,2,2,43.652125,2.12592,2.22196,29,9,1,39,2.997576,0.718757,32.551485,1.05885,10.389665,2.92391,0.074159
729,1054,Alexa,JimmyBotZ,1367,1724,8,0,0,12.652125,0.12592,0.22196,3,5,0,8,2.378076,0.113542,3.56103,0.05885,9.38012,2.367011,0.136433
729,1056,Alexa,bilisaur,1367,1600,0,0,0,4.652125,0.12592,0.22196,0,0,0,0,,0.207304,1.024318,0.05885,3.916832,2.349308,0.219992
729,1057,Alexa,DoopyBot-Test,1367,1238,24,4,4,28.652125,4.12592,4.22196,9,15,0,24,2.609541,0.677561,12.347928,0.05885,16.593222,2.564673,0.091347
729,1058,Alexa,JimmyBotP,1367,1711,11,0,1,15.652125,0.12592,1.22196,1,10,0,11,2.457811,0.121295,1.599337,0.05885,14.341813,2.423904,0.122979
729,1059,Alexa,NextProBot,1367,1600,0,0,0,4.652125,0.12592,0.22196,0,0,0,0,,0.207304,1.024318,0.05885,3.916832,2.349308,0.219992
729,1060,Alexa,WildFire,1367,1709,1,0,0,5.652125,0.12592,0.22196,0,1,0,1,1.717395,0.122527,0.605427,0.05885,5.335723,2.243989,0.200824
729,1065,Alexa,MindMatrix,1367,1514,19,0,0,23.652125,0.12592,0.22196,3,16,0,19,2.546113,0.300231,4.483484,0.05885,19.457666,2.505112,0.100412
729,1066,Alexa,CompetitiveBotTest,1367,1482,1,0,0,5.652125,0.12592,0.22196,1,0,0,1,1.244155,0.340292,2.681434,0.05885,3.259716,2.165116,0.200824
729,1067,Alexa,Hello_world,1367,1600,0,0,0,4.652125,0.12592,0.22196,0,0,0,0,,0.207304,1.024318,0.05885,3.916832,2.349308,0.219992
729,1078,Alexa,LoremIpsum,1367,1242,19,2,0,23.652125,2.12592,0.22196,14,5,0,19,2.804293,0.67251,17.322971,0.05885,6.618179,2.709505,0.100412
729,1079,Alexa,JimmyBotT,1367,1675,2,0,0,6.652125,0.12592,0.22196,0,1,1,2,2.740409,0.145171,0.717311,1.05885,5.223839,2.461051,0.185927
729,1080,Alexa,JimmyBot,1367,1675,2,0,0,6.652125,0.12592,0.22196,0,2,0,2,2.331784,0.145171,0.717311,0.05885,6.223839,2.344301,0.185927
729,1081,Alexa,ArtZerg,1367,1537,1,1,0,5.652125,1.12592,0.22196,0,1,0,1,1.673351,0.27317,1.349774,0.05885,4.591376,2.236649,0.200824
729,1082,Alexa,Dasyatis,1367,1573,9,0,0,13.652125,0.12592,0.22196,0,9,0,9,2.034644,0.234005,1.156255,0.05885,12.784895,2.147024,0.13147
729,1084,Alexa,ZippyZap,1367,1457,0,0,1,4.652125,0.12592,1.22196,0,0,0,0,,0.373301,1.844536,0.05885,3.096614,2.349308,0.219992
729,1085,Alexa,AgoraLord,1367,1430,3,0,0,7.652125,0.12592,0.22196,3,0,0,3,3.002572,0.410316,5.027435,0.05885,2.913715,2.594282,0.173919
729,1086,Alexa,CherBoiBlue,1367,1500,1,0,0,5.652125,0.12592,0.22196,1,0,0,1,3.054944,0.31743,2.568467,0.05885,3.372683,2.466914,0.200824
729,1087,Alexa,SwarmLord2,1367,1533,1,0,0,5.652125,0.12592,0.22196,0,1,0,1,2.235376,0.277765,1.372481,0.05885,4.568669,2.330319,0.200824
729,1088,Alexa,SwarmLord3,1367,1562,1,0,0,5.652125,0.12592,0.22196,0,1,0,1,2.008214,0.245546,1.213279,0.05885,4.727871,2.292459,0.200824
729,1089,Alexa,WorkingAsIntended,1367,1596,1,0,0,5.652125,0.12592,0.22196,0,1,0,1,1.806648,0.211113,1.043141,0.05885,4.898009,2.258865,0.200824
730,732,Deimos,GPT,2155,1830,59,0,0,63.652125,0.12592,0.22196,46,13,0,59,2.508569,0.866557,50.281786,0.05885,13.659364,2.496127,0.06149
730,759,Deimos,BotTato,2155,1710,41,0,0,45.652125,0.12592,0.22196,41,0,0,41,2.384861,0.928351,45.58712,0.05885,0.35403,2.380997,0.072529
730,779,Deimos,oberon,2155,1472,0,0,0,4.652125,0.12592,0.22196,0,0,0,0,,0.980766,4.846113,0.05885,0.095037,2.349308,0.219992
730,797,Deimos,WickedBot,2155,1707,35,2,1,39.652125,2.12592,1.22196,33,2,0,35,2.609827,0.929491,37.592754,0.05885,2.348396,2.577262,0.077779
730,809,Deimos,PrimordialOrigin,2155,1258,1,0,0,5.652125,0.12592,0.22196,1,0,0,1,2.159869,0.994311,5.913041,0.05885,0.028109,2.317735,0.200824
730,813,Deimos,MewCombatMicro,2155,1511,0,0,0,4.652125,0.12592,0.22196,0,0,0,0,,0.976041,4.822765,0.05885,0.118385,2.349308,0.219992
730,827,Deimos,smokinggunbot,2155,1579,0,0,0,4.652125,0.12592,0.22196,0,0,0,0,,0.964964,4.768033,0.05885,0.173117,2.349308,0.219992
730,832,Deimos,muravev,2155,1632,0,0,0,4.652125,0.12592,0.22196,0,0,0,0,,0.953052,4.709173,0.05885,0.231977,2.349308,0.219992
730,836,Deimos,muravevTerran,2155,1477,0,0,0,4.652125,0.12592,0.22196,0,0,0,0,,0.980216,4.843393,0.05885,0.097757,2.349308,0.219992
730,858,Deimos,Crawler,2155,1562,0,0,0,4.652125,0.12592,0.22196,0,0,0,0,,0.968126,4.783657,0.05885,0.157493,2.349308,0.219992
730,876,Deimos,GenesisLotus,2155,1411,1,0,0,5.652125,0.12592,0.22196,1,0,0,1,2.555676,0.986384,5.873872,0.05885,0.067278,2.383703,0.200824
730,901,Deimos,clone,2155,1667,20,0,0,24.652125,0.12592,0.22196,14,6,0,20,2.383037,0.943168,18.660337,0.05885,6.280813,2.376291,0.098383
730,930,Deimos,SiriusBot,2155,1519,0,0,0,4.652125,0.12592,0.22196,0,0,0,0,,0.97494,4.817326,0.05885,0.123824,2.349308,0.219992
730,939,Deimos,RustyNikolaj,2155,1539,0,0,0,4.652125,0.12592,0.22196,0,0,0,0,,0.971968,4.80264,0.05885,0.13851,2.349308,0.219992
730,940,Deimos,Princess-Mika-Test,2155,1524,1,0,0,5.652125,0.12592,0.22196,1,0,0,1,2.599722,0.974227,5.813803,0.05885,0.127347,2.391044,0.200824
730,943,Deimos,puck,2155,1529,0,0,0,4.652125,0.12592,0.22196,0,0,0,0,,0.973495,4.810183,0.05885,0.130967,2.349308,0.219992
730,948,Deimos,titania,2155,1185,0,0,0,4.652125,0.12592,0.22196,0,0,0,0,,0.996256,4.922649,0.05885,0.018501,2.349308,0.219992
730,953,Deimos,ZeratulsRevengeTest,2155,1702,19,0,0,23.652125,0.12592,0.22196,14,5,0,19,2.289401,0.931354,18.60196,0.05885,5.33919,2.301881,0.100412
730,959,Deimos,ur_moms_a_ho,2155,1600,0,0,0,4.652125,0.12592,0.22196,0,0,0,0,,0.96064,4.746664,0.05885,0.194486,2.349308,0.219992
730,960,Deimos,BigDaddy,2155,1637,3,0,0,7.652125,0.12592,0.22196,3,0,0,3,2.131211,0.951747,7.702726,0.05885,0.238424,2.267522,0.173919
730,961,Deimos,AvocaDOS,2155,1751,37,1,0,41.652125,1.12592,0.22196,34,2,1,37,2.47006,0.910976,38.501269,1.05885,2.439881,2.455685,0.075904
730,962,Deimos,AvocaDEV,2155,1700,2,0,0,6.652125,0.12592,0.22196,1,1,0,2,2.452219,0.932086,5.605579,0.05885,1.335571,2.378711,0.185927
730,966,Deimos,ArgoBot,2155,1909,56,0,3,60.652125,0.12592,3.22196,36,20,0,56,2.60976,0.804725,39.976265,0.05885,20.964885,2.588411,0.062983
730,970,Deimos,TheLAW,2155,1576,0,0,0,4.652125,0.12592,0.22196,0,0,0,0,,0.965543,4.770895,0.05885,0.170255,2.349308,0.219992
730,971,Deimos,Nothing,2155,1570,3,0,0,7.652125,0.12592,0.22196,3,0,0,3,2.605996,0.966674,7.776482,0.05885,0.164668,2.445566,0.173919
730,977,Deimos,Siriusly,2155,1392,0,0,0,4.652125,0.12592,0.22196,0,0,0,0,,0.987778,4.880757,0.05885,0.060393,2.349308,0.219992
730,981,Deimos,KoB,2155,1499,5,0,0,9.652125,0.12592,0.22196,5,0,0,5,2.396511,0.977604,9.83049,0.05885,0.11066,2.372909,0.155557
730,998,Deimos,LordSuperKing,2155,1656,9,0,0,13.652125,0.12592,0.22196,9,0,0,9,2.143609,0.946469,13.676645,0.05885,0.264505,2.217073,0.13147
730,1007,Deimos,SharkGull,2155,1605,0,0,0,4.652125,0.12592,0.22196,0,0,0,0,,0.959537,4.741215,0.05885,0.199935,2.349308,0.219992
730,1008,Deimos,Creepy_canon,2155,1587,0,0,0,4.652125,0.12592,0.22196,0,0,0,0,,0.963374,4.760173,0.05885,0.180977,2.349308,0.219992
730,1023,Deimos,MY_SCRIPTING_SON,2155,1275,1,0,0,5.652125,0.12592,0.22196,1,0,0,1,2.169054,0.99373,5.910169,0.05885,0.030981,2.319266,0.200824
730,1026,Deimos,WildLupo,2155,1199,0,0,0,4.652125,0.12592,0.22196,0,0,0,0,,0.995943,4.921102,0.05885,0.020048,2.349308,0.219992
730,1029,Deimos,Chomppet,2155,1600,0,0,0,4.652125,0.12592,0.22196,0,0,0,0,,0.96064,4.746664,0.05885,0.194486,2.349308,0.219992
730,1030,Deimos,who,2155,1924,63,0,0,67.652125,0.12592,0.22196,39,24,0,63,1.979507,0.790798,42.907452,0.05885,25.033698,2.006698,0.059654
730,1032,Deimos,WaterLeak,2155,1607,24,0,0,28.652125,0.12592,0.22196,22,2,0,24,2.056036,0.959087,26.738994,0.05885,2.202156,2.1066,0.091347
730,1038,Deimos,PolyMorph,2155,1463,0,0,0,4.652125,0.12592,0.22196,0,0,0,0,,0.98172,4.850823,0.05885,0.090327,2.349308,0.219992
730,1042,Deimos,Creepy_duo_canon,2155,1386,0,0,0,4.652125,0.12592,0.22196,0,0,0,0,,0.988188,4.882783,0.05885,0.058367,2.349308,0.219992
730,1044,Deimos,DoopyBot,2155,1418,0,0,0,4.652125,0.12592,0.22196,0,0,0,0,,0.985832,4.871145,0.05885,0.070005,2.349308,0.219992
730,1045,Deimos,tito,2155,1801,47,0,0,51.652125,0.12592,0.22196,40,7,0,47,2.390095,0.884708,44.371474,0.05885,7.569676,2.386173,0.068216
730,1049,Deimos,TheCatSC2Bot,2155,970,1,0,0,5.652125,0.12592,0.22196,1,0,0,1,2.494032,0.998911,5.935769,0.05885,0.005381,2.373429,0.200824
730,1050,Deimos,onlyfans,2155,1517,0,0,0,4.652125,0.12592,0.22196,0,0,0,0,,0.97522,4.818708,0.05885,0.122442,2.349308,0.219992
730,1052,Deimos,Starlight,2155,1204,0,0,0,4.652125,0.12592,0.22196,0,0,0,0,,0.995825,4.920519,0.05885,0.020631,2.349308,0.219992
730,1054,Deimos,JimmyBotZ,2155,1724,0,0,0,4.652125,0.12592,0.22196,0,0,0,0,,0.922802,4.559701,0.05885,0.381449,2.349308,0.219992
730,1056,Deimos,bilisaur,2155,1600,0,0,0,4.652125,0.12592,0.22196,0,0,0,0,,0.96064,4.746664,0.05885,0.194486,2.349308,0.219992
730,1057,Deimos,DoopyBot-Test,2155,1238,0,0,0,4.652125,0.12592,0.22196,0,0,0,0,,0.994927,4.916082,0.05885,0.025068,2.349308,0.219992
730,1058,Deimos,JimmyBotP,2155,1711,1,0,0,5.652125,0.12592,0.22196,1,0,0,1,2.398804,0.927967,5.585223,0.05885,0.355927,2.357557,0.200824
730,1059,Deimos,NextProBot,2155,1600,0,0,0,4.652125,0.12592,0.22196,0,0,0,0,,0.96064,4.746664,0.05885,0.194486,2.349308,0.219992
730,1060,Deimos,WildFire,2155,1709,17,0,1,21.652125,0.12592,1.22196,17,0,0,17,2.275291,0.928733,21.589007,0.05885,0.352143,2.292113,0.104877
730,1065,Deimos,MindMatrix,2155,1514,0,0,0,4.652125,0.12592,0.22196,0,0,0,0,,0.975634,4.820753,0.05885,0.120397,2.349308,0.219992
730,1066,Deimos,CompetitiveBotTest,2155,1482,0,0,0,4.652125,0.12592,0.22196,0,0,0,0,,0.97965,4.840596,0.05885,0.100554,2.349308,0.219992
730,1067,Deimos,Hello_world,2155,1600,0,0,0,4.652125,0.12592,0.22196,0,0,0,0,,0.96064,4.746664,0.05885,0.194486,2.349308,0.219992
730,1078,Deimos,LoremIpsum,2155,1242,0,0,0,4.652125,0.12592,0.22196,0,0,0,0,,0.994809,4.915501,0.05885,0.025649,2.349308,0.219992
730,1079,Deimos,JimmyBotT,2155,1675,0,0,0,4.652125,0.12592,0.22196,0,0,0,0,,0.940649,4.647888,0.05885,0.293262,2.349308,0.219992
730,1080,Deimos,JimmyBot,2155,1675,0,0,0,4.652125,0.12592,0.22196,0,0,0,0,,0.940649,4.647888,0.05885,0.293262,2.349308,0.219992
730,1081,Deimos,ArtZerg,2155,1537,0,0,0,4.652125,0.12592,0.22196,0,0,0,0,,0.97228,4.804182,0.05885,0.136968,2.349308,0.219992
730,1082,Deimos,Dasyatis,2155,1573,0,0,0,4.652125,0.12592,0.22196,0,0,0,0,,0.966113,4.773711,0.05885,0.167439,2.349308,0.219992
730,1084,Deimos,ZippyZap,2155,1457,0,0,0,4.652125,0.12592,0.22196,0,0,0,0,,0.982329,4.853836,0.05885,0.087314,2.349308,0.219992
730,1085,Deimos,AgoraLord,2155,1430,0,0,0,4.652125,0.12592,0.22196,0,0,0,0,,0.984834,4.866214,0.05885,0.074936,2.349308,0.219992
730,1086,Deimos,CherBoiBlue,2155,1500,0,0,0,4.652125,0.12592,0.22196,0,0,0,0,,0.977478,4.829865,0.05885,0.111285,2.349308,0.219992
730,1087,Deimos,SwarmLord2,2155,1533,0,0,0,4.652125,0.12592,0.22196,0,0,0,0,,0.972894,4.807215,0.05885,0.133935,2.349308,0.219992
730,1088,Deimos,SwarmLord3,2155,1562,0,0,0,4.652125,0.12592,0.22196,0,0,0,0,,0.968126,4.783657,0.05885,0.157493,2.349308,0.219992
730,1089,Deimos,WorkingAsIntended,2155,1596,0,0,0,4.652125,0.12592,0.22196,0,0,0,0,,0.961501,4.750921,0.05885,0.190229,2.349308,0.219992
732,759,GPT,BotTato,1830,1710,39,0,0,43.652125,0.12592,0.22196,24,15,0,39,2.581463,0.666139,27.291495,0.05885,16.649655,2.555082,0.074159
732,779,GPT,oberon,1830,1472,1,0,0,5.652125,0.12592,0.22196,1,0,0,1,2.088153,0.887036,5.382977,0.05885,0.558173,2.305782,0.200824
732,797,GPT,WickedBot,1830,1707,38,0,2,42.652125,0.12592,2.22196,30,8,0,38,2.390636,0.669969,33.310417,0.05885,9.630733,2.38583,0.075016
732,809,GPT,PrimordialOrigin,1830,1258,0,0,0,4.652125,0.12592,0.22196,0,0,0,0,,0.964177,4.764145,0.05885,0.177005,2.349308,0.219992
732,813,GPT,MewCombatMicro,1830,1511,0,0,0,4.652125,0.12592,0.22196,0,0,0,0,,0.862512,4.261801,0.05885,0.679349,2.349308,0.219992
732,827,GPT,smokinggunbot,1830,1579,3,0,0,7.652125,0.12592,0.22196,2,1,0,3,2.632554,0.809208,5.998418,0.05885,1.942732,2.455525,0.173919
732,832,GPT,muravev,1830,1632,0,0,0,4.652125,0.12592,0.22196,0,0,0,0,,0.757639,3.743609,0.05885,1.197541,2.349308,0.219992
732,836,GPT,muravevTerran,1830,1477,0,0,0,4.652125,0.12592,0.22196,0,0,0,0,,0.884119,4.368566,0.05885,0.572584,2.349308,0.219992
732,858,GPT,Crawler,1830,1562,1,0,0,5.652125,0.12592,0.22196,1,0,0,1,1.86408,0.823862,5.070823,0.05885,0.870327,2.268437,0.200824
732,876,GPT,GenesisLotus,1830,1411,0,0,0,4.652125,0.12592,0.22196,0,0,0,0,,0.917735,4.534664,0.05885,0.406486,2.349308,0.219992
732,901,GPT,clone,1830,1667,18,0,0,22.652125,0.12592,0.22196,6,12,0,18,2.097915,0.718757,9.551485,0.05885,13.389665,2.152566,0.102572
732,930,GPT,SiriusBot,1830,1519,2,0,0,6.652125,0.12592,0.22196,2,0,0,2,2.074006,0.856959,6.234364,0.05885,0.706786,2.27065,0.185927
732,939,GPT,RustyNikolaj,1830,1539,0,0,0,4.652125,0.12592,0.22196,0,0,0,0,,0.842259,4.161726,0.05885,0.779424,2.349308,0.219992
732,940,GPT,Princess-Mika-Test,1830,1524,1,0,0,5.652125,0.12592,0.22196,1,0,0,1,1.757858,0.853395,5.216751,0.05885,0.724399,2.250733,0.200824
732,943,GPT,puck,1830,1529,0,0,0,4.652125,0.12592,0.22196,0,0,0,0,,0.849757,4.198776,0.05885,0.742374,2.349308,0.219992
732,948,GPT,titania,1830,1185,0,0,0,4.652125,0.12592,0.22196,0,0,0,0,,0.976175,4.823428,0.05885,0.117722,2.349308,0.219992
732,953,GPT,ZeratulsRevengeTest,1830,1702,20,0,0,24.652125,0.12592,0.22196,20,0,0,20,2.098114,0.676302,23.341708,0.05885,1.599442,2.148353,0.098383
732,959,GPT,ur_moms_a_ho,1830,1600,0,0,0,4.652125,0.12592,0.22196,0,0,0,0,,0.789844,3.902739,0.05885,1.038411,2.349308,0.219992
732,960,GPT,BigDaddy,1830,1637,6,0,0,10.652125,0.12592,0.22196,5,1,0,6,1.968731,0.752315,8.717301,0.05885,2.223849,2.14172,0.148318
732,961,GPT,AvocaDOS,1830,1751,36,2,0,40.652125,2.12592,0.22196,35,1,0,36,2.159603,0.611771,38.02285,0.05885,2.9183,2.182738,0.076824
732,962,GPT,AvocaDEV,1830,1700,2,0,0,6.652125,0.12592,0.22196,2,0,0,2,2.269331,0.678817,5.354136,0.05885,1.587014,2.326457,0.185927
732,966,GPT,ArgoBot,1830,1909,57,0,0,61.652125,0.12592,0.22196,32,25,0,57,2.453666,0.388229,33.9183,0.05885,28.02285,2.44525,0.062473
732,970,GPT,TheLAW,1830,1576,3,0,0,7.652125,0.12592,0.22196,3,0,0,3,2.159576,0.81186,7.011522,0.05885,0.929628,2.278159,0.173919
732,971,GPT,Nothing,1830,1570,3,0,0,7.652125,0.12592,0.22196,3,0,0,3,2.275128,0.817079,7.037309,0.05885,0.903841,2.321491,0.173919
732,977,GPT,Siriusly,1830,1392,2,0,0,6.652125,0.12592,0.22196,2,0,0,2,2.071472,0.925624,6.573646,0.05885,0.367504,2.269926,0.185927
732,981,GPT,KoB,1830,1499,5,0,0,9.652125,0.12592,0.22196,4,1,0,5,1.956481,0.8705,8.301272,0.05885,1.639878,2.152895,0.155557
732,998,GPT,LordSuperKing,1830,1656,9,0,0,13.652125,0.12592,0.22196,8,1,0,9,2.281767,0.731378,11.613848,0.05885,2.327302,2.305889,0.13147
732,1007,GPT,SharkGull,1830,1605,0,0,0,4.652125,0.12592,0.22196,0,0,0,0,,0.785027,3.878935,0.05885,1.062215,2.349308,0.219992
732,1008,GPT,Creepy_canon,1830,1587,0,0,0,4.652125,0.12592,0.22196,0,0,0,0,,0.801997,3.962786,0.05885,0.978364,2.349308,0.219992
732,1023,GPT,MY_SCRIPTING_SON,1830,1275,0,0,1,4.652125,0.12592,1.22196,0,0,0,0,,0.96064,4.746664,0.05885,0.194486,2.349308,0.219992
732,1026,GPT,WildLupo,1830,1199,0,0,0,4.652125,0.12592,0.22196,0,0,0,0,,0.974227,4.813803,0.05885,0.127347,2.349308,0.219992
732,1029,GPT,Chomppet,1830,1600,0,0,0,4.652125,0.12592,0.22196,0,0,0,0,,0.789844,3.902739,0.05885,1.038411,2.349308,0.219992
732,1030,GPT,who,1830,1924,58,1,0,62.652125,1.12592,0.22196,11,47,0,58,1.598995,0.36793,12.817997,0.05885,50.123153,1.658544,0.061976
732,1032,GPT,WaterLeak,1830,1607,23,0,0,27.652125,0.12592,0.22196,21,2,0,23,1.887129,0.783077,24.869303,0.05885,3.071847,1.969661,0.092963
732,1038,GPT,PolyMorph,1830,1463,0,0,0,4.652125,0.12592,0.22196,0,0,0,0,,0.892124,4.408118,0.05885,0.533032,2.349308,0.219992
732,1042,GPT,Creepy_duo_canon,1830,1386,0,0,0,4.652125,0.12592,0.22196,0,0,0,0,,0.927967,4.585223,0.05885,0.355927,2.349308,0.219992
732,1044,GPT,DoopyBot,1830,1418,0,0,0,4.652125,0.12592,0.22196,0,0,0,0,,0.914641,4.519377,0.05885,0.421773,2.349308,0.219992
732,1045,GPT,tito,1830,1801,46,0,0,50.652125,0.12592,0.22196,39,7,0,46,2.10798,0.541638,41.676313,0.05885,9.264837,2.13164,0.068882
732,1049,GPT,TheCatSC2Bot,1830,970,0,0,0,4.652125,0.12592,0.22196,0,0,0,0,,0.99297,4.906415,0.05885,0.034735,2.349308,0.219992
732,1050,GPT,onlyfans,1830,1517,1,0,0,5.652125,0.12592,0.22196,1,0,0,1,1.879465,0.858365,5.241308,0.05885,0.699842,2.271001,0.200824
732,1052,GPT,Starlight,1830,1204,0,0,0,4.652125,0.12592,0.22196,0,0,0,0,,0.973495,4.810183,0.05885,0.130967,2.349308,0.219992
732,1054,GPT,JimmyBotZ,1830,1724,0,0,0,4.652125,0.12592,0.22196,0,0,0,0,,0.647983,3.201781,0.05885,1.739369,2.349308,0.219992
732,1056,GPT,bilisaur,1830,1600,0,0,0,4.652125,0.12592,0.22196,0,0,0,0,,0.789844,3.902739,0.05885,1.038411,2.349308,0.219992
732,1057,GPT,DoopyBot-Test,1830,1238,0,0,0,4.652125,0.12592,0.22196,0,0,0,0,,0.967948,4.782777,0.05885,0.158373,2.349308,0.219992
732,1058,GPT,JimmyBotP,1830,1711,1,0,0,5.652125,0.12592,0.22196,1,0,0,1,1.796747,0.664858,4.285163,0.05885,1.655987,2.257215,0.200824
732,1059,GPT,NextProBot,1830,1600,0,0,0,4.652125,0.12592,0.22196,0,0,0,0,,0.789844,3.902739,0.05885,1.038411,2.349308,0.219992
732,1060,GPT,WildFire,1830,1709,18,0,0,22.652125,0.12592,0.22196,16,2,0,18,2.054916,0.667418,19.297815,0.05885,3.643335,2.118914,0.102572
732,1065,GPT,MindMatrix,1830,1514,0,0,0,4.652125,0.12592,0.22196,0,0,0,0,,0.860451,4.251618,0.05885,0.689532,2.349308,0.219992
732,1066,GPT,CompetitiveBotTest,1830,1482,0,0,0,4.652125,0.12592,0.22196,0,0,0,0,,0.881138,4.353834,0.05885,0.587316,2.349308,0.219992
732,1067,GPT,Hello_world,1830,1600,0,0,0,4.652125,0.12592,0.22196,0,0,0,0,,0.789844,3.902739,0.05885,1.038411,2.349308,0.219992
732,1078,GPT,LoremIpsum,1830,1242,0,0,0,4.652125,0.12592,0.22196,0,0,0,0,,0.967226,4.779209,0.05885,0.161941,2.349308,0.219992
732,1079,GPT,JimmyBotT,1830,1675,0,0,0,4.652125,0.12592,0.22196,0,0,0,0,,0.709355,3.505028,0.05885,1.436122,2.349308,0.219992
732,1080,GPT,JimmyBot,1830,1675,0,0,0,4.652125,0.12592,0.22196,0,0,0,0,,0.709355,3.505028,0.05885,1.436122,2.349308,0.219992
732,1081,GPT,ArtZerg,1830,1537,0,0,0,4.652125,0.12592,0.22196,0,0,0,0,,0.843782,4.169255,0.05885,0.771895,2.349308,0.219992
732,1082,GPT,Dasyatis,1830,1573,0,0,0,4.652125,0.12592,0.22196,0,0,0,0,,0.814484,4.024486,0.05885,0.916664,2.349308,0.219992
732,1084,GPT,ZippyZap,1830,1457,0,0,0,4.652125,0.12592,0.22196,0,0,0,0,,0.895403,4.424321,0.05885,0.516829,2.349308,0.219992
732,1085,GPT,AgoraLord,1830,1430,0,0,0,4.652125,0.12592,0.22196,0,0,0,0,,0.909091,4.491955,0.05885,0.449195,2.349308,0.219992
732,1086,GPT,CherBoiBlue,1830,1500,0,0,0,4.652125,0.12592,0.22196,0,0,0,0,,0.86985,4.298059,0.05885,0.643091,2.349308,0.219992
732,1087,GPT,SwarmLord2,1830,1533,0,0,0,4.652125,0.12592,0.22196,0,0,0,0,,0.846793,4.184133,0.05885,0.757017,2.349308,0.219992
732,1088,GPT,SwarmLord3,1830,1562,0,0,0,4.652125,0.12592,0.22196,0,0,0,0,,0.823862,4.070823,0.05885,0.870327,2.349308,0.219992
732,1089,GPT,WorkingAsIntended,1830,1596,0,0,0,4.652125,0.12592,0.22196,0,0,0,0,,0.793641,3.921498,0.05885,1.019652,2.349308,0.219992
759,779,BotTato,oberon,1710,1472,0,0,0,4.652125,0.12592,0.22196,0,0,0,0,,0.797386,3.940005,0.05885,1.001145,2.349308,0.219992
759,797,BotTato,WickedBot,1710,1707,26,0,1,30.652125,0.12592,1.22196,2,24,0,26,2.562345,0.504317,4.491907,0.05885,26.449243,2.527984,0.088351
759,809,BotTato,PrimordialOrigin,1710,1258,1,0,0,5.652125,0.12592,0.22196,1,0,0,1,2.325325,0.930985,5.600137,0.05885,0.341013,2.345311,0.200824
759,813,BotTato,MewCombatMicro,1710,1511,0,0,0,4.652125,0.12592,0.22196,0,0,0,0,,0.758695,3.748824,0.05885,1.192326,2.349308,0.219992
759,827,BotTato,smokinggunbot,1710,1579,19,0,0,23.652125,0.12592,0.22196,19,0,0,19,2.453166,0.680071,22.360331,0.05885,1.580819,2.431529,0.100412
759,832,BotTato,muravev,1710,1632,16,0,0,20.652125,0.12592,0.22196,15,1,0,16,2.673199,0.610402,18.01609,0.05885,2.92506,2.596082,0.107345
759,836,BotTato,muravevTerran,1710,1477,0,0,0,4.652125,0.12592,0.22196,0,0,0,0,,0.792696,3.916832,0.05885,1.024318,2.349308,0.219992
759,858,BotTato,Crawler,1710,1562,12,0,0,16.652125,0.12592,0.22196,12,0,0,12,2.376647,0.700977,15.463634,0.05885,1.477516,2.368606,0.119307
759,876,BotTato,GenesisLotus,1710,1411,2,0,0,6.652125,0.12592,0.22196,2,0,0,2,2.196236,0.848281,6.191484,0.05885,0.749666,2.305573,0.185927
759,901,BotTato,clone,1710,1667,20,0,0,24.652125,0.12592,0.22196,17,3,0,20,2.472684,0.561568,19.774791,0.05885,5.166359,2.448009,0.098383
759,930,BotTato,SiriusBot,1710,1519,11,0,0,15.652125,0.12592,0.22196,11,0,0,11,2.47301,0.750163,14.70667,0.05885,1.23448,2.434353,0.122979
759,939,BotTato,RustyNikolaj,1710,1539,6,0,0,10.652125,0.12592,0.22196,5,1,0,6,2.777209,0.727972,8.597016,0.05885,2.344134,2.582709,0.148318
759,940,BotTato,Princess-Mika-Test,1710,1524,8,0,1,12.652125,0.12592,1.22196,8,0,0,8,2.511187,0.74473,11.679825,0.05885,1.261325,2.448926,0.136433
759,943,BotTato,puck,1710,1529,2,0,0,6.652125,0.12592,0.22196,2,0,0,2,2.488243,0.73922,5.652598,0.05885,1.288552,2.389004,0.185927
759,948,BotTato,titania,1710,1185,0,0,0,4.652125,0.12592,0.22196,0,0,0,0,,0.953565,4.711705,0.05885,0.229445,2.349308,0.219992
759,953,BotTato,ZeratulsRevengeTest,1710,1702,15,0,1,19.652125,0.12592,1.22196,14,1,0,15,2.377548,0.511511,16.527452,0.05885,3.413698,2.370488,0.109996
759,959,BotTato,ur_moms_a_ho,1710,1600,0,0,0,4.652125,0.12592,0.22196,0,0,0,0,,0.653217,3.227644,0.05885,1.713506,2.349308,0.219992
759,960,BotTato,BigDaddy,1710,1637,19,0,0,23.652125,0.12592,0.22196,13,6,0,19,2.125522,0.603536,15.982163,0.05885,7.958987,2.172144,0.100412
759,961,BotTato,AvocaDOS,1710,1751,31,0,0,35.652125,0.12592,0.22196,10,21,0,31,2.477875,0.441269,12.180374,0.05885,23.760776,2.460018,0.081986
759,962,BotTato,AvocaDEV,1710,1700,3,0,0,7.652125,0.12592,0.22196,1,2,0,3,2.302341,0.514387,3.541664,0.05885,4.399486,2.331695,0.173919
759,966,BotTato,ArgoBot,1710,1909,38,0,0,42.652125,0.12592,0.22196,9,29,0,38,2.642385,0.241305,10.192326,0.05885,32.748824,2.608306,0.075016
759,970,BotTato,TheLAW,1710,1576,21,0,0,25.652125,0.12592,0.22196,18,3,0,21,2.404133,0.683816,21.378839,0.05885,4.562311,2.39359,0.096473
759,971,BotTato,Nothing,1710,1570,21,0,0,25.652125,0.12592,0.22196,9,12,0,21,2.523517,0.691236,12.415502,0.05885,13.525648,2.490015,0.096473
759,977,BotTato,Siriusly,1710,1392,1,0,0,5.652125,0.12592,0.22196,1,0,0,1,2.102914,0.861828,5.258421,0.05885,0.682729,2.308242,0.200824
759,981,BotTato,KoB,1710,1499,14,0,0,18.652125,0.12592,0.22196,13,1,0,14,2.541481,0.771114,16.810191,0.05885,2.130959,2.49091,0.112853
759,998,BotTato,LordSuperKing,1710,1656,11,0,0,15.652125,0.12592,0.22196,6,5,0,11,2.616981,0.577092,8.8515,0.05885,7.08965,2.533333,0.122979
759,1007,BotTato,SharkGull,1710,1605,5,0,0,9.652125,0.12592,0.22196,4,1,0,5,2.534306,0.646669,7.195288,0.05885,2.745862,2.441807,0.155557
759,1008,BotTato,Creepy_canon,1710,1587,0,0,0,4.652125,0.12592,0.22196,0,0,0,0,,0.669969,3.310417,0.05885,1.630733,2.349308,0.219992
759,1023,BotTato,MY_SCRIPTING_SON,1710,1275,1,0,1,5.652125,0.12592,1.22196,1,0,0,1,1.880991,0.924426,5.567728,0.05885,0.373422,2.271255,0.200824
759,1026,BotTato,WildLupo,1710,1199,0,0,0,4.652125,0.12592,0.22196,0,0,0,0,,0.949863,4.693414,0.05885,0.247736,2.349308,0.219992
759,1029,BotTato,Chomppet,1710,1600,0,0,0,4.652125,0.12592,0.22196,0,0,0,0,,0.653217,3.227644,0.05885,1.713506,2.349308,0.219992
759,1030,BotTato,who,1710,1924,42,0,0,46.652125,0.12592,0.22196,27,15,0,42,2.012543,0.225852,28.115969,0.05885,18.825181,2.048369,0.071753
759,1032,BotTato,WaterLeak,1710,1607,29,0,0,33.652125,0.12592,0.22196,26,3,0,29,2.544684,0.644034,29.182268,0.05885,4.758882,2.515953,0.084363
759,1038,BotTato,PolyMorph,1710,1463,3,0,0,7.652125,0.12592,0.22196,3,0,0,3,2.263357,0.805628,6.980727,0.05885,0.960423,2.317076,0.173919
759,1042,BotTato,Creepy_duo_canon,1710,1386,2,0,0,6.652125,0.12592,0.22196,2,0,0,2,2.063038,0.86589,6.27849,0.05885,0.66266,2.267517,0.185927
759,1044,BotTato,DoopyBot,1710,1418,5,0,0,9.652125,0.12592,0.22196,5,0,0,5,2.341952,0.843022,9.165498,0.05885,0.775652,2.34563,0.155557
759,1045,BotTato,tito,1710,1801,38,0,2,42.652125,0.12592,2.22196,5,33,0,38,2.553538,0.371955,6.837886,0.05885,36.103264,2.52979,0.075016
759,1049,BotTato,TheCatSC2Bot,1710,970,1,0,0,5.652125,0.12592,0.22196,1,0,0,1,1.80171,0.986071,5.872327,0.05885,0.068823,2.258042,0.200824
759,1050,BotTato,onlyfans,1710,1517,8,0,0,12.652125,0.12592,0.22196,7,1,0,8,2.392766,0.752315,10.717301,0.05885,2.223849,2.376051,0.136433
759,1052,BotTato,Starlight,1710,1204,1,0,0,5.652125,0.12592,0.22196,1,0,0,1,3.220475,0.948474,5.686553,0.05885,0.254597,2.494502,0.200824
759,1054,BotTato,JimmyBotZ,1710,1724,12,0,0,16.652125,0.12592,0.22196,12,0,0,12,2.469902,0.479863,14.371076,0.05885,2.570074,2.434433,0.119307
759,1056,BotTato,bilisaur,1710,1600,0,0,0,4.652125,0.12592,0.22196,0,0,0,0,,0.653217,3.227644,0.05885,1.713506,2.349308,0.219992
759,1057,BotTato,DoopyBot-Test,1710,1238,0,0,0,4.652125,0.12592,0.22196,0,0,0,0,,0.938025,4.634924,0.05885,0.306226,2.349308,0.219992
759,1058,BotTato,JimmyBotP,1710,1711,7,0,0,11.652125,0.12592,0.22196,5,2,0,7,2.234566,0.498561,7.463464,0.05885,4.477686,2.282375,0.142004
759,1059,BotTato,NextProBot,1710,1600,0,0,0,4.652125,0.12592,0.22196,0,0,0,0,,0.653217,3.227644,0.05885,1.713506,2.349308,0.219992
759,1060,BotTato,WildFire,1710,1709,17,1,0,21.652125,1.12592,0.22196,11,6,0,17,2.806658,0.501439,13.477686,0.05885,8.463464,2.702715,0.104877
759,1065,BotTato,MindMatrix,1710,1514,1,0,0,5.652125,0.12592,0.22196,1,0,0,1,2.409644,0.755519,4.733132,0.05885,1.208018,2.359364,0.200824
759,1066,BotTato,CompetitiveBotTest,1710,1482,0,0,0,4.652125,0.12592,0.22196,0,0,0,0,,0.787927,3.893264,0.05885,1.047886,2.349308,0.219992
759,1067,BotTato,Hello_world,1710,1600,0,0,0,4.652125,0.12592,0.22196,0,0,0,0,,0.653217,3.227644,0.05885,1.713506,2.349308,0.219992
759,1078,BotTato,LoremIpsum,1710,1242,0,0,0,4.652125,0.12592,0.22196,0,0,0,0,,0.936673,4.628242,0.05885,0.312908,2.349308,0.219992
759,1079,BotTato,JimmyBotT,1710,1675,5,0,0,9.652125,0.12592,0.22196,5,0,0,5,2.393076,0.550199,7.718618,0.05885,2.222532,2.371192,0.155557
759,1080,BotTato,JimmyBot,1710,1675,5,0,0,9.652125,0.12592,0.22196,5,0,0,5,2.309751,0.550199,7.718618,0.05885,2.222532,2.32953,0.155557
759,1081,BotTato,ArtZerg,1710,1537,4,0,0,8.652125,0.12592,0.22196,1,3,0,4,2.147043,0.730245,4.608252,0.05885,4.332898,2.259412,0.163972
759,1082,BotTato,Dasyatis,1710,1573,1,0,0,5.652125,0.12592,0.22196,1,0,0,1,2.360854,0.687538,4.39723,0.05885,1.54392,2.351232,0.200824
759,1084,BotTato,ZippyZap,1710,1457,0,0,0,4.652125,0.12592,0.22196,0,0,0,0,,0.810979,4.00717,0.05885,0.93398,2.349308,0.219992
759,1085,BotTato,AgoraLord,1710,1430,0,0,0,4.652125,0.12592,0.22196,0,0,0,0,,0.833662,4.119251,0.05885,0.821899,2.349308,0.219992
759,1086,BotTato,CherBoiBlue,1710,1500,0,0,0,4.652125,0.12592,0.22196,0,0,0,0,,0.770097,3.805163,0.05885,1.135987,2.349308,0.219992
759,1087,BotTato,SwarmLord2,1710,1533,0,0,0,4.652125,0.12592,0.22196,0,0,0,0,,0.734757,3.630545,0.05885,1.310605,2.349308,0.219992
759,1088,BotTato,SwarmLord3,1710,1562,0,0,0,4.652125,0.12592,0.22196,0,0,0,0,,0.700977,3.463634,0.05885,1.477516,2.349308,0.219992
759,1089,BotTato,WorkingAsIntended,1710,1596,0,0,0,4.652125,0.12592,0.22196,0,0,0,0,,0.658415,3.253325,0.05885,1.687825,2.349308,0.219992
779,797,oberon,WickedBot,1472,1707,1,0,0,5.652125,0.12592,0.22196,0,1,0,1,2.415021,0.205418,1.015002,0.05885,4.926148,2.36026,0.200824
779,809,oberon,PrimordialOrigin,1472,1258,51,5,5,55.652125,5.12592,5.22196,22,26,3,51,2.299936,0.774148,25.825181,3.05885,27.115969,2.304344,0.065735
779,813,oberon,MewCombatMicro,1472,1511,1,0,0,5.652125,0.12592,0.22196,1,0,0,1,2.059239,0.444109,3.194409,0.05885,2.746741,2.300963,0.200824
779,827,oberon,smokinggunbot,1472,1579,6,0,0,10.652125,0.12592,0.22196,1,5,0,6,2.565476,0.350705,2.732886,0.05885,8.208264,2.467218,0.148318
779,832,oberon,muravev,1472,1632,1,0,0,5.652125,0.12592,0.22196,0,1,0,1,2.477378,0.284747,1.406979,0.05885,4.534171,2.370653,0.200824
779,836,oberon,muravevTerran,1472,1477,9,0,0,13.652125,0.12592,0.22196,8,0,1,9,2.121297,0.492805,10.435023,1.05885,2.506127,2.202729,0.13147
779,858,oberon,Crawler,1472,1562,11,0,0,15.652125,0.12592,0.22196,6,5,0,11,2.455363,0.373301,7.844536,0.05885,8.096614,2.422221,0.122979
779,876,oberon,GenesisLotus,1472,1411,53,1,0,57.652125,1.12592,0.22196,26,27,0,53,2.184212,0.586895,28.899936,0.05885,29.041214,2.198444,0.064592
779,901,oberon,clone,1472,1667,1,0,0,5.652125,0.12592,0.22196,0,1,0,1,2.631169,0.245546,1.213279,0.05885,4.727871,2.396285,0.200824
779,930,oberon,SiriusBot,1472,1519,32,0,0,36.652125,0.12592,0.22196,2,30,0,32,2.548627,0.432771,4.138387,0.05885,32.802763,2.521692,0.08087
779,939,oberon,RustyNikolaj,1472,1539,28,1,0,32.652125,1.12592,0.22196,0,21,7,28,2.727829,0.404757,1.999965,7.05885,23.941185,2.670477,0.085632
779,940,oberon,Princess-Mika-Test,1472,1524,31,4,2,35.652125,4.12592,2.22196,2,27,2,31,2.83712,0.42572,4.103545,2.05885,29.837605,2.769368,0.081986
779,943,oberon,puck,1472,1529,39,9,0,43.652125,9.12592,0.22196,17,21,1,39,2.514557,0.418699,19.068852,1.05885,23.872298,2.495779,0.074159
779,948,oberon,titania,1472,1185,22,7,0,26.652125,7.12592,0.22196,15,3,4,22,3.264538,0.839175,19.146491,4.05885,3.794659,3.095051,0.094669
779,953,oberon,ZeratulsRevengeTest,1472,1702,1,0,0,5.652125,0.12592,0.22196,0,0,1,1,2.973487,0.210156,1.038411,1.05885,3.902739,2.453338,0.200824
779,959,oberon,ur_moms_a_ho,1472,1600,0,0,0,4.652125,0.12592,0.22196,0,0,0,0,,0.323698,1.599442,0.05885,3.341708,2.349308,0.219992
779,960,oberon,BigDaddy,1472,1637,0,0,0,4.652125,0.12592,0.22196,0,0,0,0,,0.278922,1.378194,0.05885,3.562956,2.349308,0.219992
779,961,oberon,AvocaDOS,1472,1751,1,0,0,5.652125,0.12592,0.22196,0,1,0,1,2.04122,0.167137,0.825851,0.05885,5.115299,2.29796,0.200824
779,962,oberon,AvocaDEV,1472,1700,1,0,0,5.652125,0.12592,0.22196,0,1,0,1,2.880882,0.212073,1.047886,0.05885,4.893264,2.437904,0.200824
779,966,oberon,ArgoBot,1472,1909,1,0,0,5.652125,0.12592,0.22196,0,1,0,1,2.346602,0.074774,0.369467,0.05885,5.571683,2.348857,0.200824
779,970,oberon,TheLAW,1472,1576,6,0,0,10.652125,0.12592,0.22196,0,6,0,6,2.081936,0.354648,1.752367,0.05885,9.188783,2.203469,0.148318
779,971,oberon,Nothing,1472,1570,3,0,0,7.652125,0.12592,0.22196,1,2,0,3,1.909965,0.362592,2.79162,0.05885,5.14953,2.184554,0.173919
779,977,oberon,Siriusly,1472,1392,50,7,0,54.652125,7.12592,0.22196,13,32,5,50,2.881577,0.613137,16.029601,5.05885,33.911549,2.833189,0.06633
779,981,oberon,KoB,1472,1499,27,4,0,31.652125,4.12592,0.22196,10,16,1,27,2.782749,0.461222,12.278967,1.05885,18.662183,2.715024,0.086959
779,998,oberon,LordSuperKing,1472,1656,1,0,0,5.652125,0.12592,0.22196,0,1,0,1,2.573375,0.257464,1.27217,0.05885,4.66898,2.386653,0.200824
779,1007,oberon,SharkGull,1472,1605,1,0,0,5.652125,0.12592,0.22196,0,1,0,1,3.079154,0.31743,1.568467,0.05885,4.372683,2.470949,0.200824
779,1008,oberon,Creepy_canon,1472,1587,0,0,0,4.652125,0.12592,0.22196,0,0,0,0,,0.340292,1.681434,0.05885,3.259716,2.349308,0.219992
779,1023,oberon,MY_SCRIPTING_SON,1472,1275,24,1,34,28.652125,1.12592,34.22196,4,17,3,24,2.904274,0.756581,7.738378,3.05885,18.202772,2.80859,0.091347
779,1026,oberon,WildLupo,1472,1199,48,7,0,52.652125,7.12592,0.22196,26,21,1,48,2.519982,0.827999,30.091269,1.05885,21.849881,2.503881,0.06757
779,1029,oberon,Chomppet,1472,1600,0,0,0,4.652125,0.12592,0.22196,0,0,0,0,,0.323698,1.599442,0.05885,3.341708,2.349308,0.219992
779,1030,oberon,who,1472,1924,0,0,0,4.652125,0.12592,0.22196,0,0,0,0,,0.069015,0.341013,0.05885,4.600137,2.349308,0.219992
779,1032,oberon,WaterLeak,1472,1607,0,0,0,4.652125,0.12592,0.22196,0,0,0,0,,0.31494,1.556168,0.05885,3.384982,2.349308,0.219992
779,1038,oberon,PolyMorph,1472,1463,51,2,0,55.652125,2.12592,0.22196,0,50,1,51,2.708477,0.512949,2.534559,1.05885,52.406591,2.676408,0.065735
779,1042,oberon,Creepy_duo_canon,1472,1386,29,2,4,33.652125,2.12592,4.22196,16,13,0,29,1.891587,0.621297,19.06992,0.05885,14.87123,1.958899,0.084363
779,1044,oberon,DoopyBot,1472,1418,34,1,2,38.652125,1.12592,2.22196,0,33,1,34,2.601562,0.577092,2.8515,1.05885,35.08965,2.569222,0.07877
779,1045,oberon,tito,1472,1801,0,0,0,4.652125,0.12592,0.22196,0,0,0,0,,0.130803,0.646318,0.05885,4.294832,2.349308,0.219992
779,1049,oberon,TheCatSC2Bot,1472,970,56,4,1,60.652125,4.12592,1.22196,55,0,1,56,2.162269,0.947337,59.680935,1.05885,0.260215,2.1776,0.062983
779,1050,oberon,onlyfans,1472,1517,32,0,0,36.652125,0.12592,0.22196,5,26,1,32,2.520113,0.4356,7.152363,1.05885,28.788787,2.497031,0.08087
779,1052,oberon,Starlight,1472,1204,44,8,0,48.652125,8.12592,0.22196,27,16,1,44,2.665968,0.823862,31.070823,1.05885,16.870327,2.633656,0.070274
779,1054,oberon,JimmyBotZ,1472,1724,9,0,0,13.652125,0.12592,0.22196,0,9,0,9,2.628714,0.189905,0.938348,0.05885,13.002802,2.528926,0.13147
779,1056,oberon,bilisaur,1472,1600,0,0,0,4.652125,0.12592,0.22196,0,0,0,0,,0.323698,1.599442,0.05885,3.341708,2.349308,0.219992
779,1057,oberon,DoopyBot-Test,1472,1238,29,3,1,33.652125,3.12592,1.22196,0,29,0,29,2.722145,0.793641,3.921498,0.05885,30.019652,2.667316,0.084363
779,1058,oberon,JimmyBotP,1472,1711,17,1,0,21.652125,1.12592,0.22196,4,13,0,17,2.439579,0.201685,4.996557,0.05885,16.944593,2.419063,0.104877
779,1059,oberon,NextProBot,1472,1600,0,0,0,4.652125,0.12592,0.22196,0,0,0,0,,0.323698,1.599442,0.05885,3.341708,2.349308,0.219992
779,1060,oberon,WildFire,1472,1709,1,0,0,5.652125,0.12592,0.22196,0,1,0,1,2.689886,0.203545,1.005748,0.05885,4.935402,2.406071,0.200824
779,1065,oberon,MindMatrix,1472,1514,19,0,0,23.652125,0.12592,0.22196,6,13,0,19,2.604814,0.43985,8.173364,0.05885,15.767786,2.551583,0.100412
779,1066,oberon,CompetitiveBotTest,1472,1482,1,0,0,5.652125,0.12592,0.22196,1,0,0,1,1.99061,0.485613,3.399486,0.05885,2.541664,2.289525,0.200824
779,1067,oberon,Hello_world,1472,1600,0,0,0,4.652125,0.12592,0.22196,0,0,0,0,,0.323698,1.599442,0.05885,3.341708,2.349308,0.219992
779,1078,oberon,LoremIpsum,1472,1242,15,6,0,19.652125,6.12592,0.22196,3,11,1,15,3.100761,0.789844,6.902739,1.05885,12.038411,2.912898,0.109996
779,1079,oberon,JimmyBotT,1472,1675,2,0,0,6.652125,0.12592,0.22196,1,1,0,2,2.329672,0.237115,2.171621,0.05885,4.769529,2.343698,0.185927
779,1080,oberon,JimmyBot,1472,1675,2,0,0,6.652125,0.12592,0.22196,0,2,0,2,2.562561,0.237115,1.171621,0.05885,5.769529,2.410237,0.185927
779,1081,oberon,ArtZerg,1472,1537,2,0,0,6.652125,0.12592,0.22196,2,0,0,2,2.497341,0.407534,4.013685,0.05885,2.927465,2.391603,0.185927
779,1082,oberon,Dasyatis,1472,1573,9,0,1,13.652125,0.12592,1.22196,4,5,0,9,2.063657,0.35861,5.771945,0.05885,8.169205,2.165675,0.13147
779,1084,oberon,ZippyZap,1472,1457,0,0,1,4.652125,0.12592,1.22196,0,0,0,0,,0.521573,2.577172,0.05885,2.363978,2.349308,0.219992
779,1085,oberon,AgoraLord,1472,1430,1,2,0,5.652125,2.12592,0.22196,0,1,0,1,2.834976,0.56015,2.767786,0.05885,3.173364,2.430253,0.200824
779,1086,oberon,CherBoiBlue,1472,1500,1,0,0,5.652125,0.12592,0.22196,0,1,0,1,2.975019,0.459792,2.2719,0.05885,3.66925,2.453593,0.200824
779,1087,oberon,SwarmLord2,1472,1533,1,0,0,5.652125,0.12592,0.22196,1,0,0,1,3.420346,0.413105,3.041214,0.05885,2.899936,2.527814,0.200824
779,1088,oberon,SwarmLord3,1472,1562,1,0,0,5.652125,0.12592,0.22196,0,1,0,1,2.862201,0.373301,1.844536,0.05885,4.096614,2.43479,0.200824
779,1089,oberon,WorkingAsIntended,1472,1596,1,0,0,5.652125,0.12592,0.22196,1,0,0,1,2.574138,0.328759,2.62445,0.05885,3.3167,2.38678,0.200824
797,809,WickedBot,PrimordialOrigin,1707,1258,1,0,1,5.652125,0.12592,1.22196,1,0,0,1,2.231089,0.929867,5.594614,0.05885,0.346536,2.329605,0.200824
797,813,WickedBot,MewCombatMicro,1707,1511,0,0,0,4.652125,0.12592,0.22196,0,0,0,0,,0.755519,3.733132,0.05885,1.208018,2.349308,0.219992
797,827,WickedBot,smokinggunbot,1707,1579,21,0,1,25.652125,0.12592,1.22196,21,0,0,21,2.443921,0.676302,24.341708,0.05885,1.599442,2.425726,0.096473
797,832,WickedBot,muravev,1707,1632,14,0,0,18.652125,0.12592,0.22196,13,1,0,14,3.0169,0.606288,15.995759,0.05885,2.945391,2.841218,0.112853
797,836,WickedBot,muravevTerran,1707,1477,0,0,0,4.652125,0.12592,0.22196,0,0,0,0,,0.789844,3.902739,0.05885,1.038411,2.349308,0.219992
797,858,WickedBot,Crawler,1707,1562,13,0,1,17.652125,0.12592,1.22196,13,0,0,13,2.248977,0.697345,16.445687,0.05885,1.495463,2.276847,0.115946
797,876,WickedBot,GenesisLotus,1707,1411,2,0,2,6.652125,0.12592,2.22196,2,0,0,2,2.461304,0.846045,6.180436,0.05885,0.760714,2.381307,0.185927
797,901,WickedBot,clone,1707,1667,26,0,0,30.652125,0.12592,0.22196,9,17,0,26,2.417688,0.557312,11.75376,0.05885,19.18739,2.406659,0.088351
797,930,WickedBot,SiriusBot,1707,1519,13,0,0,17.652125,0.12592,0.22196,13,0,0,13,2.225969,0.746913,16.690609,0.05885,1.250541,2.26023,0.115946
797,939,WickedBot,RustyNikolaj,1707,1539,5,0,0,9.652125,0.12592,0.22196,4,1,0,5,2.58889,0.724538,7.580052,0.05885,2.361098,2.469099,0.155557
797,940,WickedBot,Princess-Mika-Test,1707,1524,8,0,0,12.652125,0.12592,0.22196,7,0,1,8,2.625082,0.741434,10.663534,1.05885,1.277616,2.519015,0.136433
797,943,WickedBot,puck,1707,1529,6,0,0,10.652125,0.12592,0.22196,4,2,0,6,2.403134,0.735877,7.636081,0.05885,3.305069,2.378668,0.148318
797,948,WickedBot,titania,1707,1185,1,0,0,5.652125,0.12592,0.22196,1,0,0,1,2.09679,0.952794,5.707897,0.05885,0.233253,2.307222,0.200824
797,953,WickedBot,ZeratulsRevengeTest,1707,1702,15,0,0,19.652125,0.12592,0.22196,13,2,0,15,2.292039,0.507195,15.506127,0.05885,4.435023,2.306356,0.109996
797,959,WickedBot,ur_moms_a_ho,1707,1600,0,0,0,4.652125,0.12592,0.22196,0,0,0,0,,0.649295,3.208264,0.05885,1.732886,2.349308,0.219992
797,960,WickedBot,BigDaddy,1707,1637,22,0,2,26.652125,0.12592,2.22196,16,5,1,22,2.367752,0.599397,18.961709,1.05885,6.979441,2.364336,0.094669
797,961,WickedBot,AvocaDOS,1707,1751,38,1,1,42.652125,1.12592,1.22196,32,6,0,38,2.492479,0.437015,34.159358,0.05885,8.781792,2.475831,0.075016
797,962,WickedBot,AvocaDEV,1707,1700,6,0,0,10.652125,0.12592,0.22196,5,1,0,6,2.47886,0.510072,7.520344,0.05885,3.420806,2.419973,0.148318
797,966,WickedBot,ArgoBot,1707,1909,34,0,2,38.652125,0.12592,2.22196,0,34,0,34,2.711383,0.238158,1.176774,0.05885,37.764376,2.664963,0.07877
797,970,WickedBot,TheLAW,1707,1576,16,0,5,20.652125,0.12592,5.22196,11,5,0,16,2.284856,0.680071,14.360331,0.05885,6.580819,2.300202,0.107345
797,971,WickedBot,Nothing,1707,1570,20,0,1,24.652125,0.12592,1.22196,17,3,0,20,2.372743,0.687538,20.39723,0.05885,4.54392,2.368056,0.098383
797,977,WickedBot,Siriusly,1707,1392,3,0,1,7.652125,0.12592,1.22196,3,0,0,3,2.290286,0.859759,7.248196,0.05885,0.692954,2.327175,0.173919
797,981,WickedBot,KoB,1707,1499,10,0,0,14.652125,0.12592,0.22196,6,4,0,10,2.286889,0.768052,9.79506,0.05885,5.14609,2.307695,0.127012
797,998,WickedBot,LordSuperKing,1707,1656,13,0,0,17.652125,0.12592,0.22196,5,8,0,13,2.869866,0.572872,7.830648,0.05885,10.110502,2.725266,0.115946
797,1007,WickedBot,SharkGull,1707,1605,3,0,0,7.652125,0.12592,0.22196,3,0,0,3,2.622499,0.642713,6.175742,0.05885,1.765408,2.451755,0.173919
797,1008,WickedBot,Creepy_canon,1707,1587,0,0,0,4.652125,0.12592,0.22196,0,0,0,0,,0.666139,3.291495,0.05885,1.649655,2.349308,0.219992
797,1023,WickedBot,MY_SCRIPTING_SON,1707,1275,0,0,3,4.652125,0.12592,3.22196,0,0,0,0,,0.923211,4.561722,0.05885,0.379428,2.349308,0.219992
797,1026,WickedBot,WildLupo,1707,1199,1,0,0,5.652125,0.12592,0.22196,1,0,0,1,2.179287,0.949034,5.689319,0.05885,0.251831,2.320971,0.200824
797,1029,WickedBot,Chomppet,1707,1600,0,0,0,4.652125,0.12592,0.22196,0,0,0,0,,0.649295,3.208264,0.05885,1.732886,2.349308,0.219992
797,1030,WickedBot,who,1707,1924,37,0,2,41.652125,0.12592,2.22196,5,32,0,37,1.802208,0.222847,6.10112,0.05885,35.84003,1.867339,0.075904
797,1032,WickedBot,WaterLeak,1707,1607,19,2,2,23.652125,2.12592,2.22196,3,16,0,19,1.958681,0.640065,6.162657,0.05885,17.778493,2.040062,0.100412
797,1038,WickedBot,PolyMorph,1707,1463,4,0,0,8.652125,0.12592,0.22196,4,0,0,4,2.245464,0.802909,7.967295,0.05885,0.973855,2.303155,0.163972
797,1042,WickedBot,Creepy_duo_canon,1707,1386,1,0,0,5.652125,0.12592,0.22196,1,0,0,1,2.155245,0.863871,5.268519,0.05885,0.672631,2.316964,0.200824
797,1044,WickedBot,DoopyBot,1707,1418,6,0,0,10.652125,0.12592,0.22196,6,0,0,6,2.352082,0.840723,10.154139,0.05885,0.787011,2.350821,0.148318
797,1045,WickedBot,tito,1707,1801,34,0,0,38.652125,0.12592,0.22196,3,31,0,34,2.500176,0.36793,4.817997,0.05885,34.123153,2.480834,0.07877
797,1049,WickedBot,TheCatSC2Bot,1707,970,2,0,0,6.652125,0.12592,0.22196,2,0,0,2,2.069125,0.985832,6.871145,0.05885,0.070005,2.269256,0.185927
797,1050,WickedBot,onlyfans,1707,1517,7,0,2,11.652125,0.12592,2.22196,7,0,0,7,2.393149,0.749083,10.701332,0.05885,1.239818,2.374882,0.142004
797,1052,WickedBot,Starlight,1707,1204,1,0,1,5.652125,0.12592,1.22196,1,0,0,1,2.219203,0.947624,5.68235,0.05885,0.2588,2.327624,0.200824
797,1054,WickedBot,JimmyBotZ,1707,1724,13,0,0,17.652125,0.12592,0.22196,12,1,0,13,2.770332,0.475555,14.349786,0.05885,3.591364,2.653381,0.115946
797,1056,WickedBot,bilisaur,1707,1600,0,0,0,4.652125,0.12592,0.22196,0,0,0,0,,0.649295,3.208264,0.05885,1.732886,2.349308,0.219992
797,1057,WickedBot,DoopyBot-Test,1707,1238,2,0,0,6.652125,0.12592,0.22196,2,0,0,2,2.231006,0.937014,6.629925,0.05885,0.311225,2.315507,0.185927
797,1058,WickedBot,JimmyBotP,1707,1711,6,0,0,10.652125,0.12592,0.22196,5,1,0,6,2.277137,0.494244,7.442133,0.05885,3.499017,2.309942,0.148318
797,1059,WickedBot,NextProBot,1707,1600,0,0,0,4.652125,0.12592,0.22196,0,0,0,0,,0.649295,3.208264,0.05885,1.732886,2.349308,0.219992
797,1060,WickedBot,WildFire,1707,1709,18,0,1,22.652125,0.12592,1.22196,0,18,0,18,2.213135,0.497122,2.456353,0.05885,20.484797,2.242738,0.102572
797,1065,WickedBot,MindMatrix,1707,1514,3,0,0,7.652125,0.12592,0.22196,2,1,0,3,2.300406,0.752315,5.717301,0.05885,2.223849,2.33097,0.173919
797,1066,WickedBot,CompetitiveBotTest,1707,1482,0,0,0,4.652125,0.12592,0.22196,0,0,0,0,,0.785027,3.878935,0.05885,1.062215,2.349308,0.219992
797,1067,WickedBot,Hello_world,1707,1600,0,0,0,4.652125,0.12592,0.22196,0,0,0,0,,0.649295,3.208264,0.05885,1.732886,2.349308,0.219992
797,1078,WickedBot,LoremIpsum,1707,1242,0,0,0,4.652125,0.12592,0.22196,0,0,0,0,,0.935641,4.623143,0.05885,0.318007,2.349308,0.219992
797,1079,WickedBot,JimmyBotT,1707,1675,3,1,0,7.652125,1.12592,0.22196,3,0,0,3,2.457115,0.545922,5.697482,0.05885,2.243668,2.389736,0.173919
797,1080,WickedBot,JimmyBot,1707,1675,4,0,0,8.652125,0.12592,0.22196,3,1,0,4,2.164438,0.545922,5.697482,0.05885,3.243668,2.267144,0.163972
797,1081,WickedBot,ArtZerg,1707,1537,4,0,0,8.652125,0.12592,0.22196,0,4,0,4,1.920714,0.72683,3.591376,0.05885,5.349774,2.158822,0.163972
797,1082,WickedBot,Dasyatis,1707,1573,1,0,0,5.652125,0.12592,0.22196,1,0,0,1,2.573375,0.683816,4.378839,0.05885,1.562311,2.386653,0.200824
797,1084,WickedBot,ZippyZap,1707,1457,0,0,0,4.652125,0.12592,0.22196,0,0,0,0,,0.808318,3.994019,0.05885,0.947131,2.349308,0.219992
797,1085,WickedBot,AgoraLord,1707,1430,1,0,0,5.652125,0.12592,0.22196,1,0,0,1,2.095561,0.831254,5.10735,0.05885,0.8338,2.307017,0.200824
797,1086,WickedBot,CherBoiBlue,1707,1500,0,0,0,4.652125,0.12592,0.22196,0,0,0,0,,0.767025,3.789985,0.05885,1.151165,2.349308,0.219992
797,1087,WickedBot,SwarmLord2,1707,1533,0,0,0,4.652125,0.12592,0.22196,0,0,0,0,,0.731378,3.613848,0.05885,1.327302,2.349308,0.219992
797,1088,WickedBot,SwarmLord3,1707,1562,0,0,0,4.652125,0.12592,0.22196,0,0,0,0,,0.697345,3.445687,0.05885,1.495463,2.349308,0.219992
797,1089,WickedBot,WorkingAsIntended,1707,1596,0,0,0,4.652125,0.12592,0.22196,0,0,0,0,,0.65452,3.234081,0.05885,1.707069,2.349308,0.219992
809,813,PrimordialOrigin,MewCombatMicro,1258,1511,1,0,0,5.652125,0.12592,0.22196,1,0,0,1,1.95586,0.189021,1.93398,0.05885,4.00717,2.283733,0.200824
809,827,PrimordialOrigin,smokinggunbot,1258,1579,6,0,0,10.652125,0.12592,0.22196,0,6,0,6,2.534045,0.136129,0.672631,0.05885,10.268519,2.450074,0.148318
809,832,PrimordialOrigin,muravev,1258,1632,1,0,0,5.652125,0.12592,0.22196,0,1,0,1,2.761907,0.104059,0.514171,0.05885,5.426979,2.418074,0.200824
809,836,PrimordialOrigin,muravevTerran,1258,1477,8,0,1,12.652125,0.12592,1.22196,0,8,0,8,2.749621,0.220859,1.091299,0.05885,11.849851,2.595654,0.136433
809,858,PrimordialOrigin,Crawler,1258,1562,12,0,0,16.652125,0.12592,0.22196,0,12,0,12,1.838689,0.148052,0.731545,0.05885,16.209605,1.988871,0.119307
809,876,PrimordialOrigin,GenesisLotus,1258,1411,47,0,6,51.652125,0.12592,6.22196,34,11,2,47,2.423478,0.293025,35.447879,2.05885,14.493271,2.416346,0.068216
809,901,PrimordialOrigin,clone,1258,1667,0,0,0,4.652125,0.12592,0.22196,0,0,0,0,,0.086717,0.428483,0.05885,4.512667,2.349308,0.219992
809,930,PrimordialOrigin,SiriusBot,1258,1519,28,1,2,32.652125,1.12592,2.22196,5,23,0,28,2.208434,0.182062,5.899597,0.05885,27.041553,2.229778,0.085632
809,939,PrimordialOrigin,RustyNikolaj,1258,1539,28,1,0,32.652125,1.12592,0.22196,0,28,0,28,2.434331,0.165541,0.817962,0.05885,32.123188,2.421449,0.085632
809,940,PrimordialOrigin,Princess-Mika-Test,1258,1524,34,1,8,38.652125,1.12592,8.22196,6,28,0,34,2.480124,0.177815,6.878613,0.05885,32.062537,2.463353,0.07877
809,943,PrimordialOrigin,puck,1258,1529,34,7,8,38.652125,7.12592,8.22196,10,19,5,34,2.921413,0.173646,10.858013,5.05885,23.083137,2.848066,0.07877
809,948,PrimordialOrigin,titania,1258,1185,20,8,10,24.652125,8.12592,10.22196,17,1,2,20,2.787043,0.603536,19.982163,2.05885,2.958987,2.699496,0.098383
809,953,PrimordialOrigin,ZeratulsRevengeTest,1258,1702,1,0,0,5.652125,0.12592,0.22196,0,1,0,1,1.360977,0.072033,0.355927,0.05885,5.585223,2.184586,0.200824
809,959,PrimordialOrigin,ur_moms_a_ho,1258,1600,0,0,0,4.652125,0.12592,0.22196,0,0,0,0,,0.122527,0.605427,0.05885,4.335723,2.349308,0.219992
809,960,PrimordialOrigin,BigDaddy,1258,1637,0,0,0,4.652125,0.12592,0.22196,0,0,0,0,,0.101406,0.501062,0.05885,4.440088,2.349308,0.219992
809,961,PrimordialOrigin,AvocaDOS,1258,1751,0,0,0,4.652125,0.12592,0.22196,0,0,0,0,,0.055308,0.273286,0.05885,4.667864,2.349308,0.219992
809,962,PrimordialOrigin,AvocaDEV,1258,1700,1,0,0,5.652125,0.12592,0.22196,0,1,0,1,2.503892,0.072807,0.359748,0.05885,5.581402,2.375072,0.200824
809,966,PrimordialOrigin,ArgoBot,1258,1909,1,0,0,5.652125,0.12592,0.22196,0,1,0,1,1.769855,0.023035,0.113817,0.05885,5.827333,2.252732,0.200824
809,970,PrimordialOrigin,TheLAW,1258,1576,5,0,0,9.652125,0.12592,0.22196,0,5,0,5,2.023706,0.138172,0.682729,0.05885,9.258421,2.186507,0.155557
809,971,PrimordialOrigin,Nothing,1258,1570,4,0,0,8.652125,0.12592,0.22196,0,4,0,4,2.006885,0.142337,0.703307,0.05885,8.237843,2.19712,0.163972
809,977,PrimordialOrigin,Siriusly,1258,1392,46,5,4,50.652125,5.12592,4.22196,16,29,1,46,2.420899,0.316184,17.562311,1.05885,32.378839,2.41388,0.068882
809,981,PrimordialOrigin,KoB,1258,1499,24,4,2,28.652125,4.12592,2.22196,15,9,0,24,2.305824,0.199838,15.987429,0.05885,12.953721,2.313321,0.091347
809,998,PrimordialOrigin,LordSuperKing,1258,1656,1,0,0,5.652125,0.12592,0.22196,0,1,0,1,2.465554,0.091865,0.453919,0.05885,5.487231,2.368682,0.200824
809,1007,PrimordialOrigin,SharkGull,1258,1605,1,0,0,5.652125,0.12592,0.22196,0,1,0,1,1.793425,0.119466,0.590302,0.05885,5.350848,2.256661,0.200824
809,1008,PrimordialOrigin,Creepy_canon,1258,1587,0,0,0,4.652125,0.12592,0.22196,0,0,0,0,,0.130803,0.646318,0.05885,4.294832,2.349308,0.219992
809,1023,PrimordialOrigin,MY_SCRIPTING_SON,1258,1275,17,1,42,21.652125,1.12592,42.22196,1,16,0,17,2.246346,0.475555,3.349786,0.05885,18.591364,2.269746,0.104877
809,1026,PrimordialOrigin,WildLupo,1258,1199,34,2,20,38.652125,2.12592,20.22196,31,3,0,34,2.469053,0.584101,33.88613,0.05885,5.05502,2.453701,0.07877
809,1029,PrimordialOrigin,Chomppet,1258,1600,0,0,0,4.652125,0.12592,0.22196,0,0,0,0,,0.122527,0.605427,0.05885,4.335723,2.349308,0.219992
809,1030,PrimordialOrigin,who,1258,1924,1,0,0,5.652125,0.12592,0.22196,0,1,0,1,2.228939,0.021169,0.104601,0.05885,5.836549,2.329246,0.200824
809,1032,PrimordialOrigin,WaterLeak,1258,1607,0,0,0,4.652125,0.12592,0.22196,0,0,0,0,,0.118261,0.584344,0.05885,4.356806,2.349308,0.219992
809,1038,PrimordialOrigin,PolyMorph,1258,1463,26,1,24,30.652125,1.12592,24.22196,6,20,0,26,2.830265,0.235039,7.161362,0.05885,23.779788,2.752692,0.088351
809,1042,PrimordialOrigin,Creepy_duo_canon,1258,1386,30,2,3,34.652125,2.12592,3.22196,4,26,0,30,1.688343,0.323698,5.599442,0.05885,29.341708,1.782766,0.083149
809,1044,PrimordialOrigin,DoopyBot,1258,1418,19,8,13,23.652125,8.12592,13.22196,4,14,1,19,2.819675,0.284747,5.406979,1.05885,17.534171,2.721682,0.100412
809,1045,PrimordialOrigin,tito,1258,1801,0,0,0,4.652125,0.12592,0.22196,0,0,0,0,,0.042057,0.207811,0.05885,4.733339,2.349308,0.219992
809,1049,PrimordialOrigin,TheCatSC2Bot,1258,970,54,0,9,58.652125,0.12592,9.22196,54,0,0,54,2.24266,0.839951,58.150322,0.05885,0.790828,2.251698,0.064042
809,1050,PrimordialOrigin,onlyfans,1258,1517,30,1,2,34.652125,1.12592,2.22196,9,19,2,30,2.560708,0.183783,9.9081,2.05885,23.03305,2.530508,0.083149
809,1052,PrimordialOrigin,Starlight,1258,1204,38,1,11,42.652125,1.12592,11.22196,33,3,2,38,2.475906,0.577092,35.8515,2.05885,5.08965,2.461185,0.075016
809,1054,PrimordialOrigin,JimmyBotZ,1258,1724,6,1,2,10.652125,1.12592,2.22196,2,4,0,6,2.556282,0.064013,2.316299,0.05885,8.624851,2.462203,0.148318
809,1056,PrimordialOrigin,bilisaur,1258,1600,0,0,0,4.652125,0.12592,0.22196,0,0,0,0,,0.122527,0.605427,0.05885,4.335723,2.349308,0.219992
809,1057,PrimordialOrigin,DoopyBot-Test,1258,1238,26,4,8,30.652125,4.12592,8.22196,7,19,0,26,2.732869,0.528751,9.612636,0.05885,21.328514,2.671004,0.088351
809,1058,PrimordialOrigin,JimmyBotP,1258,1711,16,0,1,20.652125,0.12592,1.22196,1,15,0,16,2.421725,0.068646,1.33919,0.05885,19.60196,2.404483,0.107345
809,1059,PrimordialOrigin,NextProBot,1258,1600,0,0,0,4.652125,0.12592,0.22196,0,0,0,0,,0.122527,0.605427,0.05885,4.335723,2.349308,0.219992
809,1060,PrimordialOrigin,WildFire,1258,1709,2,0,0,6.652125,0.12592,0.22196,0,2,0,2,2.118529,0.069386,0.342845,0.05885,6.598305,2.283371,0.185927
809,1065,PrimordialOrigin,MindMatrix,1258,1514,16,0,4,20.652125,0.12592,4.22196,4,12,0,16,2.345007,0.186388,4.92097,0.05885,16.02018,2.346031,0.107345
809,1066,PrimordialOrigin,CompetitiveBotTest,1258,1482,1,0,0,5.652125,0.12592,0.22196,1,0,0,1,1.967112,0.215946,2.067023,0.05885,3.874127,2.285609,0.200824
809,1067,PrimordialOrigin,Hello_world,1258,1600,0,0,0,4.652125,0.12592,0.22196,0,0,0,0,,0.122527,0.605427,0.05885,4.335723,2.349308,0.219992
809,1078,PrimordialOrigin,LoremIpsum,1258,1242,9,6,5,13.652125,6.12592,5.22196,6,3,0,9,2.567281,0.52301,8.584269,0.05885,5.356881,2.489434,0.13147
809,1079,PrimordialOrigin,JimmyBotT,1258,1675,0,1,1,4.652125,1.12592,1.22196,0,0,0,0,,0.083139,0.410801,0.05885,4.530349,2.349308,0.219992
809,1080,PrimordialOrigin,JimmyBot,1258,1675,1,0,1,5.652125,0.12592,1.22196,0,1,0,1,2.371178,0.083139,0.410801,0.05885,5.530349,2.352953,0.200824
809,1081,PrimordialOrigin,ArtZerg,1258,1537,2,0,0,6.652125,0.12592,0.22196,0,2,0,2,1.710591,0.167137,0.825851,0.05885,6.115299,2.166818,0.185927
809,1082,PrimordialOrigin,Dasyatis,1258,1573,10,0,0,14.652125,0.12592,0.22196,0,10,0,10,2.028423,0.140241,0.692954,0.05885,14.248196,2.135384,0.127012
809,1084,PrimordialOrigin,ZippyZap,1258,1457,0,0,1,4.652125,0.12592,1.22196,0,0,0,0,,0.241305,1.192326,0.05885,3.748824,2.349308,0.219992
809,1085,PrimordialOrigin,AgoraLord,1258,1430,1,2,0,5.652125,2.12592,0.22196,1,0,0,1,2.291524,0.27089,2.338508,0.05885,3.602642,2.339677,0.200824
809,1086,PrimordialOrigin,CherBoiBlue,1258,1500,1,0,0,5.652125,0.12592,0.22196,1,0,0,1,2.326302,0.198919,1.982889,0.05885,3.958261,2.345474,0.200824
809,1087,PrimordialOrigin,SwarmLord2,1258,1533,1,0,0,5.652125,0.12592,0.22196,0,1,0,1,2.016235,0.170367,0.84181,0.05885,5.09934,2.293796,0.200824
809,1088,PrimordialOrigin,SwarmLord3,1258,1562,1,0,0,5.652125,0.12592,0.22196,0,1,0,1,2.769459,0.148052,0.731545,0.05885,5.209605,2.419333,0.200824
809,1089,PrimordialOrigin,WorkingAsIntended,1258,1596,1,0,0,5.652125,0.12592,0.22196,0,1,0,1,1.788421,0.125025,0.617766,0.05885,5.323384,2.255827,0.200824
813,827,MewCombatMicro,smokinggunbot,1511,1579,0,0,0,4.652125,0.12592,0.22196,0,0,0,0,,0.403371,1.993116,0.05885,2.948034,2.349308,0.219992
813,832,MewCombatMicro,muravev,1511,1632,0,0,0,4.652125,0.12592,0.22196,0,0,0,0,,0.332582,1.643335,0.05885,3.297815,2.349308,0.219992
813,836,MewCombatMicro,muravevTerran,1511,1477,0,0,0,4.652125,0.12592,0.22196,0,0,0,0,,0.548774,2.711576,0.05885,2.229574,2.349308,0.219992
813,858,MewCombatMicro,Crawler,1511,1562,0,0,0,4.652125,0.12592,0.22196,0,0,0,0,,0.427128,2.110502,0.05885,2.830648,2.349308,0.219992
813,876,MewCombatMicro,GenesisLotus,1511,1411,1,0,0,5.652125,0.12592,0.22196,0,1,0,1,2.005526,0.640065,3.162657,0.05885,2.778493,2.292011,0.200824
813,901,MewCombatMicro,clone,1511,1667,0,0,0,4.652125,0.12592,0.22196,0,0,0,0,,0.28946,1.430265,0.05885,3.510885,2.349308,0.219992
813,930,MewCombatMicro,SiriusBot,1511,1519,0,0,0,4.652125,0.12592,0.22196,0,0,0,0,,0.488489,2.413698,0.05885,2.527452,2.349308,0.219992
813,939,MewCombatMicro,RustyNikolaj,1511,1539,0,0,0,4.652125,0.12592,0.22196,0,0,0,0,,0.459792,2.2719,0.05885,2.66925,2.349308,0.219992
813,940,MewCombatMicro,Princess-Mika-Test,1511,1524,0,0,0,4.652125,0.12592,0.22196,0,0,0,0,,0.4813,2.378177,0.05885,2.562973,2.349308,0.219992
813,943,MewCombatMicro,puck,1511,1529,1,0,0,5.652125,0.12592,0.22196,0,1,0,1,1.862529,0.474119,2.342693,0.05885,3.598457,2.268178,0.200824
813,948,MewCombatMicro,titania,1511,1185,0,0,0,4.652125,0.12592,0.22196,0,0,0,0,,0.867221,4.285069,0.05885,0.656081,2.349308,0.219992
813,953,MewCombatMicro,ZeratulsRevengeTest,1511,1702,0,0,0,4.652125,0.12592,0.22196,0,0,0,0,,0.249837,1.23448,0.05885,3.70667,2.349308,0.219992
813,959,MewCombatMicro,ur_moms_a_ho,1511,1600,0,0,0,4.652125,0.12592,0.22196,0,0,0,0,,0.374649,1.851195,0.05885,3.089955,2.349308,0.219992
813,960,MewCombatMicro,BigDaddy,1511,1637,0,0,0,4.652125,0.12592,0.22196,0,0,0,0,,0.326224,1.611921,0.05885,3.329229,2.349308,0.219992
813,961,MewCombatMicro,AvocaDOS,1511,1751,0,0,0,4.652125,0.12592,0.22196,0,0,0,0,,0.20076,0.991985,0.05885,3.949165,2.349308,0.219992
813,962,MewCombatMicro,AvocaDEV,1511,1700,0,0,0,4.652125,0.12592,0.22196,0,0,0,0,,0.252,1.245172,0.05885,3.695978,2.349308,0.219992
813,966,MewCombatMicro,ArgoBot,1511,1909,0,0,0,4.652125,0.12592,0.22196,0,0,0,0,,0.091865,0.453919,0.05885,4.487231,2.349308,0.219992
813,970,MewCombatMicro,TheLAW,1511,1576,0,0,0,4.652125,0.12592,0.22196,0,0,0,0,,0.407534,2.013685,0.05885,2.927465,2.349308,0.219992
813,971,MewCombatMicro,Nothing,1511,1570,0,0,0,4.652125,0.12592,0.22196,0,0,0,0,,0.415899,2.05502,0.05885,2.88613,2.349308,0.219992
813,977,MewCombatMicro,Siriusly,1511,1392,1,0,0,5.652125,0.12592,0.22196,0,1,0,1,1.539015,0.664858,3.285163,0.05885,2.655987,2.214259,0.200824
813,981,MewCombatMicro,KoB,1511,1499,0,0,0,4.652125,0.12592,0.22196,0,0,0,0,,0.517263,2.555872,0.05885,2.385278,2.349308,0.219992
813,998,MewCombatMicro,LordSuperKing,1511,1656,0,0,0,4.652125,0.12592,0.22196,0,0,0,0,,0.302655,1.495463,0.05885,3.445687,2.349308,0.219992
813,1007,MewCombatMicro,SharkGull,1511,1605,0,0,0,4.652125,0.12592,0.22196,0,0,0,0,,0.36793,1.817997,0.05885,3.123153,2.349308,0.219992
813,1008,MewCombatMicro,Creepy_canon,1511,1587,0,0,0,4.652125,0.12592,0.22196,0,0,0,0,,0.392339,1.938606,0.05885,3.002544,2.349308,0.219992
813,1023,MewCombatMicro,MY_SCRIPTING_SON,1511,1275,1,0,0,5.652125,0.12592,0.22196,0,1,0,1,1.819699,0.79552,3.930783,0.05885,2.010367,2.26104,0.200824
813,1026,MewCombatMicro,WildLupo,1511,1199,1,0,0,5.652125,0.12592,0.22196,0,1,0,1,2.243896,0.857663,4.237843,0.05885,1.703307,2.331739,0.200824
813,1029,MewCombatMicro,Chomppet,1511,1600,0,0,0,4.652125,0.12592,0.22196,0,0,0,0,,0.374649,1.851195,0.05885,3.089955,2.349308,0.219992
813,1030,MewCombatMicro,who,1511,1924,0,0,0,4.652125,0.12592,0.22196,0,0,0,0,,0.084911,0.419557,0.05885,4.521593,2.349308,0.219992
813,1032,MewCombatMicro,WaterLeak,1511,1607,0,0,0,4.652125,0.12592,0.22196,0,0,0,0,,0.365257,1.804788,0.05885,3.136362,2.349308,0.219992
813,1038,MewCombatMicro,PolyMorph,1511,1463,1,0,0,5.652125,0.12592,0.22196,0,1,0,1,2.122262,0.568641,2.809742,0.05885,3.131408,2.311467,0.200824
813,1042,MewCombatMicro,Creepy_duo_canon,1511,1386,1,0,0,5.652125,0.12592,0.22196,0,1,0,1,1.743969,0.67251,3.322971,0.05885,2.618179,2.248418,0.200824
813,1044,MewCombatMicro,DoopyBot,1511,1418,1,0,0,5.652125,0.12592,0.22196,0,1,0,1,2.438863,0.63073,3.116533,0.05885,2.824617,2.364234,0.200824
813,1045,MewCombatMicro,tito,1511,1801,0,0,0,4.652125,0.12592,0.22196,0,0,0,0,,0.158508,0.78321,0.05885,4.15794,2.349308,0.219992
813,1049,MewCombatMicro,TheCatSC2Bot,1511,970,1,0,0,5.652125,0.12592,0.22196,0,1,0,1,2.639057,0.957477,4.731035,0.05885,1.210115,2.3976,0.200824
813,1050,MewCombatMicro,onlyfans,1511,1517,1,0,0,5.652125,0.12592,0.22196,0,1,0,1,1.791759,0.491366,2.427914,0.05885,3.513236,2.256383,0.200824
813,1052,MewCombatMicro,Starlight,1511,1204,1,0,0,5.652125,0.12592,0.22196,0,1,0,1,2.122262,0.854113,4.220302,0.05885,1.720848,2.311467,0.200824
813,1054,MewCombatMicro,JimmyBotZ,1511,1724,0,0,0,4.652125,0.12592,0.22196,0,0,0,0,,0.22686,1.12095,0.05885,3.8202,2.349308,0.219992
813,1056,MewCombatMicro,bilisaur,1511,1600,0,0,0,4.652125,0.12592,0.22196,0,0,0,0,,0.374649,1.851195,0.05885,3.089955,2.349308,0.219992
813,1057,MewCombatMicro,DoopyBot-Test,1511,1238,0,0,1,4.652125,0.12592,1.22196,0,0,0,0,,0.827999,4.091269,0.05885,0.849881,2.349308,0.219992
813,1058,MewCombatMicro,JimmyBotP,1511,1711,0,0,0,4.652125,0.12592,0.22196,0,0,0,0,,0.240253,1.187126,0.05885,3.754024,2.349308,0.219992
813,1059,MewCombatMicro,NextProBot,1511,1600,0,0,0,4.652125,0.12592,0.22196,0,0,0,0,,0.374649,1.851195,0.05885,3.089955,2.349308,0.219992
813,1060,MewCombatMicro,WildFire,1511,1709,0,0,0,4.652125,0.12592,0.22196,0,0,0,0,,0.242361,1.197541,0.05885,3.743609,2.349308,0.219992
813,1065,MewCombatMicro,MindMatrix,1511,1514,0,0,0,4.652125,0.12592,0.22196,0,0,0,0,,0.495683,2.449243,0.05885,2.491907,2.349308,0.219992
813,1066,MewCombatMicro,CompetitiveBotTest,1511,1482,0,0,0,4.652125,0.12592,0.22196,0,0,0,0,,0.541638,2.676313,0.05885,2.264837,2.349308,0.219992
813,1067,MewCombatMicro,Hello_world,1511,1600,0,0,0,4.652125,0.12592,0.22196,0,0,0,0,,0.374649,1.851195,0.05885,3.089955,2.349308,0.219992
813,1078,MewCombatMicro,LoremIpsum,1511,1242,0,0,0,4.652125,0.12592,0.22196,0,0,0,0,,0.824695,4.074943,0.05885,0.866207,2.349308,0.219992
813,1079,MewCombatMicro,JimmyBotT,1511,1675,0,0,0,4.652125,0.12592,0.22196,0,0,0,0,,0.280081,1.383922,0.05885,3.557228,2.349308,0.219992
813,1080,MewCombatMicro,JimmyBot,1511,1675,0,0,0,4.652125,0.12592,0.22196,0,0,0,0,,0.280081,1.383922,0.05885,3.557228,2.349308,0.219992
813,1081,MewCombatMicro,ArtZerg,1511,1537,0,0,0,4.652125,0.12592,0.22196,0,0,0,0,,0.462653,2.286036,0.05885,2.655114,2.349308,0.219992
813,1082,MewCombatMicro,Dasyatis,1511,1573,0,0,0,4.652125,0.12592,0.22196,0,0,0,0,,0.41171,2.034321,0.05885,2.906829,2.349308,0.219992
813,1084,MewCombatMicro,ZippyZap,1511,1457,0,0,0,4.652125,0.12592,0.22196,0,0,0,0,,0.577092,2.8515,0.05885,2.08965,2.349308,0.219992
813,1085,MewCombatMicro,AgoraLord,1511,1430,0,0,0,4.652125,0.12592,0.22196,0,0,0,0,,0.614501,3.036343,0.05885,1.904807,2.349308,0.219992
813,1086,MewCombatMicro,CherBoiBlue,1511,1500,0,0,0,4.652125,0.12592,0.22196,0,0,0,0,,0.515825,2.548769,0.05885,2.392381,2.349308,0.219992
813,1087,MewCombatMicro,SwarmLord2,1511,1533,0,0,0,4.652125,0.12592,0.22196,0,0,0,0,,0.468382,2.314344,0.05885,2.626806,2.349308,0.219992
813,1088,MewCombatMicro,SwarmLord3,1511,1562,0,0,0,4.652125,0.12592,0.22196,0,0,0,0,,0.427128,2.110502,0.05885,2.830648,2.349308,0.219992
813,1089,MewCombatMicro,WorkingAsIntended,1511,1596,0,0,0,4.652125,0.12592,0.22196,0,0,0,0,,0.380059,1.877927,0.05885,3.063223,2.349308,0.219992
827,832,smokinggunbot,muravev,1579,1632,41,0,0,45.652125,0.12592,0.22196,1,40,0,41,2.733288,0.424313,3.096594,0.05885,42.844556,2.691551,0.072529
827,836,smokinggunbot,muravevTerran,1579,1477,1,0,0,5.652125,0.12592,0.22196,0,1,0,1,2.607124,0.642713,3.175742,0.05885,2.765408,2.392277,0.200824
827,858,smokinggunbot,Crawler,1579,1562,36,1,0,40.652125,1.12592,0.22196,33,3,0,36,2.72722,0.524445,35.591364,0.05885,5.349786,2.681133,0.076824
827,876,smokinggunbot,GenesisLotus,1579,1411,11,0,1,15.652125,0.12592,1.22196,11,0,0,11,1.868229,0.724538,14.580052,0.05885,1.361098,2.018566,0.122979
827,901,smokinggunbot,clone,1579,1667,38,0,1,42.652125,0.12592,1.22196,7,30,1,38,2.307216,0.375998,8.857864,1.05885,33.083286,2.312111,0.075016
827,930,smokinggunbot,SiriusBot,1579,1519,31,0,0,35.652125,0.12592,0.22196,24,7,0,31,2.144107,0.585499,26.893037,0.05885,9.048113,2.172607,0.081986
827,939,smokinggunbot,RustyNikolaj,1579,1539,18,1,0,22.652125,1.12592,0.22196,15,2,1,18,3.263353,0.557312,17.75376,1.05885,4.18739,3.064648,0.102572
827,940,smokinggunbot,Princess-Mika-Test,1579,1524,20,0,0,24.652125,0.12592,0.22196,15,5,0,20,2.224932,0.578497,17.858439,0.05885,7.082711,2.249807,0.098383
827,943,smokinggunbot,puck,1579,1529,14,0,0,18.652125,0.12592,0.22196,12,2,0,14,2.444155,0.571463,14.823685,0.05885,4.117465,2.419195,0.112853
827,948,smokinggunbot,titania,1579,1185,5,0,0,9.652125,0.12592,0.22196,5,0,0,5,2.887606,0.906196,9.47765,0.05885,0.4635,2.618457,0.155557
827,953,smokinggunbot,ZeratulsRevengeTest,1579,1702,6,0,0,10.652125,0.12592,0.22196,3,3,0,6,2.407884,0.330031,4.630733,0.05885,6.310417,2.381258,0.148318
827,959,smokinggunbot,ur_moms_a_ho,1579,1600,0,0,0,4.652125,0.12592,0.22196,0,0,0,0,,0.469815,2.321428,0.05885,2.619722,2.349308,0.219992
827,960,smokinggunbot,BigDaddy,1579,1637,54,0,0,58.652125,0.12592,0.22196,44,10,0,54,2.87641,0.417298,46.061933,0.05885,12.879217,2.83174,0.064042
827,961,smokinggunbot,AvocaDOS,1579,1751,21,0,0,25.652125,0.12592,0.22196,6,15,0,21,2.366542,0.27089,7.338508,0.05885,18.602642,2.363228,0.096473
827,962,smokinggunbot,AvocaDEV,1579,1700,7,0,0,11.652125,0.12592,0.22196,4,3,0,7,2.644768,0.332582,5.643335,0.05885,6.297815,2.52166,0.142004
827,966,smokinggunbot,ArgoBot,1579,1909,0,0,0,4.652125,0.12592,0.22196,0,0,0,0,,0.13015,0.643091,0.05885,4.298059,2.349308,0.219992
827,970,smokinggunbot,TheLAW,1579,1576,51,0,0,55.652125,0.12592,0.22196,36,15,0,51,1.988168,0.504317,38.491907,0.05885,17.449243,2.020412,0.065735
827,971,smokinggunbot,Nothing,1579,1570,52,0,0,56.652125,0.12592,0.22196,40,12,0,52,2.609546,0.512949,42.534559,0.05885,14.406591,2.586718,0.065156
827,977,smokinggunbot,Siriusly,1579,1392,11,0,0,15.652125,0.12592,0.22196,10,1,0,11,1.831033,0.745823,13.685224,0.05885,2.255926,1.992994,0.122979
827,981,smokinggunbot,KoB,1579,1499,24,0,0,28.652125,0.12592,0.22196,15,9,0,24,2.531542,0.613137,18.029601,0.05885,10.911549,2.500122,0.091347
827,998,smokinggunbot,LordSuperKing,1579,1656,23,0,0,27.652125,0.12592,0.22196,0,23,0,23,2.611573,0.390967,1.931829,0.05885,26.009321,2.56474,0.092963
827,1007,smokinggunbot,SharkGull,1579,1605,17,0,0,21.652125,0.12592,0.22196,14,3,0,17,2.471161,0.462653,16.286036,0.05885,5.655114,2.443467,0.104877
827,1008,smokinggunbot,Creepy_canon,1579,1587,0,0,0,4.652125,0.12592,0.22196,0,0,0,0,,0.488489,2.413698,0.05885,2.527452,2.349308,0.219992
827,1023,smokinggunbot,MY_SCRIPTING_SON,1579,1275,7,0,1,11.652125,0.12592,1.22196,7,0,0,7,2.885896,0.851948,11.209605,0.05885,0.731545,2.662318,0.142004
827,1026,smokinggunbot,WildLupo,1579,1199,5,0,0,9.652125,0.12592,0.22196,4,1,0,5,2.810669,0.899117,8.442674,0.05885,1.498476,2.579988,0.155557
827,1029,smokinggunbot,Chomppet,1579,1600,0,0,0,4.652125,0.12592,0.22196,0,0,0,0,,0.469815,2.321428,0.05885,2.619722,2.349308,0.219992
827,1030,smokinggunbot,who,1579,1924,0,0,0,4.652125,0.12592,0.22196,0,0,0,0,,0.120683,0.596312,0.05885,4.344838,2.349308,0.219992
827,1032,smokinggunbot,WaterLeak,1579,1607,33,1,0,37.652125,1.12592,0.22196,10,23,0,33,2.188252,0.459792,12.2719,0.05885,25.66925,2.209444,0.079799
827,1038,smokinggunbot,PolyMorph,1579,1463,14,1,0,18.652125,1.12592,0.22196,10,4,0,14,2.674346,0.660999,13.266096,0.05885,5.675054,2.58881,0.112853
827,1042,smokinggunbot,Creepy_duo_canon,1579,1386,3,0,3,7.652125,0.12592,3.22196,3,0,0,3,2.767659,0.752315,6.717301,0.05885,1.223849,2.50619,0.173919
827,1044,smokinggunbot,DoopyBot,1579,1418,16,1,0,20.652125,1.12592,0.22196,13,3,0,16,2.522277,0.716424,16.539957,0.05885,4.401193,2.481094,0.107345
827,1045,smokinggunbot,tito,1579,1801,14,0,0,18.652125,0.12592,0.22196,0,14,0,14,2.434049,0.217902,1.076686,0.05885,17.864464,2.411749,0.112853
827,1049,smokinggunbot,TheCatSC2Bot,1579,970,6,0,0,10.652125,0.12592,0.22196,6,0,0,6,2.336024,0.970849,10.797111,0.05885,0.144039,2.342062,0.148318
827,1050,smokinggunbot,onlyfans,1579,1517,25,0,0,29.652125,0.12592,0.22196,15,10,0,25,2.535817,0.58829,17.906829,0.05885,12.034321,2.504732,0.089811
827,1052,smokinggunbot,Starlight,1579,1204,6,0,0,10.652125,0.12592,0.22196,4,2,0,6,2.78674,0.896477,8.429625,0.05885,2.511525,2.587907,0.148318
827,1054,smokinggunbot,JimmyBotZ,1579,1724,38,0,0,42.652125,0.12592,0.22196,6,32,0,38,2.396583,0.302655,7.495463,0.05885,35.445687,2.391086,0.075016
827,1056,smokinggunbot,bilisaur,1579,1600,0,0,0,4.652125,0.12592,0.22196,0,0,0,0,,0.469815,2.321428,0.05885,2.619722,2.349308,0.219992
827,1057,smokinggunbot,DoopyBot-Test,1579,1238,8,0,1,12.652125,0.12592,1.22196,5,3,0,8,2.82396,0.876852,9.332659,0.05885,3.608491,2.641402,0.136433
827,1058,smokinggunbot,JimmyBotP,1579,1711,19,0,0,23.652125,0.12592,0.22196,7,12,0,19,2.337473,0.318678,8.574637,0.05885,15.366513,2.339938,0.100412
827,1059,smokinggunbot,NextProBot,1579,1600,0,0,0,4.652125,0.12592,0.22196,0,0,0,0,,0.469815,2.321428,0.05885,2.619722,2.349308,0.219992
827,1060,smokinggunbot,WildFire,1579,1709,16,0,0,20.652125,0.12592,0.22196,8,8,0,16,2.37375,0.321183,9.587014,0.05885,11.354136,2.36793,0.107345
827,1065,smokinggunbot,MindMatrix,1579,1514,8,0,0,12.652125,0.12592,0.22196,5,3,0,8,2.240156,0.592466,7.927465,0.05885,5.013685,2.282138,0.136433
827,1066,smokinggunbot,CompetitiveBotTest,1579,1482,0,0,0,4.652125,0.12592,0.22196,0,0,0,0,,0.636077,3.142951,0.05885,1.798199,2.349308,0.219992
827,1067,smokinggunbot,Hello_world,1579,1600,0,0,0,4.652125,0.12592,0.22196,0,0,0,0,,0.469815,2.321428,0.05885,2.619722,2.349308,0.219992
827,1078,smokinggunbot,LoremIpsum,1579,1242,2,0,0,6.652125,0.12592,0.22196,1,1,0,2,3.131285,0.874344,5.320266,0.05885,1.620884,2.57273,0.185927
827,1079,smokinggunbot,JimmyBotT,1579,1675,18,0,0,22.652125,0.12592,0.22196,9,9,0,18,2.503071,0.365257,10.804788,0.05885,12.136362,2.469644,0.102572
827,1080,smokinggunbot,JimmyBot,1579,1675,18,0,0,22.652125,0.12592,0.22196,8,10,0,18,2.201278,0.365257,9.804788,0.05885,13.136362,2.233458,0.102572
827,1081,smokinggunbot,ArtZerg,1579,1537,17,0,0,21.652125,0.12592,0.22196,13,4,0,17,2.059231,0.56015,15.767786,0.05885,6.173364,2.125158,0.104877
827,1082,smokinggunbot,Dasyatis,1579,1573,10,0,0,14.652125,0.12592,0.22196,8,2,0,10,2.342121,0.508634,10.513236,0.05885,4.427914,2.344517,0.127012
827,1084,smokinggunbot,ZippyZap,1579,1457,0,0,0,4.652125,0.12592,0.22196,0,0,0,0,,0.668695,3.304122,0.05885,1.637028,2.349308,0.219992
827,1085,smokinggunbot,AgoraLord,1579,1430,0,1,0,4.652125,1.12592,0.22196,0,0,0,0,,0.702183,3.46959,0.05885,1.47156,2.349308,0.219992
827,1086,smokinggunbot,CherBoiBlue,1579,1500,0,0,0,4.652125,0.12592,0.22196,0,0,0,0,,0.611771,3.02285,0.05885,1.9183,2.349308,0.219992
827,1087,smokinggunbot,SwarmLord2,1579,1533,0,0,0,4.652125,0.12592,0.22196,0,0,0,0,,0.565815,2.795778,0.05885,2.145372,2.349308,0.219992
827,1088,smokinggunbot,SwarmLord3,1579,1562,0,0,0,4.652125,0.12592,0.22196,0,0,0,0,,0.524445,2.591364,0.05885,2.349786,2.349308,0.219992
827,1089,smokinggunbot,WorkingAsIntended,1579,1596,1,0,0,5.652125,0.12592,0.22196,1,0,0,1,3.803992,0.475555,3.349786,0.05885,2.591364,2.591755,0.200824
832,836,muravev,muravevTerran,1632,1477,2,0,0,6.652125,0.12592,0.22196,2,0,0,2,2.938471,0.709355,5.505028,0.05885,1.436122,2.51764,0.185927
832,858,muravev,Crawler,1632,1562,36,0,0,40.652125,0.12592,0.22196,33,3,0,36,2.596343,0.599397,35.961709,0.05885,4.979441,2.566217,0.076824
832,876,muravev,GenesisLotus,1632,1411,4,0,0,8.652125,0.12592,0.22196,4,0,0,4,2.967502,0.781115,7.859608,0.05885,1.081542,2.624061,0.163972
832,901,muravev,clone,1632,1667,32,0,0,36.652125,0.12592,0.22196,15,17,0,32,2.523426,0.449801,17.222532,0.05885,19.718618,2.499897,0.08087
832,930,muravev,SiriusBot,1632,1519,22,0,0,26.652125,0.12592,0.22196,17,5,0,22,2.698338,0.657119,20.246922,0.05885,6.694228,2.633703,0.094669
832,939,muravev,RustyNikolaj,1632,1539,16,0,0,20.652125,0.12592,0.22196,14,2,0,16,2.864644,0.63073,17.116533,0.05885,3.824617,2.741945,0.107345
832,940,muravev,Princess-Mika-Test,1632,1524,15,0,0,19.652125,0.12592,0.22196,9,6,0,15,2.740201,0.650605,12.214735,0.05885,7.726415,2.642478,0.109996
832,943,muravev,puck,1632,1529,9,0,0,13.652125,0.12592,0.22196,7,2,0,9,2.424094,0.644034,10.182268,0.05885,3.758882,2.397385,0.13147
832,948,muravev,titania,1632,1185,1,0,0,5.652125,0.12592,0.22196,1,0,0,1,2.296567,0.929113,5.590885,0.05885,0.350265,2.340518,0.200824
832,953,muravev,ZeratulsRevengeTest,1632,1702,6,0,0,10.652125,0.12592,0.22196,2,4,0,6,2.050027,0.400603,3.979441,0.05885,6.961709,2.186064,0.148318
832,959,muravev,ur_moms_a_ho,1632,1600,0,0,0,4.652125,0.12592,0.22196,0,0,0,0,,0.545922,2.697482,0.05885,2.243668,2.349308,0.219992
832,960,muravev,BigDaddy,1632,1637,42,0,0,46.652125,0.12592,0.22196,14,28,0,42,2.405714,0.492805,16.435023,0.05885,30.506127,2.399714,0.071753
832,961,muravev,AvocaDOS,1632,1751,13,0,0,17.652125,0.12592,0.22196,0,13,0,13,2.384846,0.335142,1.655987,0.05885,16.285163,2.374974,0.115946
832,962,muravev,AvocaDEV,1632,1700,8,0,0,12.652125,0.12592,0.22196,2,6,0,8,2.562991,0.403371,3.993116,0.05885,8.948034,2.480805,0.136433
832,966,muravev,ArgoBot,1632,1909,0,0,0,4.652125,0.12592,0.22196,0,0,0,0,,0.168746,0.8338,0.05885,4.10735,2.349308,0.219992
832,970,muravev,TheLAW,1632,1576,43,0,1,47.652125,0.12592,1.22196,4,39,0,43,2.470188,0.5799,6.865372,0.05885,41.075778,2.457596,0.071002
832,971,muravev,Nothing,1632,1570,39,0,6,43.652125,0.12592,6.22196,32,7,0,39,2.668119,0.58829,34.906829,0.05885,9.034321,2.63189,0.074159
832,977,muravev,Siriusly,1632,1392,0,0,0,4.652125,0.12592,0.22196,0,0,0,0,,0.79924,3.949165,0.05885,0.991985,2.349308,0.219992
832,981,muravev,KoB,1632,1499,14,4,0,18.652125,4.12592,0.22196,5,8,1,14,2.875696,0.68257,8.372683,1.05885,9.568467,2.737173,0.112853
832,998,muravev,LordSuperKing,1632,1656,24,0,0,28.652125,0.12592,0.22196,6,18,0,24,2.705438,0.465516,8.300185,0.05885,20.640965,2.644036,0.091347
832,1007,muravev,SharkGull,1632,1605,18,0,0,22.652125,0.12592,0.22196,0,18,0,18,2.199607,0.538778,2.662183,0.05885,20.278967,2.232151,0.102572
832,1008,muravev,Creepy_canon,1632,1587,0,0,0,4.652125,0.12592,0.22196,0,0,0,0,,0.5644,2.788787,0.05885,2.152363,2.349308,0.219992
832,1023,muravev,MY_SCRIPTING_SON,1632,1275,0,0,1,4.652125,0.12592,1.22196,0,0,0,0,,0.886458,4.38012,0.05885,0.56103,2.349308,0.219992
832,1026,muravev,WildLupo,1632,1199,0,0,1,4.652125,0.12592,1.22196,0,0,0,0,,0.923618,4.563734,0.05885,0.377416,2.349308,0.219992
832,1029,muravev,Chomppet,1632,1600,0,0,0,4.652125,0.12592,0.22196,0,0,0,0,,0.545922,2.697482,0.05885,2.243668,2.349308,0.219992
832,1030,muravev,who,1632,1924,0,0,0,4.652125,0.12592,0.22196,0,0,0,0,,0.156978,0.775652,0.05885,4.165498,2.349308,0.219992
832,1032,muravev,WaterLeak,1632,1607,29,0,0,33.652125,0.12592,0.22196,23,6,0,29,2.338486,0.535916,25.648041,0.05885,8.293109,2.340077,0.084363
832,1038,muravev,PolyMorph,1632,1463,5,0,0,9.652125,0.12592,0.22196,5,0,0,5,2.652199,0.725686,8.585722,0.05885,1.355428,2.500754,0.155557
832,1042,muravev,Creepy_duo_canon,1632,1386,3,0,0,7.652125,0.12592,0.22196,3,0,0,3,2.189782,0.804725,6.976265,0.05885,0.964885,2.289486,0.173919
832,1044,muravev,DoopyBot,1632,1418,13,1,0,17.652125,1.12592,0.22196,13,0,0,13,2.387385,0.774148,16.825181,0.05885,1.115969,2.376808,0.115946
832,1045,muravev,tito,1632,1801,7,0,0,11.652125,0.12592,0.22196,0,7,0,7,2.09866,0.274314,1.355428,0.05885,10.585722,2.203097,0.142004
832,1049,muravev,TheCatSC2Bot,1632,970,1,0,0,5.652125,0.12592,0.22196,1,0,0,1,2.873565,0.978348,5.834165,0.05885,0.106985,2.436684,0.200824
832,1050,muravev,onlyfans,1632,1517,22,0,0,26.652125,0.12592,0.22196,18,4,0,22,2.973063,0.659708,21.259716,0.05885,5.681434,2.857553,0.094669
832,1052,muravev,Starlight,1632,1204,1,0,0,5.652125,0.12592,0.22196,1,0,0,1,2.307573,0.921562,5.553578,0.05885,0.387572,2.342352,0.200824
832,1054,muravev,JimmyBotZ,1632,1724,39,0,0,43.652125,0.12592,0.22196,12,27,0,39,2.216194,0.370611,13.831247,0.05885,30.109903,2.231321,0.074159
832,1056,muravev,bilisaur,1632,1600,0,0,0,4.652125,0.12592,0.22196,0,0,0,0,,0.545922,2.697482,0.05885,2.243668,2.349308,0.219992
832,1057,muravev,DoopyBot-Test,1632,1238,4,0,0,8.652125,0.12592,0.22196,4,0,0,4,2.56113,0.906196,8.47765,0.05885,0.4635,2.443451,0.163972
832,1058,muravev,JimmyBotP,1632,1711,20,0,0,24.652125,0.12592,0.22196,12,8,0,20,2.306245,0.388229,13.9183,0.05885,11.02285,2.314858,0.098383
832,1059,muravev,NextProBot,1632,1600,0,0,0,4.652125,0.12592,0.22196,0,0,0,0,,0.545922,2.697482,0.05885,2.243668,2.349308,0.219992
832,1060,muravev,WildFire,1632,1709,18,0,0,22.652125,0.12592,0.22196,7,11,0,18,2.479697,0.390967,8.931829,0.05885,14.009321,2.451352,0.102572
832,1065,muravev,MindMatrix,1632,1514,6,0,0,10.652125,0.12592,0.22196,4,2,0,6,2.507604,0.663574,7.278819,0.05885,3.662331,2.435651,0.148318
832,1066,muravev,CompetitiveBotTest,1632,1482,0,0,0,4.652125,0.12592,0.22196,0,0,0,0,,0.703385,3.475531,0.05885,1.465619,2.349308,0.219992
832,1067,muravev,Hello_world,1632,1600,0,0,0,4.652125,0.12592,0.22196,0,0,0,0,,0.545922,2.697482,0.05885,2.243668,2.349308,0.219992
832,1078,muravev,LoremIpsum,1632,1242,0,0,0,4.652125,0.12592,0.22196,0,0,0,0,,0.90422,4.467887,0.05885,0.473263,2.349308,0.219992
832,1079,muravev,JimmyBotT,1632,1675,19,0,0,23.652125,0.12592,0.22196,14,5,0,19,2.449332,0.438432,16.166359,0.05885,7.774791,2.428494,0.100412
832,1080,muravev,JimmyBot,1632,1675,19,0,0,23.652125,0.12592,0.22196,12,7,0,19,2.197016,0.438432,14.166359,0.05885,9.774791,2.228743,0.100412
832,1081,muravev,ArtZerg,1632,1537,18,1,0,22.652125,1.12592,0.22196,14,4,0,18,2.062717,0.633408,17.129762,0.05885,5.811388,2.125019,0.102572
832,1082,muravev,Dasyatis,1632,1573,6,0,1,10.652125,0.12592,1.22196,4,1,1,6,2.782564,0.584101,6.88613,1.05885,3.05502,2.58563,0.148318
832,1084,muravev,ZippyZap,1632,1457,0,0,0,4.652125,0.12592,0.22196,0,0,0,0,,0.732507,3.619428,0.05885,1.321722,2.349308,0.219992
832,1085,muravev,AgoraLord,1632,1430,1,0,0,5.652125,0.12592,0.22196,1,0,0,1,3.310908,0.761842,4.764376,0.05885,1.176774,2.509575,0.200824
832,1086,muravev,CherBoiBlue,1632,1500,0,0,0,4.652125,0.12592,0.22196,0,0,0,0,,0.681322,3.366513,0.05885,1.574637,2.349308,0.219992
832,1087,muravev,SwarmLord2,1632,1533,0,0,0,4.652125,0.12592,0.22196,0,0,0,0,,0.638738,3.156099,0.05885,1.785051,2.349308,0.219992
832,1088,muravev,SwarmLord3,1632,1562,0,0,0,4.652125,0.12592,0.22196,0,0,0,0,,0.599397,2.961709,0.05885,1.979441,2.349308,0.219992
832,1089,muravev,WorkingAsIntended,1632,1596,0,0,0,4.652125,0.12592,0.22196,0,0,0,0,,0.551624,2.725655,0.05885,2.215495,2.349308,0.219992
836,858,muravevTerran,Crawler,1477,1562,4,0,0,8.652125,0.12592,0.22196,1,3,0,4,2.260099,0.380059,2.877927,0.05885,6.063223,2.30966,0.163972
836,876,muravevTerran,GenesisLotus,1477,1411,10,0,0,14.652125,0.12592,0.22196,2,8,0,10,2.455076,0.593855,4.934329,0.05885,10.006821,2.41982,0.127012
836,901,muravevTerran,clone,1477,1667,2,0,0,6.652125,0.12592,0.22196,1,1,0,2,2.517618,0.250917,2.239818,0.05885,4.701332,2.397397,0.185927
836,930,muravevTerran,SiriusBot,1477,1519,4,0,0,8.652125,0.12592,0.22196,2,2,0,4,2.365188,0.43985,4.173364,0.05885,4.767786,2.356366,0.163972
836,939,muravevTerran,RustyNikolaj,1477,1539,8,0,0,12.652125,0.12592,0.22196,0,7,1,8,2.860702,0.41171,2.034321,1.05885,9.906829,2.664012,0.136433
836,940,muravevTerran,Princess-Mika-Test,1477,1524,5,0,0,9.652125,0.12592,0.22196,2,3,0,5,2.921766,0.432771,4.138387,0.05885,5.802763,2.635537,0.155557
836,943,muravevTerran,puck,1477,1529,7,1,0,11.652125,1.12592,0.22196,5,2,0,7,2.662697,0.42572,7.103545,0.05885,4.837605,2.532118,0.142004
836,948,muravevTerran,titania,1477,1185,0,0,0,4.652125,0.12592,0.22196,0,0,0,0,,0.843022,4.165498,0.05885,0.775652,2.349308,0.219992
836,953,muravevTerran,ZeratulsRevengeTest,1477,1702,1,0,0,5.652125,0.12592,0.22196,0,1,0,1,2.241773,0.214973,1.062215,0.05885,4.878935,2.331385,0.200824
836,959,muravevTerran,ur_moms_a_ho,1477,1600,0,0,0,4.652125,0.12592,0.22196,0,0,0,0,,0.330031,1.630733,0.05885,3.310417,2.349308,0.219992
836,960,muravevTerran,BigDaddy,1477,1637,1,0,0,5.652125,0.12592,0.22196,0,1,0,1,1.65058,0.284747,1.406979,0.05885,4.534171,2.232853,0.200824
836,961,muravevTerran,AvocaDOS,1477,1751,0,0,0,4.652125,0.12592,0.22196,0,0,0,0,,0.171182,0.845838,0.05885,4.095312,2.349308,0.219992
836,962,muravevTerran,AvocaDEV,1477,1700,0,0,0,4.652125,0.12592,0.22196,0,0,0,0,,0.216923,1.071847,0.05885,3.869303,2.349308,0.219992
836,966,muravevTerran,ArgoBot,1477,1909,0,0,0,4.652125,0.12592,0.22196,0,0,0,0,,0.076789,0.379428,0.05885,4.561722,2.349308,0.219992
836,970,muravevTerran,TheLAW,1477,1576,2,0,0,6.652125,0.12592,0.22196,0,2,0,2,1.981166,0.361262,1.785051,0.05885,5.156099,2.244125,0.185927
836,971,muravevTerran,Nothing,1477,1570,3,0,0,7.652125,0.12592,0.22196,0,3,0,3,2.259468,0.36927,1.824617,0.05885,6.116533,2.315618,0.173919
836,977,muravevTerran,Siriusly,1477,1392,9,0,0,13.652125,0.12592,0.22196,7,2,0,9,2.393126,0.619941,10.063223,0.05885,3.877927,2.377477,0.13147
836,981,muravevTerran,KoB,1477,1499,8,0,0,12.652125,0.12592,0.22196,7,1,0,8,2.833269,0.468382,9.314344,0.05885,3.626806,2.64713,0.136433
836,998,muravevTerran,LordSuperKing,1477,1656,1,0,0,5.652125,0.12592,0.22196,0,1,0,1,2.605648,0.263005,1.299548,0.05885,4.641602,2.392031,0.200824
836,1007,muravevTerran,SharkGull,1477,1605,2,0,0,6.652125,0.12592,0.22196,0,2,0,2,1.993188,0.323698,1.599442,0.05885,5.341708,2.247559,0.185927
836,1008,muravevTerran,Creepy_canon,1477,1587,0,0,0,4.652125,0.12592,0.22196,0,0,0,0,,0.346783,1.713506,0.05885,3.227644,2.349308,0.219992
836,1023,muravevTerran,MY_SCRIPTING_SON,1477,1275,7,0,2,11.652125,0.12592,2.22196,2,5,0,7,2.661481,0.761842,5.764376,0.05885,6.176774,2.531409,0.142004
836,1026,muravevTerran,WildLupo,1477,1199,9,0,0,13.652125,0.12592,0.22196,9,0,0,9,2.692186,0.83206,13.111332,0.05885,0.829818,2.569729,0.13147
836,1029,muravevTerran,Chomppet,1477,1600,0,0,0,4.652125,0.12592,0.22196,0,0,0,0,,0.330031,1.630733,0.05885,3.310417,2.349308,0.219992
836,1030,muravevTerran,who,1477,1924,0,0,0,4.652125,0.12592,0.22196,0,0,0,0,,0.070887,0.350265,0.05885,4.590885,2.349308,0.219992
836,1032,muravevTerran,WaterLeak,1477,1607,1,0,0,5.652125,0.12592,0.22196,0,1,0,1,1.695616,0.321183,1.587014,0.05885,4.354136,2.240359,0.200824
836,1038,muravevTerran,PolyMorph,1477,1463,9,0,0,13.652125,0.12592,0.22196,6,2,1,9,3.068792,0.520137,8.570074,1.05885,4.371076,2.811833,0.13147
836,1042,muravevTerran,Creepy_duo_canon,1477,1386,5,0,4,9.652125,0.12592,4.22196,5,0,0,5,2.074247,0.628045,8.103264,0.05885,1.837886,2.211777,0.155557
836,1044,muravevTerran,DoopyBot,1477,1418,9,0,0,13.652125,0.12592,0.22196,3,6,0,9,2.686213,0.584101,5.88613,0.05885,8.05502,2.56589,0.13147
836,1045,muravevTerran,tito,1477,1801,0,0,0,4.652125,0.12592,0.22196,0,0,0,0,,0.13411,0.66266,0.05885,4.27849,2.349308,0.219992
836,1049,muravevTerran,TheCatSC2Bot,1477,970,10,0,0,14.652125,0.12592,0.22196,10,0,0,10,2.424812,0.948755,14.687939,0.05885,0.253211,2.399644,0.127012
836,1050,muravevTerran,onlyfans,1477,1517,7,0,0,11.652125,0.12592,0.22196,5,2,0,7,2.749359,0.442688,7.18739,0.05885,4.75376,2.582671,0.142004
836,1052,muravevTerran,Starlight,1477,1204,10,0,0,14.652125,0.12592,0.22196,10,0,0,10,2.44397,0.827999,14.091269,0.05885,0.849881,2.412416,0.127012
836,1054,muravevTerran,JimmyBotZ,1477,1724,2,0,0,6.652125,0.12592,0.22196,1,1,0,2,2.685673,0.194372,1.960423,0.05885,4.980727,2.445412,0.185927
836,1056,muravevTerran,bilisaur,1477,1600,0,0,0,4.652125,0.12592,0.22196,0,0,0,0,,0.330031,1.630733,0.05885,3.310417,2.349308,0.219992
836,1057,muravevTerran,DoopyBot-Test,1477,1238,8,0,0,12.652125,0.12592,0.22196,8,0,0,8,2.878893,0.798315,11.944593,0.05885,0.996557,2.675207,0.136433
836,1058,muravevTerran,JimmyBotP,1477,1711,2,0,0,6.652125,0.12592,0.22196,0,2,0,2,2.026516,0.206359,1.019652,0.05885,5.921498,2.257082,0.185927
836,1059,muravevTerran,NextProBot,1477,1600,0,0,0,4.652125,0.12592,0.22196,0,0,0,0,,0.330031,1.630733,0.05885,3.310417,2.349308,0.219992
836,1060,muravevTerran,WildFire,1477,1709,1,0,0,5.652125,0.12592,0.22196,0,1,0,1,1.720979,0.208251,1.029,0.05885,4.91215,2.244587,0.200824
836,1065,muravevTerran,MindMatrix,1477,1514,10,0,0,14.652125,0.12592,0.22196,3,7,0,10,2.506742,0.446953,5.208462,0.05885,9.732688,2.454264,0.127012
836,1066,muravevTerran,CompetitiveBotTest,1477,1482,0,0,0,4.652125,0.12592,0.22196,0,0,0,0,,0.492805,2.435023,0.05885,2.506127,2.349308,0.219992
836,1067,muravevTerran,Hello_world,1477,1600,0,0,0,4.652125,0.12592,0.22196,0,0,0,0,,0.330031,1.630733,0.05885,3.310417,2.349308,0.219992
836,1078,muravevTerran,LoremIpsum,1477,1242,7,3,0,11.652125,3.12592,0.22196,7,0,0,7,2.644898,0.794582,10.926148,0.05885,1.015002,2.521736,0.142004
836,1079,muravevTerran,JimmyBotT,1477,1675,2,0,0,6.652125,0.12592,0.22196,0,2,0,2,1.619371,0.242361,1.197541,0.05885,5.743609,2.140754,0.185927
836,1080,muravevTerran,JimmyBot,1477,1675,2,0,0,6.652125,0.12592,0.22196,0,2,0,2,1.843399,0.242361,1.197541,0.05885,5.743609,2.204762,0.185927
836,1081,muravevTerran,ArtZerg,1477,1537,2,0,0,6.652125,0.12592,0.22196,0,2,0,2,2.017085,0.414501,2.048113,0.05885,4.893037,2.254387,0.185927
836,1082,muravevTerran,Dasyatis,1477,1573,5,0,0,9.652125,0.12592,0.22196,1,1,3,5,3.184438,0.365257,2.804788,3.05885,4.136362,2.766873,0.155557
836,1084,muravevTerran,ZippyZap,1477,1457,0,0,1,4.652125,0.12592,1.22196,0,0,0,0,,0.528751,2.612636,0.05885,2.328514,2.349308,0.219992
836,1085,muravevTerran,AgoraLord,1477,1430,3,0,0,7.652125,0.12592,0.22196,2,1,0,3,3.25681,0.567229,4.802763,0.05885,3.138387,2.689621,0.173919
836,1086,muravevTerran,CherBoiBlue,1477,1500,1,0,0,5.652125,0.12592,0.22196,1,0,0,1,2.745988,0.466949,3.307263,0.05885,2.633887,2.415421,0.200824
836,1087,muravevTerran,SwarmLord2,1477,1533,1,0,0,5.652125,0.12592,0.22196,1,0,0,1,3.29101,0.4201,3.075778,0.05885,2.865372,2.506258,0.200824
836,1088,muravevTerran,SwarmLord3,1477,1562,1,0,0,5.652125,0.12592,0.22196,0,1,0,1,2.770086,0.380059,1.877927,0.05885,4.063223,2.419438,0.200824
836,1089,muravevTerran,WorkingAsIntended,1477,1596,1,0,0,5.652125,0.12592,0.22196,0,1,0,1,1.997418,0.335142,1.655987,0.05885,4.285163,2.29066,0.200824
858,876,Crawler,GenesisLotus,1562,1411,17,0,0,21.652125,0.12592,0.22196,17,0,0,17,1.600107,0.704585,20.481458,0.05885,1.459692,1.77038,0.104877
858,901,Crawler,clone,1562,1667,30,0,0,34.652125,0.12592,0.22196,7,23,0,30,2.500373,0.353331,8.745862,0.05885,26.195288,2.478792,0.083149
858,930,Crawler,SiriusBot,1562,1519,17,4,0,21.652125,4.12592,0.22196,16,1,0,17,1.904696,0.561568,18.774791,0.05885,3.166359,2.005744,0.104877
858,939,Crawler,RustyNikolaj,1562,1539,10,7,0,14.652125,7.12592,0.22196,3,5,2,10,2.649601,0.533051,5.633887,2.05885,7.307263,2.549503,0.127012
858,940,Crawler,Princess-Mika-Test,1562,1524,19,1,0,23.652125,1.12592,0.22196,17,2,0,19,2.072698,0.554469,19.739716,0.05885,4.201434,2.130325,0.100412
858,943,Crawler,puck,1562,1529,14,0,0,18.652125,0.12592,0.22196,7,7,0,14,2.41416,0.547349,9.704531,0.05885,9.236619,2.397094,0.112853
858,948,Crawler,titania,1562,1185,6,0,0,10.652125,0.12592,0.22196,6,0,0,6,1.732381,0.89754,10.43488,0.05885,0.50627,2.012802,0.148318
858,953,Crawler,ZeratulsRevengeTest,1562,1702,5,0,0,9.652125,0.12592,0.22196,0,5,0,5,1.530804,0.308764,1.525648,0.05885,8.415502,1.940056,0.155557
858,959,Crawler,ur_moms_a_ho,1562,1600,0,0,0,4.652125,0.12592,0.22196,0,0,0,0,,0.445531,2.201434,0.05885,2.739716,2.349308,0.219992
858,960,Crawler,BigDaddy,1562,1637,37,0,0,41.652125,0.12592,0.22196,5,32,0,37,1.72999,0.393712,6.945391,0.05885,34.995759,1.803719,0.075904
858,961,Crawler,AvocaDOS,1562,1751,14,2,0,18.652125,2.12592,0.22196,1,12,1,14,2.059252,0.252,2.245172,1.05885,15.695978,2.135583,0.112853
858,962,Crawler,AvocaDEV,1562,1700,2,5,0,6.652125,5.12592,0.22196,0,1,1,2,2.193108,0.311226,1.537816,1.05885,4.403334,2.304679,0.185927
858,966,Crawler,ArgoBot,1562,1909,0,0,0,4.652125,0.12592,0.22196,0,0,0,0,,0.119466,0.590302,0.05885,4.350848,2.349308,0.219992
858,970,Crawler,TheLAW,1562,1576,38,0,0,42.652125,0.12592,0.22196,15,23,0,38,1.910027,0.479863,17.371076,0.05885,25.570074,1.961106,0.075016
858,971,Crawler,Nothing,1562,1570,37,0,0,41.652125,0.12592,0.22196,24,13,0,37,2.353974,0.488489,26.413698,0.05885,15.527452,2.353418,0.075904
858,977,Crawler,Siriusly,1562,1392,11,1,0,15.652125,1.12592,0.22196,11,0,0,11,1.895312,0.72683,14.591376,0.05885,1.349774,2.037186,0.122979
858,981,Crawler,KoB,1562,1499,21,0,0,25.652125,0.12592,0.22196,21,0,0,21,1.56907,0.589684,23.913715,0.05885,2.027435,1.719116,0.096473
858,998,Crawler,LordSuperKing,1562,1656,18,0,0,22.652125,0.12592,0.22196,3,15,0,18,2.33744,0.36793,4.817997,0.05885,18.123153,2.34002,0.102572
858,1007,Crawler,SharkGull,1562,1605,15,0,0,19.652125,0.12592,0.22196,14,1,0,15,1.826849,0.438432,16.166359,0.05885,3.774791,1.957464,0.109996
858,1008,Crawler,Creepy_canon,1562,1587,1,0,0,5.652125,0.12592,0.22196,1,0,0,1,1.669592,0.464084,3.293109,0.05885,2.648041,2.236022,0.200824
858,1023,Crawler,MY_SCRIPTING_SON,1562,1275,9,0,3,13.652125,0.12592,3.22196,9,0,0,9,1.430002,0.839175,13.146491,0.05885,0.794659,1.758326,0.13147
858,1026,Crawler,WildLupo,1562,1199,12,0,0,16.652125,0.12592,0.22196,12,0,0,12,1.568677,0.889888,16.397069,0.05885,0.544081,1.798274,0.119307
858,1029,Crawler,Chomppet,1562,1600,0,0,0,4.652125,0.12592,0.22196,0,0,0,0,,0.445531,2.201434,0.05885,2.739716,2.349308,0.219992
858,1030,Crawler,who,1562,1924,0,0,0,4.652125,0.12592,0.22196,0,0,0,0,,0.110677,0.546874,0.05885,4.394276,2.349308,0.219992
858,1032,Crawler,WaterLeak,1562,1607,24,0,0,28.652125,0.12592,0.22196,2,22,0,24,1.724411,0.4356,4.152363,0.05885,24.788787,1.832152,0.091347
858,1038,Crawler,PolyMorph,1562,1463,16,0,0,20.652125,0.12592,0.22196,16,0,0,16,2.10358,0.638738,19.156099,0.05885,1.785051,2.162087,0.107345
858,1042,Crawler,Creepy_duo_canon,1562,1386,10,0,1,14.652125,0.12592,1.22196,7,3,0,10,1.711175,0.733634,10.624994,0.05885,4.316156,1.923886,0.127012
858,1044,Crawler,DoopyBot,1562,1418,18,0,1,22.652125,0.12592,1.22196,16,2,0,18,1.878786,0.696129,19.439677,0.05885,3.501473,1.981074,0.102572
858,1045,Crawler,tito,1562,1801,5,1,0,9.652125,1.12592,0.22196,5,0,0,5,1.747817,0.201685,5.996557,0.05885,3.944593,2.048562,0.155557
858,1049,Crawler,TheCatSC2Bot,1562,970,12,0,0,16.652125,0.12592,0.22196,12,0,0,12,1.53759,0.967948,16.782777,0.05885,0.158373,1.776331,0.119307
858,1050,Crawler,onlyfans,1562,1517,21,0,0,25.652125,0.12592,0.22196,7,14,0,21,2.388426,0.5644,9.788787,0.05885,16.152363,2.380904,0.096473
858,1052,Crawler,Starlight,1562,1204,7,4,0,11.652125,4.12592,0.22196,6,0,1,7,1.851676,0.887036,10.382977,1.05885,0.558173,2.059022,0.142004
858,1054,Crawler,JimmyBotZ,1562,1724,37,1,0,41.652125,1.12592,0.22196,13,24,0,37,2.224688,0.282408,14.395422,0.05885,27.545728,2.239524,0.075904
858,1056,Crawler,bilisaur,1562,1600,0,0,0,4.652125,0.12592,0.22196,0,0,0,0,,0.445531,2.201434,0.05885,2.739716,2.349308,0.219992
858,1057,Crawler,DoopyBot-Test,1562,1238,12,0,0,16.652125,0.12592,0.22196,12,0,0,12,2.058337,0.86589,16.27849,0.05885,0.66266,2.143917,0.119307
858,1058,Crawler,JimmyBotP,1562,1711,22,0,0,26.652125,0.12592,0.22196,13,9,0,22,1.898289,0.297817,14.47156,0.05885,12.46959,1.981811,0.094669
858,1059,Crawler,NextProBot,1562,1600,0,0,0,4.652125,0.12592,0.22196,0,0,0,0,,0.445531,2.201434,0.05885,2.739716,2.349308,0.219992
858,1060,Crawler,WildFire,1562,1709,15,0,0,19.652125,0.12592,0.22196,0,15,0,15,1.879561,0.300231,1.483484,0.05885,18.457666,1.996998,0.109996
858,1065,Crawler,MindMatrix,1562,1514,8,0,0,12.652125,0.12592,0.22196,8,0,0,8,2.100299,0.568641,10.809742,0.05885,2.131408,2.196072,0.136433
858,1066,Crawler,CompetitiveBotTest,1562,1482,0,0,0,4.652125,0.12592,0.22196,0,0,0,0,,0.613137,3.029601,0.05885,1.911549,2.349308,0.219992
858,1067,Crawler,Hello_world,1562,1600,0,0,0,4.652125,0.12592,0.22196,0,0,0,0,,0.445531,2.201434,0.05885,2.739716,2.349308,0.219992
858,1078,Crawler,LoremIpsum,1562,1242,5,0,0,9.652125,0.12592,0.22196,5,0,0,5,1.62202,0.863193,9.265167,0.05885,0.675983,1.985664,0.155557
858,1079,Crawler,JimmyBotT,1562,1675,14,1,0,18.652125,1.12592,0.22196,1,13,0,14,2.312011,0.342881,2.694228,0.05885,16.246922,2.321826,0.112853
858,1080,Crawler,JimmyBot,1562,1675,14,0,1,18.652125,0.12592,1.22196,4,10,0,14,2.209449,0.342881,5.694228,0.05885,13.246922,2.246254,0.112853
858,1081,Crawler,ArtZerg,1562,1537,6,9,0,10.652125,9.12592,0.22196,1,5,0,6,2.543693,0.535916,3.648041,0.05885,7.293109,2.455336,0.148318
858,1082,Crawler,Dasyatis,1562,1573,5,1,0,9.652125,1.12592,0.22196,3,2,0,5,1.933762,0.484175,5.392381,0.05885,4.548769,2.141535,0.155557
858,1084,Crawler,ZippyZap,1562,1457,0,0,0,4.652125,0.12592,0.22196,0,0,0,0,,0.646669,3.195288,0.05885,1.745862,2.349308,0.219992
858,1085,Crawler,AgoraLord,1562,1430,0,1,0,4.652125,1.12592,0.22196,0,0,0,0,,0.681322,3.366513,0.05885,1.574637,2.349308,0.219992
858,1086,Crawler,CherBoiBlue,1562,1500,0,0,0,4.652125,0.12592,0.22196,0,0,0,0,,0.58829,2.906829,0.05885,2.034321,2.349308,0.219992
858,1087,Crawler,SwarmLord2,1562,1533,1,0,0,5.652125,0.12592,0.22196,1,0,0,1,1.654411,0.541638,3.676313,0.05885,2.264837,2.233492,0.200824
858,1088,Crawler,SwarmLord3,1562,1562,0,0,0,4.652125,0.12592,0.22196,0,0,0,0,,0.5,2.470575,0.05885,2.470575,2.349308,0.219992
858,1089,Crawler,WorkingAsIntended,1562,1596,0,0,0,4.652125,0.12592,0.22196,0,0,0,0,,0.451226,2.229574,0.05885,2.711576,2.349308,0.219992
876,901,GenesisLotus,clone,1411,1667,5,0,0,9.652125,0.12592,0.22196,0,5,0,5,2.186547,0.186388,0.92097,0.05885,9.02018,2.267927,0.155557
876,930,GenesisLotus,SiriusBot,1411,1519,26,0,0,30.652125,0.12592,0.22196,8,18,0,26,2.290439,0.349395,9.726415,0.05885,21.214735,2.299934,0.088351
876,939,GenesisLotus,RustyNikolaj,1411,1539,26,1,0,30.652125,1.12592,0.22196,5,21,0,26,2.318613,0.323698,6.599442,0.05885,24.341708,2.323564,0.088351
876,940,GenesisLotus,Princess-Mika-Test,1411,1524,35,1,1,39.652125,1.12592,1.22196,14,21,0,35,2.233161,0.342881,15.694228,0.05885,24.246922,2.24768,0.077779
876,943,GenesisLotus,puck,1411,1529,47,0,0,51.652125,0.12592,0.22196,46,1,0,47,2.277978,0.336426,47.662331,0.05885,4.278819,2.284836,0.068216
876,948,GenesisLotus,titania,1411,1185,28,1,0,32.652125,1.12592,0.22196,22,6,0,28,2.511603,0.785997,25.883727,0.05885,7.057423,2.487013,0.085632
876,953,GenesisLotus,ZeratulsRevengeTest,1411,1702,2,0,0,6.652125,0.12592,0.22196,0,2,0,2,1.466705,0.157741,0.779424,0.05885,6.161726,2.097136,0.185927
876,959,GenesisLotus,ur_moms_a_ho,1411,1600,0,0,0,4.652125,0.12592,0.22196,0,0,0,0,,0.252,1.245172,0.05885,3.695978,2.349308,0.219992
876,960,GenesisLotus,BigDaddy,1411,1637,8,0,0,12.652125,0.12592,0.22196,0,8,0,8,1.674028,0.214003,1.057423,0.05885,11.883727,1.933751,0.136433
876,961,GenesisLotus,AvocaDOS,1411,1751,5,0,0,9.652125,0.12592,0.22196,0,5,0,5,2.004001,0.123771,0.61157,0.05885,9.32958,2.176655,0.155557
876,962,GenesisLotus,AvocaDEV,1411,1700,2,0,0,6.652125,0.12592,0.22196,0,2,0,2,2.121741,0.159277,0.787011,0.05885,6.154139,2.284289,0.185927
876,966,GenesisLotus,ArgoBot,1411,1909,0,0,0,4.652125,0.12592,0.22196,0,0,0,0,,0.053824,0.26595,0.05885,4.6752,2.349308,0.219992
876,970,GenesisLotus,TheLAW,1411,1576,4,0,3,8.652125,0.12592,3.22196,0,4,0,4,1.864677,0.278922,1.378194,0.05885,7.562956,2.133917,0.163972
876,971,GenesisLotus,Nothing,1411,1570,11,0,0,15.652125,0.12592,0.22196,4,7,0,11,2.105858,0.285921,5.412779,0.05885,10.528371,2.181936,0.122979
876,977,GenesisLotus,Siriusly,1411,1392,51,1,0,55.652125,1.12592,0.22196,22,29,0,51,2.325226,0.527316,24.605547,0.05885,31.335603,2.327376,0.065735
876,981,GenesisLotus,KoB,1411,1499,32,1,0,36.652125,1.12592,0.22196,10,22,0,32,2.052787,0.375998,11.857864,0.05885,25.083286,2.092857,0.08087
876,998,GenesisLotus,LordSuperKing,1411,1656,1,0,0,5.652125,0.12592,0.22196,0,1,0,1,2.225704,0.196181,0.969362,0.05885,4.971788,2.328707,0.200824
876,1007,GenesisLotus,SharkGull,1411,1605,1,0,0,5.652125,0.12592,0.22196,0,1,0,1,2.129421,0.246614,1.218556,0.05885,4.722594,2.31266,0.200824
876,1008,GenesisLotus,Creepy_canon,1411,1587,1,0,0,5.652125,0.12592,0.22196,0,1,0,1,1.8453,0.266366,1.316156,0.05885,4.624994,2.265307,0.200824
876,1023,GenesisLotus,MY_SCRIPTING_SON,1411,1275,39,0,16,43.652125,0.12592,16.22196,4,35,0,39,2.102859,0.6863,7.391113,0.05885,36.550037,2.130864,0.074159
876,1026,GenesisLotus,WildLupo,1411,1199,48,0,3,52.652125,0.12592,3.22196,48,0,0,48,2.266696,0.772129,51.815204,0.05885,1.125946,2.27449,0.06757
876,1029,GenesisLotus,Chomppet,1411,1600,0,0,0,4.652125,0.12592,0.22196,0,0,0,0,,0.252,1.245172,0.05885,3.695978,2.349308,0.219992
876,1030,GenesisLotus,who,1411,1924,1,0,0,5.652125,0.12592,0.22196,0,1,0,1,2.042518,0.049592,0.245041,0.05885,5.696109,2.298176,0.200824
876,1032,GenesisLotus,WaterLeak,1411,1607,6,0,0,10.652125,0.12592,0.22196,0,5,1,6,2.171646,0.244481,1.208018,1.05885,8.733132,2.252401,0.148318
876,1038,GenesisLotus,PolyMorph,1411,1463,51,0,1,55.652125,0.12592,1.22196,40,11,0,51,2.52243,0.42572,42.103545,0.05885,13.837605,2.506972,0.065735
876,1042,GenesisLotus,Creepy_duo_canon,1411,1386,30,3,1,34.652125,3.12592,1.22196,2,28,0,30,1.489968,0.535916,4.648041,0.05885,30.293109,1.612731,0.083149
876,1044,GenesisLotus,DoopyBot,1411,1418,37,2,2,41.652125,2.12592,2.22196,15,22,0,37,2.522652,0.489928,17.420806,0.05885,24.520344,2.502016,0.075904
876,1045,GenesisLotus,tito,1411,1801,4,0,0,8.652125,0.12592,0.22196,0,4,0,4,2.102779,0.09578,0.473263,0.05885,8.467887,2.23974,0.163972
876,1049,GenesisLotus,TheCatSC2Bot,1411,970,55,0,0,59.652125,0.12592,0.22196,55,0,0,55,2.125912,0.926804,59.579477,0.05885,0.361673,2.144528,0.063506
876,1050,GenesisLotus,onlyfans,1411,1517,29,1,2,33.652125,1.12592,2.22196,1,28,0,29,2.652873,0.352017,2.739369,0.05885,31.201781,2.608231,0.084363
876,1052,GenesisLotus,Starlight,1411,1204,45,0,0,49.652125,0.12592,0.22196,43,2,0,45,2.295364,0.767025,46.789985,0.05885,3.151165,2.300759,0.069567
876,1054,GenesisLotus,JimmyBotZ,1411,1724,12,0,0,16.652125,0.12592,0.22196,5,7,0,12,2.509079,0.141635,5.699842,0.05885,11.241308,2.462087,0.119307
876,1056,GenesisLotus,bilisaur,1411,1600,0,0,0,4.652125,0.12592,0.22196,0,0,0,0,,0.252,1.245172,0.05885,3.695978,2.349308,0.219992
876,1057,GenesisLotus,DoopyBot-Test,1411,1238,37,0,2,41.652125,0.12592,2.22196,30,6,1,37,2.379668,0.730245,33.608252,1.05885,7.332898,2.376054,0.075904
876,1058,GenesisLotus,JimmyBotP,1411,1711,16,2,0,20.652125,2.12592,0.22196,11,5,0,16,2.188988,0.15098,11.746013,0.05885,9.195137,2.22716,0.107345
876,1059,GenesisLotus,NextProBot,1411,1600,0,0,0,4.652125,0.12592,0.22196,0,0,0,0,,0.252,1.245172,0.05885,3.695978,2.349308,0.219992
876,1060,GenesisLotus,WildFire,1411,1709,2,0,0,6.652125,0.12592,0.22196,1,1,0,2,2.042959,0.152461,1.753334,0.05885,5.187816,2.26178,0.185927
876,1065,GenesisLotus,MindMatrix,1411,1514,19,0,0,23.652125,0.12592,0.22196,8,10,1,19,2.300495,0.355966,9.758882,1.05885,13.182268,2.310664,0.100412
876,1066,GenesisLotus,CompetitiveBotTest,1411,1482,0,0,0,4.652125,0.12592,0.22196,0,0,0,0,,0.399222,1.972615,0.05885,2.968535,2.349308,0.219992
876,1067,GenesisLotus,Hello_world,1411,1600,0,0,0,4.652125,0.12592,0.22196,0,0,0,0,,0.252,1.245172,0.05885,3.695978,2.349308,0.219992
876,1078,GenesisLotus,LoremIpsum,1411,1242,16,5,0,20.652125,5.12592,0.22196,16,0,0,16,2.57865,0.725686,19.585722,0.05885,1.355428,2.524045,0.107345
876,1079,GenesisLotus,JimmyBotT,1411,1675,0,1,1,4.652125,1.12592,1.22196,0,0,0,0,,0.179505,0.88696,0.05885,4.05419,2.349308,0.219992
876,1080,GenesisLotus,JimmyBot,1411,1675,2,0,0,6.652125,0.12592,0.22196,1,1,0,2,1.918725,0.179505,1.88696,0.05885,5.05419,2.226284,0.185927
876,1081,GenesisLotus,ArtZerg,1411,1537,2,0,0,6.652125,0.12592,0.22196,0,2,0,2,1.745598,0.326224,1.611921,0.05885,5.329229,2.17682,0.185927
876,1082,GenesisLotus,Dasyatis,1411,1573,10,0,0,14.652125,0.12592,0.22196,0,10,0,10,2.011195,0.282408,1.395422,0.05885,13.545728,2.123899,0.127012
876,1084,GenesisLotus,ZippyZap,1411,1457,0,0,1,4.652125,0.12592,1.22196,0,0,0,0,,0.434185,2.145372,0.05885,2.795778,2.349308,0.219992
876,1085,GenesisLotus,AgoraLord,1411,1430,3,1,0,7.652125,1.12592,0.22196,2,1,0,3,2.698485,0.472684,4.335603,0.05885,3.605547,2.480249,0.173919
876,1086,GenesisLotus,CherBoiBlue,1411,1500,1,0,0,5.652125,0.12592,0.22196,0,1,0,1,2.704042,0.374649,1.851195,0.05885,4.089955,2.40843,0.200824
876,1087,GenesisLotus,SwarmLord2,1411,1533,1,0,0,5.652125,0.12592,0.22196,0,1,0,1,1.7613,0.331305,1.637028,0.05885,4.304122,2.251307,0.200824
876,1088,GenesisLotus,SwarmLord3,1411,1562,1,0,0,5.652125,0.12592,0.22196,0,1,0,1,1.960095,0.295415,1.459692,0.05885,4.481458,2.284439,0.200824
876,1089,GenesisLotus,WorkingAsIntended,1411,1596,1,0,0,5.652125,0.12592,0.22196,0,1,0,1,2.10657,0.256365,1.26674,0.05885,4.67441,2.308852,0.200824
901,930,clone,SiriusBot,1667,1519,23,0,0,27.652125,0.12592,0.22196,16,6,1,23,2.22295,0.700977,19.463634,1.05885,7.477516,2.245514,0.092963
901,939,clone,RustyNikolaj,1667,1539,10,1,0,14.652125,1.12592,0.22196,8,2,0,10,2.727661,0.676302,11.341708,0.05885,3.599442,2.601544,0.127012
901,940,clone,Princess-Mika-Test,1667,1524,9,0,0,13.652125,0.12592,0.22196,7,2,0,9,2.692747,0.69491,10.433653,0.05885,3.507497,2.57009,0.13147
901,943,clone,puck,1667,1529,7,0,0,11.652125,0.12592,0.22196,6,1,0,7,2.131922,0.688774,9.403334,0.05885,2.537816,2.2225,0.142004
901,948,clone,titania,1667,1185,0,0,0,4.652125,0.12592,0.22196,0,0,0,0,,0.941289,4.651048,0.05885,0.290102,2.349308,0.219992
901,953,clone,ZeratulsRevengeTest,1667,1702,8,0,0,12.652125,0.12592,0.22196,1,7,0,8,2.541611,0.449801,3.222532,0.05885,9.718618,2.467648,0.136433
901,959,clone,ur_moms_a_ho,1667,1600,0,0,0,4.652125,0.12592,0.22196,0,0,0,0,,0.595243,2.941185,0.05885,1.999965,2.349308,0.219992
901,960,clone,BigDaddy,1667,1637,39,0,0,43.652125,0.12592,0.22196,14,25,0,39,2.003192,0.543066,16.683373,0.05885,27.257777,2.042524,0.074159
901,961,clone,AvocaDOS,1667,1751,27,0,0,31.652125,0.12592,0.22196,13,14,0,27,2.224727,0.381416,14.884633,0.05885,17.056517,2.244193,0.086959
901,962,clone,AvocaDEV,1667,1700,7,0,0,11.652125,0.12592,0.22196,5,2,0,7,2.314717,0.452651,7.236619,0.05885,4.704531,2.32913,0.142004
901,966,clone,ArgoBot,1667,1909,18,0,0,22.652125,0.12592,0.22196,5,13,0,18,2.32457,0.198919,5.982889,0.05885,16.958261,2.329948,0.102572
901,970,clone,TheLAW,1667,1576,37,0,1,41.652125,0.12592,1.22196,25,12,0,37,2.006204,0.628045,28.103264,0.05885,13.837886,2.047049,0.075904
901,971,clone,Nothing,1667,1570,42,0,0,46.652125,0.12592,0.22196,26,16,0,42,2.317609,0.636077,29.142951,0.05885,17.798199,2.320982,0.071753
901,977,clone,Siriusly,1667,1392,4,0,0,8.652125,0.12592,0.22196,4,0,0,4,2.191004,0.829633,8.09934,0.05885,0.84181,2.278951,0.163972
901,981,clone,KoB,1667,1499,17,0,0,21.652125,0.12592,0.22196,12,3,2,17,2.212753,0.724538,15.580052,2.05885,4.361098,2.243788,0.104877
901,998,clone,LordSuperKing,1667,1656,21,0,0,25.652125,0.12592,0.22196,13,8,0,21,2.189418,0.515825,15.548769,0.05885,10.392381,2.220166,0.096473
901,1007,clone,SharkGull,1667,1605,17,0,0,21.652125,0.12592,0.22196,7,10,0,17,2.003373,0.58829,9.906829,0.05885,12.034321,2.081994,0.104877
901,1008,clone,Creepy_canon,1667,1587,0,0,0,4.652125,0.12592,0.22196,0,0,0,0,,0.613137,3.029601,0.05885,1.911549,2.349308,0.219992
901,1023,clone,MY_SCRIPTING_SON,1667,1275,0,0,0,4.652125,0.12592,0.22196,0,0,0,0,,0.905213,4.472791,0.05885,0.468359,2.349308,0.219992
901,1026,clone,WildLupo,1667,1199,0,0,0,4.652125,0.12592,0.22196,0,0,0,0,,0.936673,4.628242,0.05885,0.312908,2.349308,0.219992
901,1029,clone,Chomppet,1667,1600,0,0,0,4.652125,0.12592,0.22196,0,0,0,0,,0.595243,2.941185,0.05885,1.999965,2.349308,0.219992
901,1030,clone,who,1667,1924,19,0,0,23.652125,0.12592,0.22196,6,12,1,19,2.26995,0.185516,6.916664,1.05885,16.024486,2.286483,0.100412
901,1032,clone,WaterLeak,1667,1607,26,2,0,30.652125,2.12592,0.22196,13,13,0,26,2.517304,0.585499,15.893037,0.05885,15.048113,2.490208,0.088351
901,1038,clone,PolyMorph,1667,1463,4,0,0,8.652125,0.12592,0.22196,4,0,0,4,2.793192,0.763925,7.774667,0.05885,1.166483,2.54659,0.163972
901,1042,clone,Creepy_duo_canon,1667,1386,0,1,0,4.652125,1.12592,0.22196,0,0,0,0,,0.834459,4.123188,0.05885,0.817962,2.349308,0.219992
901,1044,clone,DoopyBot,1667,1418,9,0,0,13.652125,0.12592,0.22196,6,3,0,9,2.469634,0.807424,9.989604,0.05885,3.951546,2.426661,0.13147
901,1045,clone,tito,1667,1801,16,0,1,20.652125,0.12592,1.22196,5,10,1,16,2.01113,0.316184,6.562311,1.05885,13.378839,2.091649,0.107345
901,1049,clone,TheCatSC2Bot,1667,970,0,0,0,4.652125,0.12592,0.22196,0,0,0,0,,0.982229,4.853341,0.05885,0.087809,2.349308,0.219992
901,1050,clone,onlyfans,1667,1517,17,0,0,21.652125,0.12592,0.22196,17,0,0,17,2.518297,0.703385,20.475531,0.05885,1.465619,2.47989,0.104877
901,1052,clone,Starlight,1667,1204,0,0,0,4.652125,0.12592,0.22196,0,0,0,0,,0.934944,4.6197,0.05885,0.32145,2.349308,0.219992
901,1054,clone,JimmyBotZ,1667,1724,30,0,1,34.652125,0.12592,1.22196,16,14,0,30,2.370127,0.418699,18.068852,0.05885,16.872298,2.367153,0.083149
901,1056,clone,bilisaur,1667,1600,0,0,0,4.652125,0.12592,0.22196,0,0,0,0,,0.595243,2.941185,0.05885,1.999965,2.349308,0.219992
901,1057,clone,DoopyBot-Test,1667,1238,4,0,0,8.652125,0.12592,0.22196,3,1,0,4,2.374948,0.921977,7.555629,0.05885,1.385521,2.360703,0.163972
901,1058,clone,JimmyBotP,1667,1711,12,1,0,16.652125,1.12592,0.22196,9,3,0,12,2.171564,0.437015,11.159358,0.05885,5.781792,2.223842,0.119307
901,1059,clone,NextProBot,1667,1600,0,0,0,4.652125,0.12592,0.22196,0,0,0,0,,0.595243,2.941185,0.05885,1.999965,2.349308,0.219992
901,1060,clone,WildFire,1667,1709,12,0,0,16.652125,0.12592,0.22196,11,0,1,12,3.058264,0.43985,13.173364,1.05885,2.767786,2.849747,0.119307
901,1065,clone,MindMatrix,1667,1514,6,0,0,10.652125,0.12592,0.22196,3,3,0,6,2.697507,0.706975,6.493271,0.05885,4.447879,2.539235,0.148318
901,1066,clone,CompetitiveBotTest,1667,1482,0,0,0,4.652125,0.12592,0.22196,0,0,0,0,,0.743635,3.67441,0.05885,1.26674,2.349308,0.219992
901,1067,clone,Hello_world,1667,1600,0,0,0,4.652125,0.12592,0.22196,0,0,0,0,,0.595243,2.941185,0.05885,1.999965,2.349308,0.219992
901,1078,clone,LoremIpsum,1667,1242,0,0,0,4.652125,0.12592,0.22196,0,0,0,0,,0.920305,4.547364,0.05885,0.393786,2.349308,0.219992
901,1079,clone,JimmyBotT,1667,1675,18,0,0,22.652125,0.12592,0.22196,11,7,0,18,2.245559,0.488489,13.413698,0.05885,9.527452,2.268113,0.102572
901,1080,clone,JimmyBot,1667,1675,18,0,0,22.652125,0.12592,0.22196,11,7,0,18,2.184046,0.488489,13.413698,0.05885,9.527452,2.219973,0.102572
901,1081,clone,ArtZerg,1667,1537,18,0,0,22.652125,0.12592,0.22196,10,8,0,18,1.969776,0.678817,13.354136,0.05885,9.587014,2.052283,0.102572
901,1082,clone,Dasyatis,1667,1573,8,0,0,12.652125,0.12592,0.22196,2,5,1,8,2.37361,0.63207,5.123153,1.05885,6.817997,2.364263,0.136433
901,1084,clone,ZippyZap,1667,1457,0,0,0,4.652125,0.12592,0.22196,0,0,0,0,,0.770097,3.805163,0.05885,1.135987,2.349308,0.219992
901,1085,clone,AgoraLord,1667,1430,1,0,0,5.652125,0.12592,0.22196,1,0,0,1,1.671473,0.796455,4.935402,0.05885,1.005748,2.236336,0.200824
901,1086,clone,CherBoiBlue,1667,1500,0,0,0,4.652125,0.12592,0.22196,0,0,0,0,,0.723388,3.574368,0.05885,1.366782,2.349308,0.219992
901,1087,clone,SwarmLord2,1667,1533,0,0,0,4.652125,0.12592,0.22196,0,0,0,0,,0.683816,3.378839,0.05885,1.562311,2.349308,0.219992
901,1088,clone,SwarmLord3,1667,1562,0,0,0,4.652125,0.12592,0.22196,0,0,0,0,,0.646669,3.195288,0.05885,1.745862,2.349308,0.219992
901,1089,clone,WorkingAsIntended,1667,1596,1,0,0,5.652125,0.12592,0.22196,1,0,0,1,1.796747,0.600778,3.968535,0.05885,1.972615,2.257215,0.200824
930,939,SiriusBot,RustyNikolaj,1519,1539,27,0,0,31.652125,0.12592,0.22196,17,10,0,27,2.662949,0.471249,19.328514,0.05885,12.612636,2.613942,0.086959
930,940,SiriusBot,Princess-Mika-Test,1519,1524,26,0,2,30.652125,0.12592,2.22196,15,11,0,26,2.602653,0.492805,17.435023,0.05885,13.506127,2.561791,0.088351
930,943,SiriusBot,puck,1519,1529,28,2,0,32.652125,2.12592,0.22196,21,7,0,28,2.490724,0.485613,23.399486,0.05885,9.541664,2.469298,0.085632
930,948,SiriusBot,titania,1519,1185,17,1,0,21.652125,1.12592,0.22196,17,0,0,17,2.435404,0.872435,21.31083,0.05885,0.63032,2.415837,0.104877
930,953,SiriusBot,ZeratulsRevengeTest,1519,1702,3,0,0,7.652125,0.12592,0.22196,0,3,0,3,1.486593,0.258566,1.277616,0.05885,6.663534,2.02579,0.173919
930,959,SiriusBot,ur_moms_a_ho,1519,1600,0,0,0,4.652125,0.12592,0.22196,0,0,0,0,,0.385499,1.904807,0.05885,3.036343,2.349308,0.219992
930,960,SiriusBot,BigDaddy,1519,1637,28,0,1,32.652125,0.12592,1.22196,4,24,0,28,2.139373,0.336426,5.662331,0.05885,27.278819,2.171181,0.085632
930,961,SiriusBot,AvocaDOS,1519,1751,14,0,0,18.652125,0.12592,0.22196,0,13,1,14,2.146296,0.208251,1.029,1.05885,16.91215,2.19972,0.112853
930,962,SiriusBot,AvocaDEV,1519,1700,5,0,0,9.652125,0.12592,0.22196,0,5,0,5,2.418358,0.26078,1.288552,0.05885,8.652598,2.383833,0.155557
930,966,SiriusBot,ArgoBot,1519,1909,1,0,0,5.652125,0.12592,0.22196,0,1,0,1,1.771557,0.09578,0.473263,0.05885,5.467887,2.253016,0.200824
930,970,SiriusBot,TheLAW,1519,1576,29,0,0,33.652125,0.12592,0.22196,6,23,0,29,2.129951,0.418699,8.068852,0.05885,25.872298,2.162209,0.084363
930,971,SiriusBot,Nothing,1519,1570,30,0,0,34.652125,0.12592,0.22196,5,25,0,30,2.314122,0.427128,7.110502,0.05885,27.830648,2.319149,0.083149
930,977,SiriusBot,Siriusly,1519,1392,35,0,0,39.652125,0.12592,0.22196,23,11,1,35,2.33332,0.67504,26.335475,1.05885,12.605675,2.335318,0.077779
930,981,SiriusBot,KoB,1519,1499,27,4,0,31.652125,4.12592,0.22196,15,10,2,27,2.372889,0.528751,17.612636,2.05885,12.328514,2.369205,0.086959
930,998,SiriusBot,LordSuperKing,1519,1656,15,0,0,19.652125,0.12592,0.22196,2,13,0,15,2.535456,0.312462,3.54392,0.05885,16.39723,2.488919,0.109996
930,1007,SiriusBot,SharkGull,1519,1605,8,0,0,12.652125,0.12592,0.22196,0,8,0,8,2.032001,0.378703,1.87123,0.05885,11.06992,2.154042,0.136433
930,1008,SiriusBot,Creepy_canon,1519,1587,0,0,0,4.652125,0.12592,0.22196,0,0,0,0,,0.403371,1.993116,0.05885,2.948034,2.349308,0.219992
930,1023,SiriusBot,MY_SCRIPTING_SON,1519,1275,15,0,14,19.652125,0.12592,14.22196,9,6,0,15,2.289263,0.802909,12.967295,0.05885,6.973855,2.304274,0.109996
930,1026,SiriusBot,WildLupo,1519,1199,28,0,1,32.652125,0.12592,1.22196,26,2,0,28,2.270747,0.863193,30.265167,0.05885,2.675983,2.282651,0.085632
930,1029,SiriusBot,Chomppet,1519,1600,0,0,0,4.652125,0.12592,0.22196,0,0,0,0,,0.385499,1.904807,0.05885,3.036343,2.349308,0.219992
930,1030,SiriusBot,who,1519,1924,0,0,0,4.652125,0.12592,0.22196,0,0,0,0,,0.088558,0.437579,0.05885,4.503571,2.349308,0.219992
930,1032,SiriusBot,WaterLeak,1519,1607,12,3,0,16.652125,3.12592,0.22196,2,9,1,12,1.941043,0.375998,3.857864,1.05885,12.083286,2.061121,0.119307
930,1038,SiriusBot,PolyMorph,1519,1463,29,0,0,33.652125,0.12592,0.22196,23,6,0,29,2.499582,0.5799,25.865372,0.05885,8.075778,2.477483,0.084363
930,1042,SiriusBot,Creepy_duo_canon,1519,1386,18,0,1,22.652125,0.12592,1.22196,6,12,0,18,1.694193,0.68257,9.372683,0.05885,13.568467,1.836609,0.102572
930,1044,SiriusBot,DoopyBot,1519,1418,24,0,1,28.652125,0.12592,1.22196,20,4,0,24,2.384913,0.64139,23.169205,0.05885,5.771945,2.378774,0.091347
930,1045,SiriusBot,tito,1519,1801,7,0,0,11.652125,0.12592,0.22196,0,7,0,7,2.078921,0.164747,0.81404,0.05885,11.12711,2.191582,0.142004
930,1049,SiriusBot,TheCatSC2Bot,1519,970,30,1,0,34.652125,1.12592,0.22196,30,0,0,30,2.208558,0.959313,34.740107,0.05885,0.201043,2.228665,0.083149
930,1050,SiriusBot,onlyfans,1519,1517,15,3,0,19.652125,3.12592,0.22196,9,6,0,15,2.523376,0.502878,11.484797,0.05885,8.456353,2.479859,0.109996
930,1052,SiriusBot,Starlight,1519,1204,26,0,0,30.652125,0.12592,0.22196,22,2,2,26,2.485703,0.859759,26.248196,2.05885,2.692954,2.463703,0.088351
930,1054,SiriusBot,JimmyBotZ,1519,1724,24,0,0,28.652125,0.12592,0.22196,11,13,0,24,2.337505,0.235039,12.161362,0.05885,16.779788,2.33954,0.091347
930,1056,SiriusBot,bilisaur,1519,1600,0,0,0,4.652125,0.12592,0.22196,0,0,0,0,,0.385499,1.904807,0.05885,3.036343,2.349308,0.219992
930,1057,SiriusBot,DoopyBot-Test,1519,1238,24,1,0,28.652125,1.12592,0.22196,17,7,0,24,2.541962,0.834459,21.123188,0.05885,7.817962,2.508746,0.091347
930,1058,SiriusBot,JimmyBotP,1519,1711,16,0,0,20.652125,0.12592,0.22196,5,10,1,16,2.162509,0.248759,6.229157,1.05885,13.711993,2.206985,0.107345
930,1059,SiriusBot,NextProBot,1519,1600,0,0,0,4.652125,0.12592,0.22196,0,0,0,0,,0.385499,1.904807,0.05885,3.036343,2.349308,0.219992
930,1060,SiriusBot,WildFire,1519,1709,11,0,0,15.652125,0.12592,0.22196,5,6,0,11,2.10608,0.250917,6.239818,0.05885,9.701332,2.182089,0.122979
930,1065,SiriusBot,MindMatrix,1519,1514,17,0,0,21.652125,0.12592,0.22196,10,7,0,17,2.555999,0.507195,12.506127,0.05885,9.435023,2.509024,0.104877
930,1066,SiriusBot,CompetitiveBotTest,1519,1482,1,0,0,5.652125,0.12592,0.22196,0,0,1,1,3.092405,0.553047,2.732688,1.05885,2.208462,2.473158,0.200824
930,1067,SiriusBot,Hello_world,1519,1600,0,0,0,4.652125,0.12592,0.22196,0,0,0,0,,0.385499,1.904807,0.05885,3.036343,2.349308,0.219992
930,1078,SiriusBot,LoremIpsum,1519,1242,13,0,0,17.652125,0.12592,0.22196,13,0,0,13,2.328255,0.831254,17.10735,0.05885,0.8338,2.334103,0.115946
930,1079,SiriusBot,JimmyBotT,1519,1675,9,0,0,13.652125,0.12592,0.22196,2,7,0,9,2.015058,0.28946,3.430265,0.05885,10.510885,2.134433,0.13147
930,1080,SiriusBot,JimmyBot,1519,1675,9,0,0,13.652125,0.12592,0.22196,4,5,0,9,2.229773,0.28946,5.430265,0.05885,8.510885,2.272464,0.13147
930,1081,SiriusBot,ArtZerg,1519,1537,9,0,0,13.652125,0.12592,0.22196,2,7,0,9,1.950365,0.474119,4.342693,0.05885,9.598457,2.092845,0.13147
930,1082,SiriusBot,Dasyatis,1519,1573,9,0,0,13.652125,0.12592,0.22196,1,8,0,9,2.298046,0.422908,3.08965,0.05885,10.8515,2.316354,0.13147
930,1084,SiriusBot,ZippyZap,1519,1457,0,0,0,4.652125,0.12592,0.22196,0,0,0,0,,0.58829,2.906829,0.05885,2.034321,2.349308,0.219992
930,1085,SiriusBot,AgoraLord,1519,1430,4,0,0,8.652125,0.12592,0.22196,3,1,0,4,2.743971,0.625351,6.089955,0.05885,2.851195,2.524714,0.163972
930,1086,SiriusBot,CherBoiBlue,1519,1500,0,0,1,4.652125,0.12592,1.22196,0,0,0,0,,0.527316,2.605547,0.05885,2.335603,2.349308,0.219992
930,1087,SiriusBot,SwarmLord2,1519,1533,0,0,0,4.652125,0.12592,0.22196,0,0,0,0,,0.479863,2.371076,0.05885,2.570074,2.349308,0.219992
930,1088,SiriusBot,SwarmLord3,1519,1562,1,0,0,5.652125,0.12592,0.22196,0,1,0,1,2.290513,0.438432,2.166359,0.05885,3.774791,2.339509,0.200824
930,1089,SiriusBot,WorkingAsIntended,1519,1596,0,1,1,4.652125,1.12592,1.22196,0,0,0,0,,0.390967,1.931829,0.05885,3.009321,2.349308,0.219992
939,940,RustyNikolaj,Princess-Mika-Test,1539,1524,23,0,0,27.652125,0.12592,0.22196,17,6,0,23,2.693946,0.521573,19.577172,0.05885,8.363978,2.632403,0.092963
939,943,RustyNikolaj,puck,1539,1529,21,3,0,25.652125,3.12592,0.22196,10,7,4,21,2.862394,0.514387,12.541664,4.05885,9.399486,2.763724,0.096473
939,948,RustyNikolaj,titania,1539,1185,13,0,0,17.652125,0.12592,0.22196,13,0,0,13,2.843089,0.884708,17.371474,0.05885,0.569676,2.705928,0.115946
939,953,RustyNikolaj,ZeratulsRevengeTest,1539,1702,1,0,0,5.652125,0.12592,0.22196,0,1,0,1,2.783776,0.281243,1.389665,0.05885,4.551485,2.421719,0.200824
939,959,RustyNikolaj,ur_moms_a_ho,1539,1600,0,0,0,4.652125,0.12592,0.22196,0,0,0,0,,0.413105,2.041214,0.05885,2.899936,2.349308,0.219992
939,960,RustyNikolaj,BigDaddy,1539,1637,15,0,0,19.652125,0.12592,0.22196,3,12,0,15,1.798212,0.362592,4.79162,0.05885,15.14953,1.935986,0.109996
939,961,RustyNikolaj,AvocaDOS,1539,1751,6,0,0,10.652125,0.12592,0.22196,2,4,0,6,2.466851,0.227871,3.125946,0.05885,7.815204,2.413423,0.148318
939,962,RustyNikolaj,AvocaDEV,1539,1700,2,0,0,6.652125,0.12592,0.22196,0,2,0,2,2.405585,0.283576,1.401193,0.05885,5.539957,2.365387,0.185927
939,966,RustyNikolaj,ArgoBot,1539,1909,0,0,0,4.652125,0.12592,0.22196,0,0,0,0,,0.106225,0.524875,0.05885,4.416275,2.349308,0.219992
939,970,RustyNikolaj,TheLAW,1539,1576,14,0,1,18.652125,0.12592,1.22196,5,9,0,14,2.30821,0.446953,7.208462,0.05885,11.732688,2.319025,0.112853
939,971,RustyNikolaj,Nothing,1539,1570,15,1,1,19.652125,1.12592,1.22196,6,9,0,15,2.631037,0.455505,8.250721,0.05885,11.690429,2.560605,0.109996
939,977,RustyNikolaj,Siriusly,1539,1392,29,1,0,33.652125,1.12592,0.22196,19,7,3,29,2.509356,0.699769,22.457666,3.05885,8.483484,2.48582,0.084363
939,981,RustyNikolaj,KoB,1539,1499,21,2,0,25.652125,2.12592,0.22196,16,4,1,21,2.75355,0.557312,18.75376,1.05885,6.18739,2.675811,0.096473
939,998,RustyNikolaj,LordSuperKing,1539,1656,8,0,0,12.652125,0.12592,0.22196,0,8,0,8,2.533398,0.337712,1.668687,0.05885,11.272463,2.462594,0.136433
939,1007,RustyNikolaj,SharkGull,1539,1605,5,0,0,9.652125,0.12592,0.22196,1,4,0,5,2.254542,0.406145,3.006821,0.05885,6.934329,2.301925,0.155557
939,1008,RustyNikolaj,Creepy_canon,1539,1587,0,0,0,4.652125,0.12592,0.22196,0,0,0,0,,0.431359,2.131408,0.05885,2.809742,2.349308,0.219992
939,1023,RustyNikolaj,MY_SCRIPTING_SON,1539,1275,12,10,7,16.652125,10.12592,7.22196,11,1,0,12,2.730597,0.820495,15.05419,0.05885,1.88696,2.618453,0.119307
939,1026,RustyNikolaj,WildLupo,1539,1199,27,3,0,31.652125,3.12592,0.22196,26,0,1,27,2.522938,0.876229,30.32958,1.05885,0.61157,2.495808,0.086959
939,1029,RustyNikolaj,Chomppet,1539,1600,0,0,0,4.652125,0.12592,0.22196,0,0,0,0,,0.413105,2.041214,0.05885,2.899936,2.349308,0.219992
939,1030,RustyNikolaj,who,1539,1924,0,0,0,4.652125,0.12592,0.22196,0,0,0,0,,0.098302,0.485724,0.05885,4.455426,2.349308,0.219992
939,1032,RustyNikolaj,WaterLeak,1539,1607,10,1,0,14.652125,1.12592,0.22196,6,4,0,10,2.368819,0.403371,7.993116,0.05885,6.948034,2.362315,0.127012
939,1038,RustyNikolaj,PolyMorph,1539,1463,21,5,0,25.652125,5.12592,0.22196,5,14,2,21,3.308891,0.607661,8.002544,2.05885,15.938606,3.124356,0.096473
939,1042,RustyNikolaj,Creepy_duo_canon,1539,1386,26,0,0,30.652125,0.12592,0.22196,3,23,0,26,1.596044,0.706975,6.493271,0.05885,24.447879,1.717538,0.088351
939,1044,RustyNikolaj,DoopyBot,1539,1418,16,8,0,20.652125,8.12592,0.22196,11,5,0,16,2.65649,0.667418,14.297815,0.05885,6.643335,2.583351,0.107345
939,1045,RustyNikolaj,tito,1539,1801,2,0,0,6.652125,0.12592,0.22196,0,2,0,2,2.31789,0.181207,0.89537,0.05885,6.04578,2.340332,0.185927
939,1049,RustyNikolaj,TheCatSC2Bot,1539,970,30,0,0,34.652125,0.12592,0.22196,30,0,0,30,2.134128,0.963576,34.761174,0.05885,0.179976,2.164868,0.083149
939,1050,RustyNikolaj,onlyfans,1539,1517,15,4,0,19.652125,4.12592,0.22196,9,0,6,15,3.222383,0.531618,11.626806,6.05885,2.314344,3.004115,0.109996
939,1052,RustyNikolaj,Starlight,1539,1204,30,0,0,34.652125,0.12592,0.22196,14,3,13,30,3.207572,0.873074,18.313989,13.05885,3.627161,3.084963,0.083149
939,1054,RustyNikolaj,JimmyBotZ,1539,1724,15,0,0,19.652125,0.12592,0.22196,3,12,0,15,2.63758,0.256365,4.26674,0.05885,15.67441,2.565512,0.109996
939,1056,RustyNikolaj,bilisaur,1539,1600,0,0,0,4.652125,0.12592,0.22196,0,0,0,0,,0.413105,2.041214,0.05885,2.899936,2.349308,0.219992
939,1057,RustyNikolaj,DoopyBot-Test,1539,1238,15,6,0,19.652125,6.12592,0.22196,5,7,3,15,2.999351,0.849757,9.198776,3.05885,7.742374,2.83684,0.109996
939,1058,RustyNikolaj,JimmyBotP,1539,1711,15,0,0,19.652125,0.12592,0.22196,3,12,0,15,2.530166,0.27089,4.338508,0.05885,15.602642,2.484952,0.109996
939,1059,RustyNikolaj,NextProBot,1539,1600,0,0,0,4.652125,0.12592,0.22196,0,0,0,0,,0.413105,2.041214,0.05885,2.899936,2.349308,0.219992
939,1060,RustyNikolaj,WildFire,1539,1709,5,3,0,9.652125,3.12592,0.22196,2,1,2,5,3.339774,0.27317,3.349774,2.05885,4.591376,2.844541,0.155557
939,1065,RustyNikolaj,MindMatrix,1539,1514,17,1,0,21.652125,1.12592,0.22196,8,9,0,17,2.91451,0.535916,10.648041,0.05885,11.293109,2.786055,0.104877
939,1066,RustyNikolaj,CompetitiveBotTest,1539,1482,1,0,0,5.652125,0.12592,0.22196,1,0,0,1,1.702928,0.581301,3.872298,0.05885,2.068852,2.241578,0.200824
939,1067,RustyNikolaj,Hello_world,1539,1600,0,0,0,4.652125,0.12592,0.22196,0,0,0,0,,0.413105,2.041214,0.05885,2.899936,2.349308,0.219992
939,1078,RustyNikolaj,LoremIpsum,1539,1242,15,1,0,19.652125,1.12592,0.22196,15,0,0,15,2.854495,0.846793,19.184133,0.05885,0.757017,2.728198,0.109996
939,1079,RustyNikolaj,JimmyBotT,1539,1675,4,1,0,8.652125,1.12592,0.22196,2,0,2,4,2.432116,0.3137,3.550037,2.05885,3.391113,2.386111,0.163972
939,1080,RustyNikolaj,JimmyBot,1539,1675,5,0,0,9.652125,0.12592,0.22196,2,3,0,5,2.702093,0.3137,3.550037,0.05885,6.391113,2.525701,0.155557
939,1081,RustyNikolaj,ArtZerg,1539,1537,5,0,0,9.652125,0.12592,0.22196,0,4,1,5,2.177515,0.502878,2.484797,1.05885,6.456353,2.263412,0.155557
939,1082,RustyNikolaj,Dasyatis,1539,1573,12,0,1,16.652125,0.12592,1.22196,5,5,2,12,2.531984,0.451226,7.229574,2.05885,7.711576,2.478256,0.119307
939,1084,RustyNikolaj,ZippyZap,1539,1457,0,0,1,4.652125,0.12592,1.22196,0,0,0,0,,0.615864,3.043077,0.05885,1.898073,2.349308,0.219992
939,1085,RustyNikolaj,AgoraLord,1539,1430,3,0,0,7.652125,0.12592,0.22196,2,0,1,3,2.895997,0.651912,5.221195,1.05885,1.719955,2.554316,0.173919
939,1086,RustyNikolaj,CherBoiBlue,1539,1500,0,0,0,4.652125,0.12592,0.22196,0,0,0,0,,0.555891,2.746741,0.05885,2.194409,2.349308,0.219992
939,1087,RustyNikolaj,SwarmLord2,1539,1533,0,0,0,4.652125,0.12592,0.22196,0,0,0,0,,0.508634,2.513236,0.05885,2.427914,2.349308,0.219992
939,1088,RustyNikolaj,SwarmLord3,1539,1562,1,0,0,5.652125,0.12592,0.22196,0,0,1,1,3.133754,0.466949,2.307263,1.05885,2.633887,2.480049,0.200824
939,1089,RustyNikolaj,WorkingAsIntended,1539,1596,1,0,0,5.652125,0.12592,0.22196,1,0,0,1,3.201933,0.418699,3.068852,0.05885,2.872298,2.491412,0.200824
940,943,Princess-Mika-Test,puck,1524,1529,30,3,2,34.652125,3.12592,2.22196,7,22,1,30,2.515344,0.492805,9.435023,1.05885,24.506127,2.491624,0.083149
940,948,Princess-Mika-Test,titania,1524,1185,24,0,2,28.652125,0.12592,2.22196,22,2,0,24,2.505611,0.875604,26.326489,0.05885,2.614661,2.478662,0.091347
940,953,Princess-Mika-Test,ZeratulsRevengeTest,1524,1702,0,0,0,4.652125,0.12592,0.22196,0,0,0,0,,0.264123,1.305069,0.05885,3.636081,2.349308,0.219992
940,959,Princess-Mika-Test,ur_moms_a_ho,1524,1600,0,0,0,4.652125,0.12592,0.22196,0,0,0,0,,0.392339,1.938606,0.05885,3.002544,2.349308,0.219992
940,960,Princess-Mika-Test,BigDaddy,1524,1637,16,0,0,20.652125,0.12592,0.22196,0,16,0,16,1.812685,0.342881,1.694228,0.05885,19.246922,1.940452,0.107345
940,961,Princess-Mika-Test,AvocaDOS,1524,1751,5,0,0,9.652125,0.12592,0.22196,3,2,0,5,2.248232,0.213037,4.052646,0.05885,5.888504,2.29877,0.155557
940,962,Princess-Mika-Test,AvocaDEV,1524,1700,2,0,0,6.652125,0.12592,0.22196,2,0,0,2,2.489774,0.266366,3.316156,0.05885,3.624994,2.389441,0.185927
940,966,Princess-Mika-Test,ArgoBot,1524,1909,0,0,0,4.652125,0.12592,0.22196,0,0,0,0,,0.098302,0.485724,0.05885,4.455426,2.349308,0.219992
940,970,Princess-Mika-Test,TheLAW,1524,1576,21,0,0,25.652125,0.12592,0.22196,6,15,0,21,2.150567,0.42572,8.103545,0.05885,17.837605,2.188787,0.096473
940,971,Princess-Mika-Test,Nothing,1524,1570,20,0,0,24.652125,0.12592,0.22196,6,14,0,20,2.103114,0.434185,8.145372,0.05885,16.795778,2.152353,0.098383
940,977,Princess-Mika-Test,Siriusly,1524,1392,32,0,1,36.652125,0.12592,1.22196,24,8,0,32,1.952886,0.681322,27.366513,0.05885,9.574637,2.006456,0.08087
940,981,Princess-Mika-Test,KoB,1524,1499,24,1,2,28.652125,1.12592,2.22196,12,12,0,24,2.396005,0.535916,14.648041,0.05885,14.293109,2.387954,0.091347
940,998,Princess-Mika-Test,LordSuperKing,1524,1656,9,0,0,13.652125,0.12592,0.22196,0,9,0,9,2.388625,0.318678,1.574637,0.05885,12.366513,2.374583,0.13147
940,1007,Princess-Mika-Test,SharkGull,1524,1605,7,0,0,11.652125,0.12592,0.22196,0,7,0,7,1.93053,0.385499,1.904807,0.05885,10.036343,2.105021,0.142004
940,1008,Princess-Mika-Test,Creepy_canon,1524,1587,0,0,0,4.652125,0.12592,0.22196,0,0,0,0,,0.410316,2.027435,0.05885,2.913715,2.349308,0.219992
940,1023,Princess-Mika-Test,MY_SCRIPTING_SON,1524,1275,24,0,20,28.652125,0.12592,20.22196,20,4,0,24,2.100659,0.807424,23.989604,0.05885,4.951546,2.14353,0.091347
940,1026,Princess-Mika-Test,WildLupo,1524,1199,35,0,3,39.652125,0.12592,3.22196,35,0,0,35,2.432401,0.866557,39.281786,0.05885,0.659364,2.422015,0.077779
940,1029,Princess-Mika-Test,Chomppet,1524,1600,0,0,0,4.652125,0.12592,0.22196,0,0,0,0,,0.392339,1.938606,0.05885,3.002544,2.349308,0.219992
940,1030,Princess-Mika-Test,who,1524,1924,1,0,0,5.652125,0.12592,0.22196,0,1,0,1,1.788421,0.090909,0.449195,0.05885,5.491955,2.255827,0.200824
940,1032,Princess-Mika-Test,WaterLeak,1524,1607,11,0,0,15.652125,0.12592,0.22196,0,11,0,11,1.75932,0.382775,1.891349,0.05885,14.049801,1.943692,0.122979
940,1038,Princess-Mika-Test,PolyMorph,1524,1463,35,0,1,39.652125,0.12592,1.22196,29,6,0,35,2.491732,0.586895,31.899936,0.05885,8.041214,2.473929,0.077779
940,1042,Princess-Mika-Test,Creepy_duo_canon,1524,1386,24,0,2,28.652125,0.12592,2.22196,13,11,0,24,1.939615,0.688774,16.403334,0.05885,12.537816,2.010252,0.091347
940,1044,Princess-Mika-Test,DoopyBot,1524,1418,27,0,2,31.652125,0.12592,2.22196,20,7,0,27,2.391787,0.647983,23.201781,0.05885,8.739369,2.38515,0.086959
940,1045,Princess-Mika-Test,tito,1524,1801,5,0,0,9.652125,0.12592,0.22196,0,5,0,5,2.182588,0.168746,0.8338,0.05885,9.10735,2.265948,0.155557
940,1049,Princess-Mika-Test,TheCatSC2Bot,1524,970,41,0,2,45.652125,0.12592,2.22196,41,0,0,41,2.101355,0.960421,45.745586,0.05885,0.195564,2.128306,0.072529
940,1050,Princess-Mika-Test,onlyfans,1524,1517,30,0,1,34.652125,0.12592,1.22196,5,24,1,30,2.469548,0.510072,7.520344,1.05885,26.420806,2.452371,0.083149
940,1052,Princess-Mika-Test,Starlight,1524,1204,33,0,2,37.652125,0.12592,2.22196,32,1,0,33,2.280769,0.863193,36.265167,0.05885,1.675983,2.289787,0.079799
940,1054,Princess-Mika-Test,JimmyBotZ,1524,1724,19,0,1,23.652125,0.12592,1.22196,3,16,0,19,1.984102,0.240253,4.187126,0.05885,19.754024,2.060186,0.100412
940,1056,Princess-Mika-Test,bilisaur,1524,1600,0,0,0,4.652125,0.12592,0.22196,0,0,0,0,,0.392339,1.938606,0.05885,3.002544,2.349308,0.219992
940,1057,Princess-Mika-Test,DoopyBot-Test,1524,1238,20,3,2,24.652125,3.12592,2.22196,18,2,0,20,2.688305,0.838397,22.142645,0.05885,2.798505,2.620505,0.098383
940,1058,Princess-Mika-Test,JimmyBotP,1524,1711,22,0,0,26.652125,0.12592,0.22196,8,13,1,22,2.318471,0.254177,9.255926,1.05885,16.685224,2.324182,0.094669
940,1059,Princess-Mika-Test,NextProBot,1524,1600,0,0,0,4.652125,0.12592,0.22196,0,0,0,0,,0.392339,1.938606,0.05885,3.002544,2.349308,0.219992
940,1060,Princess-Mika-Test,WildFire,1524,1709,11,0,0,15.652125,0.12592,0.22196,0,11,0,11,1.93313,0.256365,1.26674,0.05885,14.67441,2.063186,0.122979
940,1065,Princess-Mika-Test,MindMatrix,1524,1514,13,0,1,17.652125,0.12592,1.22196,7,6,0,13,2.407461,0.514387,9.541664,0.05885,8.399486,2.391307,0.115946
940,1066,Princess-Mika-Test,CompetitiveBotTest,1524,1482,1,0,0,5.652125,0.12592,0.22196,1,0,0,1,1.34025,0.56015,3.767786,0.05885,2.173364,2.181132,0.200824
940,1067,Princess-Mika-Test,Hello_world,1524,1600,0,0,0,4.652125,0.12592,0.22196,0,0,0,0,,0.392339,1.938606,0.05885,3.002544,2.349308,0.219992
940,1078,Princess-Mika-Test,LoremIpsum,1524,1242,14,0,0,18.652125,0.12592,0.22196,14,0,0,14,2.351434,0.835253,18.12711,0.05885,0.81404,2.350875,0.112853
940,1079,Princess-Mika-Test,JimmyBotT,1524,1675,7,0,0,11.652125,0.12592,0.22196,3,4,0,7,2.56266,0.295415,4.459692,0.05885,7.481458,2.473763,0.142004
940,1080,Princess-Mika-Test,JimmyBot,1524,1675,4,0,0,8.652125,0.12592,0.22196,1,3,0,4,2.189433,0.295415,2.459692,0.05885,6.481458,2.278252,0.163972
940,1081,Princess-Mika-Test,ArtZerg,1524,1537,7,0,0,11.652125,0.12592,0.22196,1,6,0,7,1.731018,0.4813,3.378177,0.05885,8.562973,1.988639,0.142004
940,1082,Princess-Mika-Test,Dasyatis,1524,1573,6,0,2,10.652125,0.12592,2.22196,2,4,0,6,2.371599,0.429947,4.124433,0.05885,6.816717,2.361467,0.148318
940,1084,Princess-Mika-Test,ZippyZap,1524,1457,0,0,0,4.652125,0.12592,0.22196,0,0,0,0,,0.595243,2.941185,0.05885,1.999965,2.349308,0.219992
940,1085,Princess-Mika-Test,AgoraLord,1524,1430,2,0,0,6.652125,0.12592,0.22196,2,0,0,2,2.588456,0.63207,5.123153,0.05885,1.817997,2.417636,0.185927
940,1086,Princess-Mika-Test,CherBoiBlue,1524,1500,1,0,0,5.652125,0.12592,0.22196,1,0,0,1,2.598235,0.534484,3.640965,0.05885,2.300185,2.390796,0.200824
940,1087,Princess-Mika-Test,SwarmLord2,1524,1533,1,0,0,5.652125,0.12592,0.22196,1,0,0,1,1.814825,0.487051,3.406591,0.05885,2.534559,2.260227,0.200824
940,1088,Princess-Mika-Test,SwarmLord3,1524,1562,0,0,0,4.652125,0.12592,0.22196,0,0,0,0,,0.445531,2.201434,0.05885,2.739716,2.349308,0.219992
940,1089,Princess-Mika-Test,WorkingAsIntended,1524,1596,2,0,0,6.652125,0.12592,0.22196,1,1,0,2,2.206251,0.397842,2.965797,0.05885,3.975353,2.308434,0.185927
943,948,puck,titania,1529,1185,26,4,0,30.652125,4.12592,0.22196,25,0,1,26,2.788112,0.878705,29.341813,1.05885,0.599337,2.717337,0.088351
943,953,puck,ZeratulsRevengeTest,1529,1702,4,0,0,8.652125,0.12592,0.22196,0,4,0,4,1.613696,0.269755,1.332898,0.05885,7.608252,2.022369,0.163972
943,959,puck,ur_moms_a_ho,1529,1600,0,0,0,4.652125,0.12592,0.22196,0,0,0,0,,0.399222,1.972615,0.05885,2.968535,2.349308,0.219992
943,960,puck,BigDaddy,1529,1637,10,0,0,14.652125,0.12592,0.22196,2,8,0,10,1.907109,0.349395,3.726415,0.05885,11.214735,2.054509,0.127012
943,961,puck,AvocaDOS,1529,1751,2,0,0,6.652125,0.12592,0.22196,1,1,0,2,2.292804,0.217902,2.076686,0.05885,4.864464,2.333164,0.185927
943,962,puck,AvocaDEV,1529,1700,1,0,0,5.652125,0.12592,0.22196,0,1,0,1,2.111425,0.272028,1.344134,0.05885,4.597016,2.309661,0.200824
943,966,puck,ArgoBot,1529,1909,0,0,0,4.652125,0.12592,0.22196,0,0,0,0,,0.100883,0.498476,0.05885,4.442674,2.349308,0.219992
943,970,puck,TheLAW,1529,1576,13,0,1,17.652125,0.12592,1.22196,0,13,0,13,2.323814,0.432771,2.138387,0.05885,15.802763,2.330896,0.115946
943,971,puck,Nothing,1529,1570,10,1,0,14.652125,1.12592,0.22196,1,9,0,10,2.10384,0.441269,3.180374,0.05885,11.760776,2.185663,0.127012
943,977,puck,Siriusly,1529,1392,42,3,0,46.652125,3.12592,0.22196,28,12,2,42,2.71128,0.687538,31.39723,2.05885,13.54392,2.672772,0.071753
943,981,puck,KoB,1529,1499,28,0,0,32.652125,0.12592,0.22196,16,12,0,28,2.192327,0.543066,18.683373,0.05885,14.257777,2.216112,0.085632
943,998,puck,LordSuperKing,1529,1656,4,0,0,8.652125,0.12592,0.22196,0,4,0,4,2.591286,0.32496,1.605675,0.05885,7.335475,2.456854,0.163972
943,1007,puck,SharkGull,1529,1605,6,0,0,10.652125,0.12592,0.22196,6,0,0,6,1.689052,0.392339,7.938606,0.05885,3.002544,1.989168,0.148318
943,1008,puck,Creepy_canon,1529,1587,0,0,0,4.652125,0.12592,0.22196,0,0,0,0,,0.417298,2.061933,0.05885,2.879217,2.349308,0.219992
943,1023,puck,MY_SCRIPTING_SON,1529,1275,12,0,35,16.652125,0.12592,35.22196,4,8,0,12,2.072812,0.81186,8.011522,0.05885,8.929628,2.154135,0.119307
943,1026,puck,WildLupo,1529,1199,38,7,2,42.652125,7.12592,2.22196,32,3,3,38,3.00314,0.86985,36.298059,3.05885,3.643091,2.927113,0.075016
943,1029,puck,Chomppet,1529,1600,0,0,0,4.652125,0.12592,0.22196,0,0,0,0,,0.399222,1.972615,0.05885,2.968535,2.349308,0.219992
943,1030,puck,who,1529,1924,0,0,0,4.652125,0.12592,0.22196,0,0,0,0,,0.093316,0.461088,0.05885,4.480062,2.349308,0.219992
943,1032,puck,WaterLeak,1529,1607,5,0,0,9.652125,0.12592,0.22196,0,5,0,5,1.799261,0.389598,1.92506,0.05885,8.01609,2.074285,0.155557
943,1038,puck,PolyMorph,1529,1463,36,15,0,40.652125,15.12592,0.22196,23,12,1,36,2.529666,0.593855,25.934329,1.05885,14.006821,2.507671,0.076824
943,1042,puck,Creepy_duo_canon,1529,1386,27,1,2,31.652125,1.12592,2.22196,23,4,0,27,2.210614,0.69491,26.433653,0.05885,5.507497,2.232285,0.086959
943,1044,puck,DoopyBot,1529,1418,33,2,1,37.652125,2.12592,1.22196,12,20,1,33,2.221225,0.65452,15.234081,1.05885,21.707069,2.238078,0.079799
943,1045,puck,tito,1529,1801,6,0,0,10.652125,0.12592,0.22196,0,6,0,6,2.289475,0.172822,0.853939,0.05885,10.087211,2.316672,0.148318
943,1049,puck,TheCatSC2Bot,1529,970,49,1,0,53.652125,1.12592,0.22196,48,0,1,49,2.364703,0.961501,52.750921,1.05885,0.190229,2.363277,0.066941
943,1050,puck,onlyfans,1529,1517,25,4,0,29.652125,4.12592,0.22196,16,9,0,25,2.778015,0.517263,18.555872,0.05885,11.385278,2.706564,0.089811
943,1052,puck,Starlight,1529,1204,41,2,0,45.652125,2.12592,0.22196,33,6,2,41,2.649097,0.866557,37.281786,2.05885,6.659364,2.616511,0.072529
943,1054,puck,JimmyBotZ,1529,1724,14,1,0,18.652125,1.12592,0.22196,4,10,0,14,2.482442,0.245546,5.213279,0.05885,13.727871,2.447407,0.112853
943,1056,puck,bilisaur,1529,1600,0,0,0,4.652125,0.12592,0.22196,0,0,0,0,,0.399222,1.972615,0.05885,2.968535,2.349308,0.219992
943,1057,puck,DoopyBot-Test,1529,1238,34,0,0,38.652125,0.12592,0.22196,15,19,0,34,2.37507,0.842259,19.161726,0.05885,19.779424,2.371767,0.07877
943,1058,puck,JimmyBotP,1529,1711,20,1,0,24.652125,1.12592,0.22196,5,15,0,20,2.668871,0.259672,6.283076,0.05885,18.658074,2.604959,0.098383
943,1059,puck,NextProBot,1529,1600,0,0,0,4.652125,0.12592,0.22196,0,0,0,0,,0.399222,1.972615,0.05885,2.968535,2.349308,0.219992
943,1060,puck,WildFire,1529,1709,2,0,0,6.652125,0.12592,0.22196,0,2,0,2,1.832549,0.261891,1.294043,0.05885,5.647107,2.201663,0.185927
943,1065,puck,MindMatrix,1529,1514,16,0,0,20.652125,0.12592,0.22196,15,1,0,16,1.673643,0.521573,17.577172,0.05885,3.363978,1.834516,0.107345
943,1066,puck,CompetitiveBotTest,1529,1482,1,0,0,5.652125,0.12592,0.22196,1,0,0,1,1.7613,0.567229,3.802763,0.05885,2.138387,2.251307,0.200824
943,1067,puck,Hello_world,1529,1600,0,0,0,4.652125,0.12592,0.22196,0,0,0,0,,0.399222,1.972615,0.05885,2.968535,2.349308,0.219992
943,1078,puck,LoremIpsum,1529,1242,17,0,0,21.652125,0.12592,0.22196,17,0,0,17,1.599861,0.839175,21.146491,0.05885,0.794659,1.77019,0.104877
943,1079,puck,JimmyBotT,1529,1675,6,1,0,10.652125,1.12592,0.22196,2,4,0,6,2.502259,0.301441,3.489467,0.05885,7.451683,2.432736,0.148318
943,1080,puck,JimmyBot,1529,1675,6,1,0,10.652125,1.12592,0.22196,0,6,0,6,2.420972,0.301441,1.489467,0.05885,9.451683,2.388398,0.148318
943,1081,puck,ArtZerg,1529,1537,7,0,0,11.652125,0.12592,0.22196,6,1,0,7,1.764327,0.488489,8.413698,0.05885,3.527452,2.008069,0.142004
943,1082,puck,Dasyatis,1529,1573,7,0,0,11.652125,0.12592,0.22196,0,7,0,7,2.127412,0.437015,2.159358,0.05885,9.781792,2.219868,0.142004
943,1084,puck,ZippyZap,1529,1457,0,0,1,4.652125,0.12592,1.22196,0,0,0,0,,0.602158,2.975353,0.05885,1.965797,2.349308,0.219992
943,1085,puck,AgoraLord,1529,1430,3,0,0,7.652125,0.12592,0.22196,2,1,0,3,3.023717,0.638738,5.156099,0.05885,2.785051,2.602211,0.173919
943,1086,puck,CherBoiBlue,1529,1500,1,0,0,5.652125,0.12592,0.22196,1,0,0,1,2.7638,0.541638,3.676313,0.05885,2.264837,2.41839,0.200824
943,1087,puck,SwarmLord2,1529,1533,1,0,0,5.652125,0.12592,0.22196,1,0,0,1,1.678964,0.494244,3.442133,0.05885,2.499017,2.237584,0.200824
943,1088,puck,SwarmLord3,1529,1562,1,0,0,5.652125,0.12592,0.22196,1,0,0,1,2.414126,0.452651,3.236619,0.05885,2.704531,2.360111,0.200824
943,1089,puck,WorkingAsIntended,1529,1596,1,0,0,5.652125,0.12592,0.22196,0,1,0,1,1.98238,0.404757,1.999965,0.05885,3.941185,2.288153,0.200824
948,953,titania,ZeratulsRevengeTest,1185,1702,1,0,0,5.652125,0.12592,0.22196,0,1,0,1,1.396245,0.048518,0.239734,0.05885,5.701416,2.190464,0.200824
948,959,titania,ur_moms_a_ho,1185,1600,0,0,0,4.652125,0.12592,0.22196,0,0,0,0,,0.084021,0.415158,0.05885,4.525992,2.349308,0.219992
948,960,titania,BigDaddy,1185,1637,1,0,0,5.652125,0.12592,0.22196,0,1,0,1,1.621366,0.069015,0.341013,0.05885,5.600137,2.227984,0.200824
948,961,titania,AvocaDOS,1185,1751,0,0,0,4.652125,0.12592,0.22196,0,0,0,0,,0.037035,0.182995,0.05885,4.758155,2.349308,0.219992
948,962,titania,AvocaDEV,1185,1700,1,0,0,5.652125,0.12592,0.22196,0,1,0,1,1.648659,0.049052,0.242373,0.05885,5.698777,2.232533,0.200824
948,966,titania,ArgoBot,1185,1909,1,0,0,5.652125,0.12592,0.22196,0,1,0,1,1.813195,0.015252,0.075362,0.05885,5.865788,2.259956,0.200824
948,970,titania,TheLAW,1185,1576,5,0,0,9.652125,0.12592,0.22196,0,5,0,5,1.889379,0.095282,0.470805,0.05885,9.470345,2.119343,0.155557
948,971,titania,Nothing,1185,1570,2,0,0,6.652125,0.12592,0.22196,0,2,0,2,1.850132,0.098302,0.485724,0.05885,6.455426,2.206686,0.185927
948,977,titania,Siriusly,1185,1392,30,1,0,34.652125,1.12592,0.22196,4,25,1,30,2.438392,0.232975,5.151165,1.05885,28.789985,2.425666,0.083149
948,981,titania,KoB,1185,1499,2,4,0,6.652125,4.12592,0.22196,0,2,0,2,2.087026,0.140937,0.696391,0.05885,6.244759,2.27437,0.185927
948,998,titania,LordSuperKing,1185,1656,1,0,0,5.652125,0.12592,0.22196,0,1,0,1,2.35802,0.06231,0.307884,0.05885,5.633266,2.35076,0.200824
948,1007,titania,SharkGull,1185,1605,0,0,0,4.652125,0.12592,0.22196,0,0,0,0,,0.081832,0.404343,0.05885,4.536807,2.349308,0.219992
948,1008,titania,Creepy_canon,1185,1587,0,0,0,4.652125,0.12592,0.22196,0,0,0,0,,0.089962,0.444516,0.05885,4.496634,2.349308,0.219992
948,1023,titania,MY_SCRIPTING_SON,1185,1275,34,1,1,38.652125,1.12592,1.22196,0,34,0,34,2.430441,0.373301,1.844536,0.05885,37.096614,2.420039,0.07877
948,1026,titania,WildLupo,1185,1199,28,5,0,32.652125,5.12592,0.22196,4,24,0,28,2.93284,0.479863,6.371076,0.05885,26.570074,2.844426,0.085632
948,1029,titania,Chomppet,1185,1600,0,0,0,4.652125,0.12592,0.22196,0,0,0,0,,0.084021,0.415158,0.05885,4.525992,2.349308,0.219992
948,1030,titania,who,1185,1924,0,0,0,4.652125,0.12592,0.22196,0,0,0,0,,0.014008,0.069215,0.05885,4.871935,2.349308,0.219992
948,1032,titania,WaterLeak,1185,1607,1,0,0,5.652125,0.12592,0.22196,0,1,0,1,1.61343,0.080971,0.40009,0.05885,5.54106,2.226662,0.200824
948,1038,titania,PolyMorph,1185,1463,31,1,0,35.652125,1.12592,0.22196,0,30,1,31,2.778012,0.16794,0.829818,1.05885,34.111332,2.718469,0.081986
948,1042,titania,Creepy_duo_canon,1185,1386,11,0,1,15.652125,0.12592,1.22196,3,8,0,11,2.39345,0.239204,4.181942,0.05885,11.759208,2.379655,0.122979
948,1044,titania,DoopyBot,1185,1418,19,1,0,23.652125,1.12592,0.22196,3,16,0,19,2.421516,0.207304,4.024318,0.05885,19.916832,2.406473,0.100412
948,1045,titania,tito,1185,1801,1,0,0,5.652125,0.12592,0.22196,0,1,0,1,2.275214,0.028032,0.13851,0.05885,5.80264,2.336959,0.200824
948,1049,titania,TheCatSC2Bot,1185,970,5,29,0,9.652125,29.12592,0.22196,1,0,4,5,3.622803,0.775153,4.830147,4.05885,1.111003,2.986055,0.155557
948,1050,titania,onlyfans,1185,1517,19,2,0,23.652125,2.12592,0.22196,0,18,1,19,2.670351,0.128852,0.636678,1.05885,22.304472,2.603467,0.100412
948,1052,titania,Starlight,1185,1204,26,2,0,30.652125,2.12592,0.22196,0,22,4,26,3.1841,0.472684,2.335603,4.05885,24.605547,3.049456,0.088351
948,1054,titania,JimmyBotZ,1185,1724,7,0,0,11.652125,0.12592,0.22196,0,7,0,7,2.48752,0.042995,0.212443,0.05885,11.728707,2.429932,0.142004
948,1056,titania,bilisaur,1185,1600,0,0,0,4.652125,0.12592,0.22196,0,0,0,0,,0.084021,0.415158,0.05885,4.525992,2.349308,0.219992
948,1057,titania,DoopyBot-Test,1185,1238,18,0,1,22.652125,0.12592,1.22196,1,17,0,18,2.499399,0.424313,3.096594,0.05885,19.844556,2.466771,0.102572
948,1058,titania,JimmyBotP,1185,1711,7,3,0,11.652125,3.12592,0.22196,2,5,0,7,2.595117,0.046181,2.228189,0.05885,9.712961,2.492696,0.142004
948,1059,titania,NextProBot,1185,1600,0,0,0,4.652125,0.12592,0.22196,0,0,0,0,,0.084021,0.415158,0.05885,4.525992,2.349308,0.219992
948,1060,titania,WildFire,1185,1709,2,0,0,6.652125,0.12592,0.22196,0,2,0,2,1.691014,0.046691,0.230707,0.05885,6.710443,2.161224,0.185927
948,1065,titania,MindMatrix,1185,1514,1,0,0,5.652125,0.12592,0.22196,0,1,0,1,1.745716,0.130803,0.646318,0.05885,5.294832,2.248709,0.200824
948,1066,titania,CompetitiveBotTest,1185,1482,1,0,0,5.652125,0.12592,0.22196,1,0,0,1,1.7492,0.153207,1.757017,0.05885,4.184133,2.24929,0.200824
948,1067,titania,Hello_world,1185,1600,0,0,0,4.652125,0.12592,0.22196,0,0,0,0,,0.084021,0.415158,0.05885,4.525992,2.349308,0.219992
948,1078,titania,LoremIpsum,1185,1242,0,0,0,4.652125,0.12592,0.22196,0,0,0,0,,0.418699,2.068852,0.05885,2.872298,2.349308,0.219992
948,1079,titania,JimmyBotT,1185,1675,0,0,0,4.652125,0.12592,0.22196,0,0,0,0,,0.056218,0.277779,0.05885,4.663371,2.349308,0.219992
948,1080,titania,JimmyBot,1185,1675,0,0,0,4.652125,0.12592,0.22196,0,0,0,0,,0.056218,0.277779,0.05885,4.663371,2.349308,0.219992
948,1081,titania,ArtZerg,1185,1537,0,0,0,4.652125,0.12592,0.22196,0,0,0,0,,0.116472,0.575504,0.05885,4.365646,2.349308,0.219992
948,1082,titania,Dasyatis,1185,1573,0,0,0,4.652125,0.12592,0.22196,0,0,0,0,,0.096782,0.478212,0.05885,4.462938,2.349308,0.219992
948,1084,titania,ZippyZap,1185,1457,0,0,0,4.652125,0.12592,0.22196,0,0,0,0,,0.172822,0.853939,0.05885,4.087211,2.349308,0.219992
948,1085,titania,AgoraLord,1185,1430,0,0,0,4.652125,0.12592,0.22196,0,0,0,0,,0.196181,0.969362,0.05885,3.971788,2.349308,0.219992
948,1086,titania,CherBoiBlue,1185,1500,0,0,0,4.652125,0.12592,0.22196,0,0,0,0,,0.140241,0.692954,0.05885,4.248196,2.349308,0.219992
948,1087,titania,SwarmLord2,1185,1533,0,0,0,4.652125,0.12592,0.22196,0,0,0,0,,0.118862,0.587316,0.05885,4.353834,2.349308,0.219992
948,1088,titania,SwarmLord3,1185,1562,0,0,0,4.652125,0.12592,0.22196,0,0,0,0,,0.10246,0.50627,0.05885,4.43488,2.349308,0.219992
948,1089,titania,WorkingAsIntended,1185,1596,0,0,0,4.652125,0.12592,0.22196,0,0,0,0,,0.08581,0.423999,0.05885,4.517151,2.349308,0.219992
953,959,ZeratulsRevengeTest,ur_moms_a_ho,1702,1600,0,0,0,4.652125,0.12592,0.22196,0,0,0,0,,0.642713,3.175742,0.05885,1.765408,2.349308,0.219992
953,960,ZeratulsRevengeTest,BigDaddy,1702,1637,9,0,0,13.652125,0.12592,0.22196,8,1,0,9,2.012708,0.592466,10.927465,0.05885,3.013685,2.132922,0.13147
953,961,ZeratulsRevengeTest,AvocaDOS,1702,1751,18,0,0,22.652125,0.12592,0.22196,6,10,2,18,2.483306,0.429947,8.124433,2.05885,12.816717,2.454176,0.102572
953,962,ZeratulsRevengeTest,AvocaDEV,1702,1700,4,0,0,8.652125,0.12592,0.22196,4,0,0,4,2.090212,0.502878,6.484797,0.05885,2.456353,2.234154,0.163972
953,966,ZeratulsRevengeTest,ArgoBot,1702,1909,20,0,0,24.652125,0.12592,0.22196,6,14,0,20,2.06924,0.232975,7.151165,0.05885,17.789985,2.125253,0.098383
953,970,ZeratulsRevengeTest,TheLAW,1702,1576,4,0,3,8.652125,0.12592,3.22196,4,0,0,4,1.964227,0.673776,7.329229,0.05885,1.611921,2.178161,0.163972
953,971,ZeratulsRevengeTest,Nothing,1702,1570,7,0,0,11.652125,0.12592,0.22196,7,0,0,7,1.664427,0.681322,10.366513,0.05885,1.574637,1.949794,0.142004
953,977,ZeratulsRevengeTest,Siriusly,1702,1392,1,0,0,5.652125,0.12592,0.22196,0,0,1,1,2.66026,0.856252,4.23087,1.05885,0.71028,2.401133,0.200824
953,981,ZeratulsRevengeTest,KoB,1702,1499,1,0,0,5.652125,0.12592,0.22196,1,0,0,1,1.597365,0.762885,4.769529,0.05885,1.171621,2.223984,0.200824
953,998,ZeratulsRevengeTest,LordSuperKing,1702,1656,7,0,0,11.652125,0.12592,0.22196,6,0,1,7,1.871917,0.565815,8.795778,1.05885,2.145372,2.07083,0.142004
953,1007,ZeratulsRevengeTest,SharkGull,1702,1605,4,0,0,8.652125,0.12592,0.22196,4,0,0,4,1.5779,0.636077,7.142951,0.05885,1.798199,2.00646,0.163972
953,1008,ZeratulsRevengeTest,Creepy_canon,1702,1587,0,0,0,4.652125,0.12592,0.22196,0,0,0,0,,0.659708,3.259716,0.05885,1.681434,2.349308,0.219992
953,1023,ZeratulsRevengeTest,MY_SCRIPTING_SON,1702,1275,0,0,1,4.652125,0.12592,1.22196,0,0,0,0,,0.921145,4.551517,0.05885,0.389633,2.349308,0.219992
953,1026,ZeratulsRevengeTest,WildLupo,1702,1199,1,0,0,5.652125,0.12592,0.22196,1,0,0,1,1.444563,0.947624,5.68235,0.05885,0.2588,2.198517,0.200824
953,1029,ZeratulsRevengeTest,Chomppet,1702,1600,0,0,0,4.652125,0.12592,0.22196,0,0,0,0,,0.642713,3.175742,0.05885,1.765408,2.349308,0.219992
953,1030,ZeratulsRevengeTest,who,1702,1924,20,0,0,24.652125,0.12592,0.22196,6,14,0,20,1.803565,0.217902,7.076686,0.05885,17.864464,1.912714,0.098383
953,1032,ZeratulsRevengeTest,WaterLeak,1702,1607,8,0,0,12.652125,0.12592,0.22196,0,8,0,8,1.841067,0.633408,3.129762,0.05885,9.811388,2.036545,0.136433
953,1038,ZeratulsRevengeTest,PolyMorph,1702,1463,2,0,0,6.652125,0.12592,0.22196,2,0,0,2,1.889738,0.798315,5.944593,0.05885,0.996557,2.218002,0.185927
953,1042,ZeratulsRevengeTest,Creepy_duo_canon,1702,1386,1,0,0,5.652125,0.12592,0.22196,0,1,0,1,2.055405,0.860451,4.251618,0.05885,1.689532,2.300324,0.200824
953,1044,ZeratulsRevengeTest,DoopyBot,1702,1418,2,0,0,6.652125,0.12592,0.22196,1,1,0,2,2.026449,0.836831,5.134907,0.05885,1.806243,2.257062,0.185927
953,1045,ZeratulsRevengeTest,tito,1702,1801,18,0,0,22.652125,0.12592,0.22196,16,2,0,18,1.738684,0.361262,17.785051,0.05885,5.156099,1.871428,0.102572
953,1049,ZeratulsRevengeTest,TheCatSC2Bot,1702,970,1,0,0,5.652125,0.12592,0.22196,1,0,0,1,1.398717,0.985425,5.86913,0.05885,0.07202,2.190876,0.200824
953,1050,ZeratulsRevengeTest,onlyfans,1702,1517,3,0,0,7.652125,0.12592,0.22196,1,2,0,3,2.332998,0.743635,4.67441,0.05885,3.26674,2.343192,0.173919
953,1052,ZeratulsRevengeTest,Starlight,1702,1204,1,0,0,5.652125,0.12592,0.22196,1,0,0,1,1.888584,0.946176,5.6752,0.05885,0.26595,2.272521,0.200824
953,1054,ZeratulsRevengeTest,JimmyBotZ,1702,1724,5,0,0,9.652125,0.12592,0.22196,5,0,0,5,1.557592,0.468382,7.314344,0.05885,2.626806,1.95345,0.155557
953,1056,ZeratulsRevengeTest,bilisaur,1702,1600,0,0,0,4.652125,0.12592,0.22196,0,0,0,0,,0.642713,3.175742,0.05885,1.765408,2.349308,0.219992
953,1057,ZeratulsRevengeTest,DoopyBot-Test,1702,1238,2,0,0,6.652125,0.12592,0.22196,2,0,0,2,1.932136,0.935293,6.621425,0.05885,0.319725,2.230116,0.185927
953,1058,ZeratulsRevengeTest,JimmyBotP,1702,1711,5,0,0,9.652125,0.12592,0.22196,4,1,0,5,1.755846,0.487051,6.406591,0.05885,3.534559,2.052577,0.155557
953,1059,ZeratulsRevengeTest,NextProBot,1702,1600,0,0,0,4.652125,0.12592,0.22196,0,0,0,0,,0.642713,3.175742,0.05885,1.765408,2.349308,0.219992
953,1060,ZeratulsRevengeTest,WildFire,1702,1709,13,0,0,17.652125,0.12592,0.22196,0,13,0,13,1.86873,0.489928,2.420806,0.05885,15.520344,2.002224,0.115946
953,1065,ZeratulsRevengeTest,MindMatrix,1702,1514,0,0,0,4.652125,0.12592,0.22196,0,0,0,0,,0.746913,3.690609,0.05885,1.250541,2.349308,0.219992
953,1066,ZeratulsRevengeTest,CompetitiveBotTest,1702,1482,0,0,0,4.652125,0.12592,0.22196,0,0,0,0,,0.78013,3.854737,0.05885,1.086413,2.349308,0.219992
953,1067,ZeratulsRevengeTest,Hello_world,1702,1600,0,0,0,4.652125,0.12592,0.22196,0,0,0,0,,0.642713,3.175742,0.05885,1.765408,2.349308,0.219992
953,1078,ZeratulsRevengeTest,LoremIpsum,1702,1242,0,0,0,4.652125,0.12592,0.22196,0,0,0,0,,0.933886,4.614471,0.05885,0.326679,2.349308,0.219992
953,1079,ZeratulsRevengeTest,JimmyBotT,1702,1675,3,0,0,7.652125,0.12592,0.22196,2,1,0,3,2.483691,0.538778,4.662183,0.05885,3.278967,2.399702,0.173919
953,1080,ZeratulsRevengeTest,JimmyBot,1702,1675,4,0,0,8.652125,0.12592,0.22196,3,1,0,4,1.848038,0.538778,5.662183,0.05885,3.278967,2.126522,0.163972
953,1081,ZeratulsRevengeTest,ArtZerg,1702,1537,4,0,0,8.652125,0.12592,0.22196,4,0,0,4,1.517731,0.721078,7.562956,0.05885,1.378194,1.979718,0.163972
953,1082,ZeratulsRevengeTest,Dasyatis,1702,1573,0,0,1,4.652125,0.12592,1.22196,0,0,0,0,,0.677561,3.347928,0.05885,1.593222,2.349308,0.219992
953,1084,ZeratulsRevengeTest,ZippyZap,1702,1457,0,0,0,4.652125,0.12592,0.22196,0,0,0,0,,0.803819,3.971788,0.05885,0.969362,2.349308,0.219992
953,1085,ZeratulsRevengeTest,AgoraLord,1702,1430,0,0,0,4.652125,0.12592,0.22196,0,0,0,0,,0.827178,4.087211,0.05885,0.853939,2.349308,0.219992
953,1086,ZeratulsRevengeTest,CherBoiBlue,1702,1500,0,0,0,4.652125,0.12592,0.22196,0,0,0,0,,0.761842,3.764376,0.05885,1.176774,2.349308,0.219992
953,1087,ZeratulsRevengeTest,SwarmLord2,1702,1533,0,0,0,4.652125,0.12592,0.22196,0,0,0,0,,0.725686,3.585722,0.05885,1.355428,2.349308,0.219992
953,1088,ZeratulsRevengeTest,SwarmLord3,1702,1562,0,0,0,4.652125,0.12592,0.22196,0,0,0,0,,0.691236,3.415502,0.05885,1.525648,2.349308,0.219992
953,1089,ZeratulsRevengeTest,WorkingAsIntended,1702,1596,1,0,0,5.652125,0.12592,0.22196,1,0,0,1,1.597365,0.647983,4.201781,0.05885,1.739369,2.223984,0.200824
959,960,ur_moms_a_ho,BigDaddy,1600,1637,0,0,0,4.652125,0.12592,0.22196,0,0,0,0,,0.446953,2.208462,0.05885,2.732688,2.349308,0.219992
959,961,ur_moms_a_ho,AvocaDOS,1600,1751,0,0,0,4.652125,0.12592,0.22196,0,0,0,0,,0.295415,1.459692,0.05885,3.481458,2.349308,0.219992
959,962,ur_moms_a_ho,AvocaDEV,1600,1700,0,0,0,4.652125,0.12592,0.22196,0,0,0,0,,0.359935,1.778493,0.05885,3.162657,2.349308,0.219992
959,966,ur_moms_a_ho,ArgoBot,1600,1909,0,0,0,4.652125,0.12592,0.22196,0,0,0,0,,0.144458,0.713788,0.05885,4.227362,2.349308,0.219992
959,970,ur_moms_a_ho,TheLAW,1600,1576,0,0,0,4.652125,0.12592,0.22196,0,0,0,0,,0.534484,2.640965,0.05885,2.300185,2.349308,0.219992
959,971,ur_moms_a_ho,Nothing,1600,1570,0,0,0,4.652125,0.12592,0.22196,0,0,0,0,,0.543066,2.683373,0.05885,2.257777,2.349308,0.219992
959,977,ur_moms_a_ho,Siriusly,1600,1392,0,0,0,4.652125,0.12592,0.22196,0,0,0,0,,0.768052,3.79506,0.05885,1.14609,2.349308,0.219992
959,981,ur_moms_a_ho,KoB,1600,1499,0,0,0,4.652125,0.12592,0.22196,0,0,0,0,,0.64139,3.169205,0.05885,1.771945,2.349308,0.219992
959,998,ur_moms_a_ho,LordSuperKing,1600,1656,0,0,0,4.652125,0.12592,0.22196,0,0,0,0,,0.4201,2.075778,0.05885,2.865372,2.349308,0.219992
959,1007,ur_moms_a_ho,SharkGull,1600,1605,0,0,0,4.652125,0.12592,0.22196,0,0,0,0,,0.492805,2.435023,0.05885,2.506127,2.349308,0.219992
959,1008,ur_moms_a_ho,Creepy_canon,1600,1587,0,0,0,4.652125,0.12592,0.22196,0,0,0,0,,0.5187,2.562973,0.05885,2.378177,2.349308,0.219992
959,1023,ur_moms_a_ho,MY_SCRIPTING_SON,1600,1275,0,0,0,4.652125,0.12592,0.22196,0,0,0,0,,0.866557,4.281786,0.05885,0.659364,2.349308,0.219992
959,1026,ur_moms_a_ho,WildLupo,1600,1199,0,0,0,4.652125,0.12592,0.22196,0,0,0,0,,0.909566,4.4943,0.05885,0.44685,2.349308,0.219992
959,1029,ur_moms_a_ho,Chomppet,1600,1600,0,0,0,4.652125,0.12592,0.22196,0,0,0,0,,0.5,2.470575,0.05885,2.470575,2.349308,0.219992
959,1030,ur_moms_a_ho,who,1600,1924,0,0,0,4.652125,0.12592,0.22196,0,0,0,0,,0.13411,0.66266,0.05885,4.27849,2.349308,0.219992
959,1032,ur_moms_a_ho,WaterLeak,1600,1607,0,0,0,4.652125,0.12592,0.22196,0,0,0,0,,0.489928,2.420806,0.05885,2.520344,2.349308,0.219992
959,1038,ur_moms_a_ho,PolyMorph,1600,1463,0,0,0,4.652125,0.12592,0.22196,0,0,0,0,,0.687538,3.39723,0.05885,1.54392,2.349308,0.219992
959,1042,ur_moms_a_ho,Creepy_duo_canon,1600,1386,0,0,0,4.652125,0.12592,0.22196,0,0,0,0,,0.774148,3.825181,0.05885,1.115969,2.349308,0.219992
959,1044,ur_moms_a_ho,DoopyBot,1600,1418,0,0,0,4.652125,0.12592,0.22196,0,0,0,0,,0.740328,3.658074,0.05885,1.283076,2.349308,0.219992
959,1045,ur_moms_a_ho,tito,1600,1801,0,0,0,4.652125,0.12592,0.22196,0,0,0,0,,0.239204,1.181942,0.05885,3.759208,2.349308,0.219992
959,1049,ur_moms_a_ho,TheCatSC2Bot,1600,970,0,0,0,4.652125,0.12592,0.22196,0,0,0,0,,0.974082,4.813087,0.05885,0.128063,2.349308,0.219992
959,1050,ur_moms_a_ho,onlyfans,1600,1517,0,0,0,4.652125,0.12592,0.22196,0,0,0,0,,0.617225,3.049801,0.05885,1.891349,2.349308,0.219992
959,1052,ur_moms_a_ho,Starlight,1600,1204,0,0,0,4.652125,0.12592,0.22196,0,0,0,0,,0.90717,4.482463,0.05885,0.458687,2.349308,0.219992
959,1054,ur_moms_a_ho,JimmyBotZ,1600,1724,0,0,0,4.652125,0.12592,0.22196,0,0,0,0,,0.328759,1.62445,0.05885,3.3167,2.349308,0.219992
959,1056,ur_moms_a_ho,bilisaur,1600,1600,0,0,0,4.652125,0.12592,0.22196,0,0,0,0,,0.5,2.470575,0.05885,2.470575,2.349308,0.219992
959,1057,ur_moms_a_ho,DoopyBot-Test,1600,1238,0,0,0,4.652125,0.12592,0.22196,0,0,0,0,,0.889323,4.394276,0.05885,0.546874,2.349308,0.219992
959,1058,ur_moms_a_ho,JimmyBotP,1600,1711,0,0,0,4.652125,0.12592,0.22196,0,0,0,0,,0.34548,1.707069,0.05885,3.234081,2.349308,0.219992
959,1059,ur_moms_a_ho,NextProBot,1600,1600,0,0,0,4.652125,0.12592,0.22196,0,0,0,0,,0.5,2.470575,0.05885,2.470575,2.349308,0.219992
959,1060,ur_moms_a_ho,WildFire,1600,1709,0,0,0,4.652125,0.12592,0.22196,0,0,0,0,,0.348088,1.719955,0.05885,3.221195,2.349308,0.219992
959,1065,ur_moms_a_ho,MindMatrix,1600,1514,0,0,0,4.652125,0.12592,0.22196,0,0,0,0,,0.621297,3.06992,0.05885,1.87123,2.349308,0.219992
959,1066,ur_moms_a_ho,CompetitiveBotTest,1600,1482,0,0,0,4.652125,0.12592,0.22196,0,0,0,0,,0.663574,3.278819,0.05885,1.662331,2.349308,0.219992
959,1067,ur_moms_a_ho,Hello_world,1600,1600,0,0,0,4.652125,0.12592,0.22196,0,0,0,0,,0.5,2.470575,0.05885,2.470575,2.349308,0.219992
959,1078,ur_moms_a_ho,LoremIpsum,1600,1242,0,0,0,4.652125,0.12592,0.22196,0,0,0,0,,0.887036,4.382977,0.05885,0.558173,2.349308,0.219992
959,1079,ur_moms_a_ho,JimmyBotT,1600,1675,0,0,0,4.652125,0.12592,0.22196,0,0,0,0,,0.393712,1.945391,0.05885,2.995759,2.349308,0.219992
959,1080,ur_moms_a_ho,JimmyBot,1600,1675,0,0,0,4.652125,0.12592,0.22196,0,0,0,0,,0.393712,1.945391,0.05885,2.995759,2.349308,0.219992
959,1081,ur_moms_a_ho,ArtZerg,1600,1537,0,0,0,4.652125,0.12592,0.22196,0,0,0,0,,0.589684,2.913715,0.05885,2.027435,2.349308,0.219992
959,1082,ur_moms_a_ho,Dasyatis,1600,1573,0,0,0,4.652125,0.12592,0.22196,0,0,0,0,,0.538778,2.662183,0.05885,2.278967,2.349308,0.219992
959,1084,ur_moms_a_ho,ZippyZap,1600,1457,0,0,0,4.652125,0.12592,0.22196,0,0,0,0,,0.69491,3.433653,0.05885,1.507497,2.349308,0.219992
959,1085,ur_moms_a_ho,AgoraLord,1600,1430,0,0,0,4.652125,0.12592,0.22196,0,0,0,0,,0.72683,3.591376,0.05885,1.349774,2.349308,0.219992
959,1086,ur_moms_a_ho,CherBoiBlue,1600,1500,0,0,0,4.652125,0.12592,0.22196,0,0,0,0,,0.640065,3.162657,0.05885,1.778493,2.349308,0.219992
959,1087,ur_moms_a_ho,SwarmLord2,1600,1533,0,0,0,4.652125,0.12592,0.22196,0,0,0,0,,0.595243,2.941185,0.05885,1.999965,2.349308,0.219992
959,1088,ur_moms_a_ho,SwarmLord3,1600,1562,0,0,0,4.652125,0.12592,0.22196,0,0,0,0,,0.554469,2.739716,0.05885,2.201434,2.349308,0.219992
959,1089,ur_moms_a_ho,WorkingAsIntended,1600,1596,0,0,0,4.652125,0.12592,0.22196,0,0,0,0,,0.505756,2.499017,0.05885,2.442133,2.349308,0.219992
960,961,BigDaddy,AvocaDOS,1637,1751,27,0,0,31.652125,0.12592,0.22196,10,14,3,27,2.184675,0.341585,11.687825,3.05885,17.253325,2.210399,0.086959
960,962,BigDaddy,AvocaDEV,1637,1700,8,0,0,12.652125,0.12592,0.22196,3,5,0,8,2.061681,0.410316,5.027435,0.05885,7.913715,2.172307,0.136433
960,966,BigDaddy,ArgoBot,1637,1909,2,0,1,6.652125,0.12592,1.22196,0,2,0,2,2.548067,0.172822,0.853939,0.05885,6.087211,2.406096,0.185927
960,970,BigDaddy,TheLAW,1637,1576,54,0,0,58.652125,0.12592,0.22196,24,30,0,54,1.948723,0.586895,26.899936,0.05885,32.041214,1.982671,0.064042
960,971,BigDaddy,Nothing,1637,1570,54,0,0,58.652125,0.12592,0.22196,11,43,0,54,2.061701,0.595243,13.941185,0.05885,44.999965,2.086075,0.064042
960,977,BigDaddy,Siriusly,1637,1392,5,0,0,9.652125,0.12592,0.22196,5,0,0,5,1.948287,0.803819,8.971788,0.05885,0.969362,2.148797,0.155557
960,981,BigDaddy,KoB,1637,1499,25,0,0,29.652125,0.12592,0.22196,16,9,0,25,1.79231,0.688774,19.403334,0.05885,10.537816,1.885143,0.089811
960,998,BigDaddy,LordSuperKing,1637,1656,24,0,0,28.652125,0.12592,0.22196,7,17,0,24,2.192144,0.472684,9.335603,0.05885,19.605547,2.219241,0.091347
960,1007,BigDaddy,SharkGull,1637,1605,17,0,0,21.652125,0.12592,0.22196,16,1,0,17,1.912046,0.545922,18.697482,0.05885,3.243668,2.011424,0.104877
960,1008,BigDaddy,Creepy_canon,1637,1587,0,0,0,4.652125,0.12592,0.22196,0,0,0,0,,0.571463,2.823685,0.05885,2.117465,2.349308,0.219992
960,1023,BigDaddy,MY_SCRIPTING_SON,1637,1275,2,0,0,6.652125,0.12592,0.22196,2,0,0,2,1.514779,0.889323,6.394276,0.05885,0.546874,2.110871,0.185927
960,1026,BigDaddy,WildLupo,1637,1199,0,0,0,4.652125,0.12592,0.22196,0,0,0,0,,0.925624,4.573646,0.05885,0.367504,2.349308,0.219992
960,1029,BigDaddy,Chomppet,1637,1600,0,0,0,4.652125,0.12592,0.22196,0,0,0,0,,0.553047,2.732688,0.05885,2.208462,2.349308,0.219992
960,1030,BigDaddy,who,1637,1924,3,0,0,7.652125,0.12592,0.22196,1,2,0,3,1.539034,0.160825,1.794659,0.05885,6.146491,2.045455,0.173919
960,1032,BigDaddy,WaterLeak,1637,1607,32,0,2,36.652125,0.12592,2.22196,9,23,0,32,1.907651,0.543066,11.683373,0.05885,25.257777,1.967334,0.08087
960,1038,BigDaddy,PolyMorph,1637,1463,8,0,0,12.652125,0.12592,0.22196,8,0,0,8,1.989774,0.731378,11.613848,0.05885,1.327302,2.128056,0.136433
960,1042,BigDaddy,Creepy_duo_canon,1637,1386,2,0,0,6.652125,0.12592,0.22196,0,2,0,2,1.587688,0.809208,3.998418,0.05885,2.942732,2.131702,0.185927
960,1044,BigDaddy,DoopyBot,1637,1418,18,0,0,22.652125,0.12592,0.22196,18,0,0,18,1.693816,0.779141,21.849851,0.05885,1.091299,1.836314,0.102572
960,1045,BigDaddy,tito,1637,1801,17,0,0,21.652125,0.12592,0.22196,14,3,0,17,1.875805,0.280081,15.383922,0.05885,6.557228,1.983419,0.104877
960,1049,BigDaddy,TheCatSC2Bot,1637,970,0,0,0,4.652125,0.12592,0.22196,0,0,0,0,,0.97895,4.837137,0.05885,0.104013,2.349308,0.219992
960,1050,BigDaddy,onlyfans,1637,1517,25,0,0,29.652125,0.12592,0.22196,24,1,0,25,1.575597,0.666139,27.291495,0.05885,2.649655,1.704549,0.089811
960,1052,BigDaddy,Starlight,1637,1204,1,0,0,5.652125,0.12592,0.22196,1,0,0,1,2.006871,0.923618,5.563734,0.05885,0.377416,2.292235,0.200824
960,1054,BigDaddy,JimmyBotZ,1637,1724,37,0,0,41.652125,0.12592,0.22196,24,13,0,37,2.115136,0.37735,25.864542,0.05885,16.076608,2.143014,0.075904
960,1056,BigDaddy,bilisaur,1637,1600,0,0,0,4.652125,0.12592,0.22196,0,0,0,0,,0.553047,2.732688,0.05885,2.208462,2.349308,0.219992
960,1057,BigDaddy,DoopyBot-Test,1637,1238,4,0,0,8.652125,0.12592,0.22196,4,0,0,4,1.705957,0.908614,8.489598,0.05885,0.451552,2.063374,0.163972
960,1058,BigDaddy,JimmyBotP,1637,1711,18,0,0,22.652125,0.12592,0.22196,12,6,0,18,1.755958,0.395087,13.952185,0.05885,8.988965,1.884947,0.102572
960,1059,BigDaddy,NextProBot,1637,1600,0,0,0,4.652125,0.12592,0.22196,0,0,0,0,,0.553047,2.732688,0.05885,2.208462,2.349308,0.219992
960,1060,BigDaddy,WildFire,1637,1709,15,0,1,19.652125,0.12592,1.22196,3,11,1,15,2.149648,0.397842,4.965797,1.05885,13.975353,2.199563,0.109996
960,1065,BigDaddy,MindMatrix,1637,1514,6,0,0,10.652125,0.12592,0.22196,6,0,0,6,1.691608,0.669969,9.310417,0.05885,1.630733,1.990563,0.148318
960,1066,BigDaddy,CompetitiveBotTest,1637,1482,0,0,0,4.652125,0.12592,0.22196,0,0,0,0,,0.709355,3.505028,0.05885,1.436122,2.349308,0.219992
960,1067,BigDaddy,Hello_world,1637,1600,0,0,0,4.652125,0.12592,0.22196,0,0,0,0,,0.553047,2.732688,0.05885,2.208462,2.349308,0.219992
960,1078,BigDaddy,LoremIpsum,1637,1242,0,0,0,4.652125,0.12592,0.22196,0,0,0,0,,0.906684,4.480062,0.05885,0.461088,2.349308,0.219992
960,1079,BigDaddy,JimmyBotT,1637,1675,18,0,0,22.652125,0.12592,0.22196,15,3,0,18,1.604632,0.445531,17.201434,0.05885,5.739716,1.766518,0.102572
960,1080,BigDaddy,JimmyBot,1637,1675,18,0,0,22.652125,0.12592,0.22196,11,7,0,18,1.95032,0.445531,13.201434,0.05885,9.739716,2.037057,0.102572
960,1081,BigDaddy,ArtZerg,1637,1537,18,0,0,22.652125,0.12592,0.22196,18,0,0,18,1.638774,0.640065,21.162657,0.05885,1.778493,1.793238,0.102572
960,1082,BigDaddy,Dasyatis,1637,1573,6,0,1,10.652125,0.12592,1.22196,3,3,0,6,2.136805,0.591076,5.920593,0.05885,5.020557,2.233397,0.148318
960,1084,BigDaddy,ZippyZap,1637,1457,0,0,0,4.652125,0.12592,0.22196,0,0,0,0,,0.738109,3.647107,0.05885,1.294043,2.349308,0.219992
960,1085,BigDaddy,AgoraLord,1637,1430,1,0,0,5.652125,0.12592,0.22196,1,0,0,1,1.545433,0.767025,4.789985,0.05885,1.151165,2.215329,0.200824
960,1086,BigDaddy,CherBoiBlue,1637,1500,0,0,0,4.652125,0.12592,0.22196,0,0,0,0,,0.687538,3.39723,0.05885,1.54392,2.349308,0.219992
960,1087,BigDaddy,SwarmLord2,1637,1533,0,0,0,4.652125,0.12592,0.22196,0,0,0,0,,0.645352,3.188783,0.05885,1.752367,2.349308,0.219992
960,1088,BigDaddy,SwarmLord3,1637,1562,0,0,0,4.652125,0.12592,0.22196,0,0,0,0,,0.606288,2.995759,0.05885,1.945391,2.349308,0.219992
960,1089,BigDaddy,WorkingAsIntended,1637,1596,1,0,0,5.652125,0.12592,0.22196,0,1,0,1,2.199444,0.558731,2.760776,0.05885,3.180374,2.324331,0.200824
961,962,AvocaDOS,AvocaDEV,1751,1700,5,0,1,9.652125,0.12592,1.22196,3,2,0,5,2.138289,0.572872,5.830648,0.05885,4.110502,2.243799,0.155557
961,966,AvocaDOS,ArgoBot,1751,1909,38,0,0,42.652125,0.12592,0.22196,14,24,0,38,2.552045,0.287098,15.418594,0.05885,27.522556,2.528471,0.075016
961,970,AvocaDOS,TheLAW,1751,1576,19,0,1,23.652125,0.12592,1.22196,13,6,0,19,2.305997,0.732507,16.619428,0.05885,7.321722,2.31502,0.100412
961,971,AvocaDOS,Nothing,1751,1570,20,0,1,24.652125,0.12592,1.22196,16,4,0,20,2.405536,0.73922,19.652598,0.05885,5.288552,2.39429,0.098383
961,977,AvocaDOS,Siriusly,1751,1392,6,0,0,10.652125,0.12592,0.22196,5,0,1,6,2.176317,0.887611,9.38582,1.05885,0.55533,2.254949,0.148318
961,981,AvocaDOS,KoB,1751,1499,14,0,0,18.652125,0.12592,0.22196,6,8,0,14,2.096607,0.810095,10.002802,0.05885,8.938348,2.163107,0.112853
961,998,AvocaDOS,LordSuperKing,1751,1656,14,0,0,18.652125,0.12592,0.22196,11,3,0,14,2.374884,0.633408,14.129762,0.05885,4.811388,2.368154,0.112853
961,1007,AvocaDOS,SharkGull,1751,1605,0,0,0,4.652125,0.12592,0.22196,0,0,0,0,,0.698559,3.451683,0.05885,1.489467,2.349308,0.219992
961,1008,AvocaDOS,Creepy_canon,1751,1587,0,0,0,4.652125,0.12592,0.22196,0,0,0,0,,0.719919,3.557228,0.05885,1.383922,2.349308,0.219992
961,1023,AvocaDOS,MY_SCRIPTING_SON,1751,1275,0,0,0,4.652125,0.12592,0.22196,0,0,0,0,,0.93935,4.641471,0.05885,0.299679,2.349308,0.219992
961,1026,AvocaDOS,WildLupo,1751,1199,0,0,0,4.652125,0.12592,0.22196,0,0,0,0,,0.959981,4.743412,0.05885,0.197738,2.349308,0.219992
961,1029,AvocaDOS,Chomppet,1751,1600,0,0,0,4.652125,0.12592,0.22196,0,0,0,0,,0.704585,3.481458,0.05885,1.459692,2.349308,0.219992
961,1030,AvocaDOS,who,1751,1924,35,3,0,39.652125,3.12592,0.22196,6,29,0,35,2.187986,0.269755,7.332898,0.05885,32.608252,2.208151,0.077779
961,1032,AvocaDOS,WaterLeak,1751,1607,15,15,0,19.652125,15.12592,0.22196,7,5,3,15,2.702822,0.696129,10.439677,3.05885,6.501473,2.614444,0.109996
961,1038,AvocaDOS,PolyMorph,1751,1463,4,0,0,8.652125,0.12592,0.22196,4,0,0,4,2.159618,0.839951,8.150322,0.05885,0.790828,2.265001,0.163972
961,1042,AvocaDOS,Creepy_duo_canon,1751,1386,1,1,0,5.652125,1.12592,0.22196,0,1,0,1,1.83098,0.891011,4.402619,0.05885,1.538531,2.26292,0.200824
961,1044,AvocaDOS,DoopyBot,1751,1418,9,0,0,13.652125,0.12592,0.22196,9,0,0,9,2.047374,0.871793,13.307658,0.05885,0.633492,2.155208,0.13147
961,1045,AvocaDOS,tito,1751,1801,36,0,1,40.652125,0.12592,1.22196,13,23,0,36,2.430902,0.428537,15.117465,0.05885,25.823685,2.420951,0.076824
961,1049,AvocaDOS,TheCatSC2Bot,1751,970,0,0,0,4.652125,0.12592,0.22196,0,0,0,0,,0.988967,4.886636,0.05885,0.054514,2.349308,0.219992
961,1050,AvocaDOS,onlyfans,1751,1517,9,0,0,13.652125,0.12592,0.22196,9,0,0,9,2.332821,0.793641,12.921498,0.05885,1.019652,2.338709,0.13147
961,1052,AvocaDOS,Starlight,1751,1204,1,0,0,5.652125,0.12592,0.22196,0,1,0,1,3.780319,0.958861,4.737875,0.05885,1.203275,2.58781,0.200824
961,1054,AvocaDOS,JimmyBotZ,1751,1724,14,0,0,18.652125,0.12592,0.22196,14,0,0,14,2.182645,0.538778,16.662183,0.05885,2.278967,2.226504,0.112853
961,1056,AvocaDOS,bilisaur,1751,1600,0,0,0,4.652125,0.12592,0.22196,0,0,0,0,,0.704585,3.481458,0.05885,1.459692,2.349308,0.219992
961,1057,AvocaDOS,DoopyBot-Test,1751,1238,1,0,0,5.652125,0.12592,0.22196,1,0,0,1,2.064328,0.950408,5.696109,0.05885,0.245041,2.301811,0.200824
961,1058,AvocaDOS,JimmyBotP,1751,1711,3,0,0,7.652125,0.12592,0.22196,3,0,0,3,2.05368,0.557312,5.75376,0.05885,2.18739,2.238448,0.173919
961,1059,AvocaDOS,NextProBot,1751,1600,0,0,0,4.652125,0.12592,0.22196,0,0,0,0,,0.704585,3.481458,0.05885,1.459692,2.349308,0.219992
961,1060,AvocaDOS,WildFire,1751,1709,15,4,0,19.652125,4.12592,0.22196,9,1,5,15,2.795068,0.56015,11.767786,5.05885,3.173364,2.683628,0.109996
961,1065,AvocaDOS,MindMatrix,1751,1514,2,0,0,6.652125,0.12592,0.22196,2,0,0,2,2.07922,0.796455,5.935402,0.05885,1.005748,2.27214,0.185927
961,1066,AvocaDOS,CompetitiveBotTest,1751,1482,0,0,0,4.652125,0.12592,0.22196,0,0,0,0,,0.824695,4.074943,0.05885,0.866207,2.349308,0.219992
961,1067,AvocaDOS,Hello_world,1751,1600,0,0,0,4.652125,0.12592,0.22196,0,0,0,0,,0.704585,3.481458,0.05885,1.459692,2.349308,0.219992
961,1078,AvocaDOS,LoremIpsum,1751,1242,0,0,0,4.652125,0.12592,0.22196,0,0,0,0,,0.949312,4.690691,0.05885,0.250459,2.349308,0.219992
961,1079,AvocaDOS,JimmyBotT,1751,1675,0,0,0,4.652125,0.12592,0.22196,0,0,0,0,,0.607661,3.002544,0.05885,1.938606,2.349308,0.219992
961,1080,AvocaDOS,JimmyBot,1751,1675,0,0,0,4.652125,0.12592,0.22196,0,0,0,0,,0.607661,3.002544,0.05885,1.938606,2.349308,0.219992
961,1081,AvocaDOS,ArtZerg,1751,1537,0,0,0,4.652125,0.12592,0.22196,0,0,0,0,,0.774148,3.825181,0.05885,1.115969,2.349308,0.219992
961,1082,AvocaDOS,Dasyatis,1751,1573,0,0,0,4.652125,0.12592,0.22196,0,0,0,0,,0.735877,3.636081,0.05885,1.305069,2.349308,0.219992
961,1084,AvocaDOS,ZippyZap,1751,1457,0,0,0,4.652125,0.12592,0.22196,0,0,0,0,,0.84454,4.172996,0.05885,0.768154,2.349308,0.219992
961,1085,AvocaDOS,AgoraLord,1751,1430,0,0,0,4.652125,0.12592,0.22196,0,0,0,0,,0.863871,4.268519,0.05885,0.672631,2.349308,0.219992
961,1086,AvocaDOS,CherBoiBlue,1751,1500,0,0,0,4.652125,0.12592,0.22196,0,0,0,0,,0.809208,3.998418,0.05885,0.942732,2.349308,0.219992
961,1087,AvocaDOS,SwarmLord2,1751,1533,0,0,0,4.652125,0.12592,0.22196,0,0,0,0,,0.778148,3.844948,0.05885,1.096202,2.349308,0.219992
961,1088,AvocaDOS,SwarmLord3,1751,1562,0,0,0,4.652125,0.12592,0.22196,0,0,0,0,,0.748,3.695978,0.05885,1.245172,2.349308,0.219992
961,1089,AvocaDOS,WorkingAsIntended,1751,1596,0,0,0,4.652125,0.12592,0.22196,0,0,0,0,,0.709355,3.505028,0.05885,1.436122,2.349308,0.219992
962,966,AvocaDEV,ArgoBot,1700,1909,2,0,0,6.652125,0.12592,0.22196,1,1,0,2,2.204499,0.230924,2.141031,0.05885,4.800119,2.307934,0.185927
962,970,AvocaDEV,TheLAW,1700,1576,7,0,1,11.652125,0.12592,1.22196,5,2,0,7,2.186155,0.671241,8.3167,0.05885,3.62445,2.254135,0.142004
962,971,AvocaDEV,Nothing,1700,1570,8,0,0,12.652125,0.12592,0.22196,4,4,0,8,2.249917,0.678817,7.354136,0.05885,5.587014,2.288144,0.136433
962,977,AvocaDEV,Siriusly,1700,1392,1,0,0,5.652125,0.12592,0.22196,1,0,0,1,2.198335,0.854829,5.223839,0.05885,0.717311,2.324146,0.200824
962,981,AvocaDEV,KoB,1700,1499,4,0,0,8.652125,0.12592,0.22196,4,0,0,4,1.997554,0.760796,7.759208,0.05885,1.181942,2.192973,0.163972
962,998,AvocaDEV,LordSuperKing,1700,1656,5,0,1,9.652125,0.12592,1.22196,4,1,0,5,2.532091,0.562985,6.781792,0.05885,3.159358,2.4407,0.155557
962,1007,AvocaDEV,SharkGull,1700,1605,0,0,0,4.652125,0.12592,0.22196,0,0,0,0,,0.633408,3.129762,0.05885,1.811388,2.349308,0.219992
962,1008,AvocaDEV,Creepy_canon,1700,1587,0,0,0,4.652125,0.12592,0.22196,0,0,0,0,,0.657119,3.246922,0.05885,1.694228,2.349308,0.219992
962,1023,AvocaDEV,MY_SCRIPTING_SON,1700,1275,1,0,0,5.652125,0.12592,0.22196,1,0,0,1,2.032088,0.920305,5.547364,0.05885,0.393786,2.296438,0.200824
962,1026,AvocaDEV,WildLupo,1700,1199,1,0,0,5.652125,0.12592,0.22196,1,0,0,1,2.138889,0.947049,5.679512,0.05885,0.261638,2.314238,0.200824
962,1029,AvocaDEV,Chomppet,1700,1600,0,0,0,4.652125,0.12592,0.22196,0,0,0,0,,0.640065,3.162657,0.05885,1.778493,2.349308,0.219992
962,1030,AvocaDEV,who,1700,1924,2,0,0,6.652125,0.12592,0.22196,1,1,0,2,2.615488,0.215946,2.067023,0.05885,4.874127,2.42536,0.185927
962,1032,AvocaDEV,WaterLeak,1700,1607,4,2,1,8.652125,2.12592,1.22196,3,1,0,4,2.4228,0.63073,6.116533,0.05885,2.824617,2.381971,0.163972
962,1038,AvocaDEV,PolyMorph,1700,1463,1,0,0,5.652125,0.12592,0.22196,1,0,0,1,2.157559,0.796455,4.935402,0.05885,1.005748,2.31735,0.200824
962,1042,AvocaDEV,Creepy_duo_canon,1700,1386,1,0,0,5.652125,0.12592,0.22196,0,1,0,1,1.701105,0.859063,4.244759,0.05885,1.696391,2.241274,0.200824
962,1044,AvocaDEV,DoopyBot,1700,1418,2,1,1,6.652125,1.12592,1.22196,1,1,0,2,2.412071,0.835253,5.12711,0.05885,1.81404,2.36724,0.185927
962,1045,AvocaDEV,tito,1700,1801,3,0,0,7.652125,0.12592,0.22196,1,2,0,3,2.594633,0.35861,2.771945,0.05885,5.169205,2.441305,0.173919
962,1049,AvocaDEV,TheCatSC2Bot,1700,970,1,0,0,5.652125,0.12592,0.22196,1,0,0,1,2.33602,0.985258,5.868309,0.05885,0.072841,2.347093,0.200824
962,1050,AvocaDEV,onlyfans,1700,1517,2,0,2,6.652125,0.12592,2.22196,2,0,0,2,2.42913,0.741434,5.663534,0.05885,1.277616,2.372114,0.185927
962,1052,AvocaDEV,Starlight,1700,1204,0,0,1,4.652125,0.12592,1.22196,0,0,0,0,,0.945587,4.672288,0.05885,0.268862,2.349308,0.219992
962,1054,AvocaDEV,JimmyBotZ,1700,1724,4,0,1,8.652125,0.12592,1.22196,4,0,0,4,2.331586,0.465516,6.300185,0.05885,2.640965,2.341431,0.163972
962,1056,AvocaDEV,bilisaur,1700,1600,0,0,0,4.652125,0.12592,0.22196,0,0,0,0,,0.640065,3.162657,0.05885,1.778493,2.349308,0.219992
962,1057,AvocaDEV,DoopyBot-Test,1700,1238,4,0,0,8.652125,0.12592,0.22196,3,1,0,4,2.218245,0.934593,7.617965,0.05885,1.323185,2.291058,0.163972
962,1058,AvocaDEV,JimmyBotP,1700,1711,1,0,0,5.652125,0.12592,0.22196,1,0,0,1,2.171337,0.484175,3.392381,0.05885,2.548769,2.319646,0.200824
962,1059,AvocaDEV,NextProBot,1700,1600,0,0,0,4.652125,0.12592,0.22196,0,0,0,0,,0.640065,3.162657,0.05885,1.778493,2.349308,0.219992
962,1060,AvocaDEV,WildFire,1700,1709,2,2,0,6.652125,2.12592,0.22196,0,0,2,2,3.801308,0.487051,2.406591,2.05885,2.534559,2.764165,0.185927
962,1065,AvocaDEV,MindMatrix,1700,1514,3,0,0,7.652125,0.12592,0.22196,3,0,0,3,2.647425,0.74473,6.679825,0.05885,1.261325,2.461102,0.173919
962,1066,AvocaDEV,CompetitiveBotTest,1700,1482,0,0,0,4.652125,0.12592,0.22196,0,0,0,0,,0.778148,3.844948,0.05885,1.096202,2.349308,0.219992
962,1067,AvocaDEV,Hello_world,1700,1600,0,0,0,4.652125,0.12592,0.22196,0,0,0,0,,0.640065,3.162657,0.05885,1.778493,2.349308,0.219992
962,1078,AvocaDEV,LoremIpsum,1700,1242,0,0,0,4.652125,0.12592,0.22196,0,0,0,0,,0.933172,4.610941,0.05885,0.330209,2.349308,0.219992
962,1079,AvocaDEV,JimmyBotT,1700,1675,0,0,0,4.652125,0.12592,0.22196,0,0,0,0,,0.535916,2.648041,0.05885,2.293109,2.349308,0.219992
962,1080,AvocaDEV,JimmyBot,1700,1675,0,0,0,4.652125,0.12592,0.22196,0,0,0,0,,0.535916,2.648041,0.05885,2.293109,2.349308,0.219992
962,1081,AvocaDEV,ArtZerg,1700,1537,0,0,0,4.652125,0.12592,0.22196,0,0,0,0,,0.718757,3.551485,0.05885,1.389665,2.349308,0.219992
962,1082,AvocaDEV,Dasyatis,1700,1573,0,0,0,4.652125,0.12592,0.22196,0,0,0,0,,0.67504,3.335475,0.05885,1.605675,2.349308,0.219992
962,1084,AvocaDEV,ZippyZap,1700,1457,0,0,0,4.652125,0.12592,0.22196,0,0,0,0,,0.801997,3.962786,0.05885,0.978364,2.349308,0.219992
962,1085,AvocaDEV,AgoraLord,1700,1430,0,0,0,4.652125,0.12592,0.22196,0,0,0,0,,0.825526,4.079048,0.05885,0.862102,2.349308,0.219992
962,1086,AvocaDEV,CherBoiBlue,1700,1500,0,0,0,4.652125,0.12592,0.22196,0,0,0,0,,0.759747,3.754024,0.05885,1.187126,2.349308,0.219992
962,1087,AvocaDEV,SwarmLord2,1700,1533,0,0,0,4.652125,0.12592,0.22196,0,0,0,0,,0.723388,3.574368,0.05885,1.366782,2.349308,0.219992
962,1088,AvocaDEV,SwarmLord3,1700,1562,0,0,0,4.652125,0.12592,0.22196,0,0,0,0,,0.688774,3.403334,0.05885,1.537816,2.349308,0.219992
962,1089,AvocaDEV,WorkingAsIntended,1700,1596,0,0,0,4.652125,0.12592,0.22196,0,0,0,0,,0.645352,3.188783,0.05885,1.752367,2.349308,0.219992
966,970,ArgoBot,TheLAW,1909,1576,1,0,0,5.652125,0.12592,0.22196,1,0,0,1,2.38968,0.871793,5.307658,0.05885,0.633492,2.356037,0.200824
966,971,ArgoBot,Nothing,1909,1570,1,0,0,5.652125,0.12592,0.22196,1,0,0,1,2.305581,0.875604,5.326489,0.05885,0.614661,2.34202,0.200824
966,977,ArgoBot,Siriusly,1909,1392,1,0,0,5.652125,0.12592,0.22196,1,0,0,1,2.502255,0.951482,5.701416,0.05885,0.239734,2.374799,0.200824
966,981,ArgoBot,KoB,1909,1499,4,0,0,8.652125,0.12592,0.22196,2,2,0,4,2.071483,0.913738,6.514915,0.05885,2.426235,2.22583,0.163972
966,998,ArgoBot,LordSuperKing,1909,1656,9,0,0,13.652125,0.12592,0.22196,9,0,0,9,2.523235,0.810979,13.00717,0.05885,0.93398,2.461119,0.13147
966,1007,ArgoBot,SharkGull,1909,1605,0,0,0,4.652125,0.12592,0.22196,0,0,0,0,,0.851948,4.209605,0.05885,0.731545,2.349308,0.219992
966,1008,ArgoBot,Creepy_canon,1909,1587,0,0,0,4.652125,0.12592,0.22196,0,0,0,0,,0.864547,4.271856,0.05885,0.669294,2.349308,0.219992
966,1023,ArgoBot,MY_SCRIPTING_SON,1909,1275,1,0,0,5.652125,0.12592,0.22196,1,0,0,1,2.307573,0.974657,5.815928,0.05885,0.125222,2.342352,0.200824
966,1026,ArgoBot,WildLupo,1909,1199,0,0,0,4.652125,0.12592,0.22196,0,0,0,0,,0.983489,4.859567,0.05885,0.081583,2.349308,0.219992
966,1029,ArgoBot,Chomppet,1909,1600,0,0,0,4.652125,0.12592,0.22196,0,0,0,0,,0.855542,4.227362,0.05885,0.713788,2.349308,0.219992
966,1030,ArgoBot,who,1909,1924,59,1,0,63.652125,1.12592,0.22196,32,27,0,59,2.158351,0.478427,34.363978,0.05885,29.577172,2.173269,0.06149
966,1032,ArgoBot,WaterLeak,1909,1607,24,0,0,28.652125,0.12592,0.22196,14,10,0,24,2.16671,0.85049,18.2024,0.05885,10.73875,2.198192,0.091347
966,1038,ArgoBot,PolyMorph,1909,1463,1,0,0,5.652125,0.12592,0.22196,1,0,0,1,2.285439,0.928733,5.589007,0.05885,0.352143,2.338663,0.200824
966,1042,ArgoBot,Creepy_duo_canon,1909,1386,0,0,0,4.652125,0.12592,0.22196,0,0,0,0,,0.953052,4.709173,0.05885,0.231977,2.349308,0.219992
966,1044,ArgoBot,DoopyBot,1909,1418,0,0,0,4.652125,0.12592,0.22196,0,0,0,0,,0.944087,4.664876,0.05885,0.276274,2.349308,0.219992
966,1045,ArgoBot,tito,1909,1801,46,1,0,50.652125,1.12592,0.22196,20,26,0,46,2.38373,0.650605,23.214735,0.05885,27.726415,2.380355,0.068882
966,1049,ArgoBot,TheCatSC2Bot,1909,970,1,0,0,5.652125,0.12592,0.22196,1,0,0,1,2.145931,0.995527,5.919051,0.05885,0.022099,2.315412,0.200824
966,1050,ArgoBot,onlyfans,1909,1517,0,0,0,4.652125,0.12592,0.22196,0,0,0,0,,0.905213,4.472791,0.05885,0.468359,2.349308,0.219992
966,1052,ArgoBot,Starlight,1909,1204,0,0,0,4.652125,0.12592,0.22196,0,0,0,0,,0.983015,4.857226,0.05885,0.083924,2.349308,0.219992
966,1054,ArgoBot,JimmyBotZ,1909,1724,0,0,0,4.652125,0.12592,0.22196,0,0,0,0,,0.743635,3.67441,0.05885,1.26674,2.349308,0.219992
966,1056,ArgoBot,bilisaur,1909,1600,0,0,0,4.652125,0.12592,0.22196,0,0,0,0,,0.855542,4.227362,0.05885,0.713788,2.349308,0.219992
966,1057,ArgoBot,DoopyBot-Test,1909,1238,0,0,0,4.652125,0.12592,0.22196,0,0,0,0,,0.979419,4.839456,0.05885,0.101694,2.349308,0.219992
966,1058,ArgoBot,JimmyBotP,1909,1711,1,0,0,5.652125,0.12592,0.22196,1,0,0,1,2.161022,0.757639,4.743609,0.05885,1.197541,2.317927,0.200824
966,1059,ArgoBot,NextProBot,1909,1600,0,0,0,4.652125,0.12592,0.22196,0,0,0,0,,0.855542,4.227362,0.05885,0.713788,2.349308,0.219992
966,1060,ArgoBot,WildFire,1909,1709,18,0,0,22.652125,0.12592,0.22196,12,6,0,18,2.1401,0.759747,15.754024,0.05885,7.187126,2.18558,0.102572
966,1065,ArgoBot,MindMatrix,1909,1514,0,0,0,4.652125,0.12592,0.22196,0,0,0,0,,0.906684,4.480062,0.05885,0.461088,2.349308,0.219992
966,1066,ArgoBot,CompetitiveBotTest,1909,1482,0,0,0,4.652125,0.12592,0.22196,0,0,0,0,,0.921145,4.551517,0.05885,0.389633,2.349308,0.219992
966,1067,ArgoBot,Hello_world,1909,1600,0,0,0,4.652125,0.12592,0.22196,0,0,0,0,,0.855542,4.227362,0.05885,0.713788,2.349308,0.219992
966,1078,ArgoBot,LoremIpsum,1909,1242,0,0,0,4.652125,0.12592,0.22196,0,0,0,0,,0.97895,4.837137,0.05885,0.104013,2.349308,0.219992
966,1079,ArgoBot,JimmyBotT,1909,1675,0,0,0,4.652125,0.12592,0.22196,0,0,0,0,,0.793641,3.921498,0.05885,1.019652,2.349308,0.219992
966,1080,ArgoBot,JimmyBot,1909,1675,0,0,0,4.652125,0.12592,0.22196,0,0,0,0,,0.793641,3.921498,0.05885,1.019652,2.349308,0.219992
966,1081,ArgoBot,ArtZerg,1909,1537,0,0,0,4.652125,0.12592,0.22196,0,0,0,0,,0.894863,4.421651,0.05885,0.519499,2.349308,0.219992
966,1082,ArgoBot,Dasyatis,1909,1573,0,0,0,4.652125,0.12592,0.22196,0,0,0,0,,0.87371,4.317134,0.05885,0.624016,2.349308,0.219992
966,1084,ArgoBot,ZippyZap,1909,1457,0,0,0,4.652125,0.12592,0.22196,0,0,0,0,,0.930985,4.600137,0.05885,0.341013,2.349308,0.219992
966,1085,ArgoBot,AgoraLord,1909,1430,0,0,0,4.652125,0.12592,0.22196,0,0,0,0,,0.940327,4.646296,0.05885,0.294854,2.349308,0.219992
966,1086,ArgoBot,CherBoiBlue,1909,1500,0,0,0,4.652125,0.12592,0.22196,0,0,0,0,,0.913283,4.512667,0.05885,0.428483,2.349308,0.219992
966,1087,ArgoBot,SwarmLord2,1909,1533,0,0,0,4.652125,0.12592,0.22196,0,0,0,0,,0.89701,4.432259,0.05885,0.508891,2.349308,0.219992
966,1088,ArgoBot,SwarmLord3,1909,1562,0,0,0,4.652125,0.12592,0.22196,0,0,0,0,,0.880534,4.350848,0.05885,0.590302,2.349308,0.219992
966,1089,ArgoBot,WorkingAsIntended,1909,1596,0,0,0,4.652125,0.12592,0.22196,0,0,0,0,,0.858365,4.241308,0.05885,0.699842,2.349308,0.219992
970,971,TheLAW,Nothing,1576,1570,52,0,0,56.652125,0.12592,0.22196,19,33,0,52,2.214779,0.508634,21.513236,0.05885,35.427914,2.22658,0.065156
970,977,TheLAW,Siriusly,1576,1392,5,0,0,9.652125,0.12592,0.22196,2,3,0,5,2.087527,0.742536,5.66898,0.05885,4.27217,2.218418,0.155557
970,981,TheLAW,KoB,1576,1499,22,0,4,26.652125,0.12592,4.22196,14,8,0,22,1.906449,0.609033,17.009321,0.05885,9.931829,1.98846,0.094669
970,998,TheLAW,LordSuperKing,1576,1656,19,0,6,23.652125,0.12592,6.22196,1,18,0,19,2.485962,0.386863,2.911549,0.05885,21.029601,2.457493,0.100412
970,1007,TheLAW,SharkGull,1576,1605,18,0,1,22.652125,0.12592,1.22196,18,0,0,18,2.120621,0.458362,20.264837,0.05885,2.676313,2.170335,0.102572
970,1008,TheLAW,Creepy_canon,1576,1587,0,0,0,4.652125,0.12592,0.22196,0,0,0,0,,0.484175,2.392381,0.05885,2.548769,2.349308,0.219992
970,1023,TheLAW,MY_SCRIPTING_SON,1576,1275,6,0,0,10.652125,0.12592,0.22196,5,1,0,6,1.926785,0.849757,9.198776,0.05885,1.742374,2.118841,0.148318
970,1026,TheLAW,WildLupo,1576,1199,2,0,0,6.652125,0.12592,0.22196,2,0,0,2,1.916833,0.89754,6.43488,0.05885,0.50627,2.225744,0.185927
970,1029,TheLAW,Chomppet,1576,1600,0,0,0,4.652125,0.12592,0.22196,0,0,0,0,,0.465516,2.300185,0.05885,2.640965,2.349308,0.219992
970,1030,TheLAW,who,1576,1924,0,0,0,4.652125,0.12592,0.22196,0,0,0,0,,0.118862,0.587316,0.05885,4.353834,2.349308,0.219992
970,1032,TheLAW,WaterLeak,1576,1607,34,0,0,38.652125,0.12592,0.22196,3,31,0,34,1.739784,0.455505,5.250721,0.05885,33.690429,1.817928,0.07877
970,1038,TheLAW,PolyMorph,1576,1463,9,0,0,13.652125,0.12592,0.22196,9,0,0,9,2.157455,0.657119,12.246922,0.05885,1.694228,2.225974,0.13147
970,1042,TheLAW,Creepy_duo_canon,1576,1386,3,0,0,7.652125,0.12592,0.22196,0,3,0,3,1.606819,0.749083,3.701332,0.05885,4.239818,2.070875,0.173919
970,1044,TheLAW,DoopyBot,1576,1418,19,0,0,23.652125,0.12592,0.22196,19,0,0,19,1.8774,0.712902,22.522556,0.05885,1.418594,1.975714,0.100412
970,1045,TheLAW,tito,1576,1801,11,0,1,15.652125,0.12592,1.22196,4,7,0,11,2.134224,0.214973,5.062215,0.05885,10.878935,2.201438,0.122979
970,1049,TheLAW,TheCatSC2Bot,1576,970,5,0,0,9.652125,0.12592,0.22196,5,0,0,5,1.805338,0.970356,9.794676,0.05885,0.146474,2.077323,0.155557
970,1050,TheLAW,onlyfans,1576,1517,28,0,0,32.652125,0.12592,0.22196,27,1,0,28,1.898451,0.584101,29.88613,0.05885,3.05502,1.966763,0.085632
970,1052,TheLAW,Starlight,1576,1204,3,0,0,7.652125,0.12592,0.22196,3,0,0,3,2.174068,0.894863,7.421651,0.05885,0.519499,2.283593,0.173919
970,1054,TheLAW,JimmyBotZ,1576,1724,39,0,0,43.652125,0.12592,0.22196,33,6,0,39,2.042748,0.299023,34.477516,0.05885,9.463634,2.077584,0.074159
970,1056,TheLAW,bilisaur,1576,1600,0,0,0,4.652125,0.12592,0.22196,0,0,0,0,,0.465516,2.300185,0.05885,2.640965,2.349308,0.219992
970,1057,TheLAW,DoopyBot-Test,1576,1238,5,0,0,9.652125,0.12592,0.22196,5,0,0,5,2.125938,0.874975,9.323384,0.05885,0.617766,2.237623,0.155557
970,1058,TheLAW,JimmyBotP,1576,1711,21,0,0,25.652125,0.12592,0.22196,15,6,0,21,2.053246,0.31494,16.556168,0.05885,9.384982,2.110181,0.096473
970,1059,TheLAW,NextProBot,1576,1600,0,0,0,4.652125,0.12592,0.22196,0,0,0,0,,0.465516,2.300185,0.05885,2.640965,2.349308,0.219992
970,1060,TheLAW,WildFire,1576,1709,18,0,0,22.652125,0.12592,0.22196,2,16,0,18,1.911405,0.31743,3.568467,0.05885,19.372683,2.006601,0.102572
970,1065,TheLAW,MindMatrix,1576,1514,5,0,1,9.652125,0.12592,1.22196,3,2,0,5,1.987159,0.58829,5.906829,0.05885,4.034321,2.168234,0.155557
970,1066,TheLAW,CompetitiveBotTest,1576,1482,0,0,0,4.652125,0.12592,0.22196,0,0,0,0,,0.63207,3.123153,0.05885,1.817997,2.349308,0.219992
970,1067,TheLAW,Hello_world,1576,1600,0,0,0,4.652125,0.12592,0.22196,0,0,0,0,,0.465516,2.300185,0.05885,2.640965,2.349308,0.219992
970,1078,TheLAW,LoremIpsum,1576,1242,0,0,0,4.652125,0.12592,0.22196,0,0,0,0,,0.872435,4.31083,0.05885,0.63032,2.349308,0.219992
970,1079,TheLAW,JimmyBotT,1576,1675,20,0,0,24.652125,0.12592,0.22196,11,9,0,20,1.828842,0.361262,12.785051,0.05885,12.156099,1.932936,0.098383
970,1080,TheLAW,JimmyBot,1576,1675,20,0,0,24.652125,0.12592,0.22196,13,7,0,20,1.824416,0.361262,14.785051,0.05885,10.156099,1.929394,0.098383
970,1081,TheLAW,ArtZerg,1576,1537,19,0,1,23.652125,0.12592,1.22196,19,0,0,19,1.904957,0.555891,21.746741,0.05885,2.194409,1.99753,0.100412
970,1082,TheLAW,Dasyatis,1576,1573,4,0,4,8.652125,0.12592,4.22196,0,4,0,4,2.517196,0.504317,2.491907,0.05885,6.449243,2.423925,0.163972
970,1084,TheLAW,ZippyZap,1576,1457,0,0,0,4.652125,0.12592,0.22196,0,0,0,0,,0.664858,3.285163,0.05885,1.655987,2.349308,0.219992
970,1085,TheLAW,AgoraLord,1576,1430,1,0,0,5.652125,0.12592,0.22196,1,0,0,1,2.376764,0.698559,4.451683,0.05885,1.489467,2.353884,0.200824
970,1086,TheLAW,CherBoiBlue,1576,1500,0,0,0,4.652125,0.12592,0.22196,0,0,0,0,,0.607661,3.002544,0.05885,1.938606,2.349308,0.219992
970,1087,TheLAW,SwarmLord2,1576,1533,0,0,0,4.652125,0.12592,0.22196,0,0,0,0,,0.561568,2.774791,0.05885,2.166359,2.349308,0.219992
970,1088,TheLAW,SwarmLord3,1576,1562,0,0,0,4.652125,0.12592,0.22196,0,0,0,0,,0.520137,2.570074,0.05885,2.371076,2.349308,0.219992
970,1089,TheLAW,WorkingAsIntended,1576,1596,1,0,0,5.652125,0.12592,0.22196,0,1,0,1,2.273156,0.471249,2.328514,0.05885,3.612636,2.336616,0.200824
971,977,Nothing,Siriusly,1570,1392,8,0,0,12.652125,0.12592,0.22196,6,2,0,8,2.092732,0.735877,9.636081,0.05885,3.305069,2.191415,0.136433
971,981,Nothing,KoB,1570,1499,25,0,0,29.652125,0.12592,0.22196,13,12,0,25,2.058183,0.600778,15.968535,0.05885,13.972615,2.106704,0.089811
971,998,Nothing,LordSuperKing,1570,1656,25,0,0,29.652125,0.12592,0.22196,13,12,0,25,2.189289,0.378703,14.87123,0.05885,15.06992,2.215959,0.089811
971,1007,Nothing,SharkGull,1570,1605,17,0,0,21.652125,0.12592,0.22196,3,14,0,17,2.280913,0.449801,5.222532,0.05885,16.718618,2.296458,0.104877
971,1008,Nothing,Creepy_canon,1570,1587,0,0,0,4.652125,0.12592,0.22196,0,0,0,0,,0.475555,2.349786,0.05885,2.591364,2.349308,0.219992
971,1023,Nothing,MY_SCRIPTING_SON,1570,1275,6,0,0,10.652125,0.12592,0.22196,6,0,0,6,1.804143,0.845294,10.176724,0.05885,0.764426,2.051945,0.148318
971,1026,Nothing,WildLupo,1570,1199,1,0,0,5.652125,0.12592,0.22196,1,0,0,1,2.09433,0.89432,5.418969,0.05885,0.522181,2.306812,0.200824
971,1029,Nothing,Chomppet,1570,1600,0,0,0,4.652125,0.12592,0.22196,0,0,0,0,,0.456934,2.257777,0.05885,2.683373,2.349308,0.219992
971,1030,Nothing,who,1570,1924,3,0,0,7.652125,0.12592,0.22196,1,2,0,3,1.556902,0.115292,1.569676,0.05885,6.371474,2.052156,0.173919
971,1032,Nothing,WaterLeak,1570,1607,33,0,0,37.652125,0.12592,0.22196,30,3,0,33,2.192092,0.446953,32.208462,0.05885,5.732688,2.212778,0.079799
971,1038,Nothing,PolyMorph,1570,1463,9,0,0,13.652125,0.12592,0.22196,9,0,0,9,2.052106,0.649295,12.208264,0.05885,1.732886,2.15825,0.13147
971,1042,Nothing,Creepy_duo_canon,1570,1386,4,0,0,8.652125,0.12592,0.22196,2,2,0,4,1.539834,0.742536,5.66898,0.05885,3.27217,1.989542,0.163972
971,1044,Nothing,DoopyBot,1570,1418,20,0,0,24.652125,0.12592,0.22196,20,0,0,20,1.923574,0.705781,23.487372,0.05885,1.453778,2.008721,0.098383
971,1045,Nothing,tito,1570,1801,14,0,0,18.652125,0.12592,0.22196,4,10,0,14,2.207432,0.209202,5.033698,0.05885,13.907452,2.244768,0.112853
971,1049,Nothing,TheCatSC2Bot,1570,970,4,0,0,8.652125,0.12592,0.22196,4,0,0,4,1.896324,0.969347,8.789687,0.05885,0.151463,2.147982,0.163972
971,1050,Nothing,onlyfans,1570,1517,25,0,0,29.652125,0.12592,0.22196,25,0,0,25,2.335294,0.575687,27.844556,0.05885,2.096594,2.337629,0.089811
971,1052,Nothing,Starlight,1570,1204,2,0,0,6.652125,0.12592,0.22196,2,0,0,2,2.644664,0.891569,6.405375,0.05885,0.535775,2.433696,0.185927
971,1054,Nothing,JimmyBotZ,1570,1724,39,0,0,43.652125,0.12592,0.22196,23,16,0,39,2.251538,0.291834,24.441994,0.05885,19.499156,2.262648,0.074159
971,1056,Nothing,bilisaur,1570,1600,0,0,0,4.652125,0.12592,0.22196,0,0,0,0,,0.456934,2.257777,0.05885,2.683373,2.349308,0.219992
971,1057,Nothing,DoopyBot-Test,1570,1238,5,0,0,9.652125,0.12592,0.22196,5,0,0,5,2.216241,0.871148,9.304472,0.05885,0.636678,2.282774,0.155557
971,1058,Nothing,JimmyBotP,1570,1711,20,0,0,24.652125,0.12592,0.22196,5,14,1,20,2.063012,0.307537,6.519585,1.05885,17.421565,2.120271,0.098383
971,1059,Nothing,NextProBot,1570,1600,0,0,0,4.652125,0.12592,0.22196,0,0,0,0,,0.456934,2.257777,0.05885,2.683373,2.349308,0.219992
971,1060,Nothing,WildFire,1570,1709,17,0,0,21.652125,0.12592,0.22196,14,3,0,17,2.25391,0.309994,15.531726,0.05885,6.409424,2.275591,0.104877
971,1065,Nothing,MindMatrix,1570,1514,7,0,0,11.652125,0.12592,0.22196,2,5,0,7,2.153801,0.5799,4.865372,0.05885,7.075778,2.235262,0.142004
971,1066,Nothing,CompetitiveBotTest,1570,1482,0,0,0,4.652125,0.12592,0.22196,0,0,0,0,,0.624002,3.083286,0.05885,1.857864,2.349308,0.219992
971,1067,Nothing,Hello_world,1570,1600,0,0,0,4.652125,0.12592,0.22196,0,0,0,0,,0.456934,2.257777,0.05885,2.683373,2.349308,0.219992
971,1078,Nothing,LoremIpsum,1570,1242,1,0,0,5.652125,0.12592,0.22196,1,0,0,1,2.436241,0.868541,5.291591,0.05885,0.649559,2.363797,0.200824
971,1079,Nothing,JimmyBotT,1570,1675,19,0,0,23.652125,0.12592,0.22196,10,9,0,19,2.10585,0.353331,11.745862,0.05885,12.195288,2.15657,0.100412
971,1080,Nothing,JimmyBot,1570,1675,18,0,0,22.652125,0.12592,0.22196,6,12,0,18,2.223079,0.353331,7.745862,0.05885,15.195288,2.25052,0.102572
971,1081,Nothing,ArtZerg,1570,1537,19,0,0,23.652125,0.12592,0.22196,13,6,0,19,1.979714,0.547349,15.704531,0.05885,8.236619,2.056713,0.100412
971,1082,Nothing,Dasyatis,1570,1573,7,0,1,11.652125,0.12592,1.22196,2,5,0,7,2.104899,0.495683,4.449243,0.05885,7.491907,2.206736,0.142004
971,1084,Nothing,ZippyZap,1570,1457,0,0,0,4.652125,0.12592,0.22196,0,0,0,0,,0.657119,3.246922,0.05885,1.694228,2.349308,0.219992
971,1085,Nothing,AgoraLord,1570,1430,1,0,0,5.652125,0.12592,0.22196,1,0,0,1,2.078191,0.691236,4.415502,0.05885,1.525648,2.304122,0.200824
971,1086,Nothing,CherBoiBlue,1570,1500,0,0,0,4.652125,0.12592,0.22196,0,0,0,0,,0.599397,2.961709,0.05885,1.979441,2.349308,0.219992
971,1087,Nothing,SwarmLord2,1570,1533,0,0,0,4.652125,0.12592,0.22196,0,0,0,0,,0.553047,2.732688,0.05885,2.208462,2.349308,0.219992
971,1088,Nothing,SwarmLord3,1570,1562,0,0,0,4.652125,0.12592,0.22196,0,0,0,0,,0.511511,2.527452,0.05885,2.413698,2.349308,0.219992
971,1089,Nothing,WorkingAsIntended,1570,1596,1,0,0,5.652125,0.12592,0.22196,1,0,0,1,2.156403,0.462653,3.286036,0.05885,2.655114,2.317157,0.200824
977,981,Siriusly,KoB,1392,1499,26,5,0,30.652125,5.12592,0.22196,13,13,0,26,2.359907,0.350705,14.732886,0.05885,16.208264,2.358198,0.088351
977,998,Siriusly,LordSuperKing,1392,1656,1,0,0,5.652125,0.12592,0.22196,1,0,0,1,1.99606,0.179505,1.88696,0.05885,4.05419,2.290433,0.200824
977,1007,Siriusly,SharkGull,1392,1605,1,0,0,5.652125,0.12592,0.22196,0,1,0,1,2.420368,0.22686,1.12095,0.05885,4.8202,2.361151,0.200824
977,1008,Siriusly,Creepy_canon,1392,1587,0,0,0,4.652125,0.12592,0.22196,0,0,0,0,,0.245546,1.213279,0.05885,3.727871,2.349308,0.219992
977,1023,Siriusly,MY_SCRIPTING_SON,1392,1275,30,5,19,34.652125,5.12592,19.22196,8,21,1,30,2.245547,0.662288,11.272463,1.05885,22.668687,2.26037,0.083149
977,1026,Siriusly,WildLupo,1392,1199,52,0,1,56.652125,0.12592,1.22196,44,7,1,52,2.545163,0.752315,47.717301,1.05885,8.223849,2.527983,0.065156
977,1029,Siriusly,Chomppet,1392,1600,0,0,0,4.652125,0.12592,0.22196,0,0,0,0,,0.231948,1.14609,0.05885,3.79506,2.349308,0.219992
977,1030,Siriusly,who,1392,1924,0,0,0,4.652125,0.12592,0.22196,0,0,0,0,,0.044684,0.220788,0.05885,4.720362,2.349308,0.219992
977,1032,Siriusly,WaterLeak,1392,1607,0,2,0,4.652125,2.12592,0.22196,0,0,0,0,,0.224847,1.111003,0.05885,3.830147,2.349308,0.219992
977,1038,Siriusly,PolyMorph,1392,1463,53,0,1,57.652125,0.12592,1.22196,37,16,0,53,2.510221,0.399222,38.972615,0.05885,18.968535,2.49635,0.064592
977,1042,Siriusly,Creepy_duo_canon,1392,1386,26,5,4,30.652125,5.12592,4.22196,5,18,3,26,1.914352,0.508634,7.513236,3.05885,20.427914,1.984506,0.088351
977,1044,Siriusly,DoopyBot,1392,1418,30,7,0,34.652125,7.12592,0.22196,9,21,0,30,2.334295,0.462653,11.286036,0.05885,23.655114,2.336439,0.083149
977,1045,Siriusly,tito,1392,1801,3,0,0,7.652125,0.12592,0.22196,0,3,0,3,2.200856,0.086717,0.428483,0.05885,7.512667,2.293638,0.173919
977,1049,Siriusly,TheCatSC2Bot,1392,970,56,0,0,60.652125,0.12592,0.22196,54,0,2,56,2.412243,0.919029,58.54106,2.05885,0.40009,2.407085,0.062983
977,1050,Siriusly,onlyfans,1392,1517,24,5,0,28.652125,5.12592,0.22196,10,14,0,24,2.343561,0.32749,11.618179,0.05885,17.322971,2.344552,0.091347
977,1052,Siriusly,Starlight,1392,1204,43,6,0,47.652125,6.12592,0.22196,34,6,3,43,2.731321,0.746913,37.690609,3.05885,7.250541,2.691528,0.071002
977,1054,Siriusly,JimmyBotZ,1392,1724,11,0,0,15.652125,0.12592,0.22196,5,6,0,11,2.280908,0.128852,5.636678,0.05885,10.304472,2.302283,0.122979
977,1056,Siriusly,bilisaur,1392,1600,0,0,0,4.652125,0.12592,0.22196,0,0,0,0,,0.231948,1.14609,0.05885,3.79506,2.349308,0.219992
977,1057,Siriusly,DoopyBot-Test,1392,1238,33,4,2,37.652125,4.12592,2.22196,16,17,0,33,2.495003,0.708166,19.499156,0.05885,18.441994,2.475833,0.079799
977,1058,Siriusly,JimmyBotP,1392,1711,18,0,0,22.652125,0.12592,0.22196,10,8,0,18,2.207392,0.137488,10.679349,0.05885,12.261801,2.238243,0.102572
977,1059,Siriusly,NextProBot,1392,1600,0,0,0,4.652125,0.12592,0.22196,0,0,0,0,,0.231948,1.14609,0.05885,3.79506,2.349308,0.219992
977,1060,Siriusly,WildFire,1392,1709,2,0,0,6.652125,0.12592,0.22196,0,1,1,2,2.83528,0.138859,0.686123,1.05885,5.255027,2.488157,0.185927
977,1065,Siriusly,MindMatrix,1392,1514,18,0,0,22.652125,0.12592,0.22196,13,5,0,18,2.420388,0.331305,14.637028,0.05885,8.304122,2.404936,0.102572
977,1066,Siriusly,CompetitiveBotTest,1392,1482,1,0,0,5.652125,0.12592,0.22196,1,0,0,1,1.068153,0.373301,2.844536,0.05885,3.096614,2.135782,0.200824
977,1067,Siriusly,Hello_world,1392,1600,0,0,0,4.652125,0.12592,0.22196,0,0,0,0,,0.231948,1.14609,0.05885,3.79506,2.349308,0.219992
977,1078,Siriusly,LoremIpsum,1392,1242,19,2,0,23.652125,2.12592,0.22196,12,6,1,19,2.673762,0.703385,15.475531,1.05885,7.465619,2.606167,0.100412
977,1079,Siriusly,JimmyBotT,1392,1675,2,0,0,6.652125,0.12592,0.22196,2,0,0,2,2.416063,0.163957,2.810134,0.05885,4.131016,2.368381,0.185927
977,1080,Siriusly,JimmyBot,1392,1675,2,0,0,6.652125,0.12592,0.22196,0,2,0,2,2.55333,0.163957,0.810134,0.05885,6.131016,2.4076,0.185927
977,1081,Siriusly,ArtZerg,1392,1537,2,0,0,6.652125,0.12592,0.22196,0,2,0,2,1.459534,0.302655,1.495463,0.05885,5.445687,2.095087,0.185927
977,1082,Siriusly,Dasyatis,1392,1573,10,0,0,14.652125,0.12592,0.22196,1,6,3,10,2.423314,0.26078,2.288552,3.05885,9.652598,2.398645,0.127012
977,1084,Siriusly,ZippyZap,1392,1457,0,0,1,4.652125,0.12592,1.22196,0,0,0,0,,0.407534,2.013685,0.05885,2.927465,2.349308,0.219992
977,1085,Siriusly,AgoraLord,1392,1430,2,1,0,6.652125,1.12592,0.22196,2,0,0,2,2.925362,0.445531,4.201434,0.05885,2.739716,2.513895,0.185927
977,1086,Siriusly,CherBoiBlue,1392,1500,1,0,0,5.652125,0.12592,0.22196,1,0,0,1,2.60269,0.349395,2.726415,0.05885,3.214735,2.391538,0.200824
977,1087,Siriusly,SwarmLord2,1392,1533,0,0,0,4.652125,0.12592,0.22196,0,0,0,0,,0.307537,1.519585,0.05885,3.421565,2.349308,0.219992
977,1088,Siriusly,SwarmLord3,1392,1562,1,0,0,5.652125,0.12592,0.22196,0,1,0,1,3.78237,0.27317,1.349774,0.05885,4.591376,2.588152,0.200824
977,1089,Siriusly,WorkingAsIntended,1392,1596,1,0,0,5.652125,0.12592,0.22196,0,1,0,1,1.658228,0.236075,1.166483,0.05885,4.774667,2.234128,0.200824
981,998,KoB,LordSuperKing,1499,1656,9,0,0,13.652125,0.12592,0.22196,1,8,0,9,2.393818,0.288277,2.424422,0.05885,11.516728,2.377922,0.13147
981,1007,KoB,SharkGull,1499,1605,1,0,0,5.652125,0.12592,0.22196,0,1,0,1,1.991976,0.352017,1.739369,0.05885,4.201781,2.289753,0.200824
981,1008,KoB,Creepy_canon,1499,1587,1,0,0,5.652125,0.12592,0.22196,1,0,0,1,2.208274,0.375998,2.857864,0.05885,3.083286,2.325802,0.200824
981,1023,KoB,MY_SCRIPTING_SON,1499,1275,10,1,20,14.652125,1.12592,20.22196,10,0,0,10,2.081182,0.784054,13.874127,0.05885,1.067023,2.170557,0.127012
981,1026,KoB,WildLupo,1499,1199,28,2,0,32.652125,2.12592,0.22196,28,0,0,28,2.445469,0.84902,32.195137,0.05885,0.746013,2.4309,0.085632
981,1029,KoB,Chomppet,1499,1600,0,0,0,4.652125,0.12592,0.22196,0,0,0,0,,0.35861,1.771945,0.05885,3.169205,2.349308,0.219992
981,1030,KoB,who,1499,1924,5,0,0,9.652125,0.12592,0.22196,0,4,1,5,2.041729,0.079695,0.393786,1.05885,8.547364,2.195518,0.155557
981,1032,KoB,WaterLeak,1499,1607,19,0,0,23.652125,0.12592,0.22196,0,19,0,19,1.760776,0.349395,1.726415,0.05885,22.214735,1.883387,0.100412
981,1038,KoB,PolyMorph,1499,1463,32,0,0,36.652125,0.12592,0.22196,27,5,0,32,2.495373,0.551624,29.725655,0.05885,7.215495,2.475635,0.08087
981,1042,KoB,Creepy_duo_canon,1499,1386,22,0,5,26.652125,0.12592,5.22196,15,7,0,22,2.193404,0.657119,18.246922,0.05885,8.694228,2.222275,0.094669
981,1044,KoB,DoopyBot,1499,1418,21,10,1,25.652125,10.12592,1.22196,19,2,0,21,2.471296,0.614501,22.036343,0.05885,3.904807,2.447837,0.096473
981,1045,KoB,tito,1499,1801,12,0,0,16.652125,0.12592,0.22196,5,7,0,12,1.968531,0.14951,5.73875,0.05885,11.2024,2.080524,0.119307
981,1049,KoB,TheCatSC2Bot,1499,970,30,1,0,34.652125,1.12592,0.22196,30,0,0,30,2.307491,0.954573,34.716691,0.05885,0.224459,2.313465,0.083149
981,1050,KoB,onlyfans,1499,1517,24,0,0,28.652125,0.12592,0.22196,5,19,0,24,2.190977,0.474119,7.342693,0.05885,21.598457,2.218275,0.091347
981,1052,KoB,Starlight,1499,1204,26,5,0,30.652125,5.12592,0.22196,23,2,1,26,2.605429,0.845294,27.176724,1.05885,2.764426,2.564119,0.088351
981,1054,KoB,JimmyBotZ,1499,1724,16,0,0,20.652125,0.12592,0.22196,8,8,0,16,2.546605,0.214973,9.062215,0.05885,11.878935,2.499629,0.107345
981,1056,KoB,bilisaur,1499,1600,0,0,0,4.652125,0.12592,0.22196,0,0,0,0,,0.35861,1.771945,0.05885,3.169205,2.349308,0.219992
981,1057,KoB,DoopyBot-Test,1499,1238,17,4,2,21.652125,4.12592,2.22196,11,6,0,17,2.892572,0.817938,15.041553,0.05885,6.899597,2.769103,0.104877
981,1058,KoB,JimmyBotP,1499,1711,15,0,0,19.652125,0.12592,0.22196,4,11,0,15,2.426517,0.227871,5.125946,0.05885,14.815204,2.407214,0.109996
981,1059,KoB,NextProBot,1499,1600,0,0,0,4.652125,0.12592,0.22196,0,0,0,0,,0.35861,1.771945,0.05885,3.169205,2.349308,0.219992
981,1060,KoB,WildFire,1499,1709,9,0,0,13.652125,0.12592,0.22196,1,8,0,9,1.895009,0.229903,2.135987,0.05885,11.805163,2.057259,0.13147
981,1065,KoB,MindMatrix,1499,1514,19,0,0,23.652125,0.12592,0.22196,12,7,0,19,2.766071,0.478427,14.363978,0.05885,9.577172,2.679246,0.100412
981,1066,KoB,CompetitiveBotTest,1499,1482,1,0,0,5.652125,0.12592,0.22196,1,0,0,1,1.856298,0.524445,3.591364,0.05885,2.349786,2.26714,0.200824
981,1067,KoB,Hello_world,1499,1600,0,0,0,4.652125,0.12592,0.22196,0,0,0,0,,0.35861,1.771945,0.05885,3.169205,2.349308,0.219992
981,1078,KoB,LoremIpsum,1499,1242,11,7,0,15.652125,7.12592,0.22196,10,0,1,11,2.980062,0.814484,14.024486,1.05885,0.916664,2.782952,0.122979
981,1079,KoB,JimmyBotT,1499,1675,3,0,0,7.652125,0.12592,0.22196,0,3,0,3,2.454971,0.266366,1.316156,0.05885,6.624994,2.388932,0.173919
981,1080,KoB,JimmyBot,1499,1675,2,1,0,6.652125,1.12592,0.22196,0,2,0,2,2.415012,0.266366,1.316156,0.05885,5.624994,2.368081,0.185927
981,1081,KoB,ArtZerg,1499,1537,3,0,0,7.652125,0.12592,0.22196,0,3,0,3,1.267759,0.445531,2.201434,0.05885,5.739716,1.943727,0.173919
981,1082,KoB,Dasyatis,1499,1573,10,0,1,14.652125,0.12592,1.22196,5,5,0,10,1.943827,0.395087,6.952185,0.05885,7.988965,2.078987,0.127012
981,1084,KoB,ZippyZap,1499,1457,0,0,1,4.652125,0.12592,1.22196,0,0,0,0,,0.56015,2.767786,0.05885,2.173364,2.349308,0.219992
981,1085,KoB,AgoraLord,1499,1430,2,0,0,6.652125,0.12592,0.22196,2,0,0,2,2.620005,0.598014,4.954876,0.05885,1.986274,2.42665,0.185927
981,1086,KoB,CherBoiBlue,1499,1500,0,0,1,4.652125,0.12592,1.22196,0,0,0,0,,0.498561,2.463464,0.05885,2.477686,2.349308,0.219992
981,1087,KoB,SwarmLord2,1499,1533,1,0,0,5.652125,0.12592,0.22196,1,0,0,1,1.940179,0.451226,3.229574,0.05885,2.711576,2.28112,0.200824
981,1088,KoB,SwarmLord3,1499,1562,1,0,0,5.652125,0.12592,0.22196,1,0,0,1,2.157559,0.410316,3.027435,0.05885,2.913715,2.31735,0.200824
981,1089,KoB,WorkingAsIntended,1499,1596,0,0,0,4.652125,0.12592,0.22196,0,0,0,0,,0.363923,1.798199,0.05885,3.142951,2.349308,0.219992
998,1007,LordSuperKing,SharkGull,1656,1605,12,0,0,16.652125,0.12592,0.22196,8,4,0,12,2.42453,0.572872,10.830648,0.05885,6.110502,2.402406,0.119307
998,1008,LordSuperKing,Creepy_canon,1656,1587,0,0,0,4.652125,0.12592,0.22196,0,0,0,0,,0.598014,2.954876,0.05885,1.986274,2.349308,0.219992
998,1023,LordSuperKing,MY_SCRIPTING_SON,1656,1275,0,0,1,4.652125,0.12592,1.22196,0,0,0,0,,0.899638,4.445248,0.05885,0.495902,2.349308,0.219992
998,1026,LordSuperKing,WildLupo,1656,1199,1,0,0,5.652125,0.12592,0.22196,1,0,0,1,2.123458,0.932812,5.609162,0.05885,0.331988,2.311666,0.200824
998,1029,LordSuperKing,Chomppet,1656,1600,0,0,0,4.652125,0.12592,0.22196,0,0,0,0,,0.5799,2.865372,0.05885,2.075778,2.349308,0.219992
998,1030,LordSuperKing,who,1656,1924,9,0,0,13.652125,0.12592,0.22196,1,8,0,9,2.074447,0.176138,1.870327,0.05885,12.070823,2.172611,0.13147
998,1032,LordSuperKing,WaterLeak,1656,1607,20,1,0,24.652125,1.12592,0.22196,4,16,0,20,1.914473,0.570053,6.816717,0.05885,18.124433,2.00144,0.098383
998,1038,LordSuperKing,PolyMorph,1656,1463,1,0,0,5.652125,0.12592,0.22196,1,0,0,1,2.362739,0.752315,4.717301,0.05885,1.223849,2.351547,0.200824
998,1042,LordSuperKing,Creepy_duo_canon,1656,1386,1,0,0,5.652125,0.12592,0.22196,1,0,0,1,2.101692,0.825526,5.079048,0.05885,0.862102,2.308039,0.200824
998,1044,LordSuperKing,DoopyBot,1656,1418,3,0,0,7.652125,0.12592,0.22196,3,0,0,3,2.319335,0.797386,6.940005,0.05885,1.001145,2.338068,0.173919
998,1045,LordSuperKing,tito,1656,1801,9,0,0,13.652125,0.12592,0.22196,2,7,0,9,2.431404,0.302655,3.495463,0.05885,10.445687,2.402084,0.13147
998,1049,LordSuperKing,TheCatSC2Bot,1656,970,1,0,0,5.652125,0.12592,0.22196,1,0,0,1,1.94591,0.981089,5.847709,0.05885,0.093441,2.282075,0.200824
998,1050,LordSuperKing,onlyfans,1656,1517,12,0,0,16.652125,0.12592,0.22196,11,1,0,12,2.518507,0.690006,14.409424,0.05885,2.531726,2.468742,0.119307
998,1052,LordSuperKing,Starlight,1656,1204,1,0,0,5.652125,0.12592,0.22196,1,0,0,1,2.150599,0.930985,5.600137,0.05885,0.341013,2.31619,0.200824
998,1054,LordSuperKing,JimmyBotZ,1656,1724,20,0,0,24.652125,0.12592,0.22196,16,4,0,20,2.352211,0.403371,17.993116,0.05885,6.948034,2.35163,0.098383
998,1056,LordSuperKing,bilisaur,1656,1600,0,0,0,4.652125,0.12592,0.22196,0,0,0,0,,0.5799,2.865372,0.05885,2.075778,2.349308,0.219992
998,1057,LordSuperKing,DoopyBot-Test,1656,1238,5,0,0,9.652125,0.12592,0.22196,4,1,0,5,2.583164,0.917299,8.532512,0.05885,1.408638,2.466236,0.155557
998,1058,LordSuperKing,JimmyBotP,1656,1711,11,0,0,15.652125,0.12592,0.22196,11,0,0,11,2.239808,0.421503,13.082711,0.05885,2.858439,2.274027,0.122979
998,1059,LordSuperKing,NextProBot,1656,1600,0,0,0,4.652125,0.12592,0.22196,0,0,0,0,,0.5799,2.865372,0.05885,2.075778,2.349308,0.219992
998,1060,LordSuperKing,WildFire,1656,1709,18,0,0,22.652125,0.12592,0.22196,3,15,0,18,2.081871,0.424313,5.096594,0.05885,17.844556,2.140009,0.102572
998,1065,LordSuperKing,MindMatrix,1656,1514,4,0,0,8.652125,0.12592,0.22196,2,2,0,4,2.323232,0.693688,5.427616,0.05885,3.513534,2.337719,0.163972
998,1066,LordSuperKing,CompetitiveBotTest,1656,1482,0,0,0,4.652125,0.12592,0.22196,0,0,0,0,,0.731378,3.613848,0.05885,1.327302,2.349308,0.219992
998,1067,LordSuperKing,Hello_world,1656,1600,0,0,0,4.652125,0.12592,0.22196,0,0,0,0,,0.5799,2.865372,0.05885,2.075778,2.349308,0.219992
998,1078,LordSuperKing,LoremIpsum,1656,1242,0,0,0,4.652125,0.12592,0.22196,0,0,0,0,,0.915535,4.523797,0.05885,0.417353,2.349308,0.219992
998,1079,LordSuperKing,JimmyBotT,1656,1675,13,0,0,17.652125,0.12592,0.22196,13,0,0,13,2.387775,0.472684,15.335603,0.05885,2.605547,2.37709,0.115946
998,1080,LordSuperKing,JimmyBot,1656,1675,12,0,0,16.652125,0.12592,0.22196,11,1,0,12,2.364225,0.472684,13.335603,0.05885,3.605547,2.359838,0.119307
998,1081,LordSuperKing,ArtZerg,1656,1537,14,0,0,18.652125,0.12592,0.22196,4,10,0,14,2.220906,0.664858,7.285163,0.05885,11.655987,2.254696,0.112853
998,1082,LordSuperKing,Dasyatis,1656,1573,7,0,0,11.652125,0.12592,0.22196,6,1,0,7,2.350124,0.617225,9.049801,0.05885,2.891349,2.349784,0.142004
998,1084,LordSuperKing,ZippyZap,1656,1457,0,0,0,4.652125,0.12592,0.22196,0,0,0,0,,0.758695,3.748824,0.05885,1.192326,2.349308,0.219992
998,1085,LordSuperKing,AgoraLord,1656,1430,1,0,0,5.652125,0.12592,0.22196,1,0,0,1,2.318458,0.785997,4.883727,0.05885,1.057423,2.344166,0.200824
998,1086,LordSuperKing,CherBoiBlue,1656,1500,0,0,0,4.652125,0.12592,0.22196,0,0,0,0,,0.71054,3.510885,0.05885,1.430265,2.349308,0.219992
998,1087,LordSuperKing,SwarmLord2,1656,1533,0,0,0,4.652125,0.12592,0.22196,0,0,0,0,,0.669969,3.310417,0.05885,1.630733,2.349308,0.219992
998,1088,LordSuperKing,SwarmLord3,1656,1562,0,0,0,4.652125,0.12592,0.22196,0,0,0,0,,0.63207,3.123153,0.05885,1.817997,2.349308,0.219992
998,1089,LordSuperKing,WorkingAsIntended,1656,1596,1,0,0,5.652125,0.12592,0.22196,0,1,0,1,1.925707,0.585499,2.893037,0.05885,3.048113,2.278708,0.200824
1007,1008,SharkGull,Creepy_canon,1605,1587,0,0,0,4.652125,0.12592,0.22196,0,0,0,0,,0.525881,2.598457,0.05885,2.342693,2.349308,0.219992
1007,1023,SharkGull,MY_SCRIPTING_SON,1605,1275,1,0,0,5.652125,0.12592,0.22196,1,0,0,1,1.564441,0.86985,5.298059,0.05885,0.643091,2.218497,0.200824
1007,1026,SharkGull,WildLupo,1605,1199,1,0,0,5.652125,0.12592,0.22196,1,0,0,1,1.791759,0.911905,5.505861,0.05885,0.435289,2.256383,0.200824
1007,1029,SharkGull,Chomppet,1605,1600,0,0,0,4.652125,0.12592,0.22196,0,0,0,0,,0.507195,2.506127,0.05885,2.435023,2.349308,0.219992
1007,1030,SharkGull,who,1605,1924,0,0,0,4.652125,0.12592,0.22196,0,0,0,0,,0.137488,0.679349,0.05885,4.261801,2.349308,0.219992
1007,1032,SharkGull,WaterLeak,1605,1607,11,0,0,15.652125,0.12592,0.22196,3,8,0,11,1.856836,0.497122,5.456353,0.05885,10.484797,2.010733,0.122979
1007,1038,SharkGull,PolyMorph,1605,1463,2,0,0,6.652125,0.12592,0.22196,2,0,0,2,2.070773,0.693688,5.427616,0.05885,1.513534,2.269727,0.185927
1007,1042,SharkGull,Creepy_duo_canon,1605,1386,1,0,0,5.652125,0.12592,0.22196,1,0,0,1,1.637053,0.779141,4.849851,0.05885,1.091299,2.230599,0.200824
1007,1044,SharkGull,DoopyBot,1605,1418,1,0,0,5.652125,0.12592,0.22196,1,0,0,1,1.95586,0.745823,4.685224,0.05885,1.255926,2.283733,0.200824
1007,1045,SharkGull,tito,1605,1801,1,0,0,5.652125,0.12592,0.22196,0,1,0,1,2.039921,0.244481,1.208018,0.05885,4.733132,2.297743,0.200824
1007,1049,SharkGull,TheCatSC2Bot,1605,970,1,0,0,5.652125,0.12592,0.22196,1,0,0,1,1.786747,0.974799,5.816629,0.05885,0.124521,2.255548,0.200824
1007,1050,SharkGull,onlyfans,1605,1517,8,0,0,12.652125,0.12592,0.22196,2,6,0,8,2.324668,0.624002,5.083286,0.05885,7.857864,2.334145,0.136433
1007,1052,SharkGull,Starlight,1605,1204,1,0,0,5.652125,0.12592,0.22196,1,0,0,1,1.743969,0.909566,5.4943,0.05885,0.44685,2.248418,0.200824
1007,1054,SharkGull,JimmyBotZ,1605,1724,18,0,0,22.652125,0.12592,0.22196,1,17,0,18,1.605357,0.335142,2.655987,0.05885,20.285163,1.767086,0.102572
1007,1056,SharkGull,bilisaur,1605,1600,0,0,0,4.652125,0.12592,0.22196,0,0,0,0,,0.507195,2.506127,0.05885,2.435023,2.349308,0.219992
1007,1057,SharkGull,DoopyBot-Test,1605,1238,1,0,0,5.652125,0.12592,0.22196,1,0,0,1,1.859418,0.892124,5.408118,0.05885,0.533032,2.26766,0.200824
1007,1058,SharkGull,JimmyBotP,1605,1711,16,0,0,20.652125,0.12592,0.22196,3,13,0,16,1.895236,0.352017,4.739369,0.05885,16.201781,2.003348,0.107345
1007,1059,SharkGull,NextProBot,1605,1600,0,0,0,4.652125,0.12592,0.22196,0,0,0,0,,0.507195,2.506127,0.05885,2.435023,2.349308,0.219992
1007,1060,SharkGull,WildFire,1605,1709,6,0,0,10.652125,0.12592,0.22196,0,6,0,6,1.794224,0.354648,1.752367,0.05885,9.188783,2.046535,0.148318
1007,1065,SharkGull,MindMatrix,1605,1514,0,0,0,4.652125,0.12592,0.22196,0,0,0,0,,0.628045,3.103264,0.05885,1.837886,2.349308,0.219992
1007,1066,SharkGull,CompetitiveBotTest,1605,1482,0,0,0,4.652125,0.12592,0.22196,0,0,0,0,,0.669969,3.310417,0.05885,1.630733,2.349308,0.219992
1007,1067,SharkGull,Hello_world,1605,1600,0,0,0,4.652125,0.12592,0.22196,0,0,0,0,,0.507195,2.506127,0.05885,2.435023,2.349308,0.219992
1007,1078,SharkGull,LoremIpsum,1605,1242,1,0,0,5.652125,0.12592,0.22196,1,0,0,1,2.051556,0.889888,5.397069,0.05885,0.544081,2.299683,0.200824
1007,1079,SharkGull,JimmyBotT,1605,1675,17,0,0,21.652125,0.12592,0.22196,0,17,0,17,2.62413,0.400603,1.979441,0.05885,19.961709,2.561671,0.104877
1007,1080,SharkGull,JimmyBot,1605,1675,16,0,0,20.652125,0.12592,0.22196,2,14,0,16,2.08769,0.400603,3.979441,0.05885,16.961709,2.14998,0.107345
1007,1081,SharkGull,ArtZerg,1605,1537,16,2,0,20.652125,2.12592,0.22196,0,16,0,16,1.515585,0.596629,2.948034,0.05885,17.993116,1.71409,0.107345
1007,1082,SharkGull,Dasyatis,1605,1573,7,0,0,11.652125,0.12592,0.22196,1,6,0,7,2.180351,0.545922,3.697482,0.05885,8.243668,2.25075,0.142004
1007,1084,SharkGull,ZippyZap,1605,1457,0,0,0,4.652125,0.12592,0.22196,0,0,0,0,,0.700977,3.463634,0.05885,1.477516,2.349308,0.219992
1007,1085,SharkGull,AgoraLord,1605,1430,1,0,0,5.652125,0.12592,0.22196,1,0,0,1,1.983756,0.732507,4.619428,0.05885,1.321722,2.288383,0.200824
1007,1086,SharkGull,CherBoiBlue,1605,1500,0,0,0,4.652125,0.12592,0.22196,0,0,0,0,,0.646669,3.195288,0.05885,1.745862,2.349308,0.219992
1007,1087,SharkGull,SwarmLord2,1605,1533,0,0,0,4.652125,0.12592,0.22196,0,0,0,0,,0.602158,2.975353,0.05885,1.965797,2.349308,0.219992
1007,1088,SharkGull,SwarmLord3,1605,1562,0,0,0,4.652125,0.12592,0.22196,0,0,0,0,,0.561568,2.774791,0.05885,2.166359,2.349308,0.219992
1007,1089,SharkGull,WorkingAsIntended,1605,1596,1,0,0,5.652125,0.12592,0.22196,0,1,0,1,1.690096,0.512949,2.534559,0.05885,3.406591,2.239439,0.200824
1008,1023,Creepy_canon,MY_SCRIPTING_SON,1587,1275,0,0,0,4.652125,0.12592,0.22196,0,0,0,0,,0.857663,4.237843,0.05885,0.703307,2.349308,0.219992
1008,1026,Creepy_canon,WildLupo,1587,1199,0,0,0,4.652125,0.12592,0.22196,0,0,0,0,,0.903218,4.462938,0.05885,0.478212,2.349308,0.219992
1008,1029,Creepy_canon,Chomppet,1587,1600,0,0,0,4.652125,0.12592,0.22196,0,0,0,0,,0.4813,2.378177,0.05885,2.562973,2.349308,0.219992
1008,1030,Creepy_canon,who,1587,1924,0,0,0,4.652125,0.12592,0.22196,0,0,0,0,,0.125656,0.620884,0.05885,4.320266,2.349308,0.219992
1008,1032,Creepy_canon,WaterLeak,1587,1607,0,0,0,4.652125,0.12592,0.22196,0,0,0,0,,0.471249,2.328514,0.05885,2.612636,2.349308,0.219992
1008,1038,Creepy_canon,PolyMorph,1587,1463,0,0,0,4.652125,0.12592,0.22196,0,0,0,0,,0.671241,3.3167,0.05885,1.62445,2.349308,0.219992
1008,1042,Creepy_canon,Creepy_duo_canon,1587,1386,0,0,0,4.652125,0.12592,0.22196,0,0,0,0,,0.760796,3.759208,0.05885,1.181942,2.349308,0.219992
1008,1044,Creepy_canon,DoopyBot,1587,1418,0,0,0,4.652125,0.12592,0.22196,0,0,0,0,,0.725686,3.585722,0.05885,1.355428,2.349308,0.219992
1008,1045,Creepy_canon,tito,1587,1801,0,0,0,4.652125,0.12592,0.22196,0,0,0,0,,0.225852,1.115969,0.05885,3.825181,2.349308,0.219992
1008,1049,Creepy_canon,TheCatSC2Bot,1587,970,1,0,0,5.652125,0.12592,0.22196,1,0,0,1,1.398717,0.972125,5.803413,0.05885,0.137737,2.190876,0.200824
1008,1050,Creepy_canon,onlyfans,1587,1517,0,0,0,4.652125,0.12592,0.22196,0,0,0,0,,0.599397,2.961709,0.05885,1.979441,2.349308,0.219992
1008,1052,Creepy_canon,Starlight,1587,1204,1,0,0,5.652125,0.12592,0.22196,1,0,0,1,1.781709,0.900673,5.450361,0.05885,0.490789,2.254708,0.200824
1008,1054,Creepy_canon,JimmyBotZ,1587,1724,0,0,0,4.652125,0.12592,0.22196,0,0,0,0,,0.312462,1.54392,0.05885,3.39723,2.349308,0.219992
1008,1056,Creepy_canon,bilisaur,1587,1600,0,0,0,4.652125,0.12592,0.22196,0,0,0,0,,0.4813,2.378177,0.05885,2.562973,2.349308,0.219992
1008,1057,Creepy_canon,DoopyBot-Test,1587,1238,0,0,0,4.652125,0.12592,0.22196,0,0,0,0,,0.881739,4.356806,0.05885,0.584344,2.349308,0.219992
1008,1058,Creepy_canon,JimmyBotP,1587,1711,0,0,0,4.652125,0.12592,0.22196,0,0,0,0,,0.328759,1.62445,0.05885,3.3167,2.349308,0.219992
1008,1059,Creepy_canon,NextProBot,1587,1600,0,0,0,4.652125,0.12592,0.22196,0,0,0,0,,0.4813,2.378177,0.05885,2.562973,2.349308,0.219992
1008,1060,Creepy_canon,WildFire,1587,1709,0,0,0,4.652125,0.12592,0.22196,0,0,0,0,,0.331305,1.637028,0.05885,3.304122,2.349308,0.219992
1008,1065,Creepy_canon,MindMatrix,1587,1514,1,0,0,5.652125,0.12592,0.22196,1,0,0,1,1.822935,0.603536,3.982163,0.05885,1.958987,2.261579,0.200824
1008,1066,Creepy_canon,CompetitiveBotTest,1587,1482,0,0,0,4.652125,0.12592,0.22196,0,0,0,0,,0.646669,3.195288,0.05885,1.745862,2.349308,0.219992
1008,1067,Creepy_canon,Hello_world,1587,1600,0,0,0,4.652125,0.12592,0.22196,0,0,0,0,,0.4813,2.378177,0.05885,2.562973,2.349308,0.219992
1008,1078,Creepy_canon,LoremIpsum,1587,1242,0,0,0,4.652125,0.12592,0.22196,0,0,0,0,,0.879317,4.344838,0.05885,0.596312,2.349308,0.219992
1008,1079,Creepy_canon,JimmyBotT,1587,1675,0,0,0,4.652125,0.12592,0.22196,0,0,0,0,,0.375998,1.857864,0.05885,3.083286,2.349308,0.219992
1008,1080,Creepy_canon,JimmyBot,1587,1675,0,0,0,4.652125,0.12592,0.22196,0,0,0,0,,0.375998,1.857864,0.05885,3.083286,2.349308,0.219992
1008,1081,Creepy_canon,ArtZerg,1587,1537,0,0,0,4.652125,0.12592,0.22196,0,0,0,0,,0.571463,2.823685,0.05885,2.117465,2.349308,0.219992
1008,1082,Creepy_canon,Dasyatis,1587,1573,0,0,0,4.652125,0.12592,0.22196,0,0,0,0,,0.520137,2.570074,0.05885,2.371076,2.349308,0.219992
1008,1084,Creepy_canon,ZippyZap,1587,1457,0,0,0,4.652125,0.12592,0.22196,0,0,0,0,,0.678817,3.354136,0.05885,1.587014,2.349308,0.219992
1008,1085,Creepy_canon,AgoraLord,1587,1430,0,0,0,4.652125,0.12592,0.22196,0,0,0,0,,0.711723,3.516728,0.05885,1.424422,2.349308,0.219992
1008,1086,Creepy_canon,CherBoiBlue,1587,1500,0,0,0,4.652125,0.12592,0.22196,0,0,0,0,,0.62265,3.076608,0.05885,1.864542,2.349308,0.219992
1008,1087,Creepy_canon,SwarmLord2,1587,1533,0,0,0,4.652125,0.12592,0.22196,0,0,0,0,,0.577092,2.8515,0.05885,2.08965,2.349308,0.219992
1008,1088,Creepy_canon,SwarmLord3,1587,1562,0,0,0,4.652125,0.12592,0.22196,0,0,0,0,,0.535916,2.648041,0.05885,2.293109,2.349308,0.219992
1008,1089,Creepy_canon,WorkingAsIntended,1587,1596,0,0,0,4.652125,0.12592,0.22196,0,0,0,0,,0.487051,2.406591,0.05885,2.534559,2.349308,0.219992
1023,1026,MY_SCRIPTING_SON,WildLupo,1275,1199,53,1,1,57.652125,1.12592,1.22196,48,5,0,53,2.332824,0.607661,51.002544,0.05885,6.938606,2.334245,0.064592
1023,1029,MY_SCRIPTING_SON,Chomppet,1275,1600,0,0,0,4.652125,0.12592,0.22196,0,0,0,0,,0.133443,0.659364,0.05885,4.281786,2.349308,0.219992
1023,1030,MY_SCRIPTING_SON,who,1275,1924,1,0,0,5.652125,0.12592,0.22196,0,1,0,1,2.10657,0.023295,0.115104,0.05885,5.826046,2.308852,0.200824
1023,1032,MY_SCRIPTING_SON,WaterLeak,1275,1607,1,0,0,5.652125,0.12592,0.22196,0,1,0,1,1.560248,0.128852,0.636678,0.05885,5.304472,2.217798,0.200824
1023,1038,MY_SCRIPTING_SON,PolyMorph,1275,1463,35,0,16,39.652125,0.12592,16.22196,17,18,0,35,2.737842,0.253087,18.250541,0.05885,21.690609,2.689275,0.077779
1023,1042,MY_SCRIPTING_SON,Creepy_duo_canon,1275,1386,33,0,2,37.652125,0.12592,2.22196,23,10,0,33,1.983885,0.34548,24.707069,0.05885,13.234081,2.031967,0.079799
1023,1044,MY_SCRIPTING_SON,DoopyBot,1275,1418,14,2,23,18.652125,2.12592,23.22196,5,9,0,14,2.213028,0.30509,6.507497,0.05885,12.433653,2.248891,0.112853
1023,1045,MY_SCRIPTING_SON,tito,1275,1801,0,0,0,4.652125,0.12592,0.22196,0,0,0,0,,0.046181,0.228189,0.05885,4.712961,2.349308,0.219992
1023,1049,MY_SCRIPTING_SON,TheCatSC2Bot,1275,970,60,0,1,64.652125,0.12592,1.22196,58,0,2,60,2.230688,0.852673,62.213185,2.05885,0.727965,2.239812,0.061015
1023,1050,MY_SCRIPTING_SON,onlyfans,1275,1517,26,0,5,30.652125,0.12592,5.22196,7,19,0,26,2.332045,0.198919,7.982889,0.05885,22.958261,2.33483,0.088351
1023,1052,MY_SCRIPTING_SON,Starlight,1275,1204,17,1,32,21.652125,1.12592,32.22196,9,8,0,17,2.491161,0.600778,11.968535,0.05885,9.972615,2.458922,0.104877
1023,1054,MY_SCRIPTING_SON,JimmyBotZ,1275,1724,1,0,8,5.652125,0.12592,8.22196,0,1,0,1,3.89914,0.070133,0.346536,0.05885,5.594614,2.607613,0.200824
1023,1056,MY_SCRIPTING_SON,bilisaur,1275,1600,0,0,0,4.652125,0.12592,0.22196,0,0,0,0,,0.133443,0.659364,0.05885,4.281786,2.349308,0.219992
1023,1057,MY_SCRIPTING_SON,DoopyBot-Test,1275,1238,19,7,13,23.652125,7.12592,13.22196,10,9,0,19,2.448005,0.553047,12.732688,0.05885,11.208462,2.427443,0.100412
1023,1058,MY_SCRIPTING_SON,JimmyBotP,1275,1711,9,7,2,13.652125,7.12592,2.22196,8,1,0,9,2.256336,0.075173,8.37144,0.05885,5.56971,2.28954,0.13147
1023,1059,MY_SCRIPTING_SON,NextProBot,1275,1600,0,0,0,4.652125,0.12592,0.22196,0,0,0,0,,0.133443,0.659364,0.05885,4.281786,2.349308,0.219992
1023,1060,MY_SCRIPTING_SON,WildFire,1275,1709,1,0,1,5.652125,0.12592,1.22196,0,1,0,1,1.629241,0.075977,0.375414,0.05885,5.565736,2.229297,0.200824
1023,1065,MY_SCRIPTING_SON,MindMatrix,1275,1514,12,0,7,16.652125,0.12592,7.22196,2,10,0,12,2.405753,0.201685,2.996557,0.05885,13.944593,2.389151,0.119307
1023,1066,MY_SCRIPTING_SON,CompetitiveBotTest,1275,1482,1,0,0,5.652125,0.12592,0.22196,1,0,0,1,1.778336,0.232975,2.151165,0.05885,3.789985,2.254146,0.200824
1023,1067,MY_SCRIPTING_SON,Hello_world,1275,1600,0,0,0,4.652125,0.12592,0.22196,0,0,0,0,,0.133443,0.659364,0.05885,4.281786,2.349308,0.219992
1023,1078,MY_SCRIPTING_SON,LoremIpsum,1275,1242,15,4,2,19.652125,4.12592,2.22196,12,2,1,15,2.549359,0.547349,14.704531,1.05885,4.236619,2.499346,0.109996
1023,1079,MY_SCRIPTING_SON,JimmyBotT,1275,1675,1,0,1,5.652125,0.12592,1.22196,0,1,0,1,2.686486,0.090909,0.449195,0.05885,5.491955,2.405504,0.200824
1023,1080,MY_SCRIPTING_SON,JimmyBot,1275,1675,2,0,0,6.652125,0.12592,0.22196,0,2,0,2,2.183406,0.090909,0.449195,0.05885,6.491955,2.301907,0.185927
1023,1081,MY_SCRIPTING_SON,ArtZerg,1275,1537,1,1,0,5.652125,1.12592,0.22196,0,1,0,1,1.56653,0.181207,0.89537,0.05885,5.04578,2.218845,0.200824
1023,1082,MY_SCRIPTING_SON,Dasyatis,1275,1573,9,0,1,13.652125,0.12592,1.22196,0,9,0,9,2.117655,0.152461,0.753334,0.05885,13.187816,2.200388,0.13147
1023,1084,MY_SCRIPTING_SON,ZippyZap,1275,1457,0,0,1,4.652125,0.12592,1.22196,0,0,0,0,,0.259672,1.283076,0.05885,3.658074,2.349308,0.219992
1023,1085,MY_SCRIPTING_SON,AgoraLord,1275,1430,2,1,0,6.652125,1.12592,0.22196,1,1,0,2,3.788461,0.290645,2.436122,0.05885,4.505028,2.760495,0.185927
1023,1086,MY_SCRIPTING_SON,CherBoiBlue,1275,1500,1,0,0,5.652125,0.12592,0.22196,1,0,0,1,3.346037,0.214973,2.062215,0.05885,3.878935,2.515429,0.200824
1023,1087,MY_SCRIPTING_SON,SwarmLord2,1275,1533,1,0,0,5.652125,0.12592,0.22196,0,1,0,1,3.325755,0.184648,0.912374,0.05885,5.028776,2.512049,0.200824
1023,1088,MY_SCRIPTING_SON,SwarmLord3,1275,1562,1,0,0,5.652125,0.12592,0.22196,0,1,0,1,1.629241,0.160825,0.794659,0.05885,5.146491,2.229297,0.200824
1023,1089,MY_SCRIPTING_SON,WorkingAsIntended,1275,1596,0,0,1,4.652125,0.12592,1.22196,0,0,0,0,,0.136129,0.672631,0.05885,4.268519,2.349308,0.219992
1026,1029,WildLupo,Chomppet,1199,1600,0,0,0,4.652125,0.12592,0.22196,0,0,0,0,,0.090434,0.44685,0.05885,4.4943,2.349308,0.219992
1026,1030,WildLupo,who,1199,1924,0,0,0,4.652125,0.12592,0.22196,0,0,0,0,,0.015166,0.074936,0.05885,4.866214,2.349308,0.219992
1026,1032,WildLupo,WaterLeak,1199,1607,0,0,0,4.652125,0.12592,0.22196,0,0,0,0,,0.087174,0.430741,0.05885,4.510409,2.349308,0.219992
1026,1038,WildLupo,PolyMorph,1199,1463,47,1,1,51.652125,1.12592,1.22196,0,47,0,47,2.448014,0.179505,0.88696,0.05885,51.05419,2.438523,0.068216
1026,1042,WildLupo,Creepy_duo_canon,1199,1386,34,2,0,38.652125,2.12592,0.22196,1,32,1,34,1.770913,0.254177,2.255926,1.05885,35.685224,1.845066,0.07877
1026,1044,WildLupo,DoopyBot,1199,1418,32,5,2,36.652125,5.12592,2.22196,0,32,0,32,2.686478,0.220859,1.091299,0.05885,35.849851,2.640915,0.08087
1026,1045,WildLupo,tito,1199,1801,0,0,0,4.652125,0.12592,0.22196,0,0,0,0,,0.030313,0.149782,0.05885,4.791368,2.349308,0.219992
1026,1049,WildLupo,TheCatSC2Bot,1199,970,33,21,3,37.652125,21.12592,3.22196,33,0,0,33,2.549029,0.788887,36.898009,0.05885,1.043141,2.52275,0.079799
1026,1050,WildLupo,onlyfans,1199,1517,32,0,1,36.652125,0.12592,1.22196,4,28,0,32,2.613518,0.138172,4.682729,0.05885,32.258421,2.577814,0.08087
1026,1052,WildLupo,Starlight,1199,1204,48,2,0,52.652125,2.12592,0.22196,38,10,0,48,2.963279,0.492805,40.435023,0.05885,12.506127,2.905357,0.06757
1026,1054,WildLupo,JimmyBotZ,1199,1724,6,0,3,10.652125,0.12592,3.22196,0,6,0,6,2.542081,0.046435,0.229445,0.05885,10.711705,2.454457,0.148318
1026,1056,WildLupo,bilisaur,1199,1600,0,0,0,4.652125,0.12592,0.22196,0,0,0,0,,0.090434,0.44685,0.05885,4.4943,2.349308,0.219992
1026,1057,WildLupo,DoopyBot-Test,1199,1238,29,8,1,33.652125,8.12592,1.22196,2,27,0,29,2.50329,0.444109,4.194409,0.05885,29.746741,2.480645,0.084363
1026,1058,WildLupo,JimmyBotP,1199,1711,17,0,0,21.652125,0.12592,0.22196,1,16,0,17,2.546191,0.049864,1.246385,0.05885,20.694765,2.501445,0.104877
1026,1059,WildLupo,NextProBot,1199,1600,0,0,0,4.652125,0.12592,0.22196,0,0,0,0,,0.090434,0.44685,0.05885,4.4943,2.349308,0.219992
1026,1060,WildLupo,WildFire,1199,1709,2,0,0,6.652125,0.12592,0.22196,0,2,0,2,1.817901,0.050412,0.249094,0.05885,6.692056,2.197478,0.185927
1026,1065,WildLupo,MindMatrix,1199,1514,16,0,2,20.652125,0.12592,2.22196,1,15,0,16,2.286558,0.140241,1.692954,0.05885,19.248196,2.301498,0.107345
1026,1066,WildLupo,CompetitiveBotTest,1199,1482,1,0,0,5.652125,0.12592,0.22196,1,0,0,1,2.312535,0.163957,1.810134,0.05885,4.131016,2.343179,0.200824
1026,1067,WildLupo,Hello_world,1199,1600,0,0,0,4.652125,0.12592,0.22196,0,0,0,0,,0.090434,0.44685,0.05885,4.4943,2.349308,0.219992
1026,1078,WildLupo,LoremIpsum,1199,1242,19,2,0,23.652125,2.12592,0.22196,5,13,1,19,2.979949,0.438432,7.166359,1.05885,15.774791,2.848565,0.100412
1026,1079,WildLupo,JimmyBotT,1199,1675,2,0,0,6.652125,0.12592,0.22196,0,2,0,2,2.557107,0.06065,0.299679,0.05885,6.641471,2.408679,0.185927
1026,1080,WildLupo,JimmyBot,1199,1675,2,0,0,6.652125,0.12592,0.22196,0,2,0,2,1.984778,0.06065,0.299679,0.05885,6.641471,2.245157,0.185927
1026,1081,WildLupo,ArtZerg,1199,1537,2,0,0,6.652125,0.12592,0.22196,0,2,0,2,1.806563,0.125025,0.617766,0.05885,6.323384,2.194238,0.185927
1026,1082,WildLupo,Dasyatis,1199,1573,9,1,0,13.652125,1.12592,0.22196,0,9,0,9,2.174807,0.104059,0.514171,0.05885,13.426979,2.237129,0.13147
1026,1084,WildLupo,ZippyZap,1199,1457,0,0,1,4.652125,0.12592,1.22196,0,0,0,0,,0.184648,0.912374,0.05885,4.028776,2.349308,0.219992
1026,1085,WildLupo,AgoraLord,1199,1430,1,2,0,5.652125,2.12592,0.22196,0,1,0,1,3.079614,0.209202,1.033698,0.05885,4.907452,2.471026,0.200824
1026,1086,WildLupo,CherBoiBlue,1199,1500,0,1,0,4.652125,1.12592,0.22196,0,0,0,0,,0.150243,0.742374,0.05885,4.198776,2.349308,0.219992
1026,1087,WildLupo,SwarmLord2,1199,1533,0,1,0,4.652125,1.12592,0.22196,0,0,0,0,,0.127565,0.63032,0.05885,4.31083,2.349308,0.219992
1026,1088,WildLupo,SwarmLord3,1199,1562,0,1,0,4.652125,1.12592,0.22196,0,0,0,0,,0.110112,0.544081,0.05885,4.397069,2.349308,0.219992
1026,1089,WildLupo,WorkingAsIntended,1199,1596,1,0,0,5.652125,0.12592,0.22196,0,1,0,1,2.084429,0.092346,0.456298,0.05885,5.484852,2.305162,0.200824
1029,1030,Chomppet,who,1600,1924,0,0,0,4.652125,0.12592,0.22196,0,0,0,0,,0.13411,0.66266,0.05885,4.27849,2.349308,0.219992
1029,1032,Chomppet,WaterLeak,1600,1607,0,0,0,4.652125,0.12592,0.22196,0,0,0,0,,0.489928,2.420806,0.05885,2.520344,2.349308,0.219992
1029,1038,Chomppet,PolyMorph,1600,1463,0,0,0,4.652125,0.12592,0.22196,0,0,0,0,,0.687538,3.39723,0.05885,1.54392,2.349308,0.219992
1029,1042,Chomppet,Creepy_duo_canon,1600,1386,0,0,0,4.652125,0.12592,0.22196,0,0,0,0,,0.774148,3.825181,0.05885,1.115969,2.349308,0.219992
1029,1044,Chomppet,DoopyBot,1600,1418,0,0,0,4.652125,0.12592,0.22196,0,0,0,0,,0.740328,3.658074,0.05885,1.283076,2.349308,0.219992
1029,1045,Chomppet,tito,1600,1801,0,0,0,4.652125,0.12592,0.22196,0,0,0,0,,0.239204,1.181942,0.05885,3.759208,2.349308,0.219992
1029,1049,Chomppet,TheCatSC2Bot,1600,970,0,0,0,4.652125,0.12592,0.22196,0,0,0,0,,0.974082,4.813087,0.05885,0.128063,2.349308,0.219992
1029,1050,Chomppet,onlyfans,1600,1517,0,0,0,4.652125,0.12592,0.22196,0,0,0,0,,0.617225,3.049801,0.05885,1.891349,2.349308,0.219992
1029,1052,Chomppet,Starlight,1600,1204,0,0,0,4.652125,0.12592,0.22196,0,0,0,0,,0.90717,4.482463,0.05885,0.458687,2.349308,0.219992
1029,1054,Chomppet,JimmyBotZ,1600,1724,0,0,0,4.652125,0.12592,0.22196,0,0,0,0,,0.328759,1.62445,0.05885,3.3167,2.349308,0.219992
1029,1056,Chomppet,bilisaur,1600,1600,0,0,0,4.652125,0.12592,0.22196,0,0,0,0,,0.5,2.470575,0.05885,2.470575,2.349308,0.219992
1029,1057,Chomppet,DoopyBot-Test,1600,1238,0,0,0,4.652125,0.12592,0.22196,0,0,0,0,,0.889323,4.394276,0.05885,0.546874,2.349308,0.219992
1029,1058,Chomppet,JimmyBotP,1600,1711,0,0,0,4.652125,0.12592,0.22196,0,0,0,0,,0.34548,1.707069,0.05885,3.234081,2.349308,0.219992
1029,1059,Chomppet,NextProBot,1600,1600,0,0,0,4.652125,0.12592,0.22196,0,0,0,0,,0.5,2.470575,0.05885,2.470575,2.349308,0.219992
1029,1060,Chomppet,WildFire,1600,1709,0,0,0,4.652125,0.12592,0.22196,0,0,0,0,,0.348088,1.719955,0.05885,3.221195,2.349308,0.219992
1029,1065,Chomppet,MindMatrix,1600,1514,0,0,0,4.652125,0.12592,0.22196,0,0,0,0,,0.621297,3.06992,0.05885,1.87123,2.349308,0.219992
1029,1066,Chomppet,CompetitiveBotTest,1600,1482,0,0,0,4.652125,0.12592,0.22196,0,0,0,0,,0.663574,3.278819,0.05885,1.662331,2.349308,0.219992
1029,1067,Chomppet,Hello_world,1600,1600,0,0,0,4.652125,0.12592,0.22196,0,0,0,0,,0.5,2.470575,0.05885,2.470575,2.349308,0.219992
1029,1078,Chomppet,LoremIpsum,1600,1242,0,0,0,4.652125,0.12592,0.22196,0,0,0,0,,0.887036,4.382977,0.05885,0.558173,2.349308,0.219992
1029,1079,Chomppet,JimmyBotT,1600,1675,0,0,0,4.652125,0.12592,0.22196,0,0,0,0,,0.393712,1.945391,0.05885,2.995759,2.349308,0.219992
1029,1080,Chomppet,JimmyBot,1600,1675,0,0,0,4.652125,0.12592,0.22196,0,0,0,0,,0.393712,1.945391,0.05885,2.995759,2.349308,0.219992
1029,1081,Chomppet,ArtZerg,1600,1537,0,0,0,4.652125,0.12592,0.22196,0,0,0,0,,0.589684,2.913715,0.05885,2.027435,2.349308,0.219992
1029,1082,Chomppet,Dasyatis,1600,1573,0,0,0,4.652125,0.12592,0.22196,0,0,0,0,,0.538778,2.662183,0.05885,2.278967,2.349308,0.219992
1029,1084,Chomppet,ZippyZap,1600,1457,0,0,0,4.652125,0.12592,0.22196,0,0,0,0,,0.69491,3.433653,0.05885,1.507497,2.349308,0.219992
1029,1085,Chomppet,AgoraLord,1600,1430,0,0,0,4.652125,0.12592,0.22196,0,0,0,0,,0.72683,3.591376,0.05885,1.349774,2.349308,0.219992
1029,1086,Chomppet,CherBoiBlue,1600,1500,0,0,0,4.652125,0.12592,0.22196,0,0,0,0,,0.640065,3.162657,0.05885,1.778493,2.349308,0.219992
1029,1087,Chomppet,SwarmLord2,1600,1533,0,0,0,4.652125,0.12592,0.22196,0,0,0,0,,0.595243,2.941185,0.05885,1.999965,2.349308,0.219992
1029,1088,Chomppet,SwarmLord3,1600,1562,0,0,0,4.652125,0.12592,0.22196,0,0,0,0,,0.554469,2.739716,0.05885,2.201434,2.349308,0.219992
1029,1089,Chomppet,WorkingAsIntended,1600,1596,0,0,0,4.652125,0.12592,0.22196,0,0,0,0,,0.505756,2.499017,0.05885,2.442133,2.349308,0.219992
1030,1032,who,WaterLeak,1924,1607,21,3,0,25.652125,3.12592,0.22196,10,10,1,21,1.779449,0.861141,14.255027,1.05885,10.686123,1.889037,0.096473
1030,1038,who,PolyMorph,1924,1463,0,0,0,4.652125,0.12592,0.22196,0,0,0,0,,0.93424,4.616222,0.05885,0.324928,2.349308,0.219992
1030,1042,who,Creepy_duo_canon,1924,1386,0,0,0,4.652125,0.12592,0.22196,0,0,0,0,,0.956768,4.727534,0.05885,0.213616,2.349308,0.219992
1030,1044,who,DoopyBot,1924,1418,0,0,0,4.652125,0.12592,0.22196,0,0,0,0,,0.948474,4.686553,0.05885,0.254597,2.349308,0.219992
1030,1045,who,tito,1924,1801,46,0,0,50.652125,0.12592,0.22196,29,17,0,46,1.784372,0.669969,32.310417,0.05885,18.630733,1.839758,0.068882
1030,1049,who,TheCatSC2Bot,1924,970,1,0,0,5.652125,0.12592,0.22196,1,0,0,1,1.504077,0.995896,5.920871,0.05885,0.020279,2.208436,0.200824
1030,1050,who,onlyfans,1924,1517,0,0,0,4.652125,0.12592,0.22196,0,0,0,0,,0.912367,4.50814,0.05885,0.43301,2.349308,0.219992
1030,1052,who,Starlight,1924,1204,0,0,0,4.652125,0.12592,0.22196,0,0,0,0,,0.984398,4.86406,0.05885,0.07709,2.349308,0.219992
1030,1054,who,JimmyBotZ,1924,1724,1,0,0,5.652125,0.12592,0.22196,0,1,0,1,1.011601,0.759747,3.754024,0.05885,2.187126,2.126357,0.200824
1030,1056,who,bilisaur,1924,1600,0,0,0,4.652125,0.12592,0.22196,0,0,0,0,,0.86589,4.27849,0.05885,0.66266,2.349308,0.219992
1030,1057,who,DoopyBot-Test,1924,1238,0,0,0,4.652125,0.12592,0.22196,0,0,0,0,,0.981089,4.847709,0.05885,0.093441,2.349308,0.219992
1030,1058,who,JimmyBotP,1924,1711,1,0,0,5.652125,0.12592,0.22196,1,0,0,1,2.09433,0.77314,4.8202,0.05885,1.12095,2.306812,0.200824
1030,1059,who,NextProBot,1924,1600,0,0,0,4.652125,0.12592,0.22196,0,0,0,0,,0.86589,4.27849,0.05885,0.66266,2.349308,0.219992
1030,1060,who,WildFire,1924,1709,14,3,0,18.652125,3.12592,0.22196,7,7,0,14,1.833325,0.775153,10.830147,0.05885,8.111003,1.96911,0.112853
1030,1065,who,MindMatrix,1924,1514,0,0,0,4.652125,0.12592,0.22196,0,0,0,0,,0.913738,4.514915,0.05885,0.426235,2.349308,0.219992
1030,1066,who,CompetitiveBotTest,1924,1482,0,0,0,4.652125,0.12592,0.22196,0,0,0,0,,0.927193,4.581402,0.05885,0.359748,2.349308,0.219992
1030,1067,who,Hello_world,1924,1600,0,0,0,4.652125,0.12592,0.22196,0,0,0,0,,0.86589,4.27849,0.05885,0.66266,2.349308,0.219992
1030,1078,who,LoremIpsum,1924,1242,0,0,0,4.652125,0.12592,0.22196,0,0,0,0,,0.980657,4.845575,0.05885,0.095575,2.349308,0.219992
1030,1079,who,JimmyBotT,1924,1675,0,0,0,4.652125,0.12592,0.22196,0,0,0,0,,0.807424,3.989604,0.05885,0.951546,2.349308,0.219992
1030,1080,who,JimmyBot,1924,1675,0,0,0,4.652125,0.12592,0.22196,0,0,0,0,,0.807424,3.989604,0.05885,0.951546,2.349308,0.219992
1030,1081,who,ArtZerg,1924,1537,0,0,0,4.652125,0.12592,0.22196,0,0,0,0,,0.902714,4.460445,0.05885,0.480705,2.349308,0.219992
1030,1082,who,Dasyatis,1924,1573,0,0,0,4.652125,0.12592,0.22196,0,0,0,0,,0.882935,4.362712,0.05885,0.578438,2.349308,0.219992
1030,1084,who,ZippyZap,1924,1457,0,0,0,4.652125,0.12592,0.22196,0,0,0,0,,0.936331,4.626551,0.05885,0.314599,2.349308,0.219992
1030,1085,who,AgoraLord,1924,1430,0,0,0,4.652125,0.12592,0.22196,0,0,0,0,,0.944992,4.669346,0.05885,0.271804,2.349308,0.219992
1030,1086,who,CherBoiBlue,1924,1500,0,0,0,4.652125,0.12592,0.22196,0,0,0,0,,0.919882,4.545273,0.05885,0.395877,2.349308,0.219992
1030,1087,who,SwarmLord2,1924,1533,0,0,0,4.652125,0.12592,0.22196,0,0,0,0,,0.904718,4.470345,0.05885,0.470805,2.349308,0.219992
1030,1088,who,SwarmLord3,1924,1562,0,0,0,4.652125,0.12592,0.22196,0,0,0,0,,0.889323,4.394276,0.05885,0.546874,2.349308,0.219992
1030,1089,who,WorkingAsIntended,1924,1596,0,0,0,4.652125,0.12592,0.22196,0,0,0,0,,0.868541,4.291591,0.05885,0.649559,2.349308,0.219992
1032,1038,WaterLeak,PolyMorph,1607,1463,5,0,0,9.652125,0.12592,0.22196,5,0,0,5,1.81805,0.696129,8.439677,0.05885,1.501473,2.083679,0.155557
1032,1042,WaterLeak,Creepy_duo_canon,1607,1386,2,0,0,6.652125,0.12592,0.22196,1,1,0,2,1.889961,0.781115,4.859608,0.05885,2.081542,2.218066,0.185927
1032,1044,WaterLeak,DoopyBot,1607,1418,14,0,0,18.652125,0.12592,0.22196,8,6,0,14,2.056995,0.748,11.695978,0.05885,7.245172,2.13392,0.112853
1032,1045,WaterLeak,tito,1607,1801,30,0,0,34.652125,0.12592,0.22196,28,2,0,30,1.806106,0.246614,29.218556,0.05885,5.722594,1.883706,0.083149
1032,1049,WaterLeak,TheCatSC2Bot,1607,970,0,0,0,4.652125,0.12592,0.22196,0,0,0,0,,0.97508,4.818019,0.05885,0.123131,2.349308,0.219992
1032,1050,WaterLeak,onlyfans,1607,1517,20,0,0,24.652125,0.12592,0.22196,19,1,0,20,1.745249,0.626699,22.096614,0.05885,2.844536,1.866061,0.098383
1032,1052,WaterLeak,Starlight,1607,1204,1,0,0,5.652125,0.12592,0.22196,1,0,0,1,1.798404,0.910508,5.498957,0.05885,0.442193,2.257491,0.200824
1032,1054,WaterLeak,JimmyBotZ,1607,1724,24,0,0,28.652125,0.12592,0.22196,21,3,0,24,1.812417,0.337712,22.668687,0.05885,6.272463,1.904985,0.091347
1032,1056,WaterLeak,bilisaur,1607,1600,0,0,0,4.652125,0.12592,0.22196,0,0,0,0,,0.510072,2.520344,0.05885,2.420806,2.349308,0.219992
1032,1057,WaterLeak,DoopyBot-Test,1607,1238,3,0,0,7.652125,0.12592,0.22196,3,0,0,3,1.752968,0.893227,7.413568,0.05885,0.527582,2.125681,0.173919
1032,1058,WaterLeak,JimmyBotP,1607,1711,13,0,0,17.652125,0.12592,0.22196,12,1,0,13,1.752264,0.354648,13.752367,0.05885,4.188783,1.918109,0.115946
1032,1059,WaterLeak,NextProBot,1607,1600,0,0,0,4.652125,0.12592,0.22196,0,0,0,0,,0.510072,2.520344,0.05885,2.420806,2.349308,0.219992
1032,1060,WaterLeak,WildFire,1607,1709,16,0,0,20.652125,0.12592,0.22196,7,9,0,16,2.021793,0.357287,8.765408,0.05885,12.175742,2.099773,0.107345
1032,1065,WaterLeak,MindMatrix,1607,1514,5,0,0,9.652125,0.12592,0.22196,4,1,0,5,1.973804,0.63073,7.116533,0.05885,2.824617,2.161556,0.155557
1032,1066,WaterLeak,CompetitiveBotTest,1607,1482,0,0,0,4.652125,0.12592,0.22196,0,0,0,0,,0.67251,3.322971,0.05885,1.618179,2.349308,0.219992
1032,1067,WaterLeak,Hello_world,1607,1600,0,0,0,4.652125,0.12592,0.22196,0,0,0,0,,0.510072,2.520344,0.05885,2.420806,2.349308,0.219992
1032,1078,WaterLeak,LoremIpsum,1607,1242,0,0,0,4.652125,0.12592,0.22196,0,0,0,0,,0.891011,4.402619,0.05885,0.538531,2.349308,0.219992
1032,1079,WaterLeak,JimmyBotT,1607,1675,10,1,0,14.652125,1.12592,0.22196,8,2,0,10,1.909867,0.403371,9.993116,0.05885,4.948034,2.056347,0.127012
1032,1080,WaterLeak,JimmyBot,1607,1675,10,1,0,14.652125,1.12592,0.22196,6,4,0,10,2.032681,0.403371,7.993116,0.05885,6.948034,2.138223,0.127012
1032,1081,WaterLeak,ArtZerg,1607,1537,11,0,0,15.652125,0.12592,0.22196,5,6,0,11,1.516269,0.599397,7.961709,0.05885,7.979441,1.776594,0.122979
1032,1082,WaterLeak,Dasyatis,1607,1573,6,0,0,10.652125,0.12592,0.22196,4,2,0,6,2.13605,0.548774,6.711576,0.05885,4.229574,2.232985,0.148318
1032,1084,WaterLeak,ZippyZap,1607,1457,0,0,0,4.652125,0.12592,0.22196,0,0,0,0,,0.703385,3.475531,0.05885,1.465619,2.349308,0.219992
1032,1085,WaterLeak,AgoraLord,1607,1430,1,0,0,5.652125,0.12592,0.22196,1,0,0,1,2.16791,0.734757,4.630545,0.05885,1.310605,2.319075,0.200824
1032,1086,WaterLeak,CherBoiBlue,1607,1500,0,0,0,4.652125,0.12592,0.22196,0,0,0,0,,0.649295,3.208264,0.05885,1.732886,2.349308,0.219992
1032,1087,WaterLeak,SwarmLord2,1607,1533,0,0,0,4.652125,0.12592,0.22196,0,0,0,0,,0.604913,2.988965,0.05885,1.952185,2.349308,0.219992
1032,1088,WaterLeak,SwarmLord3,1607,1562,0,0,0,4.652125,0.12592,0.22196,0,0,0,0,,0.5644,2.788787,0.05885,2.152363,2.349308,0.219992
1032,1089,WaterLeak,WorkingAsIntended,1607,1596,0,0,0,4.652125,0.12592,0.22196,0,0,0,0,,0.515825,2.548769,0.05885,2.392381,2.349308,0.219992
1038,1042,PolyMorph,Creepy_duo_canon,1463,1386,23,0,13,27.652125,0.12592,13.22196,18,5,0,23,2.4026,0.609033,21.009321,0.05885,6.931829,2.393083,0.092963
1038,1044,PolyMorph,DoopyBot,1463,1418,33,3,1,37.652125,3.12592,1.22196,6,27,0,33,2.556647,0.5644,8.788787,0.05885,29.152363,2.529366,0.079799
1038,1045,PolyMorph,tito,1463,1801,5,0,0,9.652125,0.12592,0.22196,0,5,0,5,2.155264,0.125025,0.617766,0.05885,9.323384,2.252286,0.155557
1038,1049,PolyMorph,TheCatSC2Bot,1463,970,52,0,0,56.652125,0.12592,0.22196,52,0,0,52,2.519832,0.944692,56.667864,0.05885,0.273286,2.504874,0.065156
1038,1050,PolyMorph,onlyfans,1463,1517,32,1,0,36.652125,1.12592,0.22196,3,28,1,32,2.718399,0.422908,5.08965,1.05885,30.8515,2.668522,0.08087
1038,1052,PolyMorph,Starlight,1463,1204,45,1,0,49.652125,1.12592,0.22196,42,3,0,45,2.6278,0.816217,46.03305,0.05885,3.9081,2.599951,0.069567
1038,1054,PolyMorph,JimmyBotZ,1463,1724,14,0,0,18.652125,0.12592,0.22196,4,10,0,14,2.628491,0.182062,4.899597,0.05885,14.041553,2.555022,0.112853
1038,1056,PolyMorph,bilisaur,1463,1600,0,0,0,4.652125,0.12592,0.22196,0,0,0,0,,0.312462,1.54392,0.05885,3.39723,2.349308,0.219992
1038,1057,PolyMorph,DoopyBot-Test,1463,1238,31,1,5,35.652125,1.12592,5.22196,21,9,1,31,2.866429,0.785027,24.878935,1.05885,10.062215,2.794606,0.081986
1038,1058,PolyMorph,JimmyBotP,1463,1711,19,0,0,23.652125,0.12592,0.22196,6,13,0,19,2.751929,0.193472,6.955977,0.05885,16.985173,2.668049,0.100412
1038,1059,PolyMorph,NextProBot,1463,1600,0,0,0,4.652125,0.12592,0.22196,0,0,0,0,,0.312462,1.54392,0.05885,3.39723,2.349308,0.219992
1038,1060,PolyMorph,WildFire,1463,1709,2,0,0,6.652125,0.12592,0.22196,0,2,0,2,1.936263,0.195275,0.964885,0.05885,5.976265,2.231295,0.185927
1038,1065,PolyMorph,MindMatrix,1463,1514,18,0,1,22.652125,0.12592,1.22196,15,3,0,18,2.761981,0.427128,17.110502,0.05885,5.830648,2.67227,0.102572
1038,1066,PolyMorph,CompetitiveBotTest,1463,1482,1,0,0,5.652125,0.12592,0.22196,1,0,0,1,2.10657,0.472684,3.335603,0.05885,2.605547,2.308852,0.200824
1038,1067,PolyMorph,Hello_world,1463,1600,0,0,0,4.652125,0.12592,0.22196,0,0,0,0,,0.312462,1.54392,0.05885,3.39723,2.349308,0.219992
1038,1078,PolyMorph,LoremIpsum,1463,1242,19,0,0,23.652125,0.12592,0.22196,18,1,0,19,2.636063,0.781115,21.859608,0.05885,2.081542,2.576323,0.100412
1038,1079,PolyMorph,JimmyBotT,1463,1675,2,0,0,6.652125,0.12592,0.22196,0,2,0,2,2.771813,0.227871,1.125946,0.05885,5.815204,2.470024,0.185927
1038,1080,PolyMorph,JimmyBot,1463,1675,3,0,0,7.652125,0.12592,0.22196,2,1,0,3,3.007259,0.227871,3.125946,0.05885,4.815204,2.59604,0.173919
1038,1081,PolyMorph,ArtZerg,1463,1537,2,1,0,6.652125,1.12592,0.22196,1,1,0,2,2.032357,0.395087,2.952185,0.05885,3.988965,2.25875,0.185927
1038,1082,PolyMorph,Dasyatis,1463,1573,8,0,1,12.652125,0.12592,1.22196,1,5,2,8,2.395938,0.346783,2.713506,2.05885,8.227644,2.378003,0.136433
1038,1084,PolyMorph,ZippyZap,1463,1457,0,0,1,4.652125,0.12592,1.22196,0,0,0,0,,0.508634,2.513236,0.05885,2.427914,2.349308,0.219992
1038,1085,PolyMorph,AgoraLord,1463,1430,3,0,0,7.652125,0.12592,0.22196,1,2,0,3,2.960951,0.547349,3.704531,0.05885,4.236619,2.578674,0.173919
1038,1086,PolyMorph,CherBoiBlue,1463,1500,1,0,0,5.652125,0.12592,0.22196,0,1,0,1,2.65886,0.446953,2.208462,0.05885,3.732688,2.4009,0.200824
1038,1087,PolyMorph,SwarmLord2,1463,1533,1,0,0,5.652125,0.12592,0.22196,1,0,0,1,2.3302,0.400603,2.979441,0.05885,2.961709,2.346123,0.200824
1038,1088,PolyMorph,SwarmLord3,1463,1562,1,0,0,5.652125,0.12592,0.22196,1,0,0,1,1.591274,0.361262,2.785051,0.05885,3.156099,2.222969,0.200824
1038,1089,PolyMorph,WorkingAsIntended,1463,1596,1,0,0,5.652125,0.12592,0.22196,0,1,0,1,1.879465,0.31743,1.568467,0.05885,4.372683,2.271001,0.200824
1042,1044,Creepy_duo_canon,DoopyBot,1386,1418,21,2,4,25.652125,2.12592,4.22196,11,10,0,21,2.051226,0.454078,13.243668,0.05885,12.697482,2.108549,0.096473
1042,1045,Creepy_duo_canon,tito,1386,1801,0,0,1,4.652125,0.12592,1.22196,0,0,0,0,,0.084021,0.415158,0.05885,4.525992,2.349308,0.219992
1042,1049,Creepy_duo_canon,TheCatSC2Bot,1386,970,28,6,0,32.652125,6.12592,0.22196,28,0,0,28,1.563939,0.916421,32.528175,0.05885,0.412975,1.682935,0.085632
1042,1050,Creepy_duo_canon,onlyfans,1386,1517,16,3,1,20.652125,3.12592,1.22196,5,11,0,16,2.358273,0.319929,6.580819,0.05885,14.360331,2.356138,0.107345
1042,1052,Creepy_duo_canon,Starlight,1386,1204,27,1,8,31.652125,1.12592,8.22196,15,12,0,27,2.292517,0.740328,18.658074,0.05885,13.283076,2.30139,0.086959
1042,1054,Creepy_duo_canon,JimmyBotZ,1386,1724,3,0,4,7.652125,0.12592,4.22196,1,2,0,3,2.153153,0.125025,1.617766,0.05885,6.323384,2.27575,0.173919
1042,1056,Creepy_duo_canon,bilisaur,1386,1600,0,0,0,4.652125,0.12592,0.22196,0,0,0,0,,0.225852,1.115969,0.05885,3.825181,2.349308,0.219992
1042,1057,Creepy_duo_canon,DoopyBot-Test,1386,1238,26,2,3,30.652125,2.12592,3.22196,11,15,0,26,2.045681,0.700977,14.463634,0.05885,16.477516,2.094653,0.088351
1042,1058,Creepy_duo_canon,JimmyBotP,1386,1711,12,6,0,16.652125,6.12592,0.22196,10,2,0,12,1.829537,0.133443,10.659364,0.05885,6.281786,1.982411,0.119307
1042,1059,Creepy_duo_canon,NextProBot,1386,1600,0,0,0,4.652125,0.12592,0.22196,0,0,0,0,,0.225852,1.115969,0.05885,3.825181,2.349308,0.219992
1042,1060,Creepy_duo_canon,WildFire,1386,1709,3,0,0,7.652125,0.12592,0.22196,1,2,0,3,1.827302,0.13478,1.66597,0.05885,6.27518,2.153556,0.173919
1042,1065,Creepy_duo_canon,MindMatrix,1386,1514,18,0,1,22.652125,0.12592,1.22196,9,9,0,18,1.981215,0.323698,10.599442,0.05885,12.341708,2.061235,0.102572
1042,1066,Creepy_duo_canon,CompetitiveBotTest,1386,1482,1,0,0,5.652125,0.12592,0.22196,1,0,0,1,1.311032,0.365257,2.804788,0.05885,3.136362,2.176262,0.200824
1042,1067,Creepy_duo_canon,Hello_world,1386,1600,0,0,0,4.652125,0.12592,0.22196,0,0,0,0,,0.225852,1.115969,0.05885,3.825181,2.349308,0.219992
1042,1078,Creepy_duo_canon,LoremIpsum,1386,1242,19,0,3,23.652125,0.12592,3.22196,14,4,1,19,2.200762,0.696129,17.439677,1.05885,5.501473,2.231709,0.100412
1042,1079,Creepy_duo_canon,JimmyBotT,1386,1675,1,0,1,5.652125,0.12592,1.22196,0,1,0,1,2.248129,0.159277,0.787011,0.05885,5.154139,2.332445,0.200824
1042,1080,Creepy_duo_canon,JimmyBot,1386,1675,1,0,1,5.652125,0.12592,1.22196,1,0,0,1,1.574846,0.159277,1.787011,0.05885,4.154139,2.220231,0.200824
1042,1081,Creepy_duo_canon,ArtZerg,1386,1537,0,0,2,4.652125,0.12592,2.22196,0,0,0,0,,0.295415,1.459692,0.05885,3.481458,2.349308,0.219992
1042,1082,Creepy_duo_canon,Dasyatis,1386,1573,10,0,0,14.652125,0.12592,0.22196,7,3,0,10,1.675653,0.254177,8.255926,0.05885,6.685224,1.900205,0.127012
1042,1084,Creepy_duo_canon,ZippyZap,1386,1457,0,0,1,4.652125,0.12592,1.22196,0,0,0,0,,0.399222,1.972615,0.05885,2.968535,2.349308,0.219992
1042,1085,Creepy_duo_canon,AgoraLord,1386,1430,2,0,1,6.652125,0.12592,1.22196,1,1,0,2,2.465125,0.437015,3.159358,0.05885,3.781792,2.382398,0.185927
1042,1086,Creepy_duo_canon,CherBoiBlue,1386,1500,1,0,0,5.652125,0.12592,0.22196,1,0,0,1,1.562346,0.341585,2.687825,0.05885,3.253325,2.218148,0.200824
1042,1087,Creepy_duo_canon,SwarmLord2,1386,1533,1,0,0,5.652125,0.12592,0.22196,0,1,0,1,2.368373,0.300231,1.483484,0.05885,4.457666,2.352485,0.200824
1042,1088,Creepy_duo_canon,SwarmLord3,1386,1562,1,0,0,5.652125,0.12592,0.22196,1,0,0,1,1.86408,0.266366,2.316156,0.05885,3.624994,2.268437,0.200824
1042,1089,Creepy_duo_canon,WorkingAsIntended,1386,1596,0,0,0,4.652125,0.12592,0.22196,0,0,0,0,,0.229903,1.135987,0.05885,3.805163,2.349308,0.219992
1044,1045,DoopyBot,tito,1418,1801,5,0,0,9.652125,0.12592,0.22196,0,5,0,5,1.882032,0.099327,0.490789,0.05885,9.450361,2.11567,0.155557
1044,1049,DoopyBot,TheCatSC2Bot,1418,970,36,4,0,40.652125,4.12592,0.22196,36,0,0,36,2.430173,0.929491,40.592754,0.05885,0.348396,2.420312,0.076824
1044,1050,DoopyBot,onlyfans,1418,1517,29,1,1,33.652125,1.12592,1.22196,12,16,1,29,2.666759,0.361262,13.785051,1.05885,19.156099,2.620075,0.084363
1044,1052,DoopyBot,Starlight,1418,1204,31,4,1,35.652125,4.12592,1.22196,31,0,0,31,2.559249,0.774148,34.825181,0.05885,1.115969,2.53009,0.081986
1044,1054,DoopyBot,JimmyBotZ,1418,1724,16,0,1,20.652125,0.12592,1.22196,15,1,0,16,2.428738,0.146605,15.724399,0.05885,5.216751,2.409826,0.107345
1044,1056,DoopyBot,bilisaur,1418,1600,0,0,0,4.652125,0.12592,0.22196,0,0,0,0,,0.259672,1.283076,0.05885,3.658074,2.349308,0.219992
1044,1057,DoopyBot,DoopyBot-Test,1418,1238,22,3,0,26.652125,3.12592,0.22196,12,10,0,22,2.792074,0.738109,15.647107,0.05885,11.294043,2.71008,0.094669
1044,1058,DoopyBot,JimmyBotP,1418,1711,14,0,0,18.652125,0.12592,0.22196,6,8,0,14,2.529733,0.156218,6.771895,0.05885,12.169255,2.482253,0.112853
1044,1059,DoopyBot,NextProBot,1418,1600,0,0,0,4.652125,0.12592,0.22196,0,0,0,0,,0.259672,1.283076,0.05885,3.658074,2.349308,0.219992
1044,1060,DoopyBot,WildFire,1418,1709,8,0,0,12.652125,0.12592,0.22196,0,8,0,8,2.111679,0.157741,0.779424,0.05885,12.161726,2.203075,0.136433
1044,1065,DoopyBot,MindMatrix,1418,1514,19,0,0,23.652125,0.12592,0.22196,12,7,0,19,2.092516,0.365257,13.804788,0.05885,10.136362,2.146015,0.100412
1044,1066,DoopyBot,CompetitiveBotTest,1418,1482,0,0,0,4.652125,0.12592,0.22196,0,0,0,0,,0.408924,2.020557,0.05885,2.920593,2.349308,0.219992
1044,1067,DoopyBot,Hello_world,1418,1600,0,0,0,4.652125,0.12592,0.22196,0,0,0,0,,0.259672,1.283076,0.05885,3.658074,2.349308,0.219992
1044,1078,DoopyBot,LoremIpsum,1418,1242,17,1,0,21.652125,1.12592,0.22196,12,3,2,17,2.606484,0.733634,15.624994,2.05885,4.316156,2.548035,0.104877
1044,1079,DoopyBot,JimmyBotT,1418,1675,2,0,0,6.652125,0.12592,0.22196,1,1,0,2,2.601504,0.185516,1.916664,0.05885,5.024486,2.421364,0.185927
1044,1080,DoopyBot,JimmyBot,1418,1675,3,1,0,7.652125,1.12592,0.22196,1,2,0,3,2.320261,0.185516,1.916664,0.05885,6.024486,2.338415,0.173919
1044,1081,DoopyBot,ArtZerg,1418,1537,3,0,1,7.652125,0.12592,1.22196,0,3,0,3,0.984524,0.335142,1.655987,0.05885,6.285163,1.837514,0.173919
1044,1082,DoopyBot,Dasyatis,1418,1573,9,0,0,13.652125,0.12592,0.22196,1,8,0,9,2.448663,0.290645,2.436122,0.05885,11.505028,2.413179,0.13147
1044,1084,DoopyBot,ZippyZap,1418,1457,0,0,1,4.652125,0.12592,1.22196,0,0,0,0,,0.444109,2.194409,0.05885,2.746741,2.349308,0.219992
1044,1085,DoopyBot,AgoraLord,1418,1430,3,0,0,7.652125,0.12592,0.22196,0,3,0,3,2.520334,0.482737,2.385278,0.05885,5.555872,2.413443,0.173919
1044,1086,DoopyBot,CherBoiBlue,1418,1500,1,0,0,5.652125,0.12592,0.22196,0,1,0,1,2.456164,0.384136,1.898073,0.05885,4.043077,2.367117,0.200824
1044,1087,DoopyBot,SwarmLord2,1418,1533,1,0,0,5.652125,0.12592,0.22196,0,1,0,1,2.169054,0.340292,1.681434,0.05885,4.259716,2.319266,0.200824
1044,1088,DoopyBot,SwarmLord3,1418,1562,1,0,0,5.652125,0.12592,0.22196,1,0,0,1,1.728109,0.303871,2.501473,0.05885,3.439677,2.245775,0.200824
1044,1089,DoopyBot,WorkingAsIntended,1418,1596,1,0,0,5.652125,0.12592,0.22196,0,1,0,1,2.010895,0.264123,1.305069,0.05885,4.636081,2.292906,0.200824
1045,1049,tito,TheCatSC2Bot,1801,970,0,0,0,4.652125,0.12592,0.22196,0,0,0,0,,0.991704,4.900157,0.05885,0.040993,2.349308,0.219992
1045,1050,tito,onlyfans,1801,1517,5,0,0,9.652125,0.12592,0.22196,5,0,0,5,2.150869,0.836831,9.134907,0.05885,0.806243,2.250089,0.155557
1045,1052,tito,Starlight,1801,1204,1,0,0,5.652125,0.12592,0.22196,1,0,0,1,2.785011,0.968829,5.787131,0.05885,0.154019,2.421925,0.200824
1045,1054,tito,JimmyBotZ,1801,1724,6,0,0,10.652125,0.12592,0.22196,6,0,0,6,2.112881,0.609033,9.009321,0.05885,1.931829,2.220348,0.148318
1045,1056,tito,bilisaur,1801,1600,0,0,0,4.652125,0.12592,0.22196,0,0,0,0,,0.760796,3.759208,0.05885,1.181942,2.349308,0.219992
1045,1057,tito,DoopyBot-Test,1801,1238,0,0,0,4.652125,0.12592,0.22196,0,0,0,0,,0.962344,4.755088,0.05885,0.186062,2.349308,0.219992
1045,1058,tito,JimmyBotP,1801,1711,3,0,0,7.652125,0.12592,0.22196,1,2,0,3,2.504959,0.626699,4.096614,0.05885,3.844536,2.407677,0.173919
1045,1059,tito,NextProBot,1801,1600,0,0,0,4.652125,0.12592,0.22196,0,0,0,0,,0.760796,3.759208,0.05885,1.181942,2.349308,0.219992
1045,1060,tito,WildFire,1801,1709,16,0,0,20.652125,0.12592,0.22196,6,10,0,16,2.10699,0.629389,9.109903,0.05885,11.831247,2.164685,0.107345
1045,1065,tito,MindMatrix,1801,1514,1,0,0,5.652125,0.12592,0.22196,0,1,0,1,1.938742,0.839175,4.146491,0.05885,1.794659,2.28088,0.200824
1045,1066,tito,CompetitiveBotTest,1801,1482,0,0,0,4.652125,0.12592,0.22196,0,0,0,0,,0.862512,4.261801,0.05885,0.679349,2.349308,0.219992
1045,1067,tito,Hello_world,1801,1600,0,0,0,4.652125,0.12592,0.22196,0,0,0,0,,0.760796,3.759208,0.05885,1.181942,2.349308,0.219992
1045,1078,tito,LoremIpsum,1801,1242,0,0,0,4.652125,0.12592,0.22196,0,0,0,0,,0.961501,4.750921,0.05885,0.190229,2.349308,0.219992
1045,1079,tito,JimmyBotT,1801,1675,1,0,0,5.652125,0.12592,0.22196,1,0,0,1,2.221375,0.673776,4.329229,0.05885,1.611921,2.327986,0.200824
1045,1080,tito,JimmyBot,1801,1675,1,0,0,5.652125,0.12592,0.22196,1,0,0,1,2.862772,0.673776,4.329229,0.05885,1.611921,2.434885,0.200824
1045,1081,tito,ArtZerg,1801,1537,0,1,0,4.652125,1.12592,0.22196,0,0,0,0,,0.820495,4.05419,0.05885,0.88696,2.349308,0.219992
1045,1082,tito,Dasyatis,1801,1573,0,0,0,4.652125,0.12592,0.22196,0,0,0,0,,0.787927,3.893264,0.05885,1.047886,2.349308,0.219992
1045,1084,tito,ZippyZap,1801,1457,0,0,0,4.652125,0.12592,0.22196,0,0,0,0,,0.878705,4.341813,0.05885,0.599337,2.349308,0.219992
1045,1085,tito,AgoraLord,1801,1430,0,0,0,4.652125,0.12592,0.22196,0,0,0,0,,0.89432,4.418969,0.05885,0.522181,2.349308,0.219992
1045,1086,tito,CherBoiBlue,1801,1500,0,0,0,4.652125,0.12592,0.22196,0,0,0,0,,0.849757,4.198776,0.05885,0.742374,2.349308,0.219992
1045,1087,tito,SwarmLord2,1801,1533,0,0,0,4.652125,0.12592,0.22196,0,0,0,0,,0.823862,4.070823,0.05885,0.870327,2.349308,0.219992
1045,1088,tito,SwarmLord3,1801,1562,0,0,0,4.652125,0.12592,0.22196,0,0,0,0,,0.798315,3.944593,0.05885,0.996557,2.349308,0.219992
1045,1089,tito,WorkingAsIntended,1801,1596,0,0,0,4.652125,0.12592,0.22196,0,0,0,0,,0.764961,3.779788,0.05885,1.161362,2.349308,0.219992
1049,1050,TheCatSC2Bot,onlyfans,970,1517,32,0,1,36.652125,0.12592,1.22196,0,32,0,32,2.200957,0.041139,0.203275,0.05885,36.737875,2.221004,0.08087
1049,1052,TheCatSC2Bot,Starlight,970,1204,52,0,0,56.652125,0.12592,0.22196,0,51,1,52,2.537052,0.206359,1.019652,1.05885,54.921498,2.520583,0.065156
1049,1054,TheCatSC2Bot,JimmyBotZ,970,1724,8,0,1,12.652125,0.12592,1.22196,0,8,0,8,2.347812,0.012864,0.063563,0.05885,12.877587,2.348387,0.136433
1049,1056,TheCatSC2Bot,bilisaur,970,1600,0,0,0,4.652125,0.12592,0.22196,0,0,0,0,,0.025918,0.128063,0.05885,4.813087,2.349308,0.219992
1049,1057,TheCatSC2Bot,DoopyBot-Test,970,1238,32,3,0,36.652125,3.12592,0.22196,1,30,1,32,2.408757,0.176138,1.870327,1.05885,34.070823,2.400723,0.08087
1049,1058,TheCatSC2Bot,JimmyBotP,970,1711,18,0,0,22.652125,0.12592,0.22196,0,18,0,18,2.473072,0.01385,0.068434,0.05885,22.872716,2.446167,0.102572
1049,1059,TheCatSC2Bot,NextProBot,970,1600,0,0,0,4.652125,0.12592,0.22196,0,0,0,0,,0.025918,0.128063,0.05885,4.813087,2.349308,0.219992
1049,1060,TheCatSC2Bot,WildFire,970,1709,2,0,0,6.652125,0.12592,0.22196,0,2,0,2,1.772389,0.014008,0.069215,0.05885,6.871935,2.184474,0.185927
1049,1065,TheCatSC2Bot,MindMatrix,970,1514,20,0,0,24.652125,0.12592,0.22196,1,19,0,20,2.336028,0.041826,1.206668,0.05885,23.734482,2.338684,0.098383
1049,1066,TheCatSC2Bot,CompetitiveBotTest,970,1482,1,0,0,5.652125,0.12592,0.22196,1,0,0,1,2.668616,0.049864,1.246385,0.05885,4.694765,2.402526,0.200824
1049,1067,TheCatSC2Bot,Hello_world,970,1600,0,0,0,4.652125,0.12592,0.22196,0,0,0,0,,0.025918,0.128063,0.05885,4.813087,2.349308,0.219992
1049,1078,TheCatSC2Bot,LoremIpsum,970,1242,18,4,0,22.652125,4.12592,0.22196,1,14,3,18,2.649421,0.172822,1.853939,3.05885,18.087211,2.584179,0.102572
1049,1079,TheCatSC2Bot,JimmyBotT,970,1675,2,0,0,6.652125,0.12592,0.22196,0,2,0,2,2.354212,0.016985,0.083924,0.05885,6.857226,2.350709,0.185927
1049,1080,TheCatSC2Bot,JimmyBot,970,1675,2,0,0,6.652125,0.12592,0.22196,0,2,0,2,2.33262,0.016985,0.083924,0.05885,6.857226,2.34454,0.185927
1049,1081,TheCatSC2Bot,ArtZerg,970,1537,1,1,0,5.652125,1.12592,0.22196,0,1,0,1,1.701105,0.03683,0.181983,0.05885,5.759167,2.241274,0.200824
1049,1082,TheCatSC2Bot,Dasyatis,970,1573,10,0,0,14.652125,0.12592,0.22196,0,10,0,10,1.949214,0.030144,0.148948,0.05885,14.792202,2.082579,0.127012
1049,1084,TheCatSC2Bot,ZippyZap,970,1457,0,0,1,4.652125,0.12592,1.22196,0,0,0,0,,0.057141,0.282342,0.05885,4.658808,2.349308,0.219992
1049,1085,TheCatSC2Bot,AgoraLord,970,1430,0,4,0,4.652125,4.12592,0.22196,0,0,0,0,,0.066114,0.326679,0.05885,4.614471,2.349308,0.219992
1049,1086,TheCatSC2Bot,CherBoiBlue,970,1500,0,0,1,4.652125,0.12592,1.22196,0,0,0,0,,0.045178,0.223229,0.05885,4.717921,2.349308,0.219992
1049,1087,TheCatSC2Bot,SwarmLord2,970,1533,1,0,0,5.652125,0.12592,0.22196,0,1,0,1,2.275214,0.037656,0.186062,0.05885,5.755088,2.336959,0.200824
1049,1088,TheCatSC2Bot,SwarmLord3,970,1562,1,0,0,5.652125,0.12592,0.22196,0,1,0,1,1.722767,0.032052,0.158373,0.05885,5.782777,2.244884,0.200824
1049,1089,TheCatSC2Bot,WorkingAsIntended,970,1596,1,0,0,5.652125,0.12592,0.22196,0,1,0,1,1.924249,0.026505,0.130967,0.05885,5.810183,2.278465,0.200824
1050,1052,onlyfans,Starlight,1517,1204,29,0,0,33.652125,0.12592,0.22196,20,6,3,29,2.698774,0.858365,24.241308,3.05885,6.699842,2.647382,0.084363
1050,1054,onlyfans,JimmyBotZ,1517,1724,24,0,0,28.652125,0.12592,0.22196,15,9,0,24,2.398111,0.232975,16.151165,0.05885,12.789985,2.389696,0.091347
1050,1056,onlyfans,bilisaur,1517,1600,0,0,0,4.652125,0.12592,0.22196,0,0,0,0,,0.382775,1.891349,0.05885,3.049801,2.349308,0.219992
1050,1057,onlyfans,DoopyBot-Test,1517,1238,16,2,1,20.652125,2.12592,1.22196,7,9,0,16,3.007446,0.832863,11.115299,0.05885,9.825851,2.850747,0.107345
1050,1058,onlyfans,JimmyBotP,1517,1711,19,0,0,23.652125,0.12592,0.22196,3,16,0,19,2.677885,0.246614,4.218556,0.05885,19.722594,2.609431,0.100412
1050,1059,onlyfans,NextProBot,1517,1600,0,0,0,4.652125,0.12592,0.22196,0,0,0,0,,0.382775,1.891349,0.05885,3.049801,2.349308,0.219992
1050,1060,onlyfans,WildFire,1517,1709,8,0,0,12.652125,0.12592,0.22196,1,7,0,8,1.982454,0.248759,2.229157,0.05885,10.711993,2.123552,0.136433
1050,1065,onlyfans,MindMatrix,1517,1514,13,1,0,17.652125,1.12592,0.22196,8,4,1,13,2.919979,0.504317,10.491907,1.05885,6.449243,2.761459,0.115946
1050,1066,onlyfans,CompetitiveBotTest,1517,1482,0,0,0,4.652125,0.12592,0.22196,0,0,0,0,,0.550199,2.718618,0.05885,2.222532,2.349308,0.219992
1050,1067,onlyfans,Hello_world,1517,1600,0,0,0,4.652125,0.12592,0.22196,0,0,0,0,,0.382775,1.891349,0.05885,3.049801,2.349308,0.219992
1050,1078,onlyfans,LoremIpsum,1517,1242,9,0,0,13.652125,0.12592,0.22196,9,0,0,9,2.496512,0.829633,13.09934,0.05885,0.84181,2.443939,0.13147
1050,1079,onlyfans,JimmyBotT,1517,1675,9,0,0,13.652125,0.12592,0.22196,3,6,0,9,2.678111,0.287098,4.418594,0.05885,9.522556,2.560681,0.13147
1050,1080,onlyfans,JimmyBot,1517,1675,8,1,0,12.652125,1.12592,0.22196,5,3,0,8,2.452059,0.287098,6.418594,0.05885,6.522556,2.412539,0.136433
1050,1081,onlyfans,ArtZerg,1517,1537,9,0,0,13.652125,0.12592,0.22196,6,3,0,9,2.291937,0.471249,8.328514,0.05885,5.612636,2.312427,0.13147
1050,1082,onlyfans,Dasyatis,1517,1573,9,0,0,13.652125,0.12592,0.22196,6,3,0,9,2.362692,0.4201,8.075778,0.05885,5.865372,2.357912,0.13147
1050,1084,onlyfans,ZippyZap,1517,1457,0,0,1,4.652125,0.12592,1.22196,0,0,0,0,,0.585499,2.893037,0.05885,2.048113,2.349308,0.219992
1050,1085,onlyfans,AgoraLord,1517,1430,1,0,0,5.652125,0.12592,0.22196,1,0,0,1,2.372111,0.62265,4.076608,0.05885,1.864542,2.353109,0.200824
1050,1086,onlyfans,CherBoiBlue,1517,1500,0,0,0,4.652125,0.12592,0.22196,0,0,0,0,,0.524445,2.591364,0.05885,2.349786,2.349308,0.219992
1050,1087,onlyfans,SwarmLord2,1517,1533,1,0,0,5.652125,0.12592,0.22196,1,0,0,1,2.340844,0.47699,3.356881,0.05885,2.584269,2.347897,0.200824
1050,1088,onlyfans,SwarmLord3,1517,1562,1,0,0,5.652125,0.12592,0.22196,1,0,0,1,2.404239,0.4356,3.152363,0.05885,2.788787,2.358463,0.200824
1050,1089,onlyfans,WorkingAsIntended,1517,1596,0,0,0,4.652125,0.12592,0.22196,0,0,0,0,,0.388229,1.9183,0.05885,3.02285,2.349308,0.219992
1052,1054,Starlight,JimmyBotZ,1204,1724,9,0,0,13.652125,0.12592,0.22196,0,9,0,9,2.429199,0.047727,0.235825,0.05885,13.705325,2.400667,0.13147
1052,1056,Starlight,bilisaur,1204,1600,0,0,0,4.652125,0.12592,0.22196,0,0,0,0,,0.09283,0.458687,0.05885,4.482463,2.349308,0.219992
1052,1057,Starlight,DoopyBot-Test,1204,1238,32,6,0,36.652125,6.12592,0.22196,3,29,0,32,2.582239,0.451226,5.229574,0.05885,31.711576,2.550762,0.08087
1052,1058,Starlight,JimmyBotP,1204,1711,18,0,0,22.652125,0.12592,0.22196,0,18,0,18,2.484117,0.051245,0.253211,0.05885,22.687939,2.454811,0.102572
1052,1059,Starlight,NextProBot,1204,1600,0,0,0,4.652125,0.12592,0.22196,0,0,0,0,,0.09283,0.458687,0.05885,4.482463,2.349308,0.219992
1052,1060,Starlight,WildFire,1204,1709,1,0,0,5.652125,0.12592,0.22196,0,1,0,1,2.144761,0.051808,0.255991,0.05885,5.685159,2.315217,0.200824
1052,1065,Starlight,MindMatrix,1204,1514,20,0,0,24.652125,0.12592,0.22196,2,18,0,20,2.58528,0.143748,2.71028,0.05885,22.23087,2.538086,0.098383
1052,1066,Starlight,CompetitiveBotTest,1204,1482,1,0,0,5.652125,0.12592,0.22196,1,0,0,1,2.40243,0.16794,1.829818,0.05885,4.111332,2.358162,0.200824
1052,1067,Starlight,Hello_world,1204,1600,0,0,0,4.652125,0.12592,0.22196,0,0,0,0,,0.09283,0.458687,0.05885,4.482463,2.349308,0.219992
1052,1078,Starlight,LoremIpsum,1204,1242,18,3,0,22.652125,3.12592,0.22196,6,9,3,18,2.955055,0.445531,8.201434,3.05885,11.739716,2.823371,0.102572
1052,1079,Starlight,JimmyBotT,1204,1675,2,0,0,6.652125,0.12592,0.22196,0,2,0,2,2.660259,0.06231,0.307884,0.05885,6.633266,2.438151,0.185927
1052,1080,Starlight,JimmyBot,1204,1675,2,0,0,6.652125,0.12592,0.22196,0,2,0,2,2.590017,0.06231,0.307884,0.05885,6.633266,2.418082,0.185927
1052,1081,Starlight,ArtZerg,1204,1537,2,0,0,6.652125,0.12592,0.22196,1,1,0,2,2.229449,0.128207,1.633492,0.05885,5.307658,2.315063,0.185927
1052,1082,Starlight,Dasyatis,1204,1573,10,0,0,14.652125,0.12592,0.22196,6,0,4,10,3.097836,0.106773,6.527582,4.05885,4.413568,2.848327,0.127012
1052,1084,Starlight,ZippyZap,1204,1457,0,0,1,4.652125,0.12592,1.22196,0,0,0,0,,0.189021,0.93398,0.05885,4.00717,2.349308,0.219992
1052,1085,Starlight,AgoraLord,1204,1430,2,2,0,6.652125,2.12592,0.22196,2,0,0,2,2.500884,0.214003,3.057423,0.05885,3.883727,2.392615,0.185927
1052,1086,Starlight,CherBoiBlue,1204,1500,0,0,1,4.652125,0.12592,1.22196,0,0,0,0,,0.153955,0.760714,0.05885,4.180436,2.349308,0.219992
1052,1087,Starlight,SwarmLord2,1204,1533,1,0,0,5.652125,0.12592,0.22196,0,1,0,1,3.222868,0.130803,0.646318,0.05885,5.294832,2.494901,0.200824
1052,1088,Starlight,SwarmLord3,1204,1562,1,0,0,5.652125,0.12592,0.22196,0,0,1,1,4.053175,0.112964,0.558173,1.05885,4.382977,2.633286,0.200824
1052,1089,Starlight,WorkingAsIntended,1204,1596,1,0,0,5.652125,0.12592,0.22196,0,1,0,1,2.198335,0.094787,0.468359,0.05885,5.472791,2.324146,0.200824
1054,1056,JimmyBotZ,bilisaur,1724,1600,0,0,0,4.652125,0.12592,0.22196,0,0,0,0,,0.671241,3.3167,0.05885,1.62445,2.349308,0.219992
1054,1057,JimmyBotZ,DoopyBot-Test,1724,1238,6,0,0,10.652125,0.12592,0.22196,5,1,0,6,2.392677,0.942548,9.657272,0.05885,1.283878,2.372964,0.148318
1054,1058,JimmyBotZ,JimmyBotP,1724,1711,23,0,0,27.652125,0.12592,0.22196,15,8,0,23,1.964708,0.5187,17.562973,0.05885,10.378177,2.033387,0.092963
1054,1059,JimmyBotZ,NextProBot,1724,1600,0,0,0,4.652125,0.12592,0.22196,0,0,0,0,,0.671241,3.3167,0.05885,1.62445,2.349308,0.219992
1054,1060,JimmyBotZ,WildFire,1724,1709,18,0,0,22.652125,0.12592,0.22196,8,10,0,18,2.149653,0.521573,10.577172,0.05885,12.363978,2.193056,0.102572
1054,1065,JimmyBotZ,MindMatrix,1724,1514,3,0,0,7.652125,0.12592,0.22196,3,0,0,3,2.636411,0.770097,6.805163,0.05885,1.135987,2.456972,0.173919
1054,1066,JimmyBotZ,CompetitiveBotTest,1724,1482,0,0,0,4.652125,0.12592,0.22196,0,0,0,0,,0.801081,3.958261,0.05885,0.982889,2.349308,0.219992
1054,1067,JimmyBotZ,Hello_world,1724,1600,0,0,0,4.652125,0.12592,0.22196,0,0,0,0,,0.671241,3.3167,0.05885,1.62445,2.349308,0.219992
1054,1078,JimmyBotZ,LoremIpsum,1724,1242,1,0,0,5.652125,0.12592,0.22196,1,0,0,1,2.478218,0.941289,5.651048,0.05885,0.290102,2.370793,0.200824
1054,1079,JimmyBotZ,JimmyBotT,1724,1675,18,0,0,22.652125,0.12592,0.22196,4,13,1,18,2.325019,0.570053,6.816717,1.05885,15.124433,2.330299,0.102572
1054,1080,JimmyBotZ,JimmyBot,1724,1675,17,0,0,21.652125,0.12592,0.22196,6,10,1,17,1.997788,0.570053,8.816717,1.05885,12.124433,2.077679,0.104877
1054,1081,JimmyBotZ,ArtZerg,1724,1537,16,2,0,20.652125,2.12592,0.22196,8,7,1,16,1.585803,0.745823,11.685224,1.05885,8.255926,1.76759,0.107345
1054,1082,JimmyBotZ,Dasyatis,1724,1573,6,0,1,10.652125,0.12592,1.22196,6,0,0,6,1.451254,0.704585,9.481458,0.05885,1.459692,1.85946,0.148318
1054,1084,JimmyBotZ,ZippyZap,1724,1457,0,0,0,4.652125,0.12592,0.22196,0,0,0,0,,0.823025,4.066688,0.05885,0.874462,2.349308,0.219992
1054,1085,JimmyBotZ,AgoraLord,1724,1430,1,0,0,5.652125,0.12592,0.22196,1,0,0,1,1.543298,0.84454,5.172996,0.05885,0.768154,2.214973,0.200824
1054,1086,JimmyBotZ,CherBoiBlue,1724,1500,0,0,0,4.652125,0.12592,0.22196,0,0,0,0,,0.784054,3.874127,0.05885,1.067023,2.349308,0.219992
1054,1087,JimmyBotZ,SwarmLord2,1724,1533,0,0,0,4.652125,0.12592,0.22196,0,0,0,0,,0.750163,3.70667,0.05885,1.23448,2.349308,0.219992
1054,1088,JimmyBotZ,SwarmLord3,1724,1562,0,0,0,4.652125,0.12592,0.22196,0,0,0,0,,0.717592,3.545728,0.05885,1.395422,2.349308,0.219992
1054,1089,JimmyBotZ,WorkingAsIntended,1724,1596,0,0,0,4.652125,0.12592,0.22196,0,0,0,0,,0.676302,3.341708,0.05885,1.599442,2.349308,0.219992
1056,1057,bilisaur,DoopyBot-Test,1600,1238,0,0,0,4.652125,0.12592,0.22196,0,0,0,0,,0.889323,4.394276,0.05885,0.546874,2.349308,0.219992
1056,1058,bilisaur,JimmyBotP,1600,1711,0,0,0,4.652125,0.12592,0.22196,0,0,0,0,,0.34548,1.707069,0.05885,3.234081,2.349308,0.219992
1056,1059,bilisaur,NextProBot,1600,1600,0,0,0,4.652125,0.12592,0.22196,0,0,0,0,,0.5,2.470575,0.05885,2.470575,2.349308,0.219992
1056,1060,bilisaur,WildFire,1600,1709,0,0,0,4.652125,0.12592,0.22196,0,0,0,0,,0.348088,1.719955,0.05885,3.221195,2.349308,0.219992
1056,1065,bilisaur,MindMatrix,1600,1514,0,0,0,4.652125,0.12592,0.22196,0,0,0,0,,0.621297,3.06992,0.05885,1.87123,2.349308,0.219992
1056,1066,bilisaur,CompetitiveBotTest,1600,1482,0,0,0,4.652125,0.12592,0.22196,0,0,0,0,,0.663574,3.278819,0.05885,1.662331,2.349308,0.219992
1056,1067,bilisaur,Hello_world,1600,1600,0,0,0,4.652125,0.12592,0.22196,0,0,0,0,,0.5,2.470575,0.05885,2.470575,2.349308,0.219992
1056,1078,bilisaur,LoremIpsum,1600,1242,0,0,0,4.652125,0.12592,0.22196,0,0,0,0,,0.887036,4.382977,0.05885,0.558173,2.349308,0.219992
1056,1079,bilisaur,JimmyBotT,1600,1675,0,0,0,4.652125,0.12592,0.22196,0,0,0,0,,0.393712,1.945391,0.05885,2.995759,2.349308,0.219992
1056,1080,bilisaur,JimmyBot,1600,1675,0,0,0,4.652125,0.12592,0.22196,0,0,0,0,,0.393712,1.945391,0.05885,2.995759,2.349308,0.219992
1056,1081,bilisaur,ArtZerg,1600,1537,0,0,0,4.652125,0.12592,0.22196,0,0,0,0,,0.589684,2.913715,0.05885,2.027435,2.349308,0.219992
1056,1082,bilisaur,Dasyatis,1600,1573,0,0,0,4.652125,0.12592,0.22196,0,0,0,0,,0.538778,2.662183,0.05885,2.278967,2.349308,0.219992
1056,1084,bilisaur,ZippyZap,1600,1457,0,0,0,4.652125,0.12592,0.22196,0,0,0,0,,0.69491,3.433653,0.05885,1.507497,2.349308,0.219992
1056,1085,bilisaur,AgoraLord,1600,1430,0,0,0,4.652125,0.12592,0.22196,0,0,0,0,,0.72683,3.591376,0.05885,1.349774,2.349308,0.219992
1056,1086,bilisaur,CherBoiBlue,1600,1500,0,0,0,4.652125,0.12592,0.22196,0,0,0,0,,0.640065,3.162657,0.05885,1.778493,2.349308,0.219992
1056,1087,bilisaur,SwarmLord2,1600,1533,0,0,0,4.652125,0.12592,0.22196,0,0,0,0,,0.595243,2.941185,0.05885,1.999965,2.349308,0.219992
1056,1088,bilisaur,SwarmLord3,1600,1562,0,0,0,4.652125,0.12592,0.22196,0,0,0,0,,0.554469,2.739716,0.05885,2.201434,2.349308,0.219992
1056,1089,bilisaur,WorkingAsIntended,1600,1596,0,0,0,4.652125,0.12592,0.22196,0,0,0,0,,0.505756,2.499017,0.05885,2.442133,2.349308,0.219992
1057,1058,DoopyBot-Test,JimmyBotP,1238,1711,12,1,1,16.652125,1.12592,1.22196,7,5,0,12,2.672415,0.061641,7.304577,0.05885,9.636573,2.577384,0.119307
1057,1059,DoopyBot-Test,NextProBot,1238,1600,0,0,0,4.652125,0.12592,0.22196,0,0,0,0,,0.110677,0.546874,0.05885,4.394276,2.349308,0.219992
1057,1060,DoopyBot-Test,WildFire,1238,1709,4,0,0,8.652125,0.12592,0.22196,0,4,0,4,1.946584,0.06231,0.307884,0.05885,8.633266,2.170319,0.163972
1057,1065,DoopyBot-Test,MindMatrix,1238,1514,20,0,1,24.652125,0.12592,1.22196,4,16,0,20,2.545437,0.169555,4.837797,0.05885,20.103353,2.506211,0.098383
1057,1066,DoopyBot-Test,CompetitiveBotTest,1238,1482,1,0,0,5.652125,0.12592,0.22196,1,0,0,1,1.699279,0.197091,1.973855,0.05885,3.967295,2.24097,0.200824
1057,1067,DoopyBot-Test,Hello_world,1238,1600,0,0,0,4.652125,0.12592,0.22196,0,0,0,0,,0.110677,0.546874,0.05885,4.394276,2.349308,0.219992
1057,1078,DoopyBot-Test,LoremIpsum,1238,1242,12,6,0,16.652125,6.12592,0.22196,4,8,0,12,2.654932,0.494244,6.442133,0.05885,10.499017,2.565043,0.119307
1057,1079,DoopyBot-Test,JimmyBotT,1238,1675,2,1,0,6.652125,1.12592,0.22196,0,2,0,2,2.785932,0.074774,0.369467,0.05885,6.571683,2.474058,0.185927
1057,1080,DoopyBot-Test,JimmyBot,1238,1675,3,0,0,7.652125,0.12592,0.22196,1,2,0,3,2.764386,0.074774,1.369467,0.05885,6.571683,2.504962,0.173919
1057,1081,DoopyBot-Test,ArtZerg,1238,1537,3,0,0,7.652125,0.12592,0.22196,1,2,0,3,1.585636,0.151719,1.749666,0.05885,6.191484,2.062931,0.173919
1057,1082,DoopyBot-Test,Dasyatis,1238,1573,8,1,0,12.652125,1.12592,0.22196,2,4,2,8,2.722072,0.126926,2.627161,2.05885,8.313989,2.578701,0.136433
1057,1084,DoopyBot-Test,ZippyZap,1238,1457,0,0,1,4.652125,0.12592,1.22196,0,0,0,0,,0.220859,1.091299,0.05885,3.849851,2.349308,0.219992
1057,1085,DoopyBot-Test,AgoraLord,1238,1430,3,0,0,7.652125,0.12592,0.22196,1,2,0,3,3.090119,0.248759,2.229157,0.05885,5.711993,2.627112,0.173919
1057,1086,DoopyBot-Test,CherBoiBlue,1238,1500,0,0,1,4.652125,0.12592,1.22196,0,0,0,0,,0.181207,0.89537,0.05885,4.04578,2.349308,0.219992
1057,1087,DoopyBot-Test,SwarmLord2,1238,1533,1,0,0,5.652125,0.12592,0.22196,0,1,0,1,2.198335,0.154706,0.764426,0.05885,5.176724,2.324146,0.200824
1057,1088,DoopyBot-Test,SwarmLord3,1238,1562,1,0,0,5.652125,0.12592,0.22196,0,1,0,1,2.122262,0.13411,0.66266,0.05885,5.27849,2.311467,0.200824
1057,1089,DoopyBot-Test,WorkingAsIntended,1238,1596,1,0,0,5.652125,0.12592,0.22196,0,1,0,1,1.843719,0.112964,0.558173,0.05885,5.382977,2.265043,0.200824
1058,1059,JimmyBotP,NextProBot,1711,1600,0,0,0,4.652125,0.12592,0.22196,0,0,0,0,,0.65452,3.234081,0.05885,1.707069,2.349308,0.219992
1058,1060,JimmyBotP,WildFire,1711,1709,11,0,0,15.652125,0.12592,0.22196,1,10,0,11,2.279214,0.502878,3.484797,0.05885,12.456353,2.301119,0.122979
1058,1065,JimmyBotP,MindMatrix,1711,1514,3,0,0,7.652125,0.12592,0.22196,2,1,0,3,1.99935,0.756581,5.738378,0.05885,2.202772,2.218074,0.173919
1058,1066,JimmyBotP,CompetitiveBotTest,1711,1482,1,0,0,5.652125,0.12592,0.22196,1,0,0,1,2.441477,0.788887,4.898009,0.05885,1.043141,2.36467,0.200824
1058,1067,JimmyBotP,Hello_world,1711,1600,0,0,0,4.652125,0.12592,0.22196,0,0,0,0,,0.65452,3.234081,0.05885,1.707069,2.349308,0.219992
1058,1078,JimmyBotP,LoremIpsum,1711,1242,5,0,0,9.652125,0.12592,0.22196,4,1,0,5,2.313886,0.937014,8.629925,0.05885,1.311225,2.331597,0.155557
1058,1079,JimmyBotP,JimmyBotT,1711,1675,15,0,0,19.652125,0.12592,0.22196,11,4,0,15,2.055914,0.551624,13.725655,0.05885,6.215495,2.129263,0.109996
1058,1080,JimmyBotP,JimmyBot,1711,1675,15,0,0,19.652125,0.12592,0.22196,8,6,1,15,1.825942,0.551624,10.725655,1.05885,8.215495,1.956783,0.109996
1058,1081,JimmyBotP,ArtZerg,1711,1537,16,0,0,20.652125,0.12592,0.22196,15,1,0,16,2.168639,0.731378,18.613848,0.05885,2.327302,2.211655,0.107345
1058,1082,JimmyBotP,Dasyatis,1711,1573,7,0,0,11.652125,0.12592,0.22196,7,0,0,7,1.913089,0.688774,10.403334,0.05885,1.537816,2.094847,0.142004
1058,1084,JimmyBotP,ZippyZap,1711,1457,0,0,0,4.652125,0.12592,0.22196,0,0,0,0,,0.81186,4.011522,0.05885,0.929628,2.349308,0.219992
1058,1085,JimmyBotP,AgoraLord,1711,1430,1,0,0,5.652125,0.12592,0.22196,1,0,0,1,2.029463,0.834459,5.123188,0.05885,0.817962,2.296001,0.200824
1058,1086,JimmyBotP,CherBoiBlue,1711,1500,0,0,0,4.652125,0.12592,0.22196,0,0,0,0,,0.771114,3.810191,0.05885,1.130959,2.349308,0.219992
1058,1087,JimmyBotP,SwarmLord2,1711,1533,0,0,0,4.652125,0.12592,0.22196,0,0,0,0,,0.735877,3.636081,0.05885,1.305069,2.349308,0.219992
1058,1088,JimmyBotP,SwarmLord3,1711,1562,0,0,0,4.652125,0.12592,0.22196,0,0,0,0,,0.702183,3.46959,0.05885,1.47156,2.349308,0.219992
1058,1089,JimmyBotP,WorkingAsIntended,1711,1596,1,0,0,5.652125,0.12592,0.22196,1,0,0,1,2.042518,0.659708,4.259716,0.05885,1.681434,2.298176,0.200824
1059,1060,NextProBot,WildFire,1600,1709,0,0,0,4.652125,0.12592,0.22196,0,0,0,0,,0.348088,1.719955,0.05885,3.221195,2.349308,0.219992
1059,1065,NextProBot,MindMatrix,1600,1514,0,0,0,4.652125,0.12592,0.22196,0,0,0,0,,0.621297,3.06992,0.05885,1.87123,2.349308,0.219992
1059,1066,NextProBot,CompetitiveBotTest,1600,1482,0,0,0,4.652125,0.12592,0.22196,0,0,0,0,,0.663574,3.278819,0.05885,1.662331,2.349308,0.219992
1059,1067,NextProBot,Hello_world,1600,1600,0,0,0,4.652125,0.12592,0.22196,0,0,0,0,,0.5,2.470575,0.05885,2.470575,2.349308,0.219992
1059,1078,NextProBot,LoremIpsum,1600,1242,0,0,0,4.652125,0.12592,0.22196,0,0,0,0,,0.887036,4.382977,0.05885,0.558173,2.349308,0.219992
1059,1079,NextProBot,JimmyBotT,1600,1675,0,0,0,4.652125,0.12592,0.22196,0,0,0,0,,0.393712,1.945391,0.05885,2.995759,2.349308,0.219992
1059,1080,NextProBot,JimmyBot,1600,1675,0,0,0,4.652125,0.12592,0.22196,0,0,0,0,,0.393712,1.945391,0.05885,2.995759,2.349308,0.219992
1059,1081,NextProBot,ArtZerg,1600,1537,0,0,0,4.652125,0.12592,0.22196,0,0,0,0,,0.589684,2.913715,0.05885,2.027435,2.349308,0.219992
1059,1082,NextProBot,Dasyatis,1600,1573,0,0,0,4.652125,0.12592,0.22196,0,0,0,0,,0.538778,2.662183,0.05885,2.278967,2.349308,0.219992
1059,1084,NextProBot,ZippyZap,1600,1457,0,0,0,4.652125,0.12592,0.22196,0,0,0,0,,0.69491,3.433653,0.05885,1.507497,2.349308,0.219992
1059,1085,NextProBot,AgoraLord,1600,1430,0,0,0,4.652125,0.12592,0.22196,0,0,0,0,,0.72683,3.591376,0.05885,1.349774,2.349308,0.219992
1059,1086,NextProBot,CherBoiBlue,1600,1500,0,0,0,4.652125,0.12592,0.22196,0,0,0,0,,0.640065,3.162657,0.05885,1.778493,2.349308,0.219992
1059,1087,NextProBot,SwarmLord2,1600,1533,0,0,0,4.652125,0.12592,0.22196,0,0,0,0,,0.595243,2.941185,0.05885,1.999965,2.349308,0.219992
1059,1088,NextProBot,SwarmLord3,1600,1562,0,0,0,4.652125,0.12592,0.22196,0,0,0,0,,0.554469,2.739716,0.05885,2.201434,2.349308,0.219992
1059,1089,NextProBot,WorkingAsIntended,1600,1596,0,0,0,4.652125,0.12592,0.22196,0,0,0,0,,0.505756,2.499017,0.05885,2.442133,2.349308,0.219992
1060,1065,WildFire,MindMatrix,1709,1514,2,0,0,6.652125,0.12592,0.22196,2,0,0,2,1.878951,0.754454,5.727871,0.05885,1.213279,2.21492,0.185927
1060,1066,WildFire,CompetitiveBotTest,1709,1482,0,0,0,4.652125,0.12592,0.22196,0,0,0,0,,0.786963,3.888504,0.05885,1.052646,2.349308,0.219992
1060,1067,WildFire,Hello_world,1709,1600,0,0,0,4.652125,0.12592,0.22196,0,0,0,0,,0.651912,3.221195,0.05885,1.719955,2.349308,0.219992
1060,1078,WildFire,LoremIpsum,1709,1242,0,0,0,4.652125,0.12592,0.22196,0,0,0,0,,0.936331,4.626551,0.05885,0.314599,2.349308,0.219992
1060,1079,WildFire,JimmyBotT,1709,1675,6,1,0,10.652125,1.12592,0.22196,4,2,0,6,2.258879,0.548774,6.711576,0.05885,4.229574,2.299983,0.148318
1060,1080,WildFire,JimmyBot,1709,1675,6,0,0,10.652125,0.12592,0.22196,4,2,0,6,2.179089,0.548774,6.711576,0.05885,4.229574,2.256461,0.148318
1060,1081,WildFire,ArtZerg,1709,1537,7,0,0,11.652125,0.12592,0.22196,1,6,0,7,1.349459,0.72911,4.602642,0.05885,7.338508,1.766063,0.142004
1060,1082,WildFire,Dasyatis,1709,1573,2,0,0,6.652125,0.12592,0.22196,2,0,0,2,2.266775,0.6863,5.391113,0.05885,1.550037,2.325727,0.185927
1060,1084,WildFire,ZippyZap,1709,1457,0,0,0,4.652125,0.12592,0.22196,0,0,0,0,,0.810095,4.002802,0.05885,0.938348,2.349308,0.219992
1060,1085,WildFire,AgoraLord,1709,1430,0,0,0,4.652125,0.12592,0.22196,0,0,0,0,,0.832863,4.115299,0.05885,0.825851,2.349308,0.219992
1060,1086,WildFire,CherBoiBlue,1709,1500,0,0,0,4.652125,0.12592,0.22196,0,0,0,0,,0.769076,3.800119,0.05885,1.141031,2.349308,0.219992
1060,1087,WildFire,SwarmLord2,1709,1533,0,0,0,4.652125,0.12592,0.22196,0,0,0,0,,0.733634,3.624994,0.05885,1.316156,2.349308,0.219992
1060,1088,WildFire,SwarmLord3,1709,1562,0,0,0,4.652125,0.12592,0.22196,0,0,0,0,,0.699769,3.457666,0.05885,1.483484,2.349308,0.219992
1060,1089,WildFire,WorkingAsIntended,1709,1596,0,0,0,4.652125,0.12592,0.22196,0,0,0,0,,0.657119,3.246922,0.05885,1.694228,2.349308,0.219992
1065,1066,MindMatrix,CompetitiveBotTest,1514,1482,1,0,0,5.652125,0.12592,0.22196,1,0,0,1,1.560248,0.545922,3.697482,0.05885,2.243668,2.217798,0.200824
1065,1067,MindMatrix,Hello_world,1514,1600,0,0,0,4.652125,0.12592,0.22196,0,0,0,0,,0.378703,1.87123,0.05885,3.06992,2.349308,0.219992
1065,1078,MindMatrix,LoremIpsum,1514,1242,18,1,0,22.652125,1.12592,0.22196,13,5,0,18,2.736194,0.827178,17.087211,0.05885,5.853939,2.652089,0.102572
1065,1079,MindMatrix,JimmyBotT,1514,1675,3,0,0,7.652125,0.12592,0.22196,0,3,0,3,2.564845,0.283576,1.401193,0.05885,6.539957,2.430134,0.173919
1065,1080,MindMatrix,JimmyBot,1514,1675,3,0,0,7.652125,0.12592,0.22196,1,2,0,3,2.373744,0.283576,2.401193,0.05885,5.539957,2.358471,0.173919
1065,1081,MindMatrix,ArtZerg,1514,1537,3,0,0,7.652125,0.12592,0.22196,0,3,0,3,1.335987,0.466949,2.307263,0.05885,5.633887,1.969313,0.173919
1065,1082,MindMatrix,Dasyatis,1514,1573,10,0,0,14.652125,0.12592,0.22196,1,9,0,10,2.325829,0.415899,3.05502,0.05885,11.88613,2.333655,0.127012
1065,1084,MindMatrix,ZippyZap,1514,1457,0,0,1,4.652125,0.12592,1.22196,0,0,0,0,,0.581301,2.872298,0.05885,2.068852,2.349308,0.219992
1065,1085,MindMatrix,AgoraLord,1514,1430,4,0,0,8.652125,0.12592,0.22196,3,1,0,4,2.312064,0.618584,6.056517,0.05885,2.884633,2.332755,0.163972
1065,1086,MindMatrix,CherBoiBlue,1514,1500,1,0,0,5.652125,0.12592,0.22196,1,0,0,1,2.042518,0.520137,3.570074,0.05885,2.371076,2.298176,0.200824
1065,1087,MindMatrix,SwarmLord2,1514,1533,1,0,0,5.652125,0.12592,0.22196,1,0,0,1,1.842136,0.472684,3.335603,0.05885,2.605547,2.264779,0.200824
1065,1088,MindMatrix,SwarmLord3,1514,1562,1,0,0,5.652125,0.12592,0.22196,1,0,0,1,1.965713,0.431359,3.131408,0.05885,2.809742,2.285375,0.200824
1065,1089,MindMatrix,WorkingAsIntended,1514,1596,1,0,0,5.652125,0.12592,0.22196,1,0,0,1,1.821318,0.384136,2.898073,0.05885,3.043077,2.26131,0.200824
1066,1067,CompetitiveBotTest,Hello_world,1482,1600,0,0,0,4.652125,0.12592,0.22196,0,0,0,0,,0.336426,1.662331,0.05885,3.278819,2.349308,0.219992
1066,1078,CompetitiveBotTest,LoremIpsum,1482,1242,0,0,0,4.652125,0.12592,0.22196,0,0,0,0,,0.79924,3.949165,0.05885,0.991985,2.349308,0.219992
1066,1079,CompetitiveBotTest,JimmyBotT,1482,1675,0,0,0,4.652125,0.12592,0.22196,0,0,0,0,,0.247685,1.223849,0.05885,3.717301,2.349308,0.219992
1066,1080,CompetitiveBotTest,JimmyBot,1482,1675,0,0,0,4.652125,0.12592,0.22196,0,0,0,0,,0.247685,1.223849,0.05885,3.717301,2.349308,0.219992
1066,1081,CompetitiveBotTest,ArtZerg,1482,1537,0,0,0,4.652125,0.12592,0.22196,0,0,0,0,,0.421503,2.082711,0.05885,2.858439,2.349308,0.219992
1066,1082,CompetitiveBotTest,Dasyatis,1482,1573,0,0,0,4.652125,0.12592,0.22196,0,0,0,0,,0.371955,1.837886,0.05885,3.103264,2.349308,0.219992
1066,1084,CompetitiveBotTest,ZippyZap,1482,1457,0,0,0,4.652125,0.12592,0.22196,0,0,0,0,,0.535916,2.648041,0.05885,2.293109,2.349308,0.219992
1066,1085,CompetitiveBotTest,AgoraLord,1482,1430,0,0,0,4.652125,0.12592,0.22196,0,0,0,0,,0.57428,2.837605,0.05885,2.103545,2.349308,0.219992
1066,1086,CompetitiveBotTest,CherBoiBlue,1482,1500,0,0,0,4.652125,0.12592,0.22196,0,0,0,0,,0.474119,2.342693,0.05885,2.598457,2.349308,0.219992
1066,1087,CompetitiveBotTest,SwarmLord2,1482,1533,0,0,0,4.652125,0.12592,0.22196,0,0,0,0,,0.427128,2.110502,0.05885,2.830648,2.349308,0.219992
1066,1088,CompetitiveBotTest,SwarmLord3,1482,1562,0,0,0,4.652125,0.12592,0.22196,0,0,0,0,,0.386863,1.911549,0.05885,3.029601,2.349308,0.219992
1066,1089,CompetitiveBotTest,WorkingAsIntended,1482,1596,0,0,0,4.652125,0.12592,0.22196,0,0,0,0,,0.341585,1.687825,0.05885,3.253325,2.349308,0.219992
1067,1078,Hello_world,LoremIpsum,1600,1242,0,0,0,4.652125,0.12592,0.22196,0,0,0,0,,0.887036,4.382977,0.05885,0.558173,2.349308,0.219992
1067,1079,Hello_world,JimmyBotT,1600,1675,0,0,0,4.652125,0.12592,0.22196,0,0,0,0,,0.393712,1.945391,0.05885,2.995759,2.349308,0.219992
1067,1080,Hello_world,JimmyBot,1600,1675,0,0,0,4.652125,0.12592,0.22196,0,0,0,0,,0.393712,1.945391,0.05885,2.995759,2.349308,0.219992
1067,1081,Hello_world,ArtZerg,1600,1537,0,0,0,4.652125,0.12592,0.22196,0,0,0,0,,0.589684,2.913715,0.05885,2.027435,2.349308,0.219992
1067,1082,Hello_world,Dasyatis,1600,1573,0,0,0,4.652125,0.12592,0.22196,0,0,0,0,,0.538778,2.662183,0.05885,2.278967,2.349308,0.219992
1067,1084,Hello_world,ZippyZap,1600,1457,0,0,0,4.652125,0.12592,0.22196,0,0,0,0,,0.69491,3.433653,0.05885,1.507497,2.349308,0.219992
1067,1085,Hello_world,AgoraLord,1600,1430,0,0,0,4.652125,0.12592,0.22196,0,0,0,0,,0.72683,3.591376,0.05885,1.349774,2.349308,0.219992
1067,1086,Hello_world,CherBoiBlue,1600,1500,0,0,0,4.652125,0.12592,0.22196,0,0,0,0,,0.640065,3.162657,0.05885,1.778493,2.349308,0.219992
1067,1087,Hello_world,SwarmLord2,1600,1533,0,0,0,4.652125,0.12592,0.22196,0,0,0,0,,0.595243,2.941185,0.05885,1.999965,2.349308,0.219992
1067,1088,Hello_world,SwarmLord3,1600,1562,0,0,0,4.652125,0.12592,0.22196,0,0,0,0,,0.554469,2.739716,0.05885,2.201434,2.349308,0.219992
1067,1089,Hello_world,WorkingAsIntended,1600,1596,0,0,0,4.652125,0.12592,0.22196,0,0,0,0,,0.505756,2.499017,0.05885,2.442133,2.349308,0.219992
1078,1079,LoremIpsum,JimmyBotT,1242,1675,2,0,0,6.652125,0.12592,0.22196,0,2,0,2,2.634032,0.076382,0.377416,0.05885,6.563734,2.430658,0.185927
1078,1080,LoremIpsum,JimmyBot,1242,1675,2,0,0,6.652125,0.12592,0.22196,0,2,0,2,2.425405,0.076382,0.377416,0.05885,6.563734,2.37105,0.185927
1078,1081,LoremIpsum,ArtZerg,1242,1537,2,0,0,6.652125,0.12592,0.22196,0,2,0,2,1.336281,0.154706,0.764426,0.05885,6.176724,2.059872,0.185927
1078,1082,LoremIpsum,Dasyatis,1242,1573,10,0,0,14.652125,0.12592,0.22196,0,10,0,10,2.206621,0.1295,0.639878,0.05885,14.301272,2.254183,0.127012
1078,1084,LoremIpsum,ZippyZap,1242,1457,0,0,1,4.652125,0.12592,1.22196,0,0,0,0,,0.224847,1.111003,0.05885,3.830147,2.349308,0.219992
1078,1085,LoremIpsum,AgoraLord,1242,1430,1,3,0,5.652125,3.12592,0.22196,0,1,0,1,3.368674,0.253087,1.250541,0.05885,4.690609,2.519202,0.200824
1078,1086,LoremIpsum,CherBoiBlue,1242,1500,0,1,0,4.652125,1.12592,0.22196,0,0,0,0,,0.184648,0.912374,0.05885,4.028776,2.349308,0.219992
1078,1087,LoremIpsum,SwarmLord2,1242,1533,1,0,0,5.652125,0.12592,0.22196,1,0,0,1,3.292126,0.157741,1.779424,0.05885,4.161726,2.506444,0.200824
1078,1088,LoremIpsum,SwarmLord3,1242,1562,0,1,0,4.652125,1.12592,0.22196,0,0,0,0,,0.136807,0.675983,0.05885,4.265167,2.349308,0.219992
1078,1089,LoremIpsum,WorkingAsIntended,1242,1596,1,0,0,5.652125,0.12592,0.22196,0,1,0,1,1.96851,0.115292,0.569676,0.05885,5.371474,2.285842,0.200824
1079,1080,JimmyBotT,JimmyBot,1675,1675,19,0,0,23.652125,0.12592,0.22196,9,10,0,19,2.152028,0.5,11.470575,0.05885,12.470575,2.193128,0.100412
1079,1081,JimmyBotT,ArtZerg,1675,1537,19,1,0,23.652125,1.12592,0.22196,14,5,0,19,2.013476,0.688774,17.403334,0.05885,6.537816,2.083441,0.100412
1079,1082,JimmyBotT,Dasyatis,1675,1573,6,1,1,10.652125,1.12592,1.22196,6,0,0,6,2.593439,0.642713,9.175742,0.05885,1.765408,2.48247,0.148318
1079,1084,JimmyBotT,ZippyZap,1675,1457,0,0,0,4.652125,0.12592,0.22196,0,0,0,0,,0.778148,3.844948,0.05885,1.096202,2.349308,0.219992
1079,1085,JimmyBotT,AgoraLord,1675,1430,1,0,0,5.652125,0.12592,0.22196,1,0,0,1,1.826161,0.803819,4.971788,0.05885,0.969362,2.262117,0.200824
1079,1086,JimmyBotT,CherBoiBlue,1675,1500,0,0,0,4.652125,0.12592,0.22196,0,0,0,0,,0.732507,3.619428,0.05885,1.321722,2.349308,0.219992
1079,1087,JimmyBotT,SwarmLord2,1675,1533,0,0,0,4.652125,0.12592,0.22196,0,0,0,0,,0.693688,3.427616,0.05885,1.513534,2.349308,0.219992
1079,1088,JimmyBotT,SwarmLord3,1675,1562,0,0,0,4.652125,0.12592,0.22196,0,0,0,0,,0.657119,3.246922,0.05885,1.694228,2.349308,0.219992
1079,1089,JimmyBotT,WorkingAsIntended,1675,1596,1,0,0,5.652125,0.12592,0.22196,1,0,0,1,2.184927,0.611771,4.02285,0.05885,1.9183,2.321911,0.200824
1080,1081,JimmyBot,ArtZerg,1675,1537,17,2,0,21.652125,2.12592,0.22196,11,4,2,17,1.804663,0.688774,14.403334,2.05885,5.537816,1.928446,0.104877
1080,1082,JimmyBot,Dasyatis,1675,1573,6,0,0,10.652125,0.12592,0.22196,6,0,0,6,1.775553,0.642713,9.175742,0.05885,1.765408,2.036351,0.148318
1080,1084,JimmyBot,ZippyZap,1675,1457,0,0,0,4.652125,0.12592,0.22196,0,0,0,0,,0.778148,3.844948,0.05885,1.096202,2.349308,0.219992
1080,1085,JimmyBot,AgoraLord,1675,1430,0,1,0,4.652125,1.12592,0.22196,0,0,0,0,,0.803819,3.971788,0.05885,0.969362,2.349308,0.219992
1080,1086,JimmyBot,CherBoiBlue,1675,1500,0,0,0,4.652125,0.12592,0.22196,0,0,0,0,,0.732507,3.619428,0.05885,1.321722,2.349308,0.219992
1080,1087,JimmyBot,SwarmLord2,1675,1533,0,0,0,4.652125,0.12592,0.22196,0,0,0,0,,0.693688,3.427616,0.05885,1.513534,2.349308,0.219992
1080,1088,JimmyBot,SwarmLord3,1675,1562,0,0,0,4.652125,0.12592,0.22196,0,0,0,0,,0.657119,3.246922,0.05885,1.694228,2.349308,0.219992
1080,1089,JimmyBot,WorkingAsIntended,1675,1596,1,0,0,5.652125,0.12592,0.22196,1,0,0,1,1.8453,0.611771,4.02285,0.05885,1.9183,2.265307,0.200824
1081,1082,ArtZerg,Dasyatis,1537,1573,8,0,1,12.652125,0.12592,1.22196,1,7,0,8,2.213004,0.448376,3.215495,0.05885,9.725655,2.265428,0.136433
1081,1084,ArtZerg,ZippyZap,1537,1457,0,0,0,4.652125,0.12592,0.22196,0,0,0,0,,0.613137,3.029601,0.05885,1.911549,2.349308,0.219992
1081,1085,ArtZerg,AgoraLord,1537,1430,0,1,0,4.652125,1.12592,0.22196,0,0,0,0,,0.649295,3.208264,0.05885,1.732886,2.349308,0.219992
1081,1086,ArtZerg,CherBoiBlue,1537,1500,0,0,0,4.652125,0.12592,0.22196,0,0,0,0,,0.553047,2.732688,0.05885,2.208462,2.349308,0.219992
1081,1087,ArtZerg,SwarmLord2,1537,1533,0,0,0,4.652125,0.12592,0.22196,0,0,0,0,,0.505756,2.499017,0.05885,2.442133,2.349308,0.219992
1081,1088,ArtZerg,SwarmLord3,1537,1562,0,0,0,4.652125,0.12592,0.22196,0,0,0,0,,0.464084,2.293109,0.05885,2.648041,2.349308,0.219992
1081,1089,ArtZerg,WorkingAsIntended,1537,1596,1,0,0,5.652125,0.12592,0.22196,0,1,0,1,1.860975,0.415899,2.05502,0.05885,3.88613,2.267919,0.200824
1082,1084,Dasyatis,ZippyZap,1573,1457,0,0,1,4.652125,0.12592,1.22196,0,0,0,0,,0.660999,3.266096,0.05885,1.675054,2.349308,0.219992
1082,1085,Dasyatis,AgoraLord,1573,1430,1,0,0,5.652125,0.12592,0.22196,1,0,0,1,2.370244,0.69491,4.433653,0.05885,1.507497,2.352797,0.200824
1082,1086,Dasyatis,CherBoiBlue,1573,1500,0,0,0,4.652125,0.12592,0.22196,0,0,0,0,,0.603536,2.982163,0.05885,1.958987,2.349308,0.219992
1082,1087,Dasyatis,SwarmLord2,1573,1533,0,0,0,4.652125,0.12592,0.22196,0,0,0,0,,0.557312,2.75376,0.05885,2.18739,2.349308,0.219992
1082,1088,Dasyatis,SwarmLord3,1573,1562,0,0,0,4.652125,0.12592,0.22196,0,0,0,0,,0.515825,2.548769,0.05885,2.392381,2.349308,0.219992
1082,1089,Dasyatis,WorkingAsIntended,1573,1596,1,0,0,5.652125,0.12592,0.22196,1,0,0,1,1.958685,0.466949,3.307263,0.05885,2.633887,2.284204,0.200824
1084,1085,ZippyZap,AgoraLord,1457,1430,0,0,0,4.652125,0.12592,0.22196,0,0,0,0,,0.538778,2.662183,0.05885,2.278967,2.349308,0.219992
1084,1086,ZippyZap,CherBoiBlue,1457,1500,0,0,0,4.652125,0.12592,0.22196,0,0,0,0,,0.438432,2.166359,0.05885,2.774791,2.349308,0.219992
1084,1087,ZippyZap,SwarmLord2,1457,1533,0,0,0,4.652125,0.12592,0.22196,0,0,0,0,,0.392339,1.938606,0.05885,3.002544,2.349308,0.219992
1084,1088,ZippyZap,SwarmLord3,1457,1562,0,0,0,4.652125,0.12592,0.22196,0,0,0,0,,0.353331,1.745862,0.05885,3.195288,2.349308,0.219992
1084,1089,ZippyZap,WorkingAsIntended,1457,1596,0,0,0,4.652125,0.12592,0.22196,0,0,0,0,,0.309994,1.531726,0.05885,3.409424,2.349308,0.219992
1085,1086,AgoraLord,CherBoiBlue,1430,1500,1,0,0,5.652125,0.12592,0.22196,1,0,0,1,2.947067,0.400603,2.979441,0.05885,2.961709,2.448935,0.200824
1085,1087,AgoraLord,SwarmLord2,1430,1533,0,0,0,4.652125,0.12592,0.22196,0,0,0,0,,0.355966,1.758882,0.05885,3.182268,2.349308,0.219992
1085,1088,AgoraLord,SwarmLord3,1430,1562,1,0,0,5.652125,0.12592,0.22196,0,1,0,1,2.074429,0.318678,1.574637,0.05885,4.366513,2.303495,0.200824
1085,1089,AgoraLord,WorkingAsIntended,1430,1596,1,0,0,5.652125,0.12592,0.22196,0,1,0,1,2.174752,0.277765,1.372481,0.05885,4.568669,2.320215,0.200824
1086,1087,CherBoiBlue,SwarmLord2,1500,1533,0,0,0,4.652125,0.12592,0.22196,0,0,0,0,,0.452651,2.236619,0.05885,2.704531,2.349308,0.219992
1086,1088,CherBoiBlue,SwarmLord3,1500,1562,0,0,0,4.652125,0.12592,0.22196,0,0,0,0,,0.41171,2.034321,0.05885,2.906829,2.349308,0.219992
1086,1089,CherBoiBlue,WorkingAsIntended,1500,1596,0,0,0,4.652125,0.12592,0.22196,0,0,0,0,,0.365257,1.804788,0.05885,3.136362,2.349308,0.219992
1087,1088,SwarmLord2,SwarmLord3,1533,1562,0,0,0,4.652125,0.12592,0.22196,0,0,0,0,,0.458362,2.264837,0.05885,2.676313,2.349308,0.219992
1087,1089,SwarmLord2,WorkingAsIntended,1533,1596,0,0,0,4.652125,0.12592,0.22196,0,0,0,0,,0.410316,2.027435,0.05885,2.913715,2.349308,0.219992
1088,1089,SwarmLord3,WorkingAsIntended,1562,1596,0,0,0,4.652125,0.12592,0.22196,0,0,0,0,,0.451226,2.229574,0.05885,2.711576,2.349308,0.219992
